alert_id,transaction_id,customer_id,alert_date,fraud_type,risk_level,fraud_status,fraud_amount
1,987232,22323,2023-06-25 15:13:04,Velocity Anomaly,Medium,False Positive,1218.84
2,79955,13955,2024-04-21 23:33:41,Possible Account Takeover,Medium,False Positive,205.36
3,567131,11963,2025-10-03 23:39:00,Geographic Anomaly,Medium,False Positive,675.1
4,500892,11795,2022-05-09 01:42:27,Possible Account Takeover,Medium,Investigating,630.45
5,55400,10203,2024-07-29 16:40:36,Possible Account Takeover,Low,False Positive,474.92
6,135050,11790,2025-02-20 06:30:23,High Value Transaction,Low,Confirmed,658.69
7,733379,10064,2025-11-27 14:24:52,Geographic Anomaly,High,False Positive,251.28
8,732058,16597,2025-08-04 10:57:14,Geographic Anomaly,Medium,Open,356.73
9,51334,16610,2024-09-14 06:08:06,Geographic Anomaly,Medium,False Positive,693.15
10,731480,17659,2024-05-26 02:33:26,Possible Account Takeover,High,False Positive,498.48
11,399759,24175,2022-08-22 10:38:32,Velocity Anomaly,Medium,False Positive,377.07
12,401398,10532,2022-06-06 11:58:25,Geographic Anomaly,High,False Positive,4541.14
13,855486,23357,2025-04-23 01:12:05,Suspicious Merchant,Medium,False Positive,87.32
14,858885,803,2025-02-25 13:46:37,Possible Account Takeover,Low,False Positive,180.7
15,503248,23663,2024-07-02 21:11:44,High Value Transaction,High,Confirmed,1035.91
16,864742,2367,2022-09-03 06:34:17,Velocity Anomaly,Medium,False Positive,779.27
17,35033,14908,2022-01-12 02:19:38,Suspicious Merchant,High,Confirmed,684.33
18,995704,1589,2024-05-17 00:25:11,Suspicious Merchant,Medium,False Positive,109.55
19,376762,22885,2022-11-26 03:04:54,High Value Transaction,Medium,False Positive,605.47
20,811354,15717,2023-01-02 16:50:13,Velocity Anomaly,High,False Positive,1069.36
21,577746,1020,2025-09-18 06:37:51,Possible Account Takeover,Low,False Positive,979.75
22,659807,19570,2024-07-02 05:05:51,Unusual Transaction,High,False Positive,568.71
23,219340,21052,2023-05-04 15:34:03,Velocity Anomaly,Medium,False Positive,629.47
24,979756,2560,2023-10-21 07:32:00,High Value Transaction,Medium,Confirmed,230.54
25,625692,7389,2025-05-30 02:52:20,Suspicious Merchant,Medium,Closed,1162.39
26,215340,16324,2023-09-25 14:20:49,Possible Account Takeover,High,False Positive,266.82
27,443418,7005,2025-05-27 22:34:23,Velocity Anomaly,Low,Investigating,72.77
28,980329,3335,2024-11-08 16:06:34,Unusual Transaction,Medium,False Positive,455.85
29,336984,9690,2025-03-24 01:28:32,Unusual Transaction,High,False Positive,576.15
30,518813,11601,2023-03-04 16:29:58,Geographic Anomaly,High,Closed,2150.87
31,943379,24325,2025-02-06 02:57:58,Geographic Anomaly,Low,False Positive,1535.68
32,2086,23356,2025-11-14 02:12:32,High Value Transaction,Medium,Open,3418.57
33,663616,8521,2022-11-25 10:02:55,Velocity Anomaly,Medium,Confirmed,3188.75
34,677815,9287,2022-09-10 02:11:24,Velocity Anomaly,Medium,False Positive,2185.43
35,957738,11916,2023-09-27 15:39:45,Suspicious Merchant,Medium,False Positive,2748.02
36,543083,15250,2025-02-15 08:28:33,Suspicious Merchant,High,False Positive,259.69
37,529928,16547,2023-09-26 12:37:38,Suspicious Merchant,Low,Confirmed,157.1
38,66337,6958,2023-07-15 22:45:04,Geographic Anomaly,High,False Positive,83.48
39,272967,24601,2025-02-10 22:23:44,Velocity Anomaly,High,False Positive,3443.93
40,876376,12558,2025-06-24 06:27:12,Velocity Anomaly,Medium,Investigating,767.3
41,443182,18308,2025-05-17 18:33:29,Unusual Transaction,Medium,Investigating,487.98
42,38748,6486,2023-04-10 02:31:44,Geographic Anomaly,Medium,Confirmed,790.97
43,244519,6262,2024-03-24 21:47:41,Possible Account Takeover,Medium,Investigating,2393.8
44,321942,14729,2022-06-25 11:26:01,Geographic Anomaly,High,Investigating,337.0
45,212424,4890,2024-08-22 17:49:55,Possible Account Takeover,Medium,Open,708.42
46,684488,14941,2022-06-06 20:30:19,Unusual Transaction,Medium,Closed,1405.61
47,460022,15996,2022-10-26 12:49:49,High Value Transaction,Medium,Confirmed,2487.32
48,330798,24162,2023-03-31 21:35:20,Velocity Anomaly,Medium,Confirmed,12058.19
49,820288,8573,2024-09-22 03:43:33,Unusual Transaction,Low,Investigating,910.67
50,934969,20459,2022-03-17 20:10:06,Velocity Anomaly,Low,Confirmed,672.83
51,878903,24563,2023-04-22 07:19:45,Suspicious Merchant,Low,False Positive,1551.89
52,507015,13795,2023-11-12 03:36:00,High Value Transaction,Medium,Investigating,1019.62
53,63469,12198,2022-08-18 11:00:33,High Value Transaction,High,False Positive,1447.76
54,568671,906,2022-06-07 20:07:55,Unusual Transaction,High,False Positive,906.57
55,855772,13302,2023-02-23 13:14:43,High Value Transaction,Medium,Confirmed,199.39
56,606373,9915,2022-11-03 22:14:03,Possible Account Takeover,Low,False Positive,228.13
57,358901,24686,2024-10-27 02:25:36,High Value Transaction,Low,False Positive,2676.93
58,178393,7604,2024-02-25 14:06:45,Velocity Anomaly,Medium,Investigating,2168.75
59,921915,17445,2023-12-30 10:19:12,Velocity Anomaly,Medium,False Positive,6094.48
60,348366,10635,2023-01-18 00:25:17,Velocity Anomaly,Medium,False Positive,1099.5
61,377483,14101,2025-01-10 16:56:37,Velocity Anomaly,Low,False Positive,8521.73
62,44793,24218,2023-09-11 20:23:21,Possible Account Takeover,Low,Confirmed,5183.89
63,690928,3093,2025-11-06 23:01:00,Geographic Anomaly,Low,Closed,1241.81
64,50314,7230,2024-10-23 09:26:24,Suspicious Merchant,Low,Confirmed,1386.05
65,780882,2102,2024-06-04 02:27:32,Unusual Transaction,High,Confirmed,622.52
66,18959,18743,2025-11-24 22:59:48,Velocity Anomaly,Low,Confirmed,3698.88
67,804704,2543,2025-03-24 13:12:46,High Value Transaction,Medium,False Positive,305.9
68,8986,21365,2023-11-30 00:24:22,Velocity Anomaly,Medium,False Positive,1401.33
69,99902,14048,2023-01-17 14:14:09,High Value Transaction,High,Confirmed,184.91
70,655319,778,2023-08-02 00:05:19,Suspicious Merchant,High,Investigating,411.71
71,224929,6829,2024-12-11 11:49:14,Suspicious Merchant,High,False Positive,144.76
72,926626,12200,2022-05-27 11:35:24,Suspicious Merchant,Low,Closed,3101.35
73,67899,5523,2023-08-19 23:50:29,High Value Transaction,Medium,Investigating,5258.73
74,68879,20982,2023-04-19 05:59:01,Velocity Anomaly,High,False Positive,2104.47
75,904485,8591,2025-09-26 02:58:40,Suspicious Merchant,Low,Confirmed,14192.02
76,244300,1295,2022-11-30 08:03:53,Possible Account Takeover,Medium,False Positive,94.22
77,912238,8461,2024-12-10 12:46:54,High Value Transaction,High,False Positive,95.55
78,803685,13492,2023-04-13 18:47:46,High Value Transaction,Medium,Confirmed,1059.27
79,444937,19498,2023-10-08 05:32:57,Velocity Anomaly,Low,False Positive,74.81
80,895959,5458,2022-11-04 01:07:41,High Value Transaction,Low,Closed,2927.33
81,858829,9667,2025-05-14 23:30:36,High Value Transaction,Medium,Confirmed,732.93
82,575348,20131,2024-11-06 10:48:25,Suspicious Merchant,Low,Confirmed,2205.39
83,464017,5341,2025-07-05 00:23:33,Velocity Anomaly,High,Investigating,654.46
84,196830,16274,2024-06-16 16:18:02,Suspicious Merchant,High,Investigating,1702.81
85,309024,14485,2025-11-23 01:20:20,Suspicious Merchant,Low,False Positive,321.56
86,347382,11372,2025-07-01 13:05:22,Velocity Anomaly,High,Investigating,1934.27
87,310805,19043,2024-08-19 13:55:55,Unusual Transaction,Medium,False Positive,215.12
88,837524,1475,2023-12-20 03:17:44,Suspicious Merchant,Low,Confirmed,1225.52
89,268241,15378,2024-06-06 04:43:31,Possible Account Takeover,High,Closed,139.1
90,366138,18172,2025-03-18 21:42:52,Possible Account Takeover,High,Investigating,1177.67
91,449597,22394,2022-03-19 14:37:15,High Value Transaction,Medium,Open,830.51
92,586918,8509,2025-07-09 04:56:00,Possible Account Takeover,High,Open,946.97
93,980754,4953,2024-06-04 10:52:48,High Value Transaction,High,False Positive,412.02
94,51663,505,2022-01-31 11:22:57,Unusual Transaction,High,Confirmed,1784.21
95,892874,11991,2025-03-13 21:16:11,Velocity Anomaly,Medium,Open,597.83
96,576799,14655,2024-05-22 18:58:10,Velocity Anomaly,High,Closed,734.52
97,480867,8834,2024-09-05 22:18:37,Velocity Anomaly,Critical,Closed,549.38
98,550671,5515,2024-10-29 10:45:29,Possible Account Takeover,High,False Positive,443.36
99,584292,10635,2023-10-03 11:41:55,Unusual Transaction,Low,Investigating,6310.18
100,362132,22100,2024-09-12 18:27:32,Possible Account Takeover,Medium,Confirmed,627.06
101,33320,7009,2025-08-25 07:30:52,Possible Account Takeover,Medium,False Positive,700.89
102,215538,23786,2023-02-28 09:52:32,Unusual Transaction,Low,Confirmed,3601.37
103,126315,648,2023-07-01 20:38:16,Unusual Transaction,Critical,Investigating,626.56
104,460374,23111,2022-01-27 00:04:53,Unusual Transaction,Low,Investigating,4480.84
105,489380,16173,2024-11-28 04:15:26,Unusual Transaction,Low,Closed,884.46
106,63225,14063,2023-05-18 14:26:29,Velocity Anomaly,High,Investigating,2952.54
107,965340,11731,2025-10-15 06:43:11,Geographic Anomaly,Medium,False Positive,109.56
108,779636,4756,2024-11-08 15:49:17,Geographic Anomaly,Low,Confirmed,14606.19
109,695826,11321,2022-07-30 12:56:57,Unusual Transaction,Medium,False Positive,366.96
110,561881,6948,2024-10-05 19:33:42,Geographic Anomaly,Medium,False Positive,782.24
111,279995,10853,2024-10-02 02:39:20,Geographic Anomaly,Low,Confirmed,1751.55
112,876145,19202,2025-02-10 19:42:38,Unusual Transaction,Critical,Confirmed,1036.22
113,571750,1316,2025-09-29 08:12:25,Geographic Anomaly,Medium,False Positive,1555.73
114,435459,8790,2024-05-12 09:28:46,Possible Account Takeover,Medium,Confirmed,491.94
115,256148,23254,2024-08-14 08:52:36,High Value Transaction,Medium,False Positive,1104.35
116,527944,14750,2024-03-15 21:04:04,High Value Transaction,Medium,False Positive,384.53
117,330302,3250,2023-11-14 20:30:46,Unusual Transaction,Medium,False Positive,2284.61
118,872560,23684,2022-01-10 06:41:01,Velocity Anomaly,Medium,Confirmed,1363.59
119,69255,20548,2022-07-31 22:18:19,Unusual Transaction,Medium,Investigating,4597.68
120,678876,23193,2024-11-01 20:19:41,Velocity Anomaly,High,False Positive,333.98
121,275406,318,2025-02-24 18:01:07,High Value Transaction,Low,Open,258.49
122,943252,7949,2023-09-15 15:24:22,Unusual Transaction,Medium,Closed,2303.78
123,587306,18736,2025-01-02 16:55:26,Suspicious Merchant,High,Closed,6570.53
124,889146,11813,2024-05-17 20:28:20,Possible Account Takeover,Low,Investigating,722.21
125,379067,24575,2022-07-24 14:32:40,Geographic Anomaly,Low,Investigating,198.55
126,115772,9081,2023-10-22 04:43:28,Velocity Anomaly,Medium,Confirmed,538.85
127,517432,24774,2023-07-10 22:33:44,Suspicious Merchant,Medium,Closed,503.81
128,265974,338,2025-07-18 17:09:25,Geographic Anomaly,Low,Confirmed,2523.8
129,675595,23642,2023-03-28 22:07:47,Geographic Anomaly,Medium,Confirmed,817.04
130,400808,3589,2025-09-26 00:09:30,Unusual Transaction,Medium,False Positive,453.33
131,565511,20237,2023-07-15 15:34:16,Geographic Anomaly,Medium,Investigating,1718.96
132,100076,12873,2022-12-16 12:23:41,Possible Account Takeover,Medium,Confirmed,2002.85
133,701083,17051,2022-12-28 00:59:46,Suspicious Merchant,Medium,Confirmed,640.0
134,103661,21587,2022-01-31 17:50:42,Geographic Anomaly,High,False Positive,197.32
135,172272,18603,2023-03-16 01:59:18,Unusual Transaction,High,Investigating,6706.68
136,331228,9758,2024-06-09 22:43:42,Possible Account Takeover,High,False Positive,172.94
137,259150,21330,2025-02-02 15:43:28,High Value Transaction,Medium,Closed,58.49
138,938627,19385,2022-09-21 04:22:07,Suspicious Merchant,Medium,False Positive,193.02
139,606358,19405,2022-07-27 09:05:47,Geographic Anomaly,Medium,False Positive,1063.49
140,990307,8704,2025-09-08 13:10:05,Unusual Transaction,Low,Open,285.23
141,829830,919,2022-01-21 06:36:50,High Value Transaction,Low,Confirmed,1912.05
142,875278,24460,2024-08-23 19:51:38,High Value Transaction,High,Open,201.36
143,256730,14492,2025-07-19 15:12:25,Velocity Anomaly,Medium,False Positive,2394.52
144,246896,295,2023-06-19 09:44:30,Possible Account Takeover,Medium,Confirmed,524.82
145,40811,16423,2023-06-19 00:19:31,Geographic Anomaly,Critical,Confirmed,2281.95
146,314675,10312,2025-12-06 11:50:52,Unusual Transaction,Low,Open,1978.16
147,20474,14074,2023-06-02 05:24:52,Velocity Anomaly,Low,Confirmed,2334.27
148,525061,8260,2022-11-13 05:17:25,Possible Account Takeover,Low,False Positive,2288.9
149,582947,24970,2025-07-27 20:05:59,Velocity Anomaly,Medium,False Positive,916.17
150,881795,14097,2024-01-01 21:40:09,Suspicious Merchant,Medium,Open,3778.12
151,974159,8102,2025-11-10 09:24:50,Possible Account Takeover,Medium,False Positive,25100.11
152,422759,14464,2024-10-09 23:41:02,Possible Account Takeover,Medium,Confirmed,111.24
153,673533,11211,2025-12-18 05:54:55,Geographic Anomaly,High,False Positive,236.3
154,826661,15858,2023-11-24 23:38:29,Possible Account Takeover,High,False Positive,6351.69
155,733811,2531,2022-05-30 08:36:07,Velocity Anomaly,Critical,Confirmed,6274.11
156,837316,9884,2024-01-09 03:25:27,Possible Account Takeover,High,Investigating,147.65
157,570267,7787,2025-08-29 04:25:56,Geographic Anomaly,Medium,False Positive,1379.63
158,6299,10907,2022-01-26 07:04:42,Geographic Anomaly,Low,Closed,5047.49
159,996136,9611,2024-09-12 18:09:58,Suspicious Merchant,Low,False Positive,244.32
160,711525,8370,2024-10-17 18:09:35,Velocity Anomaly,Low,False Positive,2157.98
161,959376,23926,2024-03-22 00:23:26,High Value Transaction,High,False Positive,48.05
162,55071,21136,2023-09-25 20:57:26,High Value Transaction,High,False Positive,2306.11
163,21220,2252,2023-10-08 19:07:28,Possible Account Takeover,Medium,False Positive,1653.74
164,430194,8934,2023-10-10 09:23:41,Suspicious Merchant,Low,Confirmed,9645.51
165,992620,13122,2025-09-03 14:55:45,Unusual Transaction,Medium,False Positive,900.17
166,123552,70,2025-07-12 19:22:15,Possible Account Takeover,High,False Positive,6458.36
167,432317,20560,2025-05-30 23:44:15,Suspicious Merchant,Medium,False Positive,33317.15
168,274637,215,2023-04-04 01:01:41,Velocity Anomaly,High,Confirmed,7385.26
169,115139,19507,2024-02-26 23:32:39,Velocity Anomaly,High,Open,141.95
170,431447,4600,2025-07-09 23:22:40,Velocity Anomaly,High,False Positive,11386.24
171,92661,6233,2024-11-15 02:53:35,Velocity Anomaly,High,False Positive,1314.58
172,450103,2642,2024-06-27 22:03:03,Velocity Anomaly,High,Closed,5585.28
173,348667,5710,2025-11-24 03:00:02,Suspicious Merchant,Low,Confirmed,1093.55
174,344475,22884,2024-07-20 23:53:40,Suspicious Merchant,Low,Open,354.82
175,483616,13963,2023-03-01 03:56:42,Geographic Anomaly,Medium,Investigating,509.23
176,508946,1725,2025-06-09 19:36:22,High Value Transaction,Low,False Positive,1913.73
177,481189,5936,2025-06-22 11:15:36,Velocity Anomaly,Critical,Open,184.36
178,441452,9025,2023-10-25 20:28:53,Unusual Transaction,Medium,Closed,519.43
179,531788,5545,2024-10-30 02:56:46,Suspicious Merchant,High,Confirmed,506.34
180,556419,2536,2025-10-18 16:25:54,Unusual Transaction,Medium,Closed,3181.14
181,973424,15544,2022-10-09 10:39:36,Unusual Transaction,Medium,False Positive,121.75
182,386543,1455,2023-01-07 06:29:27,Unusual Transaction,High,Closed,941.31
183,25769,22064,2023-01-05 10:58:49,Geographic Anomaly,Medium,Investigating,166.85
184,470129,2685,2023-10-18 09:29:30,Suspicious Merchant,Medium,False Positive,2992.65
185,931865,18874,2024-06-20 15:51:30,Unusual Transaction,Low,Open,382.38
186,488470,16912,2022-08-28 10:50:45,Velocity Anomaly,High,Investigating,3807.32
187,200615,2260,2025-09-05 17:37:44,Possible Account Takeover,Medium,Confirmed,2709.98
188,694207,8898,2022-08-15 08:59:36,Unusual Transaction,Medium,False Positive,247.19
189,969440,15086,2025-07-10 06:31:32,Geographic Anomaly,Medium,Open,1341.93
190,802842,8577,2023-12-23 18:14:51,Suspicious Merchant,High,Closed,499.17
191,98606,161,2022-04-13 15:22:01,Geographic Anomaly,High,Open,1292.65
192,303098,8744,2022-04-15 00:16:59,Unusual Transaction,Medium,Confirmed,2078.07
193,765404,9511,2024-02-21 10:52:53,Suspicious Merchant,Medium,Open,2010.33
194,727933,7186,2022-02-17 10:11:56,Possible Account Takeover,High,False Positive,228.77
195,519049,18931,2022-12-28 09:09:22,Unusual Transaction,Medium,Investigating,75.98
196,538357,6478,2022-01-03 13:30:54,Geographic Anomaly,Medium,Closed,1284.55
197,442080,16454,2022-08-04 06:20:09,High Value Transaction,Medium,False Positive,1459.81
198,421034,20849,2022-11-03 03:02:56,Velocity Anomaly,High,Closed,228.24
199,185499,18488,2022-04-24 07:38:14,Geographic Anomaly,Medium,Confirmed,236.55
200,62037,9211,2025-06-06 09:38:11,Suspicious Merchant,Medium,Confirmed,2301.52
201,26707,11814,2024-03-08 17:23:12,Unusual Transaction,High,False Positive,356.58
202,178229,11588,2022-02-02 23:25:59,Velocity Anomaly,Medium,False Positive,432.46
203,265705,4653,2023-02-22 10:01:12,Unusual Transaction,Low,Confirmed,815.23
204,198494,1613,2022-04-15 20:33:46,Suspicious Merchant,Medium,Closed,853.15
205,373299,1128,2024-03-11 00:36:52,Unusual Transaction,High,Investigating,324.95
206,836406,21647,2024-06-09 20:23:15,High Value Transaction,Critical,False Positive,679.84
207,160614,11016,2025-06-18 17:43:45,Velocity Anomaly,Medium,Confirmed,834.28
208,71973,21426,2023-08-22 15:47:39,Velocity Anomaly,Medium,Investigating,603.7
209,803049,18162,2024-09-06 20:20:38,Suspicious Merchant,Low,Confirmed,870.15
210,45679,13928,2024-10-05 02:35:45,High Value Transaction,High,Closed,24.14
211,599915,21320,2023-07-23 04:52:09,Geographic Anomaly,High,Closed,1380.24
212,352278,14249,2023-10-16 02:58:26,Unusual Transaction,Low,Confirmed,303.07
213,458904,22288,2022-09-27 05:57:22,Possible Account Takeover,Low,Closed,1575.23
214,777380,6338,2024-02-02 05:08:42,Unusual Transaction,High,False Positive,782.71
215,841963,18020,2023-07-13 16:47:03,Unusual Transaction,Medium,False Positive,2377.98
216,488709,7886,2023-01-10 09:01:27,Geographic Anomaly,Medium,Open,68.01
217,360636,13312,2024-10-06 16:54:18,Unusual Transaction,Low,False Positive,156.57
218,384369,23045,2023-09-22 22:59:04,High Value Transaction,Medium,Open,294.47
219,194703,10268,2023-01-24 03:19:20,High Value Transaction,Medium,Confirmed,112.1
220,186263,20620,2024-10-17 05:56:03,Velocity Anomaly,High,False Positive,1144.27
221,743972,23647,2023-04-19 15:45:20,Suspicious Merchant,Medium,False Positive,1620.24
222,768295,9063,2024-03-22 07:14:42,Possible Account Takeover,Medium,False Positive,166.85
223,394961,19220,2025-12-27 03:39:56,Unusual Transaction,Medium,Closed,813.55
224,573358,22874,2022-05-29 10:41:35,Unusual Transaction,Medium,False Positive,307.16
225,928830,23253,2023-11-17 01:46:27,Geographic Anomaly,Low,Investigating,863.12
226,852652,10415,2022-11-25 19:58:28,Suspicious Merchant,Medium,Confirmed,314.6
227,736363,10674,2023-09-26 01:26:35,High Value Transaction,High,False Positive,239.59
228,723093,9936,2024-04-18 14:44:45,Possible Account Takeover,Low,Closed,217.44
229,496376,17690,2023-07-11 00:30:36,Velocity Anomaly,Low,Closed,507.1
230,189081,11762,2022-03-24 19:58:36,High Value Transaction,Low,False Positive,189.02
231,829339,9484,2024-03-01 09:15:42,Suspicious Merchant,Medium,False Positive,5782.88
232,414039,2293,2023-05-16 19:57:36,Velocity Anomaly,High,False Positive,191.61
233,773850,12279,2022-03-13 14:56:58,Geographic Anomaly,Low,Confirmed,1166.85
234,199528,24338,2023-12-06 04:06:02,Geographic Anomaly,High,Confirmed,942.21
235,532187,1072,2024-03-26 05:30:52,Unusual Transaction,Low,False Positive,346.7
236,920814,16656,2024-05-20 20:35:44,Suspicious Merchant,High,Closed,622.97
237,935026,10062,2023-10-29 04:48:08,Possible Account Takeover,Medium,Closed,209.69
238,514450,10563,2022-09-14 00:55:37,Velocity Anomaly,High,Confirmed,541.75
239,941566,21396,2024-10-07 03:38:24,High Value Transaction,Medium,False Positive,291.34
240,158993,9071,2022-06-01 18:57:15,Suspicious Merchant,Medium,Closed,189.7
241,995279,14472,2024-05-01 19:03:20,Suspicious Merchant,High,False Positive,32.86
242,607357,9409,2024-03-11 21:36:57,Geographic Anomaly,High,Confirmed,238.45
243,567224,19269,2024-10-24 18:03:21,Unusual Transaction,Medium,False Positive,188.93
244,924645,23872,2025-07-30 15:47:40,Unusual Transaction,Low,False Positive,1716.02
245,120647,21650,2024-08-19 21:14:55,Velocity Anomaly,Low,False Positive,213.19
246,98151,1899,2025-12-17 05:52:12,Geographic Anomaly,High,False Positive,1202.76
247,740316,21197,2023-12-21 02:18:18,Suspicious Merchant,Medium,False Positive,460.81
248,795487,20415,2023-07-13 11:26:31,Possible Account Takeover,Medium,Investigating,359.93
249,638309,20045,2022-08-12 23:43:28,Geographic Anomaly,High,Confirmed,481.14
250,859619,9891,2023-05-11 11:52:22,Velocity Anomaly,High,False Positive,31.17
251,30321,24871,2022-03-15 05:21:42,Velocity Anomaly,Medium,Confirmed,1217.72
252,622550,2313,2025-02-21 06:16:54,Geographic Anomaly,High,Closed,2871.58
253,27964,13928,2024-11-30 01:03:57,Velocity Anomaly,High,Confirmed,482.54
254,896188,748,2025-05-09 15:39:06,Geographic Anomaly,Medium,Confirmed,107.34
255,528533,20626,2025-03-13 03:11:33,High Value Transaction,Medium,Closed,1312.75
256,91198,14450,2024-01-30 05:09:33,Geographic Anomaly,High,Open,551.75
257,644428,6994,2025-11-26 23:29:33,Geographic Anomaly,Medium,False Positive,223.03
258,361513,13784,2023-01-02 03:06:36,Velocity Anomaly,High,False Positive,37.78
259,705986,12881,2023-12-01 08:58:43,Velocity Anomaly,Low,Open,656.11
260,735053,11492,2025-10-25 14:57:50,Unusual Transaction,Low,Closed,394.31
261,15921,23476,2022-08-25 15:22:06,Unusual Transaction,High,Open,1967.51
262,871824,13917,2022-03-02 09:19:33,High Value Transaction,Medium,False Positive,3381.55
263,346149,23615,2022-08-13 11:27:20,Unusual Transaction,Medium,Open,9246.32
264,597099,22991,2024-04-25 22:02:46,Geographic Anomaly,High,Open,1484.67
265,306874,1953,2025-11-18 07:50:56,Velocity Anomaly,High,Closed,1104.72
266,909953,9851,2022-02-07 23:29:35,Unusual Transaction,Medium,False Positive,1810.01
267,950087,9002,2025-05-16 02:51:42,Unusual Transaction,Low,Investigating,898.56
268,759041,12660,2023-09-20 16:05:33,High Value Transaction,High,False Positive,2560.95
269,462526,16085,2022-07-20 14:26:27,Suspicious Merchant,High,False Positive,4848.73
270,662245,15675,2024-05-22 08:34:36,High Value Transaction,Low,Closed,4383.45
271,696213,9827,2024-12-17 15:48:35,Geographic Anomaly,High,Confirmed,254.14
272,141888,2684,2023-02-10 15:11:24,Velocity Anomaly,High,Closed,343.22
273,604825,6521,2023-10-26 19:11:30,High Value Transaction,Medium,False Positive,219.17
274,584243,5646,2022-06-13 02:00:08,Unusual Transaction,High,False Positive,1529.95
275,143249,3769,2025-04-20 09:17:37,Velocity Anomaly,Medium,Closed,894.31
276,455702,2109,2025-03-17 09:28:07,Velocity Anomaly,Medium,Investigating,272.29
277,122339,18816,2023-10-13 06:48:30,Unusual Transaction,High,Investigating,1791.92
278,716009,17659,2025-06-24 04:22:53,High Value Transaction,High,Confirmed,669.61
279,653637,23409,2024-05-23 17:49:21,Unusual Transaction,High,Investigating,85.04
280,358748,24715,2023-07-15 10:59:50,Suspicious Merchant,Medium,Confirmed,654.03
281,974039,8472,2023-09-19 07:50:00,Velocity Anomaly,Low,False Positive,723.58
282,321780,23039,2022-05-26 09:28:53,Possible Account Takeover,Low,Confirmed,759.66
283,540479,9270,2023-01-29 19:54:50,Possible Account Takeover,Medium,Confirmed,401.63
284,751997,12278,2022-12-10 22:34:07,Geographic Anomaly,Low,Confirmed,662.32
285,183569,14852,2022-02-28 16:51:03,Unusual Transaction,Medium,Investigating,420.04
286,749754,24669,2025-09-12 18:21:50,Unusual Transaction,Medium,Confirmed,1645.24
287,568229,7642,2023-06-01 20:30:32,Geographic Anomaly,High,False Positive,210.01
288,119620,19863,2025-12-25 05:22:07,Geographic Anomaly,Medium,Investigating,677.22
289,861635,9117,2024-10-24 22:27:33,Geographic Anomaly,Medium,Closed,766.99
290,780382,8388,2023-07-21 14:41:12,Velocity Anomaly,Medium,Confirmed,605.21
291,252027,19467,2023-06-01 05:16:53,Suspicious Merchant,Low,Closed,308.48
292,394958,12077,2024-04-03 04:31:17,Unusual Transaction,Low,Investigating,106.36
293,542973,16336,2024-05-22 20:18:21,Velocity Anomaly,Medium,False Positive,834.15
294,648862,19558,2025-08-24 20:34:40,Geographic Anomaly,High,False Positive,102.64
295,298013,2212,2022-09-23 06:47:05,Unusual Transaction,Low,False Positive,669.39
296,285676,5460,2024-06-08 12:06:46,Velocity Anomaly,High,False Positive,590.1
297,961339,2338,2023-09-11 23:58:22,Suspicious Merchant,Critical,Closed,859.91
298,432372,644,2023-01-26 06:22:33,Velocity Anomaly,High,False Positive,1880.52
299,307799,21306,2025-09-08 07:58:37,Suspicious Merchant,Low,False Positive,626.25
300,373281,7656,2022-11-09 12:13:35,Geographic Anomaly,High,Closed,1751.99
301,648369,23625,2025-03-24 13:39:51,Suspicious Merchant,Low,False Positive,510.01
302,49624,13164,2022-06-23 06:30:58,Unusual Transaction,Medium,False Positive,716.09
303,330567,12644,2023-09-18 21:58:23,Geographic Anomaly,High,Confirmed,3751.55
304,580404,9426,2024-05-11 08:33:05,Unusual Transaction,Medium,Closed,1026.38
305,148485,13456,2025-05-19 13:56:41,Possible Account Takeover,Medium,Confirmed,39730.25
306,696240,9806,2023-01-16 08:17:47,High Value Transaction,Medium,False Positive,1764.39
307,489114,2391,2023-09-16 08:17:04,Suspicious Merchant,Medium,Open,4680.04
308,964939,11604,2023-05-16 00:00:43,High Value Transaction,Medium,Confirmed,2233.75
309,352952,5360,2024-12-10 13:20:37,High Value Transaction,Medium,False Positive,503.75
310,214218,2443,2025-04-29 00:53:38,Suspicious Merchant,Critical,False Positive,1282.01
311,43275,1516,2022-07-25 17:16:14,Geographic Anomaly,High,Confirmed,544.46
312,762640,4389,2025-06-14 00:53:27,Possible Account Takeover,High,Investigating,418.2
313,480990,8739,2024-11-26 08:45:38,Unusual Transaction,Medium,Confirmed,224.23
314,125146,5407,2025-03-10 19:17:10,Velocity Anomaly,High,False Positive,501.73
315,655617,8513,2022-06-03 17:45:48,Unusual Transaction,High,Investigating,1252.61
316,522841,24040,2024-08-19 19:25:42,Velocity Anomaly,High,False Positive,713.72
317,696591,9384,2022-11-06 23:44:20,Unusual Transaction,Medium,False Positive,809.93
318,113388,20532,2023-07-26 06:52:52,Suspicious Merchant,Low,Closed,114.37
319,590300,3362,2025-10-15 00:23:08,Possible Account Takeover,Low,Open,4131.22
320,696608,15056,2025-07-04 21:14:10,Velocity Anomaly,Medium,Investigating,973.38
321,592288,11782,2024-12-12 19:09:00,Geographic Anomaly,Medium,False Positive,123.49
322,340742,2655,2025-08-04 19:48:32,Unusual Transaction,High,False Positive,1964.46
323,184781,12112,2025-06-25 17:51:58,Unusual Transaction,Medium,Open,172.8
324,723571,18262,2024-09-10 23:05:21,Velocity Anomaly,Low,False Positive,2274.63
325,698253,8740,2023-05-10 02:38:41,Geographic Anomaly,Medium,Confirmed,478.72
326,948561,19062,2024-01-12 05:47:00,Geographic Anomaly,Medium,Confirmed,159.28
327,487425,1372,2023-12-12 12:31:20,Suspicious Merchant,Low,Confirmed,137.58
328,326076,18647,2024-02-09 01:55:35,Suspicious Merchant,High,Closed,815.46
329,778660,247,2023-01-25 19:22:31,Suspicious Merchant,Medium,Investigating,107.44
330,661040,19629,2023-08-06 15:55:35,Suspicious Merchant,High,Investigating,919.38
331,684661,15655,2022-03-20 13:01:44,Suspicious Merchant,Medium,Investigating,742.47
332,13374,13026,2022-07-18 18:38:46,Suspicious Merchant,Medium,False Positive,501.12
333,995316,20156,2025-02-04 02:59:40,Possible Account Takeover,Medium,False Positive,1994.42
334,259362,21596,2022-07-18 12:05:45,Geographic Anomaly,High,Confirmed,3195.35
335,737971,10712,2022-11-17 05:34:22,Suspicious Merchant,Low,Investigating,581.98
336,708092,6919,2025-12-27 16:20:56,Geographic Anomaly,High,Investigating,2540.24
337,490878,8510,2023-10-05 01:24:55,Geographic Anomaly,Medium,False Positive,560.66
338,466440,19629,2025-01-02 22:22:57,High Value Transaction,High,Investigating,326.3
339,944952,3703,2022-08-16 04:43:14,Possible Account Takeover,High,Closed,168.54
340,719757,20472,2023-03-09 06:37:21,Suspicious Merchant,Medium,Investigating,4642.43
341,134217,18567,2022-04-16 18:00:00,Unusual Transaction,High,Open,1225.66
342,145155,5873,2024-09-27 00:43:36,Velocity Anomaly,Low,Open,2510.17
343,527357,16449,2023-04-26 16:39:05,Unusual Transaction,High,False Positive,4177.69
344,652556,11046,2022-07-24 08:02:23,Possible Account Takeover,Medium,False Positive,433.34
345,792578,2181,2022-04-16 08:31:50,Velocity Anomaly,Medium,Closed,249.67
346,965855,38,2024-09-02 18:03:02,Possible Account Takeover,High,Confirmed,253.75
347,304683,9733,2024-08-17 13:21:11,Geographic Anomaly,High,Investigating,4277.16
348,902073,20800,2024-10-15 08:30:03,Velocity Anomaly,Low,False Positive,2545.28
349,602845,16007,2024-01-05 18:04:44,Geographic Anomaly,High,False Positive,3623.13
350,813897,9359,2024-09-02 00:30:41,Unusual Transaction,Medium,False Positive,966.86
351,728236,24102,2022-11-10 21:29:30,Unusual Transaction,Medium,Confirmed,350.62
352,630162,24387,2023-06-03 22:54:22,Velocity Anomaly,High,Open,362.15
353,789556,1151,2024-11-28 09:18:13,Velocity Anomaly,Medium,Open,2380.78
354,762142,5616,2022-07-01 15:16:52,Suspicious Merchant,Medium,False Positive,1029.84
355,602328,3875,2024-08-08 18:38:51,Possible Account Takeover,High,False Positive,141.81
356,858788,22929,2023-01-27 02:09:08,Suspicious Merchant,Low,False Positive,2182.69
357,385484,10571,2022-03-06 09:48:22,Possible Account Takeover,High,Confirmed,473.89
358,474812,4708,2023-03-21 12:26:12,Suspicious Merchant,Low,False Positive,137.95
359,550034,10358,2024-07-11 03:52:41,Geographic Anomaly,Low,Confirmed,2625.04
360,573559,16840,2022-01-01 14:42:28,Velocity Anomaly,Low,Open,102.26
361,329039,13755,2025-08-24 20:08:42,Unusual Transaction,Medium,Closed,811.06
362,642789,21408,2022-07-31 15:49:34,Possible Account Takeover,High,False Positive,393.67
363,576650,517,2022-03-19 15:31:34,Possible Account Takeover,Low,False Positive,3348.31
364,578366,8973,2023-09-03 08:43:27,Unusual Transaction,Low,False Positive,3251.91
365,857349,12689,2022-04-14 19:17:46,Suspicious Merchant,High,Confirmed,2768.91
366,284922,10653,2022-10-10 05:53:49,Possible Account Takeover,Low,False Positive,358.53
367,13997,10211,2022-10-24 00:37:34,Geographic Anomaly,High,Closed,244.93
368,501170,10706,2024-06-13 21:41:02,Velocity Anomaly,Low,Confirmed,1955.77
369,18043,23463,2023-03-07 19:08:48,Unusual Transaction,High,False Positive,247.4
370,292259,299,2022-07-01 23:02:05,Velocity Anomaly,Medium,False Positive,348.5
371,3919,8615,2022-09-21 14:46:47,Possible Account Takeover,High,Investigating,1108.07
372,14063,23775,2022-09-02 06:39:56,Possible Account Takeover,High,Confirmed,17996.39
373,817045,112,2022-08-08 20:18:22,Unusual Transaction,Medium,Investigating,435.23
374,809182,7516,2024-06-09 02:05:13,Geographic Anomaly,Low,False Positive,6712.63
375,403045,5394,2023-03-05 19:13:02,High Value Transaction,High,False Positive,592.33
376,627981,2473,2022-07-21 16:03:28,Unusual Transaction,Medium,False Positive,470.68
377,384263,6642,2024-03-20 22:45:11,High Value Transaction,Low,Investigating,1151.78
378,249055,3303,2022-08-30 13:16:37,Suspicious Merchant,Low,False Positive,3490.04
379,67299,7036,2024-06-10 23:11:30,High Value Transaction,High,False Positive,889.88
380,339779,20839,2023-09-30 22:15:26,Geographic Anomaly,Medium,Confirmed,714.16
381,853199,17932,2023-04-22 19:46:42,Suspicious Merchant,Medium,False Positive,1583.5
382,171974,4559,2022-11-14 13:46:32,High Value Transaction,Medium,False Positive,2539.26
383,330757,1256,2023-08-25 15:27:43,Suspicious Merchant,High,Open,719.37
384,313680,13990,2024-02-06 21:51:21,High Value Transaction,High,Investigating,89.93
385,81096,2500,2025-10-20 04:56:17,Geographic Anomaly,Critical,False Positive,113.73
386,82749,9313,2025-01-28 10:46:25,High Value Transaction,Low,False Positive,2049.2
387,139687,21892,2023-02-23 14:07:30,High Value Transaction,High,Closed,373.2
388,489620,10987,2025-11-29 14:12:29,High Value Transaction,Medium,False Positive,276.92
389,506532,11017,2022-08-24 23:44:52,Unusual Transaction,Medium,Confirmed,1995.51
390,358724,1084,2022-04-15 19:51:28,Unusual Transaction,Medium,Investigating,117.76
391,779455,10806,2025-11-13 19:07:45,Unusual Transaction,Low,False Positive,605.41
392,633778,19866,2025-05-07 23:02:04,Geographic Anomaly,High,Investigating,2259.51
393,183514,9560,2023-05-06 10:51:13,Suspicious Merchant,Low,False Positive,2179.47
394,33225,8518,2022-11-10 07:20:08,Possible Account Takeover,High,Investigating,238.63
395,567096,16765,2022-04-07 22:51:37,High Value Transaction,High,Open,344.28
396,819654,22870,2022-02-03 15:38:26,High Value Transaction,High,Confirmed,2045.28
397,653120,16414,2022-08-05 15:59:43,Geographic Anomaly,Low,Confirmed,519.36
398,182396,1143,2024-11-28 23:25:52,High Value Transaction,Medium,False Positive,308.03
399,52403,5288,2024-06-06 02:48:41,Unusual Transaction,High,Investigating,1546.72
400,605878,21166,2024-03-28 07:30:28,Possible Account Takeover,Medium,Closed,67.4
401,505603,2235,2023-09-14 20:15:14,Velocity Anomaly,Medium,False Positive,1103.57
402,127889,24165,2025-12-24 13:54:50,High Value Transaction,Medium,Confirmed,1882.13
403,84895,16008,2022-10-03 10:10:05,Unusual Transaction,Medium,Confirmed,588.92
404,58836,815,2022-06-14 18:16:32,Velocity Anomaly,High,False Positive,1238.94
405,510617,14018,2022-07-11 01:15:18,Possible Account Takeover,Medium,Open,3763.43
406,217161,8239,2023-06-21 19:49:14,Velocity Anomaly,Medium,Closed,3627.99
407,751172,13664,2022-08-24 14:37:45,Unusual Transaction,Medium,False Positive,131.06
408,793422,501,2022-05-17 09:05:17,Suspicious Merchant,Medium,Open,1708.42
409,742365,10669,2023-06-10 18:11:43,Suspicious Merchant,Low,False Positive,2056.92
410,423384,23597,2022-10-21 11:29:04,Velocity Anomaly,Medium,Confirmed,1811.72
411,408081,9562,2022-04-08 17:24:20,Geographic Anomaly,Medium,Open,1540.24
412,151112,4866,2024-07-20 16:28:18,Velocity Anomaly,Medium,Closed,149.97
413,337358,10466,2025-01-31 07:46:57,High Value Transaction,Medium,Open,464.71
414,512477,24292,2022-07-13 08:14:00,High Value Transaction,Medium,False Positive,2166.18
415,273908,3772,2025-12-27 21:17:19,Suspicious Merchant,Medium,Closed,268.3
416,173547,16177,2023-07-19 00:07:49,Geographic Anomaly,Low,Investigating,168.57
417,763199,15792,2022-06-09 00:16:59,Unusual Transaction,High,Confirmed,632.23
418,474534,3513,2024-02-09 11:54:34,High Value Transaction,Medium,Open,2005.51
419,96437,2403,2023-12-09 00:27:15,Suspicious Merchant,Low,Open,1820.89
420,456079,24147,2024-03-30 21:49:18,Possible Account Takeover,Low,Open,3509.83
421,547704,19554,2024-11-16 12:56:30,Suspicious Merchant,Critical,False Positive,1259.41
422,138802,24115,2022-06-21 00:19:21,High Value Transaction,Low,False Positive,453.02
423,198506,14505,2024-11-08 08:44:53,High Value Transaction,High,False Positive,114.8
424,387673,6550,2024-01-08 09:45:06,Suspicious Merchant,Low,Confirmed,349.99
425,939606,12948,2023-10-09 18:54:57,Unusual Transaction,High,False Positive,83.76
426,234037,22570,2022-04-19 20:07:41,Velocity Anomaly,High,False Positive,1848.23
427,785556,401,2024-08-22 07:50:25,High Value Transaction,Medium,Confirmed,491.94
428,254293,24098,2022-06-17 19:24:09,Suspicious Merchant,Low,Confirmed,305.77
429,780365,15288,2023-03-08 15:25:07,Suspicious Merchant,Medium,Open,1047.8
430,363264,9513,2024-12-21 18:25:46,Geographic Anomaly,Medium,Closed,57.54
431,136060,10189,2025-12-29 11:50:54,Velocity Anomaly,Medium,False Positive,160.45
432,51565,12816,2022-07-26 08:01:19,Possible Account Takeover,Medium,False Positive,312.32
433,8718,20680,2024-11-17 19:01:14,Unusual Transaction,Low,False Positive,3550.83
434,835420,2725,2024-03-23 14:28:33,Possible Account Takeover,Medium,False Positive,523.66
435,771750,11751,2022-04-01 06:12:07,Velocity Anomaly,Medium,Open,129.02
436,778959,2318,2025-08-09 22:31:53,Velocity Anomaly,Medium,False Positive,430.18
437,864373,13580,2025-10-14 06:31:11,Velocity Anomaly,Low,False Positive,2800.7
438,86460,22828,2023-07-31 20:58:07,Possible Account Takeover,Critical,Open,1487.13
439,257327,14569,2025-03-01 16:48:54,Velocity Anomaly,Medium,Closed,874.72
440,130278,22433,2025-03-28 16:14:43,Suspicious Merchant,High,Confirmed,1269.56
441,947557,1626,2022-08-16 17:26:07,Possible Account Takeover,Medium,Confirmed,2556.19
442,182432,18152,2022-04-01 23:01:25,Velocity Anomaly,Low,False Positive,10667.18
443,92377,2215,2025-11-25 16:34:41,Suspicious Merchant,Medium,False Positive,1019.79
444,971066,10235,2022-03-06 16:42:47,Geographic Anomaly,Medium,Confirmed,37465.53
445,393609,12004,2023-11-10 01:32:27,Velocity Anomaly,High,False Positive,212.78
446,105759,9943,2023-04-18 06:03:51,Possible Account Takeover,High,Confirmed,658.33
447,494035,8313,2024-05-07 05:11:11,High Value Transaction,Medium,False Positive,2755.14
448,287575,11390,2023-01-17 01:24:49,Velocity Anomaly,Critical,Investigating,1129.23
449,920624,5832,2024-09-05 14:53:09,High Value Transaction,Medium,Open,105.19
450,116593,22337,2023-03-21 03:18:37,Suspicious Merchant,Critical,Investigating,164.97
451,924239,23223,2025-12-22 07:10:50,Geographic Anomaly,Critical,Confirmed,5261.69
452,305341,24387,2024-04-18 06:33:02,Unusual Transaction,Low,Confirmed,126.47
453,57394,9202,2023-04-16 06:53:27,Geographic Anomaly,Medium,False Positive,552.25
454,467428,20973,2022-05-11 09:13:37,Velocity Anomaly,Medium,Confirmed,74.78
455,752404,13723,2022-05-09 00:14:16,High Value Transaction,High,Open,3988.84
456,999561,17362,2022-12-25 11:35:04,High Value Transaction,Medium,Open,333.63
457,340826,333,2025-04-02 21:53:59,Possible Account Takeover,Critical,Open,35126.6
458,37916,14180,2024-08-22 16:49:46,High Value Transaction,High,Confirmed,219.87
459,681606,5159,2024-04-24 22:59:52,Possible Account Takeover,Low,Open,219.95
460,585985,17153,2025-08-14 20:13:23,Suspicious Merchant,Low,Confirmed,880.03
461,918231,19495,2024-05-12 09:04:41,Unusual Transaction,High,Confirmed,539.3
462,806085,16602,2022-04-27 23:54:57,Velocity Anomaly,Low,False Positive,430.46
463,717037,5603,2022-02-26 12:35:36,Possible Account Takeover,High,False Positive,320.49
464,649113,13472,2024-07-22 23:55:52,Unusual Transaction,Medium,Confirmed,143.87
465,455035,15469,2024-01-27 21:38:48,High Value Transaction,Medium,Investigating,2999.92
466,166474,9717,2025-01-05 23:33:47,High Value Transaction,Low,Confirmed,222.82
467,646513,12597,2024-11-29 03:54:19,Unusual Transaction,High,Open,2113.51
468,337831,4710,2025-12-22 01:39:55,High Value Transaction,Low,Investigating,2193.57
469,30376,22561,2023-04-17 03:03:43,Suspicious Merchant,High,False Positive,772.28
470,64291,10822,2024-02-11 00:22:26,Suspicious Merchant,Medium,Investigating,353.43
471,405716,7084,2025-11-26 19:05:56,Unusual Transaction,High,Closed,2763.82
472,139428,11423,2023-05-16 10:37:55,Possible Account Takeover,Medium,Investigating,246.57
473,507443,4959,2023-10-02 15:32:17,Possible Account Takeover,Low,False Positive,1335.67
474,132694,4951,2025-12-22 18:04:47,Unusual Transaction,High,False Positive,2974.44
475,936792,22413,2022-03-21 23:27:26,Possible Account Takeover,Low,Confirmed,493.93
476,513269,11074,2023-12-14 07:32:17,Possible Account Takeover,Medium,Confirmed,747.43
477,742337,22506,2024-04-06 20:14:15,Suspicious Merchant,Low,False Positive,460.44
478,721136,21548,2022-06-25 07:48:35,Possible Account Takeover,High,Closed,406.14
479,751314,14112,2025-03-01 00:03:33,Geographic Anomaly,High,Confirmed,5044.43
480,166878,19698,2024-02-10 15:56:00,Velocity Anomaly,Medium,Open,937.09
481,23286,5604,2022-01-01 06:04:08,High Value Transaction,Medium,Confirmed,851.84
482,510045,2032,2024-10-03 01:49:35,Geographic Anomaly,High,Investigating,2035.03
483,253944,9176,2023-01-19 10:10:30,Possible Account Takeover,Low,Closed,188.18
484,903554,16538,2025-11-10 03:19:30,Suspicious Merchant,High,False Positive,553.09
485,166605,15038,2025-11-28 09:22:41,Unusual Transaction,Low,Open,644.96
486,158684,7619,2022-11-18 13:09:38,Possible Account Takeover,Critical,Confirmed,11996.59
487,395979,4708,2024-10-19 02:43:04,Suspicious Merchant,High,Open,1787.75
488,9955,7014,2025-04-01 12:28:31,Velocity Anomaly,High,False Positive,1136.83
489,855215,21293,2025-11-28 10:38:17,Possible Account Takeover,High,Closed,606.87
490,630092,21522,2023-01-12 09:03:56,Unusual Transaction,Medium,Investigating,385.0
491,761264,24869,2025-11-03 05:48:46,Suspicious Merchant,Medium,Confirmed,1236.99
492,108150,13257,2024-06-20 01:29:01,Suspicious Merchant,Low,Closed,591.88
493,349139,15538,2022-11-08 21:15:25,Suspicious Merchant,Medium,Investigating,199.71
494,987781,11781,2023-03-20 06:01:51,Velocity Anomaly,Medium,Confirmed,1298.05
495,804755,1231,2023-06-20 12:28:31,Possible Account Takeover,High,Confirmed,34.99
496,332469,8873,2022-05-10 12:02:58,Velocity Anomaly,Medium,Open,180.24
497,629265,13840,2023-07-04 13:11:16,High Value Transaction,Low,Open,1043.86
498,566364,14524,2023-06-15 09:22:23,High Value Transaction,Medium,Closed,11921.82
499,577930,24217,2024-05-31 09:58:08,Possible Account Takeover,High,False Positive,1258.39
500,1711,2393,2023-08-03 16:30:29,Velocity Anomaly,Low,Confirmed,91.47
501,499235,21866,2023-11-10 22:29:42,Unusual Transaction,Medium,Confirmed,412.72
502,43755,17050,2024-03-22 01:29:33,Suspicious Merchant,High,False Positive,2084.25
503,738691,12591,2022-11-23 11:48:02,Suspicious Merchant,Medium,Confirmed,2306.41
504,521181,13349,2025-04-08 05:21:38,Possible Account Takeover,Medium,Investigating,441.27
505,906539,23705,2023-10-16 10:20:58,High Value Transaction,Medium,Investigating,1952.17
506,988205,13284,2024-01-22 18:38:46,High Value Transaction,High,False Positive,104.54
507,671355,10259,2023-04-18 10:24:59,Suspicious Merchant,Medium,Investigating,2515.98
508,964598,6671,2022-12-13 13:15:11,Possible Account Takeover,High,Open,1643.87
509,917989,7458,2025-02-01 14:51:27,Velocity Anomaly,Low,Confirmed,818.16
510,370959,18204,2022-06-28 06:42:20,High Value Transaction,High,Open,2642.05
511,277801,20911,2024-03-15 00:52:33,Velocity Anomaly,Medium,Closed,240.09
512,775109,6998,2023-11-08 02:12:42,High Value Transaction,Medium,False Positive,6789.21
513,133718,6304,2023-06-08 21:22:12,High Value Transaction,Medium,Investigating,516.8
514,3727,7580,2025-04-15 05:27:49,Geographic Anomaly,Medium,Investigating,7408.19
515,107757,9815,2022-11-11 13:46:20,High Value Transaction,Low,False Positive,706.6
516,804835,19198,2022-08-13 23:08:44,Unusual Transaction,High,Confirmed,3636.06
517,329182,16526,2024-03-01 15:37:43,Possible Account Takeover,Medium,False Positive,5151.63
518,934075,18619,2023-11-10 09:01:52,Possible Account Takeover,High,False Positive,2076.4
519,510677,6244,2022-04-27 21:17:40,Velocity Anomaly,High,Confirmed,1205.08
520,949429,11442,2024-08-19 00:03:32,High Value Transaction,Medium,Closed,475.41
521,204140,1039,2025-09-14 07:43:38,Unusual Transaction,High,Confirmed,5208.81
522,185914,21737,2025-05-08 10:29:38,Velocity Anomaly,Medium,Confirmed,923.73
523,942742,4073,2024-05-19 12:22:45,Geographic Anomaly,Low,False Positive,4324.63
524,892519,19831,2023-02-03 05:16:29,Velocity Anomaly,Critical,False Positive,541.14
525,324915,24316,2022-02-10 05:25:22,Velocity Anomaly,High,False Positive,790.66
526,840746,23182,2024-06-12 05:55:06,High Value Transaction,Medium,False Positive,2217.35
527,583341,16038,2022-11-15 19:47:48,Geographic Anomaly,Medium,Confirmed,839.67
528,245762,9808,2024-04-03 16:02:40,Velocity Anomaly,Medium,Confirmed,733.69
529,863831,15031,2025-09-22 03:02:23,Unusual Transaction,Critical,Investigating,392.08
530,241722,2178,2022-01-08 15:38:30,Unusual Transaction,Low,False Positive,3970.79
531,590348,8068,2023-06-14 11:52:55,Possible Account Takeover,Medium,Investigating,2089.05
532,542039,12353,2024-08-27 09:39:30,Geographic Anomaly,Medium,Open,666.19
533,980220,6404,2023-10-09 23:44:54,Geographic Anomaly,Medium,Closed,4373.35
534,200079,8775,2022-04-01 02:41:13,Possible Account Takeover,Medium,Confirmed,231.88
535,67080,24327,2022-06-24 22:44:25,Velocity Anomaly,Low,Investigating,2985.62
536,630215,590,2025-11-05 17:33:56,Geographic Anomaly,Low,Confirmed,972.22
537,651873,6663,2025-02-05 02:55:52,Unusual Transaction,Medium,Confirmed,68.57
538,171563,4964,2023-09-25 01:12:17,Unusual Transaction,High,Confirmed,1480.28
539,606024,10296,2023-05-20 22:54:04,High Value Transaction,Low,Open,692.33
540,446194,7719,2022-01-22 14:17:20,Geographic Anomaly,High,Open,445.79
541,31481,3737,2023-10-01 04:23:26,Velocity Anomaly,High,Confirmed,273.24
542,14931,15796,2023-11-29 16:14:40,Possible Account Takeover,High,Confirmed,458.04
543,913466,24523,2022-05-07 10:48:43,Possible Account Takeover,High,Investigating,1372.46
544,940969,16058,2024-12-13 04:54:13,Velocity Anomaly,Medium,Confirmed,661.77
545,337638,16203,2024-04-18 18:17:31,Suspicious Merchant,Low,Confirmed,115.59
546,23674,16640,2024-05-12 14:47:40,High Value Transaction,Medium,Open,742.38
547,720398,14012,2022-10-22 06:35:08,Possible Account Takeover,Medium,Closed,564.2
548,60541,19842,2023-07-25 03:28:00,Geographic Anomaly,High,Closed,821.24
549,422426,24947,2024-12-11 06:55:44,High Value Transaction,Medium,Investigating,3352.81
550,178035,6640,2023-06-08 11:51:54,Geographic Anomaly,High,Investigating,1201.9
551,318065,8500,2023-01-09 07:13:26,Unusual Transaction,Low,False Positive,433.47
552,960457,12249,2023-01-15 13:49:51,High Value Transaction,High,False Positive,326.09
553,597280,2157,2024-05-15 18:15:10,Possible Account Takeover,Medium,Closed,512.82
554,240652,19475,2023-11-23 04:28:05,High Value Transaction,Medium,Confirmed,71.46
555,860509,19492,2025-06-17 01:08:52,High Value Transaction,Medium,False Positive,1092.67
556,10465,19101,2025-08-29 02:38:46,High Value Transaction,High,Closed,2890.48
557,880165,20585,2025-07-15 09:40:58,Suspicious Merchant,Medium,Confirmed,286.43
558,250557,6109,2025-02-21 17:18:29,High Value Transaction,High,Investigating,468.08
559,324044,18260,2025-01-19 14:08:02,Geographic Anomaly,High,Confirmed,100.56
560,399197,6459,2022-05-17 10:05:17,Unusual Transaction,High,Investigating,8363.95
561,196808,24579,2024-01-01 18:25:33,Velocity Anomaly,Low,Open,737.69
562,221877,17785,2024-04-25 23:03:13,High Value Transaction,High,False Positive,129.66
563,660824,23672,2024-10-27 10:06:18,Possible Account Takeover,High,Investigating,2368.86
564,452448,11966,2025-08-09 22:08:42,High Value Transaction,Low,Open,357.0
565,90152,4241,2025-07-09 18:24:13,Possible Account Takeover,Low,Closed,167.31
566,144139,6618,2022-04-17 09:07:14,Geographic Anomaly,Low,Confirmed,54.53
567,979593,18634,2023-04-12 16:02:57,Possible Account Takeover,Low,Investigating,113.57
568,870290,3044,2025-05-04 08:24:49,Velocity Anomaly,Medium,Confirmed,334.48
569,842883,9492,2022-08-22 17:06:44,Unusual Transaction,Critical,Investigating,339.74
570,114136,16197,2024-02-24 16:07:23,Possible Account Takeover,Medium,Investigating,329.08
571,52414,23801,2024-12-22 11:54:04,Possible Account Takeover,Medium,False Positive,235.35
572,904744,6015,2024-05-28 22:35:04,Unusual Transaction,Critical,Investigating,396.45
573,407528,14357,2025-08-11 19:15:13,Velocity Anomaly,Medium,False Positive,914.14
574,782232,4808,2024-07-11 13:52:06,High Value Transaction,High,Open,906.7
575,622143,8958,2024-11-25 01:15:48,Possible Account Takeover,Medium,Closed,1575.04
576,12974,24726,2023-11-01 03:58:09,Unusual Transaction,Medium,False Positive,614.96
577,877531,4317,2025-04-26 12:12:07,Geographic Anomaly,Medium,Closed,5349.87
578,272356,8818,2022-08-11 10:32:49,Unusual Transaction,Medium,Confirmed,98.65
579,113373,10975,2024-09-24 13:50:39,Geographic Anomaly,Low,False Positive,1108.59
580,122582,19691,2025-01-16 00:13:00,Velocity Anomaly,High,Closed,1927.11
581,812445,19565,2024-08-11 12:33:54,High Value Transaction,Medium,False Positive,1555.16
582,860003,6091,2025-06-06 08:18:19,Unusual Transaction,High,Open,3100.49
583,943203,23799,2025-02-04 07:31:15,Suspicious Merchant,Medium,Open,1132.28
584,167490,20221,2023-05-29 06:23:47,Possible Account Takeover,Low,Investigating,831.6
585,961315,23009,2024-10-19 18:40:27,Velocity Anomaly,High,Investigating,141.1
586,647360,20518,2022-06-17 06:48:24,Unusual Transaction,Low,False Positive,131.87
587,931205,6108,2025-05-28 02:18:49,Possible Account Takeover,High,False Positive,1278.68
588,23683,12696,2022-12-23 08:06:23,Unusual Transaction,Critical,False Positive,1260.96
589,848534,24646,2025-03-05 01:09:26,Geographic Anomaly,High,Confirmed,392.32
590,751502,23232,2024-09-03 14:19:05,Unusual Transaction,Low,Investigating,1137.95
591,481860,4219,2025-11-12 11:02:21,Suspicious Merchant,Medium,Investigating,502.59
592,23952,20312,2025-01-06 08:02:01,Unusual Transaction,High,Confirmed,4232.26
593,378209,4671,2022-04-15 17:14:40,Unusual Transaction,High,False Positive,1421.59
594,868698,5510,2022-10-08 21:06:15,Suspicious Merchant,Low,Confirmed,362.08
595,546942,6724,2025-09-21 15:48:12,Velocity Anomaly,Medium,False Positive,1175.08
596,901729,5275,2025-05-13 10:44:46,Unusual Transaction,Medium,Confirmed,1955.44
597,321779,21672,2023-09-15 19:56:59,Suspicious Merchant,Low,Closed,2510.16
598,971149,9753,2022-10-21 20:17:42,Possible Account Takeover,Medium,Investigating,60.2
599,61677,13301,2025-03-02 03:18:49,Geographic Anomaly,Medium,Confirmed,234.1
600,169483,14196,2024-09-07 13:02:02,Geographic Anomaly,High,Open,966.58
601,674943,8437,2025-06-07 23:56:38,Unusual Transaction,High,Confirmed,331.75
602,416509,22387,2024-11-13 12:26:31,Velocity Anomaly,Medium,False Positive,1442.21
603,712239,7662,2022-03-30 20:35:28,Velocity Anomaly,Medium,False Positive,573.79
604,92084,23631,2023-02-10 21:41:54,Possible Account Takeover,Medium,Investigating,97.1
605,113068,4071,2023-10-22 19:25:57,Unusual Transaction,Critical,Investigating,4918.88
606,960561,20676,2024-12-24 13:55:06,Geographic Anomaly,Critical,False Positive,1397.5
607,168064,83,2023-05-16 12:15:30,Velocity Anomaly,High,Confirmed,2952.52
608,18093,8653,2025-03-18 07:36:34,Unusual Transaction,High,Confirmed,385.83
609,868206,1586,2025-05-10 19:25:06,Velocity Anomaly,Medium,False Positive,342.95
610,980295,15501,2025-09-13 06:59:03,Suspicious Merchant,High,Confirmed,319.02
611,865261,4810,2023-01-14 09:40:11,Velocity Anomaly,Medium,False Positive,372.36
612,396639,12097,2025-06-26 23:05:25,Geographic Anomaly,Medium,False Positive,1350.79
613,293541,19970,2024-11-24 09:39:39,High Value Transaction,High,False Positive,464.06
614,96512,17322,2025-10-04 11:42:56,Possible Account Takeover,Low,False Positive,1920.19
615,131553,16539,2024-10-15 03:54:30,Possible Account Takeover,Low,Open,709.0
616,678827,19712,2025-06-03 11:12:36,Geographic Anomaly,Medium,Confirmed,4539.61
617,313600,2900,2024-08-06 15:28:21,Velocity Anomaly,Medium,Closed,52.57
618,853785,18855,2023-08-15 05:40:03,Unusual Transaction,High,Investigating,2284.73
619,155553,10394,2023-10-02 16:21:23,Velocity Anomaly,Low,False Positive,1224.09
620,672359,16607,2024-12-23 12:20:43,Geographic Anomaly,Low,False Positive,2456.71
621,661483,771,2023-11-30 11:43:16,Possible Account Takeover,Low,False Positive,233.42
622,173512,18870,2024-07-15 17:21:49,Velocity Anomaly,Low,Confirmed,430.28
623,993153,2395,2022-09-08 08:14:55,Possible Account Takeover,Low,Open,184.06
624,817323,11501,2025-05-17 14:02:57,Unusual Transaction,High,Confirmed,1677.71
625,74397,22094,2023-07-13 23:54:06,Possible Account Takeover,Medium,Investigating,1589.08
626,33381,24057,2025-09-11 15:45:05,Possible Account Takeover,High,Closed,580.98
627,131915,9172,2024-08-01 15:30:12,High Value Transaction,Critical,False Positive,616.42
628,921166,12765,2023-05-09 15:41:25,High Value Transaction,High,False Positive,3541.54
629,191116,2190,2025-05-01 05:36:29,Suspicious Merchant,Low,Confirmed,4449.23
630,169123,11671,2024-11-07 18:49:10,High Value Transaction,Low,Investigating,9459.06
631,58471,5935,2025-01-14 15:20:49,Possible Account Takeover,High,Confirmed,7272.25
632,164672,12342,2022-02-25 21:57:43,Geographic Anomaly,Medium,Confirmed,434.41
633,407892,23426,2025-04-10 23:01:47,Possible Account Takeover,High,Confirmed,259.79
634,224871,16756,2024-10-05 17:50:58,Geographic Anomaly,High,Confirmed,3948.3
635,715677,3916,2024-03-15 23:52:41,Geographic Anomaly,High,Confirmed,2452.1
636,179130,16411,2025-07-27 17:25:18,High Value Transaction,High,Confirmed,1941.47
637,390434,20312,2024-04-20 14:47:38,Velocity Anomaly,Medium,Closed,2951.07
638,4417,3973,2024-01-02 02:03:13,Unusual Transaction,Medium,Confirmed,1588.83
639,250210,24640,2025-10-08 22:32:21,High Value Transaction,Critical,False Positive,4891.26
640,332271,13532,2025-07-25 07:27:05,High Value Transaction,Medium,Investigating,4686.36
641,476291,22970,2023-08-18 02:11:42,Velocity Anomaly,Low,Confirmed,2791.87
642,863785,15110,2022-11-12 15:42:45,Unusual Transaction,Medium,Investigating,1311.5
643,982816,9889,2023-04-26 04:34:41,Possible Account Takeover,Medium,False Positive,531.37
644,590888,23377,2024-03-08 05:06:17,Suspicious Merchant,High,Confirmed,155.78
645,532311,22808,2022-07-24 17:18:20,Suspicious Merchant,High,Open,915.25
646,160878,2684,2025-09-25 12:30:17,Possible Account Takeover,Medium,False Positive,2218.09
647,203287,571,2022-12-22 06:26:30,High Value Transaction,Critical,Investigating,276.99
648,489241,7868,2023-07-07 20:45:45,Unusual Transaction,High,Confirmed,4326.98
649,186090,1938,2024-05-24 13:11:55,High Value Transaction,Medium,Confirmed,429.58
650,807089,20116,2023-12-13 15:03:25,Geographic Anomaly,Medium,Confirmed,4423.5
651,977289,682,2022-08-27 13:51:40,High Value Transaction,Medium,False Positive,367.97
652,16248,24632,2022-10-27 08:15:14,High Value Transaction,High,False Positive,444.67
653,947798,16979,2024-08-04 11:05:42,Possible Account Takeover,Low,Confirmed,383.87
654,799218,18221,2023-02-12 19:07:26,Possible Account Takeover,Medium,Open,55.68
655,12285,14556,2023-06-16 06:32:53,Possible Account Takeover,High,False Positive,100268.49
656,148418,16287,2025-02-10 08:50:52,Suspicious Merchant,Medium,Confirmed,4731.53
657,547780,20049,2025-10-17 23:44:59,Geographic Anomaly,Medium,Closed,2150.49
658,740547,10971,2025-08-01 00:08:24,Possible Account Takeover,Low,Confirmed,1354.46
659,977553,18182,2023-03-15 01:44:36,Unusual Transaction,Medium,False Positive,2953.95
660,507951,267,2025-01-16 03:21:49,Suspicious Merchant,High,Closed,1955.8
661,689412,8979,2022-08-13 15:28:27,Velocity Anomaly,Medium,False Positive,549.99
662,311168,225,2025-03-26 11:05:45,Unusual Transaction,Low,Confirmed,276.64
663,615316,17995,2022-10-08 02:33:44,Unusual Transaction,High,False Positive,125.63
664,625493,1972,2022-06-10 08:54:46,Possible Account Takeover,Critical,False Positive,2390.6
665,913276,22174,2023-07-21 19:15:23,Velocity Anomaly,Medium,False Positive,736.25
666,575895,10240,2023-05-19 23:38:53,Velocity Anomaly,Low,Investigating,2370.06
667,194277,14792,2024-05-29 05:57:25,Suspicious Merchant,Medium,False Positive,2054.02
668,173033,4291,2023-09-14 01:44:00,Velocity Anomaly,High,Investigating,121.79
669,398058,3860,2024-03-17 05:56:32,Geographic Anomaly,Low,Open,282.96
670,804525,24265,2024-11-09 12:05:08,Possible Account Takeover,Medium,False Positive,762.06
671,512406,17763,2023-11-28 16:51:57,Velocity Anomaly,Medium,Investigating,260.47
672,765525,12954,2023-04-10 07:52:44,Suspicious Merchant,Low,False Positive,3855.97
673,334866,10807,2025-09-07 23:41:31,Geographic Anomaly,High,Closed,414.78
674,381824,11685,2022-10-15 05:59:20,High Value Transaction,High,Closed,131.09
675,311454,2649,2025-04-04 06:42:21,High Value Transaction,High,False Positive,1810.2
676,340737,7339,2025-07-30 10:42:50,Geographic Anomaly,Low,Confirmed,2580.69
677,259313,21534,2023-03-13 03:03:57,Suspicious Merchant,Low,Confirmed,13421.86
678,386319,5375,2024-03-23 15:54:33,Geographic Anomaly,Medium,Confirmed,4198.33
679,21426,14160,2025-05-27 08:46:58,Possible Account Takeover,Medium,Investigating,409.6
680,328674,19191,2025-01-06 00:09:53,Possible Account Takeover,Low,Confirmed,40332.45
681,931748,15490,2025-10-05 01:12:59,High Value Transaction,Low,False Positive,247.11
682,964907,15173,2023-08-21 00:39:23,Velocity Anomaly,Low,Investigating,542.08
683,631382,12059,2023-04-03 18:48:54,Suspicious Merchant,Critical,Confirmed,1337.69
684,460438,10421,2023-12-16 23:52:43,High Value Transaction,High,False Positive,233.43
685,181147,12007,2022-11-04 08:30:55,Velocity Anomaly,High,Investigating,615.37
686,73341,2597,2025-05-05 04:05:06,Velocity Anomaly,Low,Investigating,740.61
687,379912,19192,2023-12-19 03:35:59,Possible Account Takeover,Critical,Open,3080.63
688,311893,10545,2023-02-26 02:26:52,Unusual Transaction,Low,False Positive,1035.83
689,300349,8282,2024-03-03 02:45:50,Unusual Transaction,Medium,False Positive,186.49
690,695225,7237,2023-04-30 14:58:46,Geographic Anomaly,High,False Positive,96.59
691,999030,535,2024-09-09 19:33:21,Possible Account Takeover,Medium,Investigating,182.96
692,202052,108,2022-05-13 04:29:34,Velocity Anomaly,Medium,False Positive,518.45
693,686066,11165,2025-03-26 08:19:40,Suspicious Merchant,Low,False Positive,2159.93
694,757599,3085,2024-02-05 03:29:55,Unusual Transaction,Low,Confirmed,227.37
695,802211,21290,2022-03-14 03:42:47,Velocity Anomaly,Medium,Confirmed,139.19
696,852975,5422,2022-11-24 12:41:28,Unusual Transaction,High,False Positive,1113.12
697,416778,13532,2025-10-14 12:15:08,Unusual Transaction,High,Confirmed,323.41
698,821317,22040,2025-09-28 10:25:08,Unusual Transaction,Medium,False Positive,905.5
699,144346,24400,2025-11-15 08:03:34,Suspicious Merchant,Medium,Investigating,728.37
700,875800,24430,2023-03-12 13:10:26,Possible Account Takeover,Low,False Positive,460.59
701,509246,20184,2024-01-11 23:30:03,Suspicious Merchant,Low,Confirmed,1805.39
702,602960,14303,2023-05-31 22:36:48,High Value Transaction,Critical,Confirmed,1840.73
703,126000,15985,2025-02-04 19:07:31,Velocity Anomaly,Low,Confirmed,998.35
704,251186,20238,2025-03-20 07:44:37,Possible Account Takeover,High,Closed,57.89
705,974747,20433,2024-12-28 08:16:44,Possible Account Takeover,Low,False Positive,547.12
706,312460,8859,2024-09-01 07:21:03,Possible Account Takeover,High,False Positive,784.87
707,323915,23106,2023-10-16 09:21:25,Possible Account Takeover,High,False Positive,10775.91
708,765187,14015,2025-10-09 12:25:10,Suspicious Merchant,Low,Open,200.39
709,327738,12653,2025-06-19 09:06:55,Possible Account Takeover,Medium,False Positive,290.39
710,602682,23887,2025-05-29 06:14:37,Geographic Anomaly,High,Confirmed,701.73
711,784383,9753,2025-10-19 04:12:55,Velocity Anomaly,Medium,Confirmed,324.08
712,16081,24886,2023-11-03 05:46:19,Possible Account Takeover,Low,Investigating,800.04
713,730354,5046,2025-01-16 07:09:19,Velocity Anomaly,High,Open,276.74
714,949855,853,2024-01-12 06:23:03,Geographic Anomaly,Low,Open,374.41
715,73226,18320,2024-06-11 21:04:43,Geographic Anomaly,High,Investigating,1362.43
716,244782,12857,2023-07-27 03:41:41,Velocity Anomaly,Medium,Open,966.61
717,945334,311,2022-01-21 22:23:24,Unusual Transaction,Low,False Positive,155.32
718,833380,6638,2024-12-27 14:08:22,High Value Transaction,High,Investigating,22717.42
719,920541,21983,2025-03-04 23:40:30,Unusual Transaction,Medium,Confirmed,699.28
720,227345,6170,2022-06-21 15:11:04,Unusual Transaction,Medium,False Positive,1013.87
721,732667,12161,2024-07-27 16:19:48,Suspicious Merchant,Medium,Investigating,649.84
722,101955,17645,2025-04-20 23:38:27,Unusual Transaction,Medium,False Positive,2731.64
723,43142,17232,2024-06-18 03:54:37,Possible Account Takeover,Medium,False Positive,11054.99
724,201004,19863,2022-08-10 07:11:22,Suspicious Merchant,Low,Confirmed,1240.2
725,403987,9875,2025-07-16 20:53:33,Suspicious Merchant,Medium,Investigating,312.12
726,663942,1319,2022-08-14 15:57:41,Geographic Anomaly,Medium,Open,2211.5
727,990415,22363,2023-07-07 06:40:51,Unusual Transaction,High,Confirmed,544.49
728,734472,7084,2022-03-02 03:55:52,Geographic Anomaly,High,Investigating,599.41
729,49199,14784,2025-06-05 10:23:08,Velocity Anomaly,Medium,Confirmed,153.9
730,456378,12272,2023-12-03 06:13:47,High Value Transaction,High,Open,956.88
731,487132,7743,2022-12-27 15:51:33,Suspicious Merchant,High,False Positive,3086.69
732,687421,20375,2022-11-16 10:15:57,Velocity Anomaly,Medium,Investigating,308.87
733,784893,8788,2022-12-11 20:31:25,Velocity Anomaly,Medium,False Positive,2269.61
734,213328,21235,2023-02-07 06:32:12,Possible Account Takeover,Medium,Investigating,2095.49
735,723029,7821,2022-05-12 22:47:42,High Value Transaction,High,False Positive,192.29
736,563590,4281,2024-07-03 14:01:20,Velocity Anomaly,Low,Investigating,3992.15
737,984260,7539,2022-04-11 10:50:19,Velocity Anomaly,Medium,False Positive,9881.92
738,887155,1938,2023-04-19 18:02:33,High Value Transaction,High,Confirmed,365.61
739,623329,8998,2024-06-12 11:23:54,High Value Transaction,Low,False Positive,651.35
740,485312,13885,2022-08-02 05:24:18,Velocity Anomaly,Low,Open,526.21
741,880550,11962,2024-08-14 17:13:20,High Value Transaction,Medium,Confirmed,125.41
742,236212,23144,2023-06-19 08:37:53,Velocity Anomaly,Medium,Investigating,1578.48
743,559363,14789,2023-07-21 16:51:25,Velocity Anomaly,High,Confirmed,5333.09
744,724745,20253,2023-01-29 12:29:24,Possible Account Takeover,High,Investigating,207.94
745,141117,12024,2024-09-18 17:54:12,Unusual Transaction,Low,Confirmed,480.93
746,501231,23747,2022-12-13 01:26:52,Velocity Anomaly,Low,Investigating,2055.75
747,942088,20723,2022-05-04 21:02:28,Geographic Anomaly,High,Investigating,355.27
748,479254,8592,2025-07-30 07:58:18,Suspicious Merchant,Medium,False Positive,2237.74
749,631639,20870,2022-11-18 09:11:01,Unusual Transaction,Medium,Closed,1766.83
750,273193,1600,2024-09-28 13:49:17,Unusual Transaction,Low,Confirmed,1819.03
751,593968,19559,2022-11-27 20:33:51,Unusual Transaction,Medium,False Positive,949.75
752,949906,19158,2025-06-28 11:40:33,Possible Account Takeover,Medium,False Positive,161.55
753,686751,1116,2022-08-07 05:51:00,Velocity Anomaly,Medium,Confirmed,93.78
754,389129,612,2024-01-11 07:07:15,Possible Account Takeover,Medium,Open,384.67
755,567203,18685,2022-04-19 23:04:22,Velocity Anomaly,Medium,Investigating,966.55
756,599607,1150,2022-01-07 04:12:47,Possible Account Takeover,Medium,Closed,4964.81
757,897248,3616,2022-06-11 06:55:19,Possible Account Takeover,Low,Confirmed,169.17
758,275735,21429,2022-11-12 23:46:42,Suspicious Merchant,Low,False Positive,1477.2
759,107321,14069,2024-04-06 17:13:55,Geographic Anomaly,Medium,False Positive,2155.42
760,47423,24980,2022-04-07 08:54:18,Possible Account Takeover,Medium,Confirmed,2383.32
761,83048,19919,2025-08-22 19:57:29,Suspicious Merchant,Medium,Confirmed,920.65
762,249923,6607,2022-10-15 17:25:53,High Value Transaction,Medium,False Positive,52.44
763,762884,17558,2023-05-13 21:14:26,Geographic Anomaly,High,Investigating,558.08
764,456903,11927,2024-03-05 00:23:00,Possible Account Takeover,High,Confirmed,182.42
765,257529,5315,2024-08-22 08:40:31,Unusual Transaction,Medium,Confirmed,2459.59
766,100489,6174,2022-05-12 20:20:56,High Value Transaction,Low,Closed,1140.7
767,184041,17430,2025-03-11 11:06:56,High Value Transaction,Low,Confirmed,213.32
768,41378,14262,2025-04-11 04:09:51,Suspicious Merchant,Medium,False Positive,421.22
769,310043,24557,2023-10-29 03:14:47,High Value Transaction,Medium,Investigating,2134.16
770,890815,15907,2025-04-19 10:19:44,Geographic Anomaly,Low,Open,368.15
771,283768,16095,2025-09-20 19:43:25,Possible Account Takeover,High,Closed,188.61
772,941994,15212,2022-01-09 18:42:51,Possible Account Takeover,Low,False Positive,10765.48
773,777195,21448,2024-04-22 12:30:40,Unusual Transaction,Medium,Confirmed,1777.95
774,508511,20465,2024-11-27 03:03:27,Suspicious Merchant,Medium,False Positive,540.05
775,233568,20306,2025-11-30 03:40:21,Unusual Transaction,High,Investigating,998.54
776,319645,2416,2023-05-12 13:54:34,High Value Transaction,Low,False Positive,2007.14
777,82894,7495,2025-12-19 11:03:12,Unusual Transaction,High,Open,1705.24
778,999593,10080,2022-04-18 17:34:59,Geographic Anomaly,High,False Positive,1132.68
779,693141,21693,2024-03-26 18:52:30,Possible Account Takeover,Low,False Positive,669.12
780,526748,3693,2023-10-12 23:04:43,High Value Transaction,Low,Confirmed,6140.87
781,748708,24836,2022-02-05 13:07:13,Unusual Transaction,Medium,Closed,195.24
782,580446,12702,2024-11-14 16:40:17,Suspicious Merchant,High,Closed,167.82
783,285417,9575,2023-12-03 06:45:12,Geographic Anomaly,High,Confirmed,313.46
784,955530,20541,2023-09-27 06:46:57,Geographic Anomaly,Medium,False Positive,2242.67
785,202064,22994,2023-10-21 22:28:04,Unusual Transaction,High,False Positive,372.3
786,920590,6711,2023-05-08 16:34:02,Possible Account Takeover,Low,False Positive,3105.11
787,861311,5665,2023-03-05 04:52:35,Unusual Transaction,Low,Closed,1141.65
788,51620,963,2023-03-13 08:08:05,High Value Transaction,High,Confirmed,2947.88
789,716635,22931,2024-03-09 02:38:37,Unusual Transaction,High,False Positive,1650.55
790,793762,13156,2022-08-25 08:19:04,Geographic Anomaly,Medium,False Positive,100.47
791,56319,19019,2024-02-11 03:38:12,Unusual Transaction,High,Confirmed,946.14
792,4899,10682,2023-11-07 17:41:13,Possible Account Takeover,Critical,Confirmed,3453.74
793,75777,12256,2024-11-03 15:35:07,Suspicious Merchant,High,Confirmed,3666.0
794,658138,9305,2024-03-28 08:25:22,Velocity Anomaly,High,False Positive,663.2
795,387912,1112,2023-03-04 11:12:39,Unusual Transaction,High,False Positive,1465.23
796,30982,16796,2023-12-09 10:57:17,Possible Account Takeover,Low,Confirmed,5050.41
797,982472,5165,2023-07-04 10:56:44,Possible Account Takeover,High,Confirmed,4634.26
798,411756,18096,2023-09-14 21:23:53,Suspicious Merchant,Low,Open,89.88
799,602384,13917,2024-12-07 17:18:52,Geographic Anomaly,High,Open,5464.97
800,653726,22214,2023-05-04 19:04:07,Possible Account Takeover,Medium,False Positive,574.31
801,182323,11259,2023-04-06 02:25:31,Possible Account Takeover,High,Confirmed,314.36
802,997168,20032,2025-12-01 17:29:07,Possible Account Takeover,Medium,False Positive,367.55
803,632304,9876,2022-12-09 15:51:16,Possible Account Takeover,Low,False Positive,425.97
804,796041,17398,2025-10-21 04:47:23,High Value Transaction,Medium,Closed,1183.71
805,663732,19037,2022-08-09 23:04:35,High Value Transaction,Critical,Investigating,4543.41
806,358247,21736,2025-12-16 09:29:48,Geographic Anomaly,Critical,Closed,1130.73
807,439056,13948,2024-08-25 12:24:42,Unusual Transaction,Medium,Confirmed,8713.35
808,91890,3495,2025-06-08 01:32:01,Possible Account Takeover,Critical,False Positive,1668.43
809,128052,11305,2022-11-19 04:08:23,Suspicious Merchant,High,False Positive,327.71
810,422041,20943,2024-11-27 08:11:21,Unusual Transaction,Medium,Confirmed,435.86
811,617718,15124,2022-02-17 22:38:05,Suspicious Merchant,Low,Investigating,1254.55
812,882363,19209,2022-11-10 22:03:47,Unusual Transaction,High,Investigating,964.33
813,395037,14410,2025-08-08 08:51:04,Geographic Anomaly,Medium,False Positive,281.54
814,426624,13457,2025-09-03 20:14:25,Possible Account Takeover,High,Confirmed,696.52
815,461163,2447,2023-10-15 18:46:38,Possible Account Takeover,High,Closed,106.3
816,912352,18441,2025-01-26 11:16:52,Velocity Anomaly,High,Confirmed,5973.63
817,904783,13459,2022-07-06 04:04:51,Suspicious Merchant,High,Closed,10407.92
818,228565,4914,2022-04-10 19:27:08,Unusual Transaction,Medium,Investigating,658.37
819,56418,19590,2022-07-04 18:39:52,Unusual Transaction,Medium,Investigating,198.76
820,82034,5112,2023-12-31 11:15:49,High Value Transaction,Medium,Confirmed,2194.16
821,104236,15045,2023-08-05 23:55:30,Velocity Anomaly,Low,Closed,2300.53
822,125787,7132,2023-02-24 11:08:48,High Value Transaction,Medium,False Positive,1095.5
823,587548,923,2024-01-07 05:34:01,High Value Transaction,High,Investigating,128.53
824,294290,1725,2025-09-29 06:30:18,High Value Transaction,High,Investigating,1078.38
825,597965,13419,2024-02-14 06:12:39,Suspicious Merchant,Low,Confirmed,1496.41
826,500047,12131,2024-08-11 23:16:29,Suspicious Merchant,Medium,False Positive,1317.31
827,431464,10269,2024-01-15 23:32:48,Geographic Anomaly,Low,Confirmed,472.1
828,32827,18133,2022-06-07 07:14:06,Geographic Anomaly,Low,False Positive,522.02
829,832557,4559,2022-01-25 20:08:29,High Value Transaction,Low,False Positive,392.42
830,399338,22757,2023-11-24 06:47:05,Velocity Anomaly,High,Closed,3896.51
831,870471,23947,2024-10-27 15:16:10,Unusual Transaction,Low,False Positive,411.06
832,301048,6993,2025-09-16 04:24:19,Suspicious Merchant,High,Confirmed,2392.79
833,185382,10320,2022-09-25 22:41:10,Velocity Anomaly,Low,Closed,26.97
834,413555,21369,2025-03-31 23:31:17,Possible Account Takeover,High,Confirmed,604.83
835,330236,7906,2025-02-28 19:52:21,Suspicious Merchant,High,Confirmed,274.87
836,738782,12897,2024-11-26 20:22:14,Suspicious Merchant,Critical,False Positive,4333.01
837,19610,15362,2022-05-05 16:39:13,Geographic Anomaly,High,Open,857.81
838,671362,10464,2024-03-20 15:21:00,Unusual Transaction,High,Confirmed,124.79
839,280532,10339,2023-06-30 11:19:35,Unusual Transaction,High,Open,1833.1
840,848988,3180,2025-06-26 20:20:55,Possible Account Takeover,High,Investigating,14732.26
841,192367,15468,2022-09-30 16:13:07,Possible Account Takeover,Low,Open,2221.4
842,568761,21335,2025-10-16 06:30:34,Suspicious Merchant,Medium,Open,4975.12
843,801373,18042,2024-11-05 12:03:08,High Value Transaction,Low,Confirmed,1785.51
844,461962,5634,2022-04-07 01:36:53,Geographic Anomaly,Medium,False Positive,958.77
845,173516,5726,2025-04-26 16:58:58,Geographic Anomaly,Medium,False Positive,993.68
846,482672,11723,2022-01-24 08:44:52,Suspicious Merchant,High,False Positive,1881.9
847,284000,19025,2025-02-20 04:30:56,Velocity Anomaly,Critical,False Positive,1860.08
848,640055,11886,2022-12-06 07:52:38,High Value Transaction,Medium,False Positive,3332.38
849,719551,7437,2022-12-15 17:22:16,Suspicious Merchant,Medium,Closed,3405.08
850,587409,23353,2025-08-17 05:32:23,High Value Transaction,Critical,False Positive,603.29
851,620176,10256,2022-11-24 22:09:50,High Value Transaction,Medium,False Positive,778.36
852,333677,18407,2023-04-17 17:55:16,High Value Transaction,High,Investigating,326.0
853,816030,14472,2025-12-05 19:07:23,Suspicious Merchant,Low,False Positive,1213.36
854,797882,9816,2023-12-11 23:35:04,Geographic Anomaly,High,False Positive,638.02
855,597553,17275,2022-03-14 10:00:53,Geographic Anomaly,Medium,False Positive,4135.75
856,390351,22471,2025-10-25 11:46:34,High Value Transaction,High,Confirmed,704.43
857,505381,11849,2022-04-22 00:46:58,Velocity Anomaly,Medium,Open,1262.03
858,437249,22601,2024-11-21 03:43:25,Unusual Transaction,Low,Investigating,419.79
859,756451,7955,2024-08-17 00:04:31,Suspicious Merchant,Low,Closed,1206.62
860,469958,19820,2022-05-28 14:07:46,Unusual Transaction,Medium,False Positive,839.17
861,31742,12803,2025-09-21 06:03:18,Velocity Anomaly,Critical,Confirmed,177.68
862,655983,7044,2023-02-12 12:32:41,Suspicious Merchant,High,Confirmed,335.26
863,60913,14581,2024-02-27 16:38:04,High Value Transaction,Medium,False Positive,278.37
864,644498,14536,2025-09-16 10:48:32,Geographic Anomaly,Medium,Confirmed,707.64
865,117691,4356,2024-02-14 09:39:24,Unusual Transaction,Medium,Confirmed,971.92
866,1239,6489,2023-12-19 20:31:00,Possible Account Takeover,High,Open,902.07
867,697339,18698,2022-03-28 16:33:42,Possible Account Takeover,High,Investigating,1660.18
868,755121,21731,2024-09-21 12:16:05,Velocity Anomaly,Medium,Confirmed,290.21
869,977501,16979,2025-04-25 19:02:51,High Value Transaction,High,False Positive,710.73
870,970137,17917,2022-08-27 21:24:03,Unusual Transaction,High,Open,596.55
871,212251,19376,2025-04-11 22:45:24,High Value Transaction,Critical,Confirmed,816.22
872,137307,15658,2023-01-26 21:14:12,Unusual Transaction,High,False Positive,2292.73
873,887312,131,2022-07-07 11:55:26,Velocity Anomaly,High,False Positive,705.54
874,659640,23780,2024-11-15 12:05:01,Velocity Anomaly,High,Investigating,918.64
875,751169,3131,2023-11-21 14:03:49,Possible Account Takeover,Medium,False Positive,83.03
876,561975,15807,2022-01-30 08:56:18,High Value Transaction,High,Closed,712.42
877,696232,12111,2022-12-30 11:41:53,Suspicious Merchant,Medium,Closed,1674.64
878,991352,1212,2025-03-31 03:04:57,Possible Account Takeover,Medium,False Positive,1977.9
879,523263,4542,2023-08-18 21:36:59,High Value Transaction,Medium,False Positive,2195.94
880,110339,23943,2025-05-17 22:35:43,Possible Account Takeover,High,Investigating,510.39
881,392358,17593,2024-06-09 13:15:45,Suspicious Merchant,Low,False Positive,1492.71
882,698919,12644,2022-06-30 22:22:28,Geographic Anomaly,Medium,False Positive,181.95
883,929486,3044,2025-12-14 06:15:02,Geographic Anomaly,Medium,Confirmed,54.98
884,33201,634,2025-08-25 13:42:45,Geographic Anomaly,Low,Confirmed,38897.33
885,641022,5905,2023-10-05 20:14:51,Geographic Anomaly,Low,False Positive,1182.83
886,815747,542,2025-08-11 00:40:59,Unusual Transaction,High,Closed,308.72
887,118843,6809,2023-02-06 23:52:10,Geographic Anomaly,High,Confirmed,60.63
888,340025,20992,2025-12-08 13:25:22,Suspicious Merchant,Medium,Investigating,547.96
889,914889,24537,2025-09-22 08:33:26,Velocity Anomaly,High,False Positive,12422.66
890,773173,1974,2022-12-11 08:16:33,Velocity Anomaly,High,Investigating,222.87
891,201232,7125,2022-11-17 12:45:34,Unusual Transaction,Medium,False Positive,1170.11
892,855308,3596,2023-03-12 04:35:49,Geographic Anomaly,High,Open,1388.87
893,953332,7895,2024-01-06 13:05:27,Geographic Anomaly,Critical,Confirmed,3402.12
894,834662,15054,2025-10-27 01:37:26,Geographic Anomaly,Medium,False Positive,2138.78
895,552548,2690,2025-12-26 02:44:28,Possible Account Takeover,Low,Open,1753.36
896,302267,603,2023-10-31 16:09:20,High Value Transaction,High,Investigating,1060.68
897,454553,20597,2025-01-01 06:43:50,Possible Account Takeover,Medium,Confirmed,2479.05
898,441910,23488,2023-10-20 15:45:33,High Value Transaction,Low,Confirmed,388.34
899,354859,12024,2025-09-17 02:21:15,Geographic Anomaly,Medium,False Positive,253.38
900,516706,15325,2025-05-30 11:17:36,Geographic Anomaly,Medium,False Positive,268.15
901,556875,14114,2024-05-02 05:18:38,Possible Account Takeover,High,Confirmed,262.95
902,688932,15010,2024-04-20 15:03:29,Possible Account Takeover,Medium,Confirmed,4140.46
903,318942,19894,2022-08-05 08:34:48,High Value Transaction,Medium,Open,349.96
904,457102,16724,2023-03-30 20:21:24,Velocity Anomaly,High,False Positive,520.07
905,129819,10671,2024-11-22 15:59:37,High Value Transaction,Medium,Open,2126.16
906,451080,2821,2024-12-29 01:36:28,Possible Account Takeover,Low,False Positive,2036.94
907,159356,18006,2025-02-20 15:05:41,Suspicious Merchant,Medium,False Positive,423.03
908,920176,1005,2023-02-02 05:00:05,Possible Account Takeover,High,False Positive,803.93
909,654625,3074,2024-08-06 12:06:07,Suspicious Merchant,Low,False Positive,703.53
910,671926,6248,2022-12-11 09:29:55,Unusual Transaction,Medium,Closed,696.57
911,177138,18212,2025-06-03 04:55:25,Possible Account Takeover,Medium,Closed,664.4
912,610459,5267,2024-08-31 04:14:04,Unusual Transaction,Medium,False Positive,18.6
913,894679,21196,2025-01-21 10:53:18,Velocity Anomaly,Medium,Investigating,31.19
914,929225,16629,2024-04-26 21:36:04,High Value Transaction,Medium,Closed,647.67
915,17647,14837,2023-12-01 21:00:16,Suspicious Merchant,High,Open,2032.49
916,96998,14803,2025-03-09 22:04:30,High Value Transaction,Medium,False Positive,1072.3
917,597586,6518,2025-11-17 23:36:05,Unusual Transaction,High,False Positive,681.63
918,367837,11620,2025-11-22 09:02:16,Suspicious Merchant,Low,Closed,1249.93
919,896828,22824,2022-06-24 10:27:50,High Value Transaction,Critical,Closed,438.17
920,2363,24171,2023-12-10 09:46:52,Possible Account Takeover,Medium,Open,167.92
921,235880,21359,2023-11-09 19:17:27,Geographic Anomaly,High,False Positive,3851.6
922,917,7507,2023-03-23 03:12:08,Unusual Transaction,Medium,Investigating,3830.95
923,887065,6225,2022-08-25 10:44:09,High Value Transaction,Medium,Open,3541.39
924,960537,4639,2023-04-03 08:04:15,Unusual Transaction,Low,Confirmed,4812.4
925,242023,13337,2024-11-20 12:46:30,Unusual Transaction,High,Open,267.39
926,79,5870,2024-10-24 11:16:00,Suspicious Merchant,Medium,False Positive,822.26
927,964629,10932,2023-10-09 15:29:22,Suspicious Merchant,Medium,Closed,92598.84
928,739482,16976,2023-12-25 12:18:13,Geographic Anomaly,High,False Positive,837.71
929,828826,9706,2022-03-03 23:53:52,Possible Account Takeover,Medium,Investigating,755.52
930,487125,19811,2022-08-11 06:38:21,Unusual Transaction,High,False Positive,3333.9
931,351345,319,2025-12-02 22:10:30,High Value Transaction,High,Closed,625.71
932,328601,1563,2025-03-10 19:47:11,Velocity Anomaly,High,False Positive,153.74
933,803977,18970,2024-06-30 11:47:51,Unusual Transaction,Medium,False Positive,8745.89
934,934289,9196,2022-08-09 09:50:03,Unusual Transaction,Medium,Closed,18571.7
935,468411,5746,2023-06-05 23:41:27,Geographic Anomaly,Low,Investigating,261.65
936,504627,2030,2022-08-18 06:39:41,Possible Account Takeover,High,Closed,1163.61
937,878974,20446,2025-09-19 16:56:07,Velocity Anomaly,Medium,Closed,497.74
938,620299,24534,2024-08-14 16:19:20,Suspicious Merchant,Medium,Closed,895.02
939,572617,2639,2025-10-28 13:53:17,Suspicious Merchant,High,Confirmed,1384.37
940,4730,10253,2022-07-13 06:06:17,High Value Transaction,Low,Closed,3381.89
941,684251,5470,2025-05-14 01:44:34,Velocity Anomaly,High,Confirmed,519.06
942,18374,16965,2025-08-07 18:27:34,Suspicious Merchant,Critical,False Positive,464.03
943,284415,19285,2023-08-25 11:54:16,High Value Transaction,High,False Positive,2062.21
944,510306,8158,2022-05-07 08:55:58,Possible Account Takeover,High,Open,1058.36
945,428731,13608,2022-03-01 02:53:58,High Value Transaction,Medium,Confirmed,1313.92
946,750651,24951,2023-12-27 08:58:37,Suspicious Merchant,Low,False Positive,350.23
947,147157,1826,2024-02-15 10:04:11,Geographic Anomaly,High,False Positive,2232.77
948,625675,7024,2024-04-17 03:10:54,Geographic Anomaly,Medium,False Positive,206.57
949,549275,501,2024-09-28 02:17:52,Geographic Anomaly,Low,Investigating,184.62
950,541131,11672,2022-09-25 01:53:18,Suspicious Merchant,High,False Positive,8239.51
951,811162,13757,2024-08-24 11:29:45,Geographic Anomaly,Medium,Investigating,247.82
952,427874,23650,2022-03-29 09:40:22,Velocity Anomaly,High,False Positive,382.1
953,508394,3362,2024-09-09 10:07:36,Possible Account Takeover,High,Investigating,56.88
954,413324,362,2023-05-28 02:49:16,High Value Transaction,High,False Positive,666.04
955,212179,22046,2022-09-03 21:44:30,High Value Transaction,High,Confirmed,693.24
956,467407,5765,2023-11-24 09:31:07,Suspicious Merchant,High,Closed,4348.44
957,859499,12245,2025-01-08 20:12:09,Geographic Anomaly,High,False Positive,2253.08
958,219805,8225,2022-05-23 04:06:57,Geographic Anomaly,Medium,False Positive,13994.0
959,245875,23601,2025-05-28 14:44:26,Unusual Transaction,Medium,Confirmed,137.95
960,87947,3795,2025-09-27 02:48:41,Possible Account Takeover,High,False Positive,493.81
961,17238,3164,2022-12-09 17:47:26,Velocity Anomaly,High,Confirmed,2910.26
962,413235,4615,2025-11-17 17:01:14,High Value Transaction,Medium,Open,812.14
963,964802,915,2025-06-05 04:57:56,Unusual Transaction,Low,False Positive,5959.46
964,231026,23762,2022-03-23 06:32:44,Unusual Transaction,Medium,False Positive,3799.75
965,43531,24511,2022-11-22 20:22:33,Suspicious Merchant,Low,Investigating,149.77
966,135121,12189,2023-02-10 15:44:59,High Value Transaction,High,Investigating,330.86
967,386100,24334,2022-05-08 05:50:37,Suspicious Merchant,Critical,False Positive,210.92
968,328850,22076,2023-03-18 03:22:27,Velocity Anomaly,Low,False Positive,87.81
969,93743,18482,2024-10-22 02:20:50,Unusual Transaction,High,Investigating,4848.53
970,235821,21317,2022-02-02 12:18:25,Unusual Transaction,Low,Closed,1698.28
971,169480,11782,2022-01-03 17:37:52,Possible Account Takeover,High,Closed,236.01
972,450823,14242,2024-10-03 19:52:44,Velocity Anomaly,Medium,Investigating,2206.69
973,407986,14367,2022-01-02 12:00:54,Unusual Transaction,High,Confirmed,319.14
974,678240,3599,2023-03-11 02:47:47,Velocity Anomaly,Medium,False Positive,1219.61
975,737328,12969,2024-06-29 16:37:17,High Value Transaction,Low,Closed,2806.32
976,735918,15172,2024-06-15 13:57:26,Geographic Anomaly,Medium,False Positive,1124.77
977,345839,17569,2023-11-26 23:47:47,Unusual Transaction,Low,Confirmed,479.14
978,940617,4694,2025-10-18 11:24:31,Possible Account Takeover,Medium,Investigating,504.3
979,463911,20822,2025-09-02 21:33:23,High Value Transaction,Low,Confirmed,1711.41
980,937174,19088,2023-02-20 02:39:03,Velocity Anomaly,Medium,False Positive,176.4
981,784150,11598,2023-01-02 05:11:06,Suspicious Merchant,High,Confirmed,974.03
982,16488,14217,2025-05-07 18:21:10,High Value Transaction,High,False Positive,860.14
983,1173,3192,2025-05-21 11:34:04,Unusual Transaction,High,Investigating,458.43
984,113342,9033,2022-10-24 08:06:11,Velocity Anomaly,High,Confirmed,142.35
985,118210,20155,2023-06-07 19:42:43,Geographic Anomaly,Low,Open,589.44
986,29783,12951,2025-11-23 22:32:16,High Value Transaction,Low,Open,305.81
987,841873,14575,2023-09-08 18:37:57,Unusual Transaction,Medium,Closed,7731.37
988,150875,19442,2025-04-25 05:02:41,Possible Account Takeover,High,Investigating,881.41
989,531516,11013,2022-11-27 13:03:32,Suspicious Merchant,Critical,False Positive,1739.14
990,302244,3870,2024-07-24 11:58:47,Velocity Anomaly,Low,Investigating,582.14
991,849696,24749,2024-10-08 22:32:29,High Value Transaction,Medium,Confirmed,2368.96
992,321777,15871,2022-09-17 03:08:16,High Value Transaction,Low,Confirmed,201.23
993,49983,14266,2025-07-12 01:00:32,Geographic Anomaly,High,Investigating,8972.57
994,758445,1107,2024-10-15 17:03:56,Geographic Anomaly,Medium,Open,476.05
995,154450,21246,2022-05-03 01:00:47,Possible Account Takeover,Low,Closed,5147.93
996,914399,20952,2023-12-31 19:07:50,Suspicious Merchant,Medium,Open,167.67
997,189054,1256,2022-09-24 02:50:50,Possible Account Takeover,High,Open,2183.05
998,47978,4140,2024-03-29 20:32:06,Unusual Transaction,High,False Positive,957.47
999,600786,14667,2022-08-25 08:50:06,Unusual Transaction,Low,Confirmed,270.69
1000,67401,22387,2022-03-20 12:30:02,Possible Account Takeover,High,False Positive,646.62
1001,514965,12514,2025-12-15 23:05:03,Suspicious Merchant,Medium,Investigating,16501.97
1002,296517,8121,2025-12-11 08:00:24,Possible Account Takeover,High,Investigating,612.62
1003,612790,4733,2022-10-26 14:53:43,Suspicious Merchant,High,False Positive,1369.33
1004,878808,22252,2024-08-10 17:03:23,Suspicious Merchant,Low,Closed,153.73
1005,318893,3417,2024-09-10 03:55:56,Velocity Anomaly,Low,Open,2441.24
1006,995388,1312,2022-08-21 17:37:10,Suspicious Merchant,High,Confirmed,422.4
1007,937868,14297,2024-09-03 03:30:58,Geographic Anomaly,Low,Open,2228.86
1008,356068,674,2024-01-17 18:22:27,Suspicious Merchant,High,Investigating,213.97
1009,658288,17156,2022-03-14 07:35:02,Suspicious Merchant,High,Closed,472.83
1010,818730,10780,2022-09-23 03:19:15,Suspicious Merchant,High,Open,250.77
1011,141862,10003,2024-12-20 15:40:46,Unusual Transaction,Medium,Closed,3729.1
1012,813499,20241,2024-03-21 02:40:47,Geographic Anomaly,Medium,Investigating,1245.69
1013,181649,1489,2025-06-21 18:55:38,Geographic Anomaly,High,Closed,3420.44
1014,511498,16239,2025-02-15 17:38:53,Possible Account Takeover,Low,False Positive,1464.0
1015,262607,16724,2023-01-16 11:50:22,Velocity Anomaly,High,Closed,1100.5
1016,288017,10843,2022-04-27 00:29:48,Suspicious Merchant,High,Investigating,408.69
1017,751296,12544,2023-07-15 12:49:16,High Value Transaction,Medium,False Positive,1133.65
1018,713616,13790,2022-03-19 10:17:00,Velocity Anomaly,High,False Positive,963.44
1019,565423,6657,2022-10-22 19:53:11,Velocity Anomaly,Low,False Positive,4231.57
1020,873769,20384,2025-11-20 03:06:01,Geographic Anomaly,Medium,False Positive,718.98
1021,919744,14085,2023-03-04 08:14:19,Velocity Anomaly,Critical,False Positive,310.43
1022,41622,948,2023-02-27 00:39:05,Suspicious Merchant,Critical,Closed,4526.4
1023,330652,6155,2022-11-01 10:00:13,Suspicious Merchant,Medium,Confirmed,1165.67
1024,264836,2366,2022-09-10 15:39:45,Unusual Transaction,High,False Positive,2279.93
1025,562204,998,2022-05-07 23:02:57,Suspicious Merchant,Medium,Closed,1768.1
1026,75431,11217,2023-04-06 15:09:34,Suspicious Merchant,Medium,Investigating,1115.37
1027,484377,496,2025-11-14 08:17:23,Geographic Anomaly,Medium,Confirmed,2983.55
1028,417494,13545,2022-06-09 18:13:46,Suspicious Merchant,High,Closed,7.71
1029,237445,12948,2022-07-22 10:54:17,Unusual Transaction,Low,Confirmed,1753.32
1030,908757,17350,2024-10-01 12:02:06,High Value Transaction,Medium,Confirmed,10417.0
1031,881262,12355,2024-12-24 20:00:01,Geographic Anomaly,Medium,Confirmed,501.57
1032,923503,4137,2023-06-19 15:25:54,High Value Transaction,High,Closed,47868.45
1033,748856,19694,2025-10-26 02:37:05,Geographic Anomaly,Medium,Closed,284.52
1034,528004,18098,2024-06-03 04:21:03,Possible Account Takeover,Medium,Closed,2248.59
1035,476879,23548,2022-08-05 01:15:55,Velocity Anomaly,Low,False Positive,69.13
1036,207069,18290,2025-08-12 04:48:42,Possible Account Takeover,Medium,False Positive,125.46
1037,447841,14473,2022-05-11 00:04:54,Suspicious Merchant,High,Investigating,2923.52
1038,845784,24201,2023-10-04 23:20:55,High Value Transaction,Medium,Investigating,683.55
1039,678061,6109,2024-02-08 07:55:04,Suspicious Merchant,High,Open,264.84
1040,844811,8898,2022-03-28 19:03:40,Velocity Anomaly,Low,Open,2589.77
1041,812327,23305,2025-04-22 03:54:38,Geographic Anomaly,High,Closed,2817.36
1042,745285,23004,2024-07-02 02:43:36,Velocity Anomaly,Medium,False Positive,204.09
1043,526678,21829,2023-01-04 17:04:12,Unusual Transaction,Low,False Positive,52.53
1044,628875,23688,2023-08-30 22:30:33,Velocity Anomaly,Medium,Closed,174.09
1045,419221,15212,2022-04-04 22:12:46,Unusual Transaction,High,Closed,339.62
1046,804400,23508,2023-01-01 10:00:30,Velocity Anomaly,High,False Positive,2314.62
1047,168985,13122,2025-05-16 13:25:16,Unusual Transaction,Medium,Confirmed,1078.92
1048,310671,6466,2023-03-20 13:34:19,High Value Transaction,High,Investigating,5138.55
1049,824869,2601,2023-08-16 03:31:09,Suspicious Merchant,Low,False Positive,1332.41
1050,91489,19282,2025-10-29 21:53:19,Suspicious Merchant,Low,Investigating,343.61
1051,772978,2645,2024-08-31 00:08:37,Possible Account Takeover,Medium,Confirmed,957.93
1052,728183,19173,2024-03-15 16:49:03,Suspicious Merchant,High,Closed,1048.25
1053,165480,6883,2025-05-27 13:27:51,Geographic Anomaly,High,Confirmed,222.93
1054,698335,14860,2024-03-10 00:45:54,Velocity Anomaly,Medium,Investigating,1242.26
1055,884149,15031,2022-12-04 23:51:16,Possible Account Takeover,Low,False Positive,126.81
1056,860372,22835,2024-02-08 14:15:02,Geographic Anomaly,Medium,False Positive,1477.28
1057,718165,19165,2022-06-14 12:16:28,Geographic Anomaly,Low,Investigating,53.47
1058,537218,7689,2022-10-20 03:14:34,Unusual Transaction,Low,Investigating,4161.12
1059,751677,19254,2025-06-16 04:56:28,Suspicious Merchant,Medium,Closed,941.51
1060,871580,5401,2022-04-25 02:56:49,High Value Transaction,Medium,Investigating,711.77
1061,194048,7611,2022-10-12 08:35:02,High Value Transaction,Medium,False Positive,863.46
1062,409240,898,2023-07-04 10:42:55,Possible Account Takeover,Medium,Confirmed,1700.36
1063,658427,5954,2025-03-20 19:03:40,High Value Transaction,Low,Confirmed,2290.1
1064,997097,7404,2022-04-05 11:04:49,Velocity Anomaly,Low,Confirmed,313.04
1065,902175,22759,2023-03-17 15:41:08,High Value Transaction,High,False Positive,141.85
1066,145027,23800,2023-09-15 09:05:58,Possible Account Takeover,Low,Closed,260.13
1067,30752,2251,2024-04-07 08:27:16,High Value Transaction,Medium,Confirmed,2604.13
1068,820974,23786,2025-05-27 05:51:09,Velocity Anomaly,Low,Open,9841.86
1069,743302,17386,2024-07-18 14:45:13,Unusual Transaction,Medium,Investigating,327.24
1070,894339,8469,2022-10-20 11:59:46,Possible Account Takeover,Low,False Positive,735.03
1071,255217,22072,2022-08-12 09:36:34,Unusual Transaction,Low,Confirmed,831.17
1072,573585,15346,2023-11-22 12:25:17,Unusual Transaction,Medium,Investigating,502.89
1073,654316,10968,2023-07-17 12:34:34,Unusual Transaction,High,Confirmed,328.02
1074,722787,12763,2025-04-26 12:25:14,Geographic Anomaly,Low,False Positive,7774.0
1075,378284,5252,2025-11-24 20:12:06,Suspicious Merchant,Medium,Closed,2193.28
1076,260513,5040,2024-06-30 12:16:46,Geographic Anomaly,High,False Positive,1682.53
1077,28388,7516,2025-04-15 02:35:00,Suspicious Merchant,Medium,Investigating,828.14
1078,964756,7363,2024-06-27 22:25:16,Unusual Transaction,High,Investigating,1680.65
1079,540692,8965,2025-05-22 18:09:41,Possible Account Takeover,Low,Confirmed,40.45
1080,677420,20122,2023-03-31 02:58:55,Suspicious Merchant,Critical,Open,34.78
1081,423877,10662,2023-02-27 17:21:24,Velocity Anomaly,Medium,False Positive,359.88
1082,515397,20716,2025-02-22 21:01:02,Velocity Anomaly,Medium,Confirmed,427.65
1083,284870,2436,2022-02-17 04:02:49,High Value Transaction,High,Confirmed,357.66
1084,751986,16530,2025-10-07 15:05:36,Suspicious Merchant,Medium,False Positive,1167.82
1085,813643,7473,2022-12-26 12:49:22,Possible Account Takeover,Medium,False Positive,331.86
1086,641967,8156,2024-05-19 18:05:22,Geographic Anomaly,High,False Positive,144.19
1087,139018,16811,2022-02-08 17:24:18,Unusual Transaction,Medium,False Positive,99.51
1088,803241,14277,2025-10-22 03:04:21,High Value Transaction,Low,False Positive,126.68
1089,810617,23081,2025-10-23 08:52:11,Velocity Anomaly,High,False Positive,713.88
1090,989985,5969,2025-05-11 15:31:41,Geographic Anomaly,Low,False Positive,4507.89
1091,103642,71,2025-03-04 02:59:21,Geographic Anomaly,High,Investigating,4885.09
1092,948052,9488,2023-02-16 12:31:27,Unusual Transaction,Critical,Open,1548.36
1093,53983,10550,2025-01-21 08:50:17,Suspicious Merchant,Medium,Closed,376.04
1094,21593,22734,2023-05-20 19:52:35,Velocity Anomaly,Medium,Closed,2705.32
1095,439709,7323,2024-07-16 02:43:52,Possible Account Takeover,Low,False Positive,1257.93
1096,780205,6488,2024-09-08 05:07:28,Geographic Anomaly,Low,False Positive,1900.95
1097,823018,11523,2022-10-02 00:59:24,Unusual Transaction,High,Confirmed,22192.54
1098,349316,18717,2024-09-17 06:30:40,Possible Account Takeover,Low,False Positive,461.3
1099,333081,1352,2024-10-01 01:06:09,Suspicious Merchant,Medium,Closed,238.8
1100,389910,15265,2025-08-20 09:19:16,Velocity Anomaly,High,Closed,4530.64
1101,716049,23098,2023-07-30 05:14:57,Suspicious Merchant,High,Confirmed,5905.76
1102,338278,11146,2025-02-26 09:18:27,Geographic Anomaly,Medium,Confirmed,2061.14
1103,945185,10110,2022-08-28 11:11:37,Possible Account Takeover,Medium,Confirmed,320.95
1104,354207,10219,2023-02-28 04:37:36,Possible Account Takeover,High,Confirmed,1349.15
1105,470469,20426,2023-06-08 08:25:43,Possible Account Takeover,Critical,Confirmed,944.58
1106,529403,4178,2024-12-01 09:35:14,Geographic Anomaly,Medium,False Positive,967.57
1107,339377,4490,2024-03-30 22:29:33,Geographic Anomaly,Medium,Open,42.2
1108,52810,16224,2025-06-16 19:32:52,Suspicious Merchant,Low,False Positive,4057.79
1109,541445,18551,2023-02-12 21:57:31,High Value Transaction,Low,False Positive,154.9
1110,115333,2492,2023-10-05 02:24:35,Suspicious Merchant,Medium,False Positive,232.68
1111,642840,1986,2024-11-06 05:07:24,Velocity Anomaly,High,False Positive,77.2
1112,188935,14854,2024-05-13 14:21:17,Unusual Transaction,High,False Positive,682.16
1113,395946,16162,2025-02-13 07:57:13,Possible Account Takeover,Critical,False Positive,623.01
1114,287152,8912,2025-05-28 17:03:31,High Value Transaction,Medium,Confirmed,400.17
1115,32235,19604,2023-11-10 02:16:16,Unusual Transaction,High,Closed,894.74
1116,883250,22099,2022-02-10 08:21:24,High Value Transaction,High,Investigating,1895.73
1117,75501,11380,2022-01-25 07:17:12,Suspicious Merchant,Medium,Closed,917.89
1118,631653,9177,2024-01-30 14:08:52,Geographic Anomaly,Medium,Confirmed,874.06
1119,183328,21482,2023-02-21 08:47:17,Possible Account Takeover,Medium,Investigating,393.04
1120,703174,10116,2024-06-15 13:29:56,Suspicious Merchant,High,Confirmed,2874.3
1121,520946,5529,2025-01-13 07:46:25,Unusual Transaction,Medium,False Positive,119.65
1122,352320,24637,2022-12-19 11:00:21,Unusual Transaction,High,Investigating,13629.12
1123,774927,11198,2024-07-11 05:17:49,Unusual Transaction,Low,False Positive,801.53
1124,159460,9711,2024-09-20 02:11:43,Unusual Transaction,High,False Positive,729.23
1125,731057,21428,2024-06-01 16:33:05,Unusual Transaction,Medium,Confirmed,599.48
1126,141083,24533,2022-02-26 09:09:17,High Value Transaction,High,False Positive,6667.75
1127,62933,22717,2025-07-16 04:41:03,Suspicious Merchant,Medium,Confirmed,10606.73
1128,7464,13734,2022-08-22 07:25:35,Possible Account Takeover,High,False Positive,491.72
1129,237435,1061,2023-04-18 07:00:21,Geographic Anomaly,Medium,False Positive,1758.37
1130,937154,10284,2024-02-16 22:25:07,Geographic Anomaly,Medium,Confirmed,1142.81
1131,607326,7055,2025-12-14 19:43:43,Suspicious Merchant,Medium,Closed,827.93
1132,297851,12219,2024-12-24 22:39:29,Suspicious Merchant,Medium,False Positive,1712.69
1133,931067,15891,2025-10-03 21:44:02,Geographic Anomaly,Medium,False Positive,367.62
1134,453322,21912,2023-06-18 18:31:35,Geographic Anomaly,Medium,False Positive,1250.37
1135,766419,2539,2025-11-14 11:13:07,High Value Transaction,High,Closed,853.01
1136,227214,22823,2023-08-15 19:39:53,Velocity Anomaly,Medium,Investigating,477.12
1137,300698,9649,2022-09-15 18:40:14,Possible Account Takeover,High,Investigating,381.29
1138,738974,17648,2024-11-10 20:09:23,Unusual Transaction,Medium,Confirmed,280.64
1139,72819,24174,2022-09-17 06:45:00,Velocity Anomaly,Medium,Closed,328.57
1140,348389,14872,2022-01-06 07:03:30,Suspicious Merchant,Critical,Investigating,371.14
1141,12316,7831,2023-01-22 07:55:18,Geographic Anomaly,Medium,Closed,293.63
1142,769437,19078,2022-11-21 12:55:34,Velocity Anomaly,High,Investigating,3735.99
1143,45251,12389,2023-01-03 02:48:23,Possible Account Takeover,Low,Investigating,1065.95
1144,494277,21831,2023-06-06 21:52:26,Suspicious Merchant,Low,Investigating,6760.61
1145,76919,17135,2024-08-27 03:39:34,Unusual Transaction,High,False Positive,1622.45
1146,787692,10665,2024-05-10 06:19:32,Unusual Transaction,High,Closed,156.29
1147,553663,22383,2023-09-29 15:45:20,Possible Account Takeover,Low,Confirmed,180.37
1148,984408,21445,2023-09-14 05:38:38,Possible Account Takeover,Medium,False Positive,356.42
1149,371536,17397,2024-01-15 02:31:45,Geographic Anomaly,High,Investigating,290.27
1150,817616,23256,2024-03-11 03:28:46,Unusual Transaction,Medium,False Positive,143.64
1151,197397,1785,2022-05-16 10:27:51,Suspicious Merchant,High,Investigating,338.71
1152,510989,19025,2024-01-22 07:57:15,Velocity Anomaly,Medium,Confirmed,1320.56
1153,75182,13586,2022-02-05 18:33:32,Suspicious Merchant,Medium,False Positive,620.31
1154,950261,7116,2024-08-01 11:09:46,High Value Transaction,Critical,False Positive,291.25
1155,519368,4894,2024-02-14 04:41:31,High Value Transaction,Low,Investigating,141.09
1156,488707,21480,2022-06-24 23:36:27,Possible Account Takeover,Medium,Investigating,5060.38
1157,805253,6673,2024-11-07 19:02:20,Geographic Anomaly,High,False Positive,1458.8
1158,464360,19915,2023-08-29 13:02:35,High Value Transaction,Low,False Positive,2967.2
1159,387630,13158,2022-05-31 11:24:30,Unusual Transaction,Medium,Closed,16459.15
1160,928025,21182,2022-04-26 16:30:33,Suspicious Merchant,Medium,False Positive,331.5
1161,743391,19850,2025-10-25 12:08:52,Suspicious Merchant,Medium,Closed,114.83
1162,525751,10557,2023-03-24 21:24:48,Possible Account Takeover,Medium,Confirmed,469.49
1163,951815,20600,2023-11-29 02:35:52,Velocity Anomaly,Medium,Confirmed,3802.47
1164,826638,6985,2024-05-11 15:38:51,Possible Account Takeover,Medium,Open,750.03
1165,126202,14456,2023-01-30 18:01:23,Velocity Anomaly,Medium,Confirmed,122.76
1166,825161,17321,2022-10-16 12:51:26,Possible Account Takeover,High,False Positive,692.71
1167,623889,20471,2025-07-11 16:21:15,Possible Account Takeover,Low,False Positive,4212.51
1168,519222,4817,2022-02-08 20:18:56,Possible Account Takeover,Medium,Confirmed,1399.23
1169,2335,4675,2025-05-03 00:27:04,Velocity Anomaly,Critical,False Positive,2830.76
1170,199857,7822,2022-02-15 21:54:05,Velocity Anomaly,Medium,False Positive,613.73
1171,831429,24618,2024-01-14 13:52:11,Possible Account Takeover,High,False Positive,160.39
1172,590726,10523,2024-09-19 04:39:22,High Value Transaction,Medium,Confirmed,830.15
1173,864372,816,2024-07-01 22:17:17,Geographic Anomaly,High,False Positive,948.54
1174,477599,6451,2024-12-12 13:11:14,Geographic Anomaly,High,Investigating,20127.06
1175,598563,14829,2024-02-15 23:08:09,Geographic Anomaly,Low,Closed,1295.92
1176,799795,24315,2023-04-06 13:30:58,Velocity Anomaly,Medium,Closed,62.64
1177,983332,941,2023-04-01 12:17:42,Velocity Anomaly,Medium,Confirmed,4402.82
1178,897829,236,2024-08-04 19:01:29,High Value Transaction,Medium,Confirmed,895.21
1179,491403,14858,2024-09-24 13:15:22,Geographic Anomaly,Low,False Positive,656.46
1180,10677,3796,2024-05-14 21:51:17,Geographic Anomaly,High,Confirmed,19090.33
1181,183066,21540,2023-03-28 08:10:53,Possible Account Takeover,Low,Open,1364.83
1182,544055,19769,2025-04-07 19:25:11,Velocity Anomaly,Medium,Closed,1011.44
1183,274844,18341,2023-10-27 08:37:51,Geographic Anomaly,High,Confirmed,291.35
1184,470774,101,2023-11-07 11:42:25,Suspicious Merchant,Low,Investigating,218.54
1185,426795,2697,2024-06-30 01:28:10,High Value Transaction,High,False Positive,1285.91
1186,150099,9958,2025-07-09 23:42:48,Suspicious Merchant,High,Investigating,4993.35
1187,719741,22398,2025-05-13 03:45:41,Suspicious Merchant,Medium,Investigating,3300.38
1188,325389,3558,2025-06-03 12:55:15,High Value Transaction,Medium,False Positive,349.72
1189,307956,7434,2025-01-06 09:37:50,Suspicious Merchant,Low,Confirmed,7576.75
1190,396271,3967,2022-11-01 10:36:27,Geographic Anomaly,High,False Positive,10287.89
1191,434057,6416,2025-12-06 19:09:18,Velocity Anomaly,Low,Closed,224.84
1192,296095,6854,2022-04-07 23:06:03,High Value Transaction,High,Closed,324.25
1193,266744,590,2023-06-07 18:58:30,Possible Account Takeover,High,Open,167.08
1194,657733,10634,2025-06-07 14:57:27,Suspicious Merchant,Low,Open,187.08
1195,615077,7500,2023-09-22 06:24:54,High Value Transaction,High,False Positive,1677.53
1196,659563,17186,2025-11-20 00:30:26,Unusual Transaction,Low,False Positive,347.97
1197,234685,8920,2023-11-18 12:34:34,Unusual Transaction,High,Closed,66.63
1198,533192,14122,2025-07-06 11:59:17,Velocity Anomaly,Low,False Positive,477.3
1199,449867,6890,2022-08-12 14:37:18,Geographic Anomaly,Medium,Investigating,4708.43
1200,310623,15909,2025-06-25 21:56:24,Velocity Anomaly,Medium,Confirmed,523.66
1201,593465,9651,2022-09-17 04:02:04,Velocity Anomaly,High,False Positive,817.22
1202,338823,13576,2025-02-08 02:51:12,Velocity Anomaly,Medium,Closed,192.09
1203,607208,8121,2024-07-06 11:49:01,Velocity Anomaly,Low,Investigating,496.69
1204,345078,16900,2025-01-01 11:22:08,Possible Account Takeover,Medium,False Positive,961.72
1205,844873,16576,2024-01-30 09:04:17,Possible Account Takeover,Medium,Investigating,185.13
1206,732196,8122,2023-10-12 16:01:50,High Value Transaction,High,Confirmed,230.93
1207,720249,23460,2024-10-17 17:51:27,Unusual Transaction,High,Open,3042.21
1208,777846,17782,2023-10-08 09:25:14,Velocity Anomaly,Medium,Closed,1203.01
1209,540626,19352,2023-11-24 17:04:43,High Value Transaction,Medium,False Positive,309.38
1210,456676,4974,2024-12-16 10:33:08,Unusual Transaction,Low,Closed,2848.57
1211,93877,15248,2022-06-15 11:06:27,Suspicious Merchant,Medium,Closed,129.24
1212,269906,10200,2022-04-30 01:46:38,Geographic Anomaly,Medium,Investigating,100.2
1213,190246,19023,2022-11-11 01:30:51,Possible Account Takeover,Medium,False Positive,1423.21
1214,425683,1858,2024-04-21 04:16:24,Suspicious Merchant,Low,Closed,803.08
1215,424879,17582,2022-11-10 06:19:12,Unusual Transaction,Medium,False Positive,137.86
1216,89490,14529,2022-10-23 19:46:01,Suspicious Merchant,Critical,False Positive,2427.75
1217,347023,21826,2024-03-20 03:53:32,Geographic Anomaly,Medium,Confirmed,204.22
1218,490470,6387,2022-03-12 23:52:40,Unusual Transaction,Medium,False Positive,126.77
1219,107114,8556,2024-08-29 07:25:45,Suspicious Merchant,High,Confirmed,125.74
1220,238463,21934,2023-06-15 11:45:46,Possible Account Takeover,High,Confirmed,900.74
1221,128480,17205,2024-07-13 02:13:11,Possible Account Takeover,Medium,Investigating,439.01
1222,984237,2774,2022-09-15 11:26:50,High Value Transaction,Medium,Open,223.89
1223,401377,2027,2023-10-09 00:10:45,Suspicious Merchant,High,Open,1768.66
1224,463456,7976,2024-03-31 10:57:14,Velocity Anomaly,Low,Investigating,1055.38
1225,151612,6111,2024-02-29 11:03:05,Suspicious Merchant,Medium,Confirmed,1683.25
1226,565405,15732,2024-01-31 06:23:31,Unusual Transaction,Low,Open,2953.16
1227,463099,8605,2022-06-15 13:20:27,Unusual Transaction,Medium,Investigating,195.94
1228,443526,5611,2023-04-16 13:31:47,Suspicious Merchant,Medium,False Positive,1176.9
1229,781124,16786,2024-06-06 02:12:44,Geographic Anomaly,High,False Positive,2819.28
1230,458310,22558,2025-10-18 13:35:21,Possible Account Takeover,Low,False Positive,445.23
1231,497790,24945,2022-02-13 04:23:17,Unusual Transaction,Medium,Closed,2252.49
1232,277866,4847,2025-08-20 18:20:17,Possible Account Takeover,Medium,Investigating,12986.71
1233,711422,13816,2025-11-14 11:50:23,Unusual Transaction,Medium,Investigating,6343.73
1234,775745,19370,2022-10-28 17:28:52,High Value Transaction,High,Confirmed,5977.67
1235,829636,16297,2025-02-26 12:56:23,Velocity Anomaly,Medium,Closed,152.8
1236,766517,11709,2024-02-28 14:50:16,Unusual Transaction,High,False Positive,1678.4
1237,991531,7141,2023-05-25 18:44:32,Possible Account Takeover,Medium,Confirmed,459.41
1238,811277,6517,2022-05-01 08:53:15,High Value Transaction,Medium,Open,259.28
1239,472825,5532,2022-07-12 20:14:17,Unusual Transaction,High,False Positive,9026.75
1240,297713,11965,2023-10-05 22:57:34,Geographic Anomaly,Medium,Confirmed,571.05
1241,569925,22722,2024-02-20 22:27:55,Velocity Anomaly,Low,False Positive,2452.87
1242,180242,17865,2024-06-04 03:49:31,Unusual Transaction,High,Closed,825.77
1243,728642,7944,2024-05-19 04:17:48,High Value Transaction,Medium,False Positive,219.44
1244,14227,9517,2022-12-09 07:26:00,Geographic Anomaly,High,Closed,1119.63
1245,461075,448,2023-03-21 14:32:50,Suspicious Merchant,Critical,Confirmed,1792.79
1246,22286,22046,2022-06-22 15:09:08,High Value Transaction,Medium,False Positive,4602.78
1247,185425,20301,2024-08-26 14:07:48,High Value Transaction,Medium,Closed,2195.93
1248,154009,23233,2025-10-18 17:22:18,Geographic Anomaly,Medium,False Positive,90.2
1249,437876,12352,2025-08-02 00:31:15,High Value Transaction,Medium,False Positive,1611.17
1250,538779,21379,2024-07-24 10:22:37,Geographic Anomaly,High,False Positive,742.61
1251,627105,9924,2023-06-09 04:27:17,Unusual Transaction,High,Closed,1831.91
1252,714980,6461,2024-02-19 15:17:35,Geographic Anomaly,Medium,Open,2715.68
1253,792184,15814,2025-10-23 09:56:23,Geographic Anomaly,Low,Confirmed,643.94
1254,343302,2445,2025-02-21 05:08:13,Velocity Anomaly,Medium,Confirmed,1158.95
1255,788408,7227,2023-09-25 10:45:34,Geographic Anomaly,Medium,Closed,1069.57
1256,69322,7620,2025-04-08 03:20:02,Geographic Anomaly,High,Closed,964.88
1257,1930,21420,2023-09-11 12:20:47,Suspicious Merchant,Low,Investigating,2259.24
1258,120216,2599,2025-02-16 10:39:19,Unusual Transaction,High,Investigating,787.1
1259,456329,24624,2023-08-24 00:00:32,Velocity Anomaly,High,Closed,1720.74
1260,616822,390,2023-02-17 21:19:12,Suspicious Merchant,High,Confirmed,669.82
1261,373395,16135,2022-12-25 22:20:54,Possible Account Takeover,Medium,Investigating,2358.21
1262,906986,9082,2025-10-05 22:32:56,Unusual Transaction,High,Open,311.0
1263,656826,973,2023-10-17 21:39:36,Unusual Transaction,Medium,Confirmed,2677.54
1264,526151,12140,2022-10-26 06:50:48,Possible Account Takeover,High,False Positive,1258.56
1265,794874,16964,2023-02-24 19:26:32,Geographic Anomaly,Medium,Confirmed,182.2
1266,774934,24715,2023-10-03 16:18:23,Suspicious Merchant,Medium,False Positive,4449.34
1267,772347,17190,2024-07-21 21:34:35,High Value Transaction,Medium,Closed,1529.21
1268,662414,24148,2025-03-27 18:20:40,Velocity Anomaly,Low,Investigating,559.58
1269,47357,2486,2022-12-18 10:00:51,High Value Transaction,Medium,Open,167.58
1270,473884,15469,2025-09-09 02:35:53,Possible Account Takeover,Critical,Closed,2403.6
1271,580123,14393,2023-12-17 07:37:38,Unusual Transaction,Low,False Positive,444.4
1272,128652,20342,2023-11-21 00:26:09,Unusual Transaction,Medium,Confirmed,1133.28
1273,158978,17847,2023-02-05 11:58:30,Velocity Anomaly,Medium,Confirmed,1689.64
1274,946228,1496,2025-10-19 21:30:44,Unusual Transaction,Medium,Confirmed,1890.46
1275,83951,3905,2022-09-21 01:24:43,Unusual Transaction,Low,False Positive,365.71
1276,261122,4478,2024-02-04 01:08:08,Velocity Anomaly,Medium,Open,6405.03
1277,679410,14420,2022-02-19 17:51:31,Suspicious Merchant,Low,Confirmed,4077.48
1278,444204,138,2022-09-22 01:35:06,Suspicious Merchant,Low,Investigating,4336.66
1279,357672,4177,2024-11-30 21:52:45,Velocity Anomaly,High,False Positive,1069.35
1280,579307,10909,2024-03-09 05:01:00,Possible Account Takeover,Medium,Confirmed,12147.34
1281,644964,21968,2025-05-24 09:35:15,Unusual Transaction,Critical,False Positive,425.13
1282,608512,12156,2025-02-01 19:39:25,Unusual Transaction,Low,Open,530.49
1283,933457,8398,2024-12-25 00:23:43,Possible Account Takeover,Medium,Open,72.83
1284,228281,15824,2023-07-26 05:32:41,Suspicious Merchant,Low,False Positive,244.39
1285,640934,12649,2022-07-23 07:38:15,Geographic Anomaly,Medium,False Positive,579.21
1286,834062,7659,2023-10-30 11:30:04,Geographic Anomaly,Critical,False Positive,970.43
1287,35474,11438,2022-08-25 11:14:02,Geographic Anomaly,High,False Positive,1307.06
1288,787315,17470,2025-12-26 18:08:36,Suspicious Merchant,Low,Investigating,1164.42
1289,44479,8873,2024-12-25 19:48:51,Suspicious Merchant,Medium,False Positive,493.85
1290,930080,16547,2025-09-08 07:56:49,Possible Account Takeover,Medium,Investigating,381.17
1291,581837,17636,2024-10-22 03:02:48,Unusual Transaction,Low,Open,333.23
1292,747947,24180,2023-09-28 12:13:23,Possible Account Takeover,Low,False Positive,9319.6
1293,647179,10051,2022-09-14 23:25:06,Possible Account Takeover,High,Closed,1251.31
1294,956600,15020,2025-10-26 00:51:24,Suspicious Merchant,Critical,False Positive,300.92
1295,153888,15191,2022-10-17 07:04:37,Geographic Anomaly,Critical,False Positive,7126.91
1296,545484,6773,2022-04-13 16:35:04,High Value Transaction,High,Closed,11565.07
1297,386815,19405,2024-09-15 21:06:06,Unusual Transaction,High,Investigating,1852.02
1298,328118,23839,2024-09-03 17:51:56,Suspicious Merchant,Medium,Closed,1306.01
1299,472292,2789,2024-10-18 03:53:24,Geographic Anomaly,Low,False Positive,460.88
1300,423295,10631,2023-09-02 08:53:46,High Value Transaction,Low,False Positive,1251.7
1301,36766,10237,2024-08-05 22:51:56,High Value Transaction,High,False Positive,1102.6
1302,156709,19013,2023-10-04 10:12:09,Suspicious Merchant,High,False Positive,1239.32
1303,743822,23306,2023-08-08 09:56:04,Velocity Anomaly,High,False Positive,716.28
1304,628724,14771,2023-08-17 11:13:25,Unusual Transaction,High,Confirmed,4063.22
1305,58175,24976,2025-09-04 17:25:16,High Value Transaction,High,Closed,634.62
1306,147888,12502,2025-01-16 10:02:52,Suspicious Merchant,Critical,Investigating,758.19
1307,625909,2288,2022-08-19 06:12:17,Suspicious Merchant,Low,Confirmed,10475.51
1308,635397,16994,2024-12-07 00:38:34,Geographic Anomaly,High,Open,6887.83
1309,732734,17654,2025-10-27 08:49:13,Velocity Anomaly,Medium,Confirmed,1328.76
1310,480910,24252,2022-04-07 03:34:18,Unusual Transaction,Medium,Investigating,7553.15
1311,626956,8303,2024-08-21 21:13:08,Possible Account Takeover,Critical,Open,634.11
1312,875398,18947,2022-03-18 04:00:52,Geographic Anomaly,High,Confirmed,145.38
1313,234366,24249,2023-03-08 11:45:46,High Value Transaction,Low,Confirmed,12807.33
1314,888745,10767,2022-12-12 06:02:05,High Value Transaction,Low,Open,3064.48
1315,475206,10014,2022-04-19 17:02:17,Geographic Anomaly,High,Confirmed,4155.73
1316,257040,18918,2022-07-25 20:50:28,Suspicious Merchant,Medium,Closed,106.98
1317,578795,2667,2022-05-04 23:48:11,High Value Transaction,High,Investigating,782.59
1318,90878,13237,2022-06-02 03:22:41,Velocity Anomaly,Low,Confirmed,1053.98
1319,5792,20834,2022-01-18 16:12:01,Unusual Transaction,Low,Open,8092.05
1320,695199,18163,2023-11-05 02:38:57,Velocity Anomaly,Medium,Investigating,5403.86
1321,615340,3446,2022-03-03 21:24:20,High Value Transaction,Low,False Positive,1345.43
1322,391033,21415,2025-08-23 22:50:56,Possible Account Takeover,Low,Confirmed,2322.17
1323,427261,9025,2023-12-20 17:57:01,Unusual Transaction,High,Confirmed,1139.77
1324,830425,7114,2022-04-17 01:25:51,Unusual Transaction,Medium,Investigating,360.7
1325,520112,4870,2023-10-17 08:45:26,Geographic Anomaly,Medium,False Positive,8282.81
1326,937316,2960,2025-06-05 22:40:17,Geographic Anomaly,Low,False Positive,3378.06
1327,179437,13120,2022-11-21 12:35:31,Possible Account Takeover,Medium,Investigating,308.53
1328,214628,8174,2022-02-09 12:21:56,Suspicious Merchant,High,Open,1755.38
1329,756972,23593,2022-09-17 07:27:17,Unusual Transaction,Medium,Open,149.1
1330,272962,3314,2024-07-16 11:11:40,Possible Account Takeover,High,False Positive,162.71
1331,994655,9655,2024-01-26 19:16:41,Geographic Anomaly,Medium,Investigating,2204.76
1332,886873,16889,2025-12-17 19:40:37,Geographic Anomaly,Medium,Confirmed,4235.93
1333,750656,11404,2024-09-09 23:45:26,Unusual Transaction,Medium,Investigating,371.15
1334,898679,14753,2022-03-25 03:22:32,Velocity Anomaly,Medium,Investigating,206.56
1335,292464,21937,2022-05-18 14:48:02,High Value Transaction,High,Open,1605.62
1336,274386,12204,2024-07-21 14:29:17,Geographic Anomaly,Medium,Confirmed,1196.44
1337,456770,18700,2025-08-21 09:50:31,Suspicious Merchant,High,Open,985.82
1338,911167,6848,2023-11-16 10:23:12,Suspicious Merchant,Low,Confirmed,4377.79
1339,520065,19262,2023-03-08 07:32:36,Geographic Anomaly,High,False Positive,217.79
1340,240974,16610,2023-04-24 23:46:02,Velocity Anomaly,High,Confirmed,81.84
1341,505824,15845,2025-11-27 09:58:24,Velocity Anomaly,Medium,False Positive,450.22
1342,740969,5168,2024-08-01 17:05:00,Possible Account Takeover,Medium,False Positive,1831.4
1343,777798,12427,2023-04-01 21:29:26,Suspicious Merchant,Critical,False Positive,142.51
1344,570302,8857,2025-01-30 03:44:41,Possible Account Takeover,Medium,Closed,104.87
1345,405957,1557,2023-05-17 11:34:51,Suspicious Merchant,Medium,Investigating,330.11
1346,874663,15774,2022-02-10 10:25:02,High Value Transaction,Medium,Investigating,4542.63
1347,130111,1983,2024-12-02 05:42:07,High Value Transaction,High,False Positive,6184.51
1348,691886,12371,2025-02-23 20:32:52,Unusual Transaction,High,False Positive,356.23
1349,536311,13117,2022-02-06 05:42:04,Possible Account Takeover,Medium,False Positive,415.9
1350,59175,2913,2025-07-18 06:03:13,Geographic Anomaly,Medium,Open,251.72
1351,450174,13723,2025-04-08 20:40:31,Possible Account Takeover,Critical,False Positive,808.25
1352,503843,6776,2023-11-19 05:02:25,Geographic Anomaly,Low,Closed,477.4
1353,499229,2929,2023-09-05 18:58:45,Velocity Anomaly,Medium,Confirmed,78.15
1354,8470,18441,2024-01-12 23:44:44,Possible Account Takeover,Low,Closed,426.42
1355,458145,11492,2022-11-17 06:41:24,Velocity Anomaly,High,Confirmed,4100.7
1356,300933,4495,2022-06-26 21:45:50,High Value Transaction,Low,Investigating,635.5
1357,154415,23705,2022-07-03 12:23:23,High Value Transaction,High,Confirmed,646.87
1358,351988,9171,2023-07-26 18:46:03,Unusual Transaction,Low,Confirmed,339.0
1359,533028,12203,2025-09-11 23:59:50,Possible Account Takeover,High,False Positive,197.41
1360,909429,14190,2023-04-30 13:33:51,Velocity Anomaly,High,False Positive,317.06
1361,298300,12266,2022-04-24 11:18:06,Geographic Anomaly,Medium,False Positive,1342.68
1362,774468,18119,2024-04-08 00:02:04,High Value Transaction,Medium,Open,893.16
1363,335049,13476,2023-08-10 09:40:25,High Value Transaction,Medium,Confirmed,1785.88
1364,326440,5404,2024-02-14 13:00:46,Geographic Anomaly,Medium,Confirmed,533.39
1365,208868,15212,2023-03-22 23:37:18,Velocity Anomaly,High,Closed,4948.48
1366,980778,20987,2025-09-14 19:34:34,Velocity Anomaly,Medium,Confirmed,1547.48
1367,514922,18910,2023-10-20 15:35:26,Possible Account Takeover,High,Closed,3520.81
1368,467124,23640,2024-01-28 02:36:09,Possible Account Takeover,Low,Confirmed,228.72
1369,24567,5666,2023-02-24 06:28:44,Suspicious Merchant,Low,Open,1095.28
1370,666889,4521,2024-06-07 17:20:33,Suspicious Merchant,Medium,Investigating,2059.64
1371,438319,23600,2022-02-20 02:38:05,Unusual Transaction,Medium,Confirmed,4547.36
1372,811551,6360,2022-04-19 03:15:40,High Value Transaction,Medium,Closed,507.33
1373,295615,14470,2024-11-14 09:03:01,Possible Account Takeover,High,False Positive,4338.74
1374,604707,10856,2022-11-09 01:55:23,Velocity Anomaly,Low,Closed,14.44
1375,849151,2245,2024-10-17 16:01:19,Geographic Anomaly,Low,False Positive,16367.18
1376,353444,17276,2024-08-10 02:32:34,Velocity Anomaly,High,False Positive,788.8
1377,691971,8303,2023-04-02 07:29:27,High Value Transaction,High,False Positive,16260.76
1378,180680,11163,2022-03-12 02:28:55,Suspicious Merchant,Low,False Positive,783.33
1379,121585,13725,2022-02-06 21:15:41,Velocity Anomaly,Medium,False Positive,144.53
1380,462443,10652,2024-02-09 02:16:48,Unusual Transaction,Medium,Confirmed,17363.66
1381,494014,1770,2024-08-04 19:58:28,High Value Transaction,High,Confirmed,993.62
1382,803715,9876,2025-10-30 01:05:24,Suspicious Merchant,High,False Positive,19465.21
1383,566079,9607,2022-06-28 13:57:35,Geographic Anomaly,High,Open,831.93
1384,782474,7911,2023-01-05 16:31:47,Suspicious Merchant,High,Confirmed,3204.44
1385,633998,13449,2024-12-16 20:17:08,Unusual Transaction,Medium,Closed,5898.19
1386,861995,3924,2024-06-15 15:20:54,High Value Transaction,High,Confirmed,6625.37
1387,851694,8644,2022-03-18 11:23:13,Geographic Anomaly,Medium,False Positive,1176.39
1388,167185,24656,2022-09-13 09:20:25,Unusual Transaction,Low,Investigating,1164.12
1389,961368,22556,2023-05-04 06:44:35,Suspicious Merchant,Medium,False Positive,11903.64
1390,795496,22144,2025-01-07 06:49:51,Unusual Transaction,High,Confirmed,2728.88
1391,353455,9982,2022-11-27 05:46:39,High Value Transaction,High,Closed,5113.05
1392,921006,21964,2025-07-31 01:31:40,Possible Account Takeover,Low,Closed,132.83
1393,281282,5382,2022-03-04 07:19:52,Unusual Transaction,High,Closed,1159.6
1394,288636,12553,2024-04-25 09:18:37,Unusual Transaction,High,Open,669.93
1395,943664,2812,2023-10-15 13:46:36,Suspicious Merchant,Medium,Confirmed,1300.54
1396,355610,6944,2025-04-19 15:28:54,Suspicious Merchant,Medium,Closed,495.44
1397,263826,11181,2022-07-12 09:42:20,Geographic Anomaly,High,False Positive,3647.09
1398,788008,22897,2022-07-08 12:13:05,Suspicious Merchant,Medium,Closed,804.12
1399,857579,1489,2024-11-07 05:27:24,Velocity Anomaly,Low,False Positive,1561.58
1400,353956,166,2024-03-01 05:47:49,High Value Transaction,High,Confirmed,156.2
1401,63645,15863,2022-04-18 06:08:43,High Value Transaction,High,Investigating,1569.5
1402,993769,18981,2024-11-06 19:31:47,Possible Account Takeover,High,False Positive,179.23
1403,767461,19234,2022-01-31 02:27:30,Possible Account Takeover,High,False Positive,152.48
1404,359710,11024,2023-05-28 13:06:42,High Value Transaction,Medium,Open,657.01
1405,190667,18329,2023-03-08 07:27:05,Possible Account Takeover,Low,Investigating,550.94
1406,128330,4137,2025-06-12 17:40:59,Geographic Anomaly,Medium,False Positive,829.64
1407,683048,4125,2024-06-29 22:32:11,Suspicious Merchant,Medium,False Positive,1526.33
1408,607628,11690,2024-07-17 13:11:31,High Value Transaction,High,Investigating,276.01
1409,844520,1219,2025-04-20 20:29:20,Possible Account Takeover,Low,Investigating,3373.94
1410,858257,6489,2022-10-22 18:00:47,High Value Transaction,Medium,Investigating,353.16
1411,139053,18625,2025-10-02 20:04:15,Velocity Anomaly,Medium,Investigating,354.95
1412,395330,22871,2023-11-24 15:04:07,Unusual Transaction,High,Closed,645.9
1413,398166,18265,2023-09-17 13:47:19,Suspicious Merchant,Low,False Positive,2577.64
1414,203547,7553,2025-02-14 14:19:34,High Value Transaction,Low,False Positive,172.79
1415,145451,15103,2024-03-11 11:11:51,Unusual Transaction,Low,False Positive,1174.72
1416,993761,21144,2022-04-01 08:00:36,Possible Account Takeover,High,Confirmed,451.68
1417,52542,7671,2022-07-04 10:42:17,Unusual Transaction,Low,False Positive,876.67
1418,726696,10107,2023-11-18 17:56:12,Suspicious Merchant,Low,Closed,568.29
1419,155734,6348,2024-08-15 12:14:13,High Value Transaction,Low,False Positive,353.26
1420,695259,11975,2024-10-15 10:10:04,Velocity Anomaly,High,Confirmed,90.92
1421,147965,4792,2025-12-21 11:26:00,Possible Account Takeover,Low,False Positive,10974.66
1422,780211,24405,2023-05-06 22:44:45,High Value Transaction,Medium,Closed,1756.38
1423,328314,15709,2023-06-30 18:31:41,Suspicious Merchant,Medium,Investigating,90.84
1424,971047,16042,2023-10-15 22:47:52,Possible Account Takeover,Medium,Confirmed,634.28
1425,44775,9727,2025-01-31 03:07:20,Geographic Anomaly,High,Closed,3651.63
1426,822931,17259,2023-05-10 04:29:35,Unusual Transaction,Medium,Closed,476.64
1427,350971,23641,2024-06-06 06:43:46,Suspicious Merchant,High,Confirmed,496.89
1428,94878,2261,2022-03-31 11:25:13,Geographic Anomaly,Critical,Confirmed,1210.32
1429,379551,18731,2022-07-30 04:17:47,High Value Transaction,Medium,Confirmed,4541.11
1430,847804,21360,2025-01-29 16:58:48,Velocity Anomaly,High,Confirmed,14069.54
1431,265614,14246,2023-12-28 06:34:37,Possible Account Takeover,High,Closed,159.29
1432,859354,15073,2022-07-03 00:06:52,Unusual Transaction,High,Investigating,305.67
1433,291618,21516,2024-10-30 16:55:15,Possible Account Takeover,Medium,Confirmed,364.98
1434,599095,12279,2022-10-21 03:49:08,High Value Transaction,Medium,Closed,1199.08
1435,640334,12036,2023-05-20 08:20:39,Possible Account Takeover,Medium,Confirmed,438.05
1436,38897,1536,2022-03-05 09:59:16,Unusual Transaction,High,False Positive,2108.8
1437,994441,271,2022-08-29 02:06:29,High Value Transaction,Low,Confirmed,404.5
1438,13038,6515,2024-05-04 05:44:53,Possible Account Takeover,Low,False Positive,52.88
1439,448117,1021,2024-08-04 00:21:21,Velocity Anomaly,Medium,Closed,424.06
1440,547878,13729,2025-02-24 16:45:55,Suspicious Merchant,Low,Confirmed,1565.82
1441,733581,9190,2024-06-10 20:17:16,High Value Transaction,Medium,False Positive,350.89
1442,957197,5579,2023-10-02 18:17:13,Suspicious Merchant,Low,Closed,364.76
1443,749394,8704,2022-12-18 22:33:50,High Value Transaction,Medium,Closed,154.27
1444,802407,19322,2025-02-20 11:18:32,Velocity Anomaly,High,Confirmed,711.84
1445,632152,319,2024-09-17 16:39:54,Suspicious Merchant,Medium,Confirmed,1286.89
1446,345613,23908,2025-03-02 08:14:12,Geographic Anomaly,High,Confirmed,8993.57
1447,257404,13453,2024-12-09 01:59:26,Unusual Transaction,Low,Confirmed,3271.59
1448,544961,5809,2022-09-30 10:47:07,Geographic Anomaly,Low,Confirmed,3039.62
1449,3520,13233,2024-10-18 04:27:50,Possible Account Takeover,High,Investigating,3308.38
1450,834278,20104,2023-12-12 14:05:36,Velocity Anomaly,High,False Positive,797.78
1451,763826,15891,2023-02-27 17:28:59,Geographic Anomaly,Medium,False Positive,62.46
1452,782889,8760,2022-11-15 11:39:19,High Value Transaction,Critical,Closed,1220.18
1453,577319,22181,2022-01-30 03:48:24,Possible Account Takeover,High,False Positive,105.7
1454,371678,8330,2025-05-25 22:33:05,Possible Account Takeover,Critical,Confirmed,240.18
1455,407581,11052,2025-03-14 11:27:56,Geographic Anomaly,Medium,False Positive,2480.44
1456,388684,11744,2023-08-22 00:24:38,Geographic Anomaly,Low,False Positive,1009.58
1457,948744,4872,2025-03-13 07:35:52,Velocity Anomaly,Medium,Investigating,852.75
1458,518362,19592,2024-01-16 06:36:35,Unusual Transaction,High,Open,5502.36
1459,943542,14121,2024-06-01 12:30:08,Geographic Anomaly,Low,Closed,442.94
1460,5465,14326,2022-03-24 15:55:52,Geographic Anomaly,High,Investigating,2278.42
1461,139639,11361,2022-10-29 03:54:47,Suspicious Merchant,Low,Closed,2473.53
1462,508349,4713,2022-05-18 21:31:17,High Value Transaction,Medium,Closed,1651.97
1463,227502,9263,2022-03-21 00:50:24,Suspicious Merchant,Medium,Confirmed,1841.82
1464,641981,6509,2025-10-20 05:36:03,Suspicious Merchant,High,False Positive,2445.93
1465,75141,1950,2023-03-19 00:26:53,Possible Account Takeover,Medium,Confirmed,225.78
1466,403633,17033,2025-04-06 11:04:12,Unusual Transaction,High,Closed,110.7
1467,514524,20640,2023-04-01 23:03:54,High Value Transaction,Medium,False Positive,800.88
1468,569264,19189,2023-05-27 09:39:20,Velocity Anomaly,High,Open,820.82
1469,334680,16066,2024-01-18 22:00:20,Velocity Anomaly,Critical,False Positive,7540.71
1470,885523,11328,2025-06-14 14:47:33,Geographic Anomaly,High,False Positive,1478.23
1471,955664,21399,2024-07-20 07:26:28,Geographic Anomaly,Critical,Open,325.67
1472,493851,23704,2024-12-23 14:52:14,Velocity Anomaly,Low,Closed,1371.45
1473,721733,8062,2024-08-16 14:33:40,Geographic Anomaly,Medium,Confirmed,1681.64
1474,720513,10807,2022-11-04 15:48:29,Unusual Transaction,Low,False Positive,490.1
1475,104515,564,2023-02-10 17:39:46,Suspicious Merchant,Medium,Investigating,493.69
1476,198395,19933,2023-11-28 09:56:29,Geographic Anomaly,High,False Positive,18.9
1477,72684,14122,2022-03-31 01:42:16,Possible Account Takeover,Low,False Positive,607.57
1478,124509,21820,2023-03-10 09:43:42,Geographic Anomaly,Medium,False Positive,2809.86
1479,28164,9923,2024-11-09 16:25:21,High Value Transaction,Medium,False Positive,5245.76
1480,282686,11473,2023-12-03 13:42:15,Unusual Transaction,Medium,False Positive,542.76
1481,526408,11100,2025-08-29 06:08:35,High Value Transaction,Medium,Investigating,1223.85
1482,278738,17587,2022-05-31 16:24:39,High Value Transaction,High,Confirmed,10347.6
1483,135209,24534,2025-01-10 15:31:18,Possible Account Takeover,Low,Investigating,86.63
1484,204281,22527,2022-07-21 22:09:12,Unusual Transaction,Medium,Open,917.73
1485,872420,16040,2022-07-21 15:57:36,Unusual Transaction,Medium,Open,995.05
1486,616221,16176,2025-09-14 23:00:58,Unusual Transaction,High,Closed,188.29
1487,68978,24547,2022-06-22 05:30:35,Unusual Transaction,Medium,Closed,473.14
1488,500306,22866,2023-01-26 17:24:03,Unusual Transaction,High,Open,785.94
1489,354332,22326,2025-10-19 16:33:50,Possible Account Takeover,Medium,Confirmed,391.52
1490,365302,2403,2022-01-19 01:24:11,Geographic Anomaly,Medium,Investigating,94.98
1491,737862,16898,2023-12-25 17:07:03,High Value Transaction,Low,False Positive,3619.51
1492,962126,17937,2022-04-09 14:45:30,Unusual Transaction,Medium,Confirmed,5024.03
1493,672512,3796,2022-08-18 13:48:50,Geographic Anomaly,High,False Positive,735.33
1494,236214,24420,2022-03-12 10:59:39,Geographic Anomaly,Low,False Positive,1413.41
1495,437102,121,2024-02-19 06:37:32,High Value Transaction,Medium,False Positive,358.45
1496,941420,14834,2025-06-14 20:44:25,Possible Account Takeover,High,Confirmed,362.6
1497,396005,7068,2023-02-08 02:54:16,Velocity Anomaly,Medium,Investigating,265.38
1498,212673,18370,2023-03-07 10:33:29,Velocity Anomaly,Low,Open,1827.82
1499,809977,19132,2023-10-13 02:18:49,Geographic Anomaly,High,Confirmed,6606.72
1500,831640,17683,2022-02-12 06:44:23,Suspicious Merchant,Low,Closed,661.51
1501,625359,21929,2024-04-09 19:51:29,Suspicious Merchant,High,Confirmed,75.71
1502,502499,7130,2023-07-12 14:15:27,High Value Transaction,Low,Investigating,1616.07
1503,109565,3977,2023-03-09 05:18:13,Velocity Anomaly,High,Closed,2247.54
1504,164452,5874,2023-03-13 19:53:33,Geographic Anomaly,Medium,Investigating,236.17
1505,977969,9645,2023-06-20 09:27:50,Possible Account Takeover,High,Open,218.82
1506,895578,22727,2023-02-07 13:39:08,Velocity Anomaly,Low,Closed,236.93
1507,589551,3003,2025-12-07 04:07:46,Geographic Anomaly,High,False Positive,518.85
1508,544380,10968,2025-12-25 18:23:17,Geographic Anomaly,Medium,Confirmed,2125.27
1509,324840,17342,2023-09-24 15:53:06,Unusual Transaction,Medium,False Positive,755.32
1510,486980,21135,2024-09-06 06:42:13,Possible Account Takeover,Medium,False Positive,1909.12
1511,660058,16601,2024-01-29 00:14:07,Unusual Transaction,High,Open,5401.67
1512,733595,4244,2022-09-16 07:37:17,High Value Transaction,High,False Positive,30.23
1513,398329,18906,2022-03-29 06:20:42,Unusual Transaction,Low,False Positive,3129.07
1514,10969,3824,2024-05-04 22:59:04,Unusual Transaction,Low,Closed,1016.76
1515,973841,15634,2023-09-24 22:18:19,Velocity Anomaly,High,Closed,131.66
1516,884339,8815,2023-06-11 06:04:44,Suspicious Merchant,Low,Confirmed,640.13
1517,407208,23460,2024-12-15 10:04:41,Geographic Anomaly,Critical,False Positive,270.87
1518,315921,20323,2023-04-13 03:25:38,Possible Account Takeover,Medium,Investigating,4644.0
1519,396407,19331,2023-10-05 09:48:04,Unusual Transaction,High,Open,614.4
1520,465776,18079,2025-04-10 02:31:56,Possible Account Takeover,Low,Confirmed,1172.16
1521,124700,1518,2024-01-16 23:50:13,Suspicious Merchant,Low,False Positive,1156.11
1522,438902,14122,2022-07-22 21:41:17,Suspicious Merchant,High,False Positive,5472.4
1523,643890,12567,2024-03-13 13:20:52,Unusual Transaction,High,Confirmed,517.38
1524,662043,15781,2024-08-07 01:48:48,High Value Transaction,Critical,False Positive,296.46
1525,701335,1287,2025-05-30 20:43:09,Unusual Transaction,Low,False Positive,1898.72
1526,443323,16979,2024-07-13 05:46:40,Velocity Anomaly,Low,False Positive,400.42
1527,751429,6692,2025-02-23 07:24:56,Geographic Anomaly,Low,Open,606.82
1528,961976,8871,2024-10-19 08:01:09,High Value Transaction,High,False Positive,912.31
1529,334560,21500,2022-10-14 09:14:17,Unusual Transaction,Medium,Closed,2859.48
1530,252092,21846,2023-10-21 05:10:02,Possible Account Takeover,Low,Open,191.41
1531,32295,20259,2025-11-26 04:33:20,High Value Transaction,Low,Confirmed,641.37
1532,243389,24997,2024-11-13 20:54:58,High Value Transaction,Medium,Closed,494.11
1533,873634,11529,2025-12-22 23:49:59,Unusual Transaction,Critical,False Positive,1258.43
1534,765765,10435,2022-04-13 14:51:17,High Value Transaction,Medium,False Positive,428.81
1535,819128,24556,2023-08-15 15:19:55,Possible Account Takeover,Low,Investigating,391.25
1536,229414,2032,2024-02-28 02:33:34,Suspicious Merchant,Medium,False Positive,247.64
1537,401567,23919,2024-04-05 04:44:10,High Value Transaction,Medium,Confirmed,482.87
1538,847533,66,2024-02-26 12:41:08,Suspicious Merchant,Low,Investigating,308.66
1539,1713,4480,2025-11-29 11:54:35,Possible Account Takeover,Low,Confirmed,49.04
1540,626422,799,2022-09-16 16:39:50,Unusual Transaction,High,Investigating,3196.75
1541,253343,24940,2023-12-23 21:32:46,Geographic Anomaly,Low,False Positive,2375.62
1542,949111,415,2023-11-19 12:28:06,High Value Transaction,Low,Closed,1319.4
1543,361303,4851,2022-02-20 00:39:48,Geographic Anomaly,Medium,Confirmed,732.82
1544,800907,20650,2025-10-16 20:39:13,Possible Account Takeover,High,False Positive,2781.43
1545,84983,17328,2023-06-24 19:49:03,High Value Transaction,Medium,Confirmed,622.05
1546,608420,12788,2024-04-08 03:16:59,Suspicious Merchant,High,Investigating,5772.28
1547,684594,14879,2022-02-27 05:00:23,Velocity Anomaly,Medium,Closed,818.44
1548,136594,14139,2023-07-15 07:18:07,Geographic Anomaly,High,Investigating,870.39
1549,592503,1778,2023-03-28 11:18:01,High Value Transaction,Low,Investigating,303.98
1550,535945,20095,2024-07-13 03:26:18,Geographic Anomaly,High,Confirmed,1042.75
1551,189942,10887,2022-08-23 20:17:20,High Value Transaction,Low,False Positive,1158.01
1552,545158,13073,2022-03-29 00:03:39,Unusual Transaction,Medium,Confirmed,900.62
1553,406536,15539,2022-06-01 00:33:51,Suspicious Merchant,High,Investigating,17.79
1554,900490,9044,2022-11-04 04:06:02,Geographic Anomaly,Medium,False Positive,231.48
1555,372310,24911,2025-12-21 06:07:53,Velocity Anomaly,High,Confirmed,1381.51
1556,181877,3457,2025-07-24 20:37:14,Velocity Anomaly,Medium,Investigating,3272.2
1557,274737,7464,2024-07-21 20:11:23,Possible Account Takeover,High,Confirmed,247.12
1558,581831,19222,2025-10-26 11:28:18,High Value Transaction,High,Investigating,118.82
1559,359028,12347,2025-01-21 22:27:55,Geographic Anomaly,Critical,False Positive,5443.04
1560,340590,15550,2022-12-23 13:39:34,Possible Account Takeover,High,False Positive,166.54
1561,212771,15250,2025-01-15 10:13:13,Geographic Anomaly,High,False Positive,1223.01
1562,87248,17731,2023-12-31 00:12:11,High Value Transaction,High,Investigating,221.15
1563,426470,1403,2022-03-26 05:58:46,Velocity Anomaly,Medium,Investigating,5762.71
1564,399398,17924,2023-01-20 16:09:18,Unusual Transaction,Low,Open,29311.65
1565,60421,9569,2023-01-21 08:42:39,Velocity Anomaly,High,Investigating,2731.2
1566,402118,17422,2022-03-02 15:44:26,Possible Account Takeover,Critical,Open,2511.11
1567,342254,12498,2025-03-06 06:53:51,Suspicious Merchant,High,Confirmed,1045.34
1568,959765,15069,2024-01-27 13:04:22,Unusual Transaction,High,Investigating,6627.69
1569,235854,5993,2022-03-20 21:06:59,Possible Account Takeover,High,False Positive,220.72
1570,81367,23863,2024-05-27 05:01:20,High Value Transaction,Low,Confirmed,1076.14
1571,287106,10535,2025-09-18 20:14:20,Unusual Transaction,Low,Open,222.13
1572,6506,19867,2024-10-08 08:25:57,Possible Account Takeover,Medium,Confirmed,541.36
1573,443125,8697,2024-01-30 23:38:42,High Value Transaction,Low,Investigating,1017.08
1574,76199,2599,2025-01-12 14:26:47,Velocity Anomaly,Medium,False Positive,5530.3
1575,785478,18741,2024-09-13 00:03:15,Suspicious Merchant,Critical,Confirmed,1048.72
1576,443179,7305,2022-03-04 08:07:43,High Value Transaction,High,Investigating,925.45
1577,462288,5358,2023-03-04 16:57:40,Geographic Anomaly,Medium,Confirmed,590.13
1578,431398,19017,2023-02-11 14:59:04,High Value Transaction,Low,Investigating,5041.74
1579,189091,3463,2023-03-03 04:04:57,High Value Transaction,Medium,False Positive,1008.38
1580,56426,24113,2025-11-18 03:36:44,Suspicious Merchant,Medium,Closed,174.73
1581,547585,21349,2023-06-16 07:49:32,Geographic Anomaly,Medium,Open,951.44
1582,330541,16590,2025-02-01 19:59:07,Possible Account Takeover,Low,False Positive,533.34
1583,562330,2260,2024-09-20 10:03:46,Possible Account Takeover,Medium,Confirmed,2793.41
1584,723647,4291,2024-11-03 05:29:15,High Value Transaction,Medium,Open,21.87
1585,129362,2064,2025-04-10 00:16:59,Geographic Anomaly,High,Open,549.98
1586,344611,20198,2022-12-01 01:34:16,Geographic Anomaly,Low,Closed,3049.0
1587,510015,24620,2023-09-21 08:10:11,Suspicious Merchant,Low,Confirmed,1435.52
1588,129019,15222,2024-05-02 11:48:07,Velocity Anomaly,Low,Closed,219.5
1589,7346,11743,2024-02-02 19:17:00,Possible Account Takeover,Medium,Confirmed,5608.12
1590,159566,5917,2022-09-08 21:23:10,Suspicious Merchant,High,Investigating,1249.79
1591,701397,23320,2022-04-14 14:41:38,Unusual Transaction,High,False Positive,1494.87
1592,884425,4819,2023-03-23 18:57:31,Possible Account Takeover,Medium,Closed,204.69
1593,40908,12003,2025-02-19 03:40:37,Suspicious Merchant,High,False Positive,291.78
1594,681014,12454,2024-12-26 04:11:29,Possible Account Takeover,Medium,False Positive,658.49
1595,89632,17782,2025-03-06 13:58:30,Velocity Anomaly,High,Confirmed,3820.02
1596,850666,6713,2022-05-03 19:22:28,Unusual Transaction,Low,Open,7421.79
1597,165460,15783,2024-08-14 11:45:27,Velocity Anomaly,Medium,Investigating,429.28
1598,531892,9187,2024-02-17 09:09:41,Unusual Transaction,High,Confirmed,875.12
1599,492876,13355,2025-05-11 17:15:40,High Value Transaction,High,Closed,11500.27
1600,716120,5356,2025-04-10 18:14:11,Suspicious Merchant,High,False Positive,1392.16
1601,724949,6240,2024-12-27 01:56:42,Unusual Transaction,Low,False Positive,996.02
1602,771984,21570,2024-03-27 04:02:23,Velocity Anomaly,Low,Confirmed,455.52
1603,355327,7741,2023-04-13 22:41:53,Possible Account Takeover,Critical,False Positive,18946.37
1604,728594,11816,2022-07-28 19:46:10,Unusual Transaction,Low,Closed,1187.75
1605,196525,22952,2025-01-11 05:39:51,Suspicious Merchant,Low,Confirmed,381.05
1606,97284,5660,2022-01-09 00:23:47,Unusual Transaction,Low,Confirmed,889.17
1607,731755,24153,2023-01-04 19:22:46,Geographic Anomaly,Medium,False Positive,1185.79
1608,648271,24395,2022-06-09 09:13:04,Possible Account Takeover,Low,False Positive,3471.8
1609,752317,12208,2023-01-05 15:43:04,Suspicious Merchant,Medium,Closed,1459.37
1610,753610,15801,2024-05-26 17:35:52,Suspicious Merchant,Medium,Confirmed,6046.83
1611,784891,5609,2022-08-30 01:07:29,High Value Transaction,High,Investigating,177.12
1612,876438,3271,2022-09-01 14:45:21,Velocity Anomaly,Low,Confirmed,193.64
1613,33613,4777,2023-09-07 00:36:53,High Value Transaction,Medium,Investigating,59.98
1614,399342,8844,2024-03-14 04:11:26,Suspicious Merchant,Medium,False Positive,2037.0
1615,897521,23515,2025-12-08 00:24:42,Possible Account Takeover,Medium,Investigating,151.91
1616,271424,14808,2022-11-08 13:02:06,Unusual Transaction,Medium,Closed,359.9
1617,37412,23803,2023-01-21 17:54:36,Unusual Transaction,High,Closed,1373.17
1618,987304,1685,2025-10-18 06:45:49,Possible Account Takeover,Low,Investigating,1953.99
1619,374041,22316,2024-07-06 21:37:34,Suspicious Merchant,High,Investigating,676.9
1620,748711,22507,2025-11-16 15:42:22,Unusual Transaction,Medium,False Positive,2155.72
1621,778195,5460,2024-12-10 04:14:58,Unusual Transaction,Low,False Positive,153.1
1622,525171,13828,2024-01-07 21:10:09,Unusual Transaction,High,Investigating,674.43
1623,858354,4432,2024-11-27 09:12:36,Velocity Anomaly,Medium,Open,26.65
1624,137625,229,2025-04-22 13:10:09,Velocity Anomaly,Low,False Positive,3318.74
1625,820298,2212,2023-04-23 16:46:23,Geographic Anomaly,Low,False Positive,1371.65
1626,79917,535,2023-08-31 23:12:46,High Value Transaction,Low,Investigating,673.66
1627,268447,10073,2023-09-05 15:31:10,Possible Account Takeover,Medium,False Positive,945.39
1628,128971,19153,2025-08-20 19:22:12,Possible Account Takeover,Low,Closed,327.38
1629,989979,17013,2025-10-19 23:43:42,Possible Account Takeover,Low,Investigating,26.28
1630,733996,5965,2022-04-18 08:08:12,Geographic Anomaly,Low,False Positive,3145.56
1631,200578,4066,2023-10-04 02:08:32,Velocity Anomaly,High,Open,548.67
1632,480625,6935,2025-08-30 17:47:48,Suspicious Merchant,High,Investigating,3189.68
1633,511380,13075,2023-01-28 21:56:25,Suspicious Merchant,High,Open,3356.96
1634,22427,17189,2025-04-17 00:11:53,Geographic Anomaly,Low,Confirmed,230.28
1635,203124,22996,2022-09-15 10:55:35,Suspicious Merchant,High,False Positive,437.39
1636,920728,17504,2025-10-10 11:54:07,Possible Account Takeover,High,False Positive,14556.15
1637,294617,383,2022-06-14 21:13:19,High Value Transaction,High,Investigating,1265.08
1638,157391,15325,2022-02-23 10:59:10,Unusual Transaction,Medium,Open,2576.51
1639,250462,20412,2022-10-10 20:54:18,Velocity Anomaly,Medium,False Positive,1013.79
1640,74437,1540,2023-10-12 20:45:28,Velocity Anomaly,High,Investigating,214.88
1641,564000,21947,2025-02-14 01:34:27,Geographic Anomaly,Low,Confirmed,6551.59
1642,497548,8749,2024-07-24 16:06:18,Velocity Anomaly,Medium,False Positive,1264.99
1643,426238,14313,2024-06-15 02:10:20,Possible Account Takeover,High,Closed,464.47
1644,986164,23111,2023-07-21 23:06:19,Suspicious Merchant,High,Open,7000.82
1645,566684,3840,2024-01-17 17:35:43,Possible Account Takeover,Critical,False Positive,2312.55
1646,238528,15185,2024-07-15 07:13:28,Geographic Anomaly,High,Open,868.7
1647,47161,13013,2024-03-29 18:03:34,Possible Account Takeover,Low,False Positive,1004.37
1648,730092,13469,2024-10-05 03:31:04,Suspicious Merchant,Low,False Positive,66.13
1649,104669,14312,2024-05-28 14:33:00,High Value Transaction,Medium,False Positive,215.6
1650,359703,21248,2023-12-07 18:07:29,Geographic Anomaly,Medium,False Positive,15858.52
1651,197811,6409,2025-10-15 05:49:27,High Value Transaction,Low,Confirmed,1037.92
1652,635404,2500,2024-03-02 02:29:19,Unusual Transaction,Low,Investigating,2241.82
1653,712572,14356,2023-02-15 16:11:48,High Value Transaction,Medium,Open,2509.91
1654,721268,16318,2023-11-18 01:50:55,Unusual Transaction,High,False Positive,2304.54
1655,207391,15446,2025-10-18 23:50:27,Unusual Transaction,Critical,Closed,3298.46
1656,985492,1681,2025-02-05 02:13:40,High Value Transaction,High,False Positive,393.21
1657,938381,11709,2023-07-20 08:39:53,Geographic Anomaly,High,False Positive,3634.9
1658,576444,14265,2022-09-04 04:15:19,Suspicious Merchant,Medium,Confirmed,102.12
1659,29531,21179,2025-08-01 05:06:26,Possible Account Takeover,Critical,Confirmed,373.55
1660,456943,11864,2022-12-23 05:56:27,Possible Account Takeover,Medium,Confirmed,394.98
1661,992800,13812,2023-02-10 23:16:00,Suspicious Merchant,High,Investigating,1262.86
1662,543430,16666,2022-02-08 09:39:37,Unusual Transaction,High,Confirmed,1330.91
1663,358791,4476,2022-05-15 14:18:26,Unusual Transaction,High,False Positive,462.93
1664,614888,16958,2024-03-30 10:48:56,Geographic Anomaly,Medium,Confirmed,274.09
1665,237462,7431,2022-05-31 11:55:28,Velocity Anomaly,Low,False Positive,1313.27
1666,634746,9767,2023-05-27 00:16:32,High Value Transaction,Low,False Positive,150.03
1667,286416,15836,2025-06-22 22:58:05,Unusual Transaction,Low,Confirmed,114.18
1668,527072,20068,2024-10-26 11:49:02,Possible Account Takeover,Low,False Positive,979.98
1669,181861,17444,2023-03-20 13:30:06,Geographic Anomaly,Low,Confirmed,1326.79
1670,404081,24546,2023-11-17 17:15:31,High Value Transaction,Medium,Confirmed,800.9
1671,360688,1077,2023-04-01 03:02:15,Geographic Anomaly,Medium,Investigating,1757.04
1672,644569,14327,2022-11-09 23:35:03,High Value Transaction,High,Investigating,570.68
1673,84558,7277,2024-11-17 23:05:31,High Value Transaction,Low,False Positive,1286.67
1674,808661,2346,2023-08-09 08:02:27,Suspicious Merchant,High,Closed,92.83
1675,333968,456,2024-12-22 00:39:14,Unusual Transaction,High,Investigating,1308.05
1676,645576,7884,2025-01-04 00:53:06,Geographic Anomaly,Medium,Open,240.37
1677,459878,9391,2024-06-19 14:19:18,Geographic Anomaly,High,Confirmed,247.5
1678,745441,23890,2022-09-23 22:44:09,Suspicious Merchant,Low,False Positive,816.65
1679,518290,10430,2024-04-29 10:32:50,Possible Account Takeover,Low,Confirmed,10974.2
1680,578706,15962,2024-07-19 11:17:31,Possible Account Takeover,Medium,False Positive,114.38
1681,56621,12217,2023-04-30 07:19:18,Unusual Transaction,Low,False Positive,8007.42
1682,667076,17577,2022-09-02 18:47:34,Unusual Transaction,Medium,Confirmed,399.33
1683,420799,19318,2024-06-05 15:23:47,Velocity Anomaly,Medium,Closed,1903.85
1684,711714,17426,2024-08-03 16:50:25,Suspicious Merchant,Medium,Confirmed,11862.93
1685,68331,22915,2025-12-01 07:21:59,Possible Account Takeover,Low,Closed,4492.15
1686,755301,5496,2023-09-16 00:40:27,High Value Transaction,Medium,Investigating,1131.98
1687,115847,23454,2023-04-29 16:12:58,Geographic Anomaly,Medium,Investigating,61.22
1688,240583,10758,2023-09-13 00:50:22,Unusual Transaction,Medium,False Positive,407.57
1689,413769,4652,2024-04-27 02:06:19,Geographic Anomaly,Low,False Positive,122.44
1690,615428,17589,2023-11-29 10:23:07,Geographic Anomaly,Low,False Positive,327.3
1691,202519,1258,2025-05-06 00:19:24,Velocity Anomaly,Low,Confirmed,2244.85
1692,246516,19353,2023-12-30 02:44:18,Possible Account Takeover,Low,Closed,715.72
1693,137263,19646,2022-08-29 11:58:49,Unusual Transaction,High,Investigating,1540.42
1694,725925,2930,2025-10-19 11:06:53,Geographic Anomaly,Low,Open,909.33
1695,224592,2158,2024-03-17 12:23:14,Unusual Transaction,High,Confirmed,2010.48
1696,401001,22459,2024-01-04 16:04:08,High Value Transaction,High,False Positive,1297.52
1697,278501,18226,2024-10-15 18:30:34,Velocity Anomaly,Low,False Positive,2568.94
1698,912475,11621,2025-04-11 14:03:13,High Value Transaction,Medium,Confirmed,2779.89
1699,191085,21797,2024-02-06 17:40:45,Unusual Transaction,Critical,Confirmed,99.52
1700,988234,10406,2024-03-23 02:32:31,Unusual Transaction,High,Open,869.69
1701,19039,7319,2023-07-22 06:13:50,Possible Account Takeover,Medium,Confirmed,166.41
1702,125739,23905,2024-12-14 03:32:48,Geographic Anomaly,High,Confirmed,1636.95
1703,761571,21455,2023-08-31 01:02:21,Geographic Anomaly,High,False Positive,108.94
1704,310457,12024,2025-01-04 02:03:46,High Value Transaction,Medium,False Positive,3149.72
1705,780611,16939,2025-08-11 06:29:42,Velocity Anomaly,High,Closed,767.91
1706,629198,18157,2023-03-05 04:18:22,Suspicious Merchant,Medium,Investigating,530.82
1707,453940,13686,2024-07-07 19:47:19,Geographic Anomaly,Medium,Confirmed,369.28
1708,488329,19951,2024-06-25 09:03:17,Possible Account Takeover,Critical,Confirmed,185.07
1709,219584,10458,2022-11-06 01:14:02,High Value Transaction,High,False Positive,1245.87
1710,795271,15361,2022-09-24 22:22:37,High Value Transaction,Medium,Confirmed,907.64
1711,657609,10300,2024-07-08 05:21:15,Suspicious Merchant,Low,Closed,27.15
1712,876583,8478,2025-09-22 07:53:05,Possible Account Takeover,Medium,False Positive,1061.0
1713,480276,7893,2023-09-27 15:05:12,Velocity Anomaly,High,Open,1546.66
1714,57341,17858,2022-07-18 11:10:06,Possible Account Takeover,High,Investigating,594.74
1715,23899,14661,2023-08-27 17:44:12,Velocity Anomaly,Critical,False Positive,79.36
1716,259553,19903,2023-05-23 10:25:00,Possible Account Takeover,High,False Positive,307.7
1717,26290,15107,2025-01-06 22:30:10,Possible Account Takeover,Medium,Investigating,2864.53
1718,487577,5760,2022-11-14 01:32:42,Unusual Transaction,Low,Open,546.83
1719,647665,544,2025-02-09 10:51:07,High Value Transaction,Medium,False Positive,1644.24
1720,377250,10290,2023-12-19 11:15:03,Possible Account Takeover,High,False Positive,169.2
1721,819696,20816,2024-10-23 06:28:19,Suspicious Merchant,Medium,Investigating,1337.79
1722,250230,10611,2023-06-23 08:37:48,Possible Account Takeover,Medium,Confirmed,45765.33
1723,81753,205,2022-03-26 23:26:52,Geographic Anomaly,Medium,Confirmed,472.64
1724,598497,20627,2022-04-18 16:42:33,High Value Transaction,Medium,Closed,1813.37
1725,591509,13919,2024-11-12 11:51:53,Geographic Anomaly,Medium,Investigating,1321.57
1726,856293,11285,2024-12-09 01:37:55,High Value Transaction,Medium,False Positive,336.32
1727,323319,18401,2024-08-05 02:48:14,Geographic Anomaly,Low,False Positive,907.92
1728,799682,17206,2023-05-28 00:01:26,Possible Account Takeover,Medium,Open,193.35
1729,751928,6980,2023-03-18 13:28:03,Possible Account Takeover,Medium,False Positive,1529.07
1730,396664,18728,2025-01-07 02:10:26,Unusual Transaction,Medium,Open,923.16
1731,766961,3001,2024-11-17 10:14:05,Suspicious Merchant,Low,False Positive,299.39
1732,308920,12759,2023-08-10 10:31:07,Geographic Anomaly,High,False Positive,4431.86
1733,816608,15486,2024-03-23 19:18:43,Velocity Anomaly,Medium,Open,1270.51
1734,502188,1067,2025-01-04 17:18:13,Unusual Transaction,High,Investigating,740.68
1735,760327,20818,2025-08-26 00:29:38,Geographic Anomaly,High,False Positive,703.04
1736,499238,16482,2022-10-17 20:29:15,Geographic Anomaly,Medium,Confirmed,587.9
1737,234062,4874,2022-09-12 14:10:00,Unusual Transaction,Medium,Confirmed,323.97
1738,462370,9854,2025-11-26 23:52:58,Possible Account Takeover,Critical,Confirmed,66.83
1739,435657,6894,2023-01-01 00:39:40,Geographic Anomaly,High,Closed,5371.32
1740,597495,7942,2024-06-25 18:44:07,Possible Account Takeover,Critical,False Positive,632.58
1741,741226,18860,2024-08-02 06:00:18,Unusual Transaction,High,False Positive,470.62
1742,201848,1486,2023-02-16 08:46:13,Possible Account Takeover,Low,Open,325.91
1743,19115,21405,2022-01-16 08:35:26,High Value Transaction,Low,Open,2739.18
1744,443404,2850,2023-03-30 01:14:48,Velocity Anomaly,Medium,Confirmed,251.09
1745,973661,2180,2023-08-27 02:17:08,Geographic Anomaly,Medium,Confirmed,174.47
1746,177572,1124,2024-02-05 19:59:47,Suspicious Merchant,Medium,False Positive,382.79
1747,278783,23016,2025-02-05 11:50:23,Velocity Anomaly,High,False Positive,70.25
1748,764258,7083,2025-07-03 22:49:59,Possible Account Takeover,Medium,Confirmed,196.67
1749,124823,9147,2024-07-14 22:16:03,Geographic Anomaly,Medium,False Positive,849.05
1750,201233,5499,2023-10-26 23:20:47,Possible Account Takeover,High,Investigating,497.99
1751,693858,3671,2024-06-20 03:37:51,High Value Transaction,High,Open,2275.85
1752,71708,575,2023-07-09 15:17:10,Unusual Transaction,Medium,Closed,12354.11
1753,357748,16687,2024-02-11 02:48:28,Geographic Anomaly,High,False Positive,278.92
1754,408226,14400,2024-07-15 07:22:48,High Value Transaction,High,False Positive,559.37
1755,475278,20356,2024-02-26 02:08:44,High Value Transaction,Medium,Confirmed,11371.44
1756,75030,7696,2022-03-13 12:30:01,Geographic Anomaly,Low,Confirmed,1326.32
1757,150032,6835,2022-03-22 06:54:49,Possible Account Takeover,Low,Open,914.39
1758,580135,1728,2025-10-21 21:53:26,Suspicious Merchant,Medium,Closed,122.95
1759,223836,22347,2023-12-23 00:30:57,High Value Transaction,Medium,False Positive,4011.96
1760,189283,14354,2023-08-04 04:54:35,Velocity Anomaly,Critical,Open,24.67
1761,101128,7943,2023-01-07 03:37:59,High Value Transaction,High,False Positive,2557.21
1762,886917,2410,2023-09-30 14:53:05,Suspicious Merchant,High,Confirmed,478.17
1763,487923,20317,2023-09-15 05:21:08,Possible Account Takeover,Critical,False Positive,482.06
1764,945794,3536,2025-06-13 21:18:23,Possible Account Takeover,High,Open,299.06
1765,75149,21679,2022-07-14 22:59:35,Velocity Anomaly,Medium,Open,230.32
1766,704936,2778,2025-06-17 19:21:03,High Value Transaction,Low,Investigating,28.0
1767,899590,23280,2022-12-11 10:59:56,Possible Account Takeover,High,Investigating,1982.06
1768,781750,24590,2025-02-11 12:32:13,Suspicious Merchant,Medium,False Positive,1118.09
1769,745784,1797,2024-07-09 00:06:10,Geographic Anomaly,Medium,False Positive,610.35
1770,571785,15127,2022-03-25 21:11:22,Unusual Transaction,Medium,False Positive,433.23
1771,835632,10421,2022-05-10 00:35:28,Unusual Transaction,High,Closed,2493.68
1772,923237,20279,2022-04-15 06:32:19,Unusual Transaction,Medium,Investigating,2158.84
1773,461114,10683,2024-09-16 23:21:33,High Value Transaction,High,Closed,1549.97
1774,885768,16566,2025-12-15 00:37:45,Velocity Anomaly,Medium,Closed,1288.62
1775,738893,9553,2022-06-08 21:34:38,Possible Account Takeover,High,Confirmed,25.25
1776,51136,14792,2023-11-22 06:59:09,Geographic Anomaly,Low,Open,144.1
1777,187485,15388,2025-06-07 13:47:15,Suspicious Merchant,High,False Positive,13899.76
1778,99506,7433,2025-06-26 15:16:15,Geographic Anomaly,Low,Confirmed,736.67
1779,664144,9042,2025-06-23 09:56:31,Suspicious Merchant,High,False Positive,456.85
1780,471264,12568,2025-10-03 21:28:04,High Value Transaction,Low,Investigating,10532.68
1781,669662,10852,2022-04-06 04:33:21,Unusual Transaction,Medium,False Positive,209.88
1782,547459,18741,2024-05-22 18:57:01,High Value Transaction,Medium,False Positive,1201.07
1783,325490,20726,2023-03-07 09:12:51,Velocity Anomaly,Medium,Investigating,919.29
1784,763679,14509,2022-08-28 03:18:04,Velocity Anomaly,Low,Confirmed,198.84
1785,981550,24344,2025-02-22 01:31:20,Suspicious Merchant,Medium,Open,1909.78
1786,441963,7201,2025-10-17 10:54:08,Possible Account Takeover,High,Confirmed,1079.39
1787,161422,8201,2022-01-18 12:11:12,Possible Account Takeover,High,False Positive,842.88
1788,405901,21618,2023-04-14 02:47:49,Suspicious Merchant,Low,Confirmed,798.16
1789,762307,5711,2022-04-02 08:27:42,Velocity Anomaly,High,False Positive,594.36
1790,878556,5443,2025-12-16 09:31:28,Velocity Anomaly,Low,Investigating,90.12
1791,100684,22824,2025-07-27 03:48:12,Velocity Anomaly,Medium,False Positive,27549.52
1792,958860,17438,2024-02-01 23:03:08,High Value Transaction,Medium,Closed,1427.49
1793,651554,13414,2022-10-26 22:52:23,Velocity Anomaly,Medium,Confirmed,1544.74
1794,573836,18294,2024-04-23 22:52:12,Geographic Anomaly,Medium,Closed,836.79
1795,604099,22824,2025-12-05 01:33:27,Unusual Transaction,Critical,False Positive,3406.86
1796,733936,20873,2022-04-07 01:38:00,Velocity Anomaly,Medium,Confirmed,1246.78
1797,426255,16369,2022-12-20 03:42:53,Suspicious Merchant,Low,Closed,435.83
1798,466664,21693,2023-09-08 01:12:57,Unusual Transaction,Medium,Open,212.2
1799,238563,15121,2025-04-05 21:19:44,High Value Transaction,High,Open,203.8
1800,302663,16908,2025-12-09 18:30:53,Suspicious Merchant,Medium,False Positive,8291.53
1801,185447,21481,2025-09-05 22:26:49,Unusual Transaction,High,False Positive,119.52
1802,70957,15412,2025-09-17 04:27:58,Suspicious Merchant,High,False Positive,14201.2
1803,550908,10748,2024-12-14 08:14:43,High Value Transaction,High,Open,4585.55
1804,548826,21644,2022-05-19 16:08:50,Geographic Anomaly,High,Closed,388.78
1805,304732,17659,2025-10-20 07:39:31,High Value Transaction,Low,False Positive,343.87
1806,761939,6779,2024-01-26 05:31:11,High Value Transaction,High,Closed,381.75
1807,14886,22121,2024-05-16 22:31:41,Suspicious Merchant,Low,Confirmed,612.62
1808,828580,11802,2024-06-20 22:39:53,Possible Account Takeover,High,False Positive,143.56
1809,798760,12254,2025-06-03 08:01:18,Velocity Anomaly,High,Closed,1554.81
1810,511234,1559,2025-06-28 20:19:30,Velocity Anomaly,High,Confirmed,3377.97
1811,458353,19241,2023-12-12 03:01:24,Geographic Anomaly,Medium,Closed,569.89
1812,251818,681,2022-08-29 11:40:17,Geographic Anomaly,Medium,Confirmed,1400.86
1813,707686,22557,2022-03-16 17:40:46,Velocity Anomaly,Critical,Confirmed,597.61
1814,149484,3367,2025-07-28 07:56:29,Possible Account Takeover,Low,Closed,46.15
1815,700351,6595,2023-06-21 10:51:22,Velocity Anomaly,Medium,Closed,3479.8
1816,659584,5846,2025-08-12 16:24:57,Possible Account Takeover,Medium,Confirmed,383.51
1817,668430,14852,2022-06-18 06:52:43,Geographic Anomaly,Critical,Investigating,722.64
1818,416226,21903,2024-06-15 02:25:08,Unusual Transaction,Low,False Positive,2301.65
1819,984542,4158,2022-05-04 17:36:17,Suspicious Merchant,Low,Closed,748.31
1820,226940,24669,2024-01-12 13:28:59,Geographic Anomaly,Low,False Positive,316.98
1821,257569,11783,2022-07-23 16:20:44,Geographic Anomaly,Low,False Positive,782.21
1822,537657,21535,2024-01-02 18:54:40,High Value Transaction,High,False Positive,1120.53
1823,171818,22324,2025-10-16 00:16:55,High Value Transaction,High,Investigating,3040.8
1824,413212,2671,2024-02-18 02:06:35,High Value Transaction,High,Closed,847.49
1825,221220,13285,2023-12-01 13:15:16,Suspicious Merchant,Medium,Confirmed,91.77
1826,165742,15064,2024-02-06 02:11:41,High Value Transaction,High,False Positive,4396.86
1827,826351,10092,2025-08-10 04:02:30,Possible Account Takeover,Low,Confirmed,112.78
1828,684789,21182,2025-09-04 20:46:41,Velocity Anomaly,Medium,Confirmed,1515.29
1829,307794,19225,2022-04-18 10:54:43,Unusual Transaction,Medium,False Positive,132.85
1830,781694,22416,2022-01-08 22:05:43,Geographic Anomaly,Low,Closed,711.39
1831,237251,24040,2022-04-11 12:51:06,Possible Account Takeover,Medium,False Positive,371.84
1832,617870,14875,2025-08-27 20:59:17,Unusual Transaction,Medium,False Positive,850.22
1833,312703,20010,2024-01-25 11:14:16,Possible Account Takeover,Low,Open,4184.23
1834,570583,20101,2025-12-12 09:05:40,Possible Account Takeover,Low,False Positive,265.77
1835,385083,5193,2025-04-15 17:42:58,Geographic Anomaly,High,Confirmed,1317.38
1836,354361,1618,2022-08-04 00:58:50,Velocity Anomaly,Low,Investigating,1641.96
1837,74717,10161,2025-07-08 12:40:30,High Value Transaction,High,Investigating,2840.45
1838,993412,22083,2022-01-26 10:22:08,Suspicious Merchant,Low,False Positive,1340.32
1839,675478,23200,2022-05-01 15:40:58,Velocity Anomaly,High,Closed,1700.22
1840,268573,12445,2022-10-22 22:07:17,Suspicious Merchant,High,False Positive,715.75
1841,307303,7216,2023-03-12 10:34:46,Geographic Anomaly,High,Confirmed,420.46
1842,656674,14524,2025-12-18 12:32:18,Geographic Anomaly,High,Investigating,2491.38
1843,961565,9511,2023-09-24 21:30:07,Geographic Anomaly,Medium,False Positive,2429.54
1844,981395,20823,2023-01-29 16:32:31,Unusual Transaction,Medium,Open,1065.84
1845,514323,17692,2025-09-07 05:36:17,Suspicious Merchant,Medium,Confirmed,108.65
1846,607947,14329,2022-04-15 16:20:18,Velocity Anomaly,Low,False Positive,707.72
1847,590242,15449,2023-07-13 23:41:06,Velocity Anomaly,Low,Closed,2942.5
1848,642004,13068,2024-06-06 04:00:16,Possible Account Takeover,High,Confirmed,841.63
1849,378005,23280,2024-07-27 23:10:58,Possible Account Takeover,Medium,Investigating,340.14
1850,262002,18588,2025-02-07 03:55:41,Possible Account Takeover,Medium,False Positive,3385.33
1851,475457,23441,2024-07-16 15:02:42,Geographic Anomaly,High,False Positive,29.59
1852,970640,10049,2023-05-23 01:16:05,Velocity Anomaly,High,Closed,822.03
1853,430127,18556,2022-05-10 15:38:32,Suspicious Merchant,High,Investigating,2970.83
1854,546764,21935,2025-06-25 07:51:59,Geographic Anomaly,High,Confirmed,531.09
1855,637579,19719,2023-10-19 08:23:27,Unusual Transaction,Low,Closed,752.12
1856,992195,2902,2022-03-18 22:31:15,Possible Account Takeover,Medium,Investigating,2692.82
1857,722311,20364,2023-10-17 10:39:34,Geographic Anomaly,Critical,False Positive,447.9
1858,427980,14279,2025-03-31 03:27:52,Geographic Anomaly,High,Investigating,262.21
1859,879166,11468,2022-12-14 06:04:19,Unusual Transaction,High,False Positive,712.15
1860,977239,8721,2025-11-15 13:28:43,High Value Transaction,Medium,False Positive,2098.67
1861,502929,24162,2022-08-09 05:05:16,Velocity Anomaly,High,Confirmed,3254.26
1862,384072,3679,2024-04-07 18:49:09,Suspicious Merchant,Low,False Positive,466.44
1863,233555,8105,2022-12-25 03:44:31,High Value Transaction,Low,Confirmed,717.45
1864,234919,5875,2022-07-04 15:29:07,Possible Account Takeover,Medium,Closed,324.27
1865,888918,3234,2023-11-27 16:32:22,Geographic Anomaly,Medium,Confirmed,50.18
1866,551422,13820,2025-10-04 16:34:16,Unusual Transaction,Medium,Investigating,1154.6
1867,662500,11924,2023-02-03 18:31:34,Unusual Transaction,Medium,Confirmed,5887.52
1868,25831,17403,2025-03-31 14:27:10,Velocity Anomaly,Low,False Positive,631.47
1869,297532,23672,2023-12-04 09:52:09,High Value Transaction,Medium,False Positive,1080.04
1870,727456,6615,2025-08-13 21:04:09,Velocity Anomaly,High,Confirmed,976.93
1871,86344,112,2022-04-29 16:03:49,Geographic Anomaly,High,False Positive,9947.73
1872,138403,12952,2025-02-13 13:35:16,Velocity Anomaly,Low,False Positive,355.42
1873,221792,15107,2025-09-01 22:21:28,Suspicious Merchant,Medium,False Positive,1811.69
1874,921402,3671,2025-10-01 17:43:50,Unusual Transaction,High,False Positive,4793.64
1875,470942,18753,2022-05-18 18:08:40,Unusual Transaction,Medium,False Positive,463.24
1876,326578,16472,2023-07-26 07:02:18,Possible Account Takeover,Medium,False Positive,1665.91
1877,333660,4548,2023-07-05 10:44:00,Possible Account Takeover,Medium,Open,997.89
1878,494453,21246,2025-12-30 20:49:27,Geographic Anomaly,Critical,Open,2782.38
1879,872325,21449,2025-11-20 02:01:29,Suspicious Merchant,Low,Closed,73.49
1880,298686,12778,2023-12-23 06:41:48,High Value Transaction,Medium,Investigating,3065.44
1881,175383,14331,2024-04-06 21:42:15,Velocity Anomaly,Medium,Confirmed,2362.54
1882,911555,12845,2023-01-04 02:12:51,Geographic Anomaly,Medium,Closed,1014.48
1883,453620,2720,2023-09-13 09:24:05,Possible Account Takeover,Low,Investigating,696.98
1884,938626,231,2022-07-09 06:58:42,Velocity Anomaly,Low,False Positive,447.08
1885,388074,385,2024-08-30 05:43:09,Possible Account Takeover,Medium,False Positive,80.32
1886,503447,23444,2025-01-04 07:26:11,Velocity Anomaly,Critical,Closed,4930.81
1887,511187,14516,2023-02-09 14:30:48,High Value Transaction,High,Confirmed,553.08
1888,575309,8073,2022-07-14 10:24:33,Geographic Anomaly,High,Confirmed,418.37
1889,133617,6593,2024-05-25 14:10:06,Velocity Anomaly,High,Closed,31.04
1890,934432,15173,2022-07-19 17:27:03,Suspicious Merchant,Low,Investigating,2555.46
1891,607170,12121,2022-08-29 22:31:50,Unusual Transaction,High,False Positive,1002.41
1892,47464,22394,2022-05-08 13:35:31,Suspicious Merchant,Medium,False Positive,303.64
1893,603054,12120,2025-12-26 08:00:49,Suspicious Merchant,Medium,Confirmed,1364.97
1894,152191,12136,2023-05-18 09:51:05,Unusual Transaction,High,Closed,749.14
1895,349283,628,2022-07-05 02:56:05,Suspicious Merchant,High,False Positive,550.56
1896,834657,22579,2022-01-17 12:15:42,Velocity Anomaly,High,Open,91.27
1897,806076,8544,2025-01-20 21:14:26,Velocity Anomaly,Low,Investigating,4709.99
1898,844160,23457,2022-04-02 05:28:03,Velocity Anomaly,Critical,Investigating,189.75
1899,287618,13140,2025-01-12 23:02:17,Unusual Transaction,Critical,Investigating,15902.02
1900,162950,11895,2022-12-22 21:13:58,Suspicious Merchant,Medium,False Positive,241.33
1901,632720,21973,2023-04-04 04:41:56,Unusual Transaction,Low,Open,129.86
1902,665555,8758,2024-12-24 01:32:20,Velocity Anomaly,Low,Confirmed,1340.32
1903,134848,10079,2023-07-02 21:31:22,Suspicious Merchant,Critical,Closed,507.02
1904,228606,2455,2022-11-24 08:37:27,Suspicious Merchant,Medium,False Positive,227.13
1905,906912,1017,2024-03-24 06:16:12,Possible Account Takeover,Medium,Confirmed,4188.64
1906,562708,661,2023-07-08 19:03:13,Possible Account Takeover,Medium,Closed,668.15
1907,749320,18868,2024-01-31 12:41:06,High Value Transaction,Medium,Investigating,891.24
1908,200273,13406,2024-12-17 11:33:25,Geographic Anomaly,High,Closed,2283.79
1909,292632,19481,2022-01-08 10:43:53,Possible Account Takeover,Medium,False Positive,147.29
1910,632577,1954,2022-01-16 09:07:06,Unusual Transaction,Critical,False Positive,261.74
1911,727958,5497,2025-08-28 23:50:00,Possible Account Takeover,High,False Positive,3986.86
1912,523621,14570,2022-09-26 15:46:18,High Value Transaction,High,False Positive,3368.72
1913,465373,21540,2024-05-04 15:20:34,Suspicious Merchant,Medium,False Positive,1302.12
1914,178871,18999,2025-08-23 03:02:30,High Value Transaction,Low,False Positive,1085.88
1915,846533,8616,2025-05-22 16:08:19,Suspicious Merchant,Medium,Confirmed,39.02
1916,8659,19914,2025-10-25 20:30:26,Suspicious Merchant,Medium,Confirmed,3680.35
1917,823045,17571,2022-08-10 14:53:52,Geographic Anomaly,Low,Closed,257.74
1918,14073,5207,2024-05-26 05:44:22,Possible Account Takeover,Critical,False Positive,1119.64
1919,543682,1204,2023-11-02 18:56:43,Unusual Transaction,Medium,Closed,654.11
1920,10970,100,2024-08-12 04:18:42,Unusual Transaction,Low,False Positive,2142.69
1921,967960,6048,2024-06-12 18:42:42,Velocity Anomaly,Low,False Positive,341.15
1922,198775,15021,2024-04-27 12:47:22,Suspicious Merchant,Medium,Open,468.05
1923,233751,10216,2022-07-22 23:47:10,Unusual Transaction,Critical,Confirmed,1262.65
1924,784864,18470,2022-02-16 18:27:26,Geographic Anomaly,Medium,False Positive,1441.55
1925,583675,5166,2025-06-02 02:27:10,Suspicious Merchant,Medium,False Positive,529.06
1926,56356,6779,2022-05-16 11:28:11,Geographic Anomaly,High,False Positive,314.26
1927,664285,8265,2022-06-25 02:22:20,Unusual Transaction,Medium,False Positive,4437.49
1928,738540,10697,2023-02-08 13:33:48,Unusual Transaction,Low,False Positive,939.65
1929,34189,5858,2024-10-09 02:51:16,Velocity Anomaly,Low,False Positive,2346.77
1930,726276,3777,2023-06-19 12:56:51,Unusual Transaction,Medium,Confirmed,772.99
1931,311730,14475,2024-01-10 17:21:56,Suspicious Merchant,Low,False Positive,453.1
1932,35228,9925,2022-11-19 05:54:20,Suspicious Merchant,Low,Open,610.6
1933,570442,11008,2024-03-15 10:55:27,Suspicious Merchant,High,Confirmed,554.22
1934,988494,12004,2025-02-05 22:44:41,Velocity Anomaly,Low,Confirmed,1005.79
1935,922765,15839,2025-05-30 10:26:36,Velocity Anomaly,High,Confirmed,242.33
1936,270997,24075,2025-11-29 12:05:03,Unusual Transaction,High,Confirmed,582.71
1937,366419,16204,2022-08-11 09:33:52,High Value Transaction,Medium,Open,4600.1
1938,137782,21294,2023-08-26 14:38:01,High Value Transaction,Medium,Confirmed,4717.29
1939,919548,1854,2022-02-25 04:25:48,Velocity Anomaly,Low,Closed,1265.52
1940,961382,13213,2024-09-04 06:36:48,Unusual Transaction,High,Confirmed,201.42
1941,308292,7532,2024-08-15 09:58:02,High Value Transaction,Medium,False Positive,290.01
1942,880557,7633,2024-04-15 16:27:14,Unusual Transaction,High,False Positive,3224.59
1943,688793,16466,2022-02-06 18:04:41,Unusual Transaction,Low,Confirmed,1135.87
1944,637367,23329,2025-06-18 10:48:31,Unusual Transaction,High,Open,214.47
1945,628346,15681,2024-01-05 17:15:04,Possible Account Takeover,Low,Investigating,1017.86
1946,820239,5313,2022-07-27 07:52:36,Suspicious Merchant,Medium,False Positive,484.83
1947,247908,3202,2025-04-06 14:33:34,Unusual Transaction,Medium,Confirmed,619.39
1948,764213,17810,2022-02-24 23:15:17,Possible Account Takeover,Low,Investigating,9215.36
1949,965028,22032,2023-10-08 09:38:01,Velocity Anomaly,Medium,Confirmed,625.92
1950,465910,70,2025-04-10 03:22:37,High Value Transaction,High,False Positive,1389.14
1951,771268,9287,2022-02-12 04:20:31,Suspicious Merchant,High,False Positive,132.05
1952,668609,3749,2023-02-03 14:20:47,High Value Transaction,High,Confirmed,908.71
1953,88524,5049,2023-05-24 13:47:07,Suspicious Merchant,Medium,Confirmed,3415.97
1954,347061,7928,2024-03-01 02:58:03,High Value Transaction,Medium,Confirmed,4086.32
1955,247829,2120,2024-11-18 12:56:27,Suspicious Merchant,Low,Open,822.01
1956,139090,7037,2022-08-25 11:27:10,High Value Transaction,Medium,Confirmed,152.79
1957,386176,19591,2025-08-24 22:47:28,High Value Transaction,Low,False Positive,863.24
1958,586829,19751,2022-07-30 10:49:41,High Value Transaction,Medium,False Positive,609.68
1959,951522,4892,2023-02-11 01:24:53,High Value Transaction,Medium,False Positive,1315.28
1960,386143,10925,2024-07-15 09:10:01,Velocity Anomaly,Medium,False Positive,197.76
1961,204127,2248,2024-08-10 04:44:38,Unusual Transaction,Medium,Confirmed,4223.08
1962,350659,19047,2024-10-06 11:50:05,Geographic Anomaly,High,Confirmed,2767.27
1963,295580,9530,2022-03-11 09:00:41,Possible Account Takeover,Medium,Confirmed,113.13
1964,188710,4525,2023-09-17 13:44:11,Geographic Anomaly,Critical,False Positive,2048.44
1965,981383,9823,2024-02-03 18:40:41,Geographic Anomaly,High,Open,636.24
1966,358620,19595,2023-01-04 11:16:04,Suspicious Merchant,Medium,Closed,1478.58
1967,399739,3127,2023-05-03 03:24:05,Unusual Transaction,Medium,False Positive,615.69
1968,670014,1005,2024-11-15 05:04:55,Suspicious Merchant,Low,Confirmed,3318.5
1969,536999,3595,2024-04-15 20:49:36,Unusual Transaction,High,False Positive,1050.43
1970,764128,23287,2022-07-07 04:52:25,Unusual Transaction,Medium,Open,1458.11
1971,290068,2176,2024-05-05 11:36:04,High Value Transaction,Critical,Confirmed,550.74
1972,913611,4481,2023-10-12 05:57:37,Velocity Anomaly,Medium,Confirmed,742.47
1973,933281,18023,2023-02-21 10:20:25,High Value Transaction,High,Investigating,3795.06
1974,414822,6578,2024-07-17 12:37:05,Velocity Anomaly,High,False Positive,293.62
1975,901960,11761,2024-01-26 04:47:23,Suspicious Merchant,Medium,False Positive,16831.95
1976,86639,8304,2025-12-05 01:36:46,Velocity Anomaly,Medium,Investigating,2362.68
1977,692768,9793,2022-07-23 03:00:01,Suspicious Merchant,Medium,Confirmed,792.47
1978,218538,5299,2022-05-21 11:55:16,Geographic Anomaly,Medium,Investigating,135.03
1979,372178,12306,2023-09-22 20:23:48,Geographic Anomaly,Low,False Positive,678.65
1980,528709,12759,2022-04-04 13:32:46,Velocity Anomaly,High,Confirmed,724.62
1981,516130,901,2025-09-27 17:55:03,Velocity Anomaly,Medium,Confirmed,4251.24
1982,439993,24271,2022-06-11 01:07:49,Suspicious Merchant,Critical,Confirmed,112.73
1983,601777,22152,2025-11-03 14:32:51,High Value Transaction,High,Confirmed,1911.85
1984,18008,12128,2025-03-01 19:53:46,Suspicious Merchant,Medium,False Positive,639.12
1985,211719,2017,2022-08-21 17:05:34,High Value Transaction,High,False Positive,4991.58
1986,250951,16774,2023-08-16 14:43:43,Geographic Anomaly,Medium,False Positive,108.7
1987,57284,13581,2025-07-21 01:19:30,Unusual Transaction,High,False Positive,1243.07
1988,468080,10179,2023-06-13 08:05:08,Velocity Anomaly,Medium,False Positive,1297.19
1989,565817,16528,2022-02-03 09:15:01,High Value Transaction,Medium,Open,962.56
1990,407491,13279,2024-03-03 18:27:55,Suspicious Merchant,Medium,Open,582.11
1991,544848,16527,2024-06-04 21:38:28,Geographic Anomaly,Medium,Confirmed,2709.36
1992,24272,1239,2025-07-16 09:34:38,High Value Transaction,Medium,False Positive,199.57
1993,491521,1984,2025-07-27 18:33:14,Suspicious Merchant,Medium,Closed,230.48
1994,726491,713,2023-11-16 13:54:13,Velocity Anomaly,Medium,Open,504.84
1995,677119,23377,2024-10-10 12:52:22,Velocity Anomaly,High,Confirmed,117.21
1996,578699,23811,2025-02-11 18:05:55,Possible Account Takeover,Medium,Investigating,622.09
1997,606721,22655,2024-09-10 17:35:49,Unusual Transaction,Medium,False Positive,2826.14
1998,536490,23650,2025-07-21 12:03:44,Possible Account Takeover,High,False Positive,15365.21
1999,727185,18370,2022-02-18 06:26:38,Geographic Anomaly,High,Investigating,313.92
2000,71335,17523,2025-08-26 14:16:54,High Value Transaction,Critical,False Positive,407.67
2001,104336,22175,2024-01-12 01:29:05,Geographic Anomaly,Medium,False Positive,4986.95
2002,94123,17470,2023-12-29 00:33:23,Suspicious Merchant,Low,Investigating,496.12
2003,307238,20806,2022-06-02 11:11:20,Velocity Anomaly,Medium,Confirmed,1648.7
2004,871697,15512,2025-11-15 05:48:32,Possible Account Takeover,Medium,False Positive,152.06
2005,808804,23410,2023-09-17 18:20:11,Possible Account Takeover,High,Open,944.29
2006,226849,6237,2025-10-24 19:30:03,Possible Account Takeover,Medium,Confirmed,1936.17
2007,686654,12283,2022-05-28 04:36:15,Geographic Anomaly,Critical,Investigating,3381.64
2008,950799,11890,2023-05-01 05:02:09,Velocity Anomaly,Medium,False Positive,3955.87
2009,144660,23947,2023-11-03 11:20:26,High Value Transaction,Critical,False Positive,7730.21
2010,156743,305,2023-06-18 02:49:42,Suspicious Merchant,Low,False Positive,1159.02
2011,633628,11765,2024-05-31 06:30:07,High Value Transaction,High,Open,763.09
2012,746690,12447,2022-09-08 09:49:46,Geographic Anomaly,High,Open,137.62
2013,96776,22251,2022-01-22 14:00:10,Suspicious Merchant,Critical,False Positive,166.19
2014,364190,1436,2023-10-05 01:50:29,Possible Account Takeover,Low,Confirmed,1375.18
2015,382316,4502,2025-03-30 07:07:42,Unusual Transaction,Low,False Positive,1102.91
2016,264296,7598,2023-08-15 12:31:45,Geographic Anomaly,High,Investigating,767.28
2017,681053,20436,2022-12-01 15:24:40,Geographic Anomaly,Low,False Positive,717.25
2018,854940,15090,2024-11-03 03:30:17,Velocity Anomaly,Low,Closed,1120.79
2019,322762,12502,2025-03-18 23:11:44,High Value Transaction,Low,Closed,159.66
2020,822360,6095,2025-02-24 12:07:19,Geographic Anomaly,Medium,Confirmed,200.97
2021,654507,22459,2023-07-22 00:12:39,Geographic Anomaly,Medium,False Positive,701.15
2022,868325,18857,2022-09-23 19:12:49,Possible Account Takeover,Low,Confirmed,1209.39
2023,637814,18281,2025-09-27 06:47:51,Possible Account Takeover,Low,False Positive,1463.64
2024,631326,3533,2022-09-27 10:15:37,Suspicious Merchant,Medium,Investigating,262.48
2025,835901,4384,2025-12-29 14:55:41,Unusual Transaction,Medium,False Positive,839.63
2026,570643,11505,2022-10-03 11:07:17,Velocity Anomaly,Low,Confirmed,2444.44
2027,123262,15891,2025-04-14 22:45:41,Unusual Transaction,Medium,Closed,803.26
2028,704065,21133,2023-12-24 21:56:57,Suspicious Merchant,High,False Positive,77.47
2029,10281,8802,2025-03-11 10:14:55,Possible Account Takeover,Critical,Confirmed,2310.27
2030,131640,23101,2022-09-15 16:17:29,High Value Transaction,Critical,Closed,1610.54
2031,995140,13736,2024-02-19 16:10:48,Possible Account Takeover,High,Confirmed,108.63
2032,679692,9779,2023-07-10 21:10:08,Velocity Anomaly,Medium,Closed,98.72
2033,100240,24822,2025-03-22 02:25:39,Possible Account Takeover,High,False Positive,701.27
2034,955339,24252,2022-11-29 02:30:50,Velocity Anomaly,Medium,Closed,1470.68
2035,344692,11521,2025-12-03 12:06:34,Velocity Anomaly,Medium,Open,877.37
2036,389656,14982,2024-06-20 10:33:23,Velocity Anomaly,Medium,Confirmed,11043.21
2037,204176,4641,2022-12-23 09:41:57,Suspicious Merchant,Medium,False Positive,213.75
2038,82966,1755,2022-08-17 02:06:56,Velocity Anomaly,Medium,Closed,5462.62
2039,407594,9916,2023-12-06 13:33:25,Velocity Anomaly,Low,Open,513.59
2040,316893,5911,2024-12-30 20:34:08,High Value Transaction,High,Open,289.35
2041,50459,13136,2025-11-04 05:32:14,Unusual Transaction,Low,Confirmed,1989.55
2042,940971,24587,2024-09-15 15:50:59,Geographic Anomaly,Medium,Closed,717.51
2043,932336,656,2025-12-30 14:13:00,Unusual Transaction,Low,False Positive,4467.36
2044,419181,2624,2023-12-29 09:13:35,Velocity Anomaly,Medium,Confirmed,205.89
2045,653426,20507,2022-01-20 16:42:46,High Value Transaction,Low,Open,80.12
2046,415273,5236,2023-05-18 16:30:31,Possible Account Takeover,High,False Positive,1114.7
2047,891365,24710,2022-01-22 08:18:56,High Value Transaction,Medium,Investigating,2878.09
2048,656874,191,2024-06-19 04:02:00,Velocity Anomaly,Medium,False Positive,1104.33
2049,763001,3668,2022-12-06 09:30:17,High Value Transaction,Medium,Confirmed,672.33
2050,407930,12989,2022-06-13 20:05:14,High Value Transaction,Medium,False Positive,1388.7
2051,277917,15914,2025-01-10 04:40:30,Velocity Anomaly,High,Closed,208.94
2052,654524,14714,2025-07-31 23:06:28,Suspicious Merchant,Medium,False Positive,695.12
2053,388668,17309,2025-12-08 00:18:25,High Value Transaction,High,Confirmed,1191.06
2054,106695,21579,2024-01-07 20:07:25,Geographic Anomaly,High,False Positive,2604.72
2055,513925,21397,2022-06-26 03:54:57,Geographic Anomaly,High,Confirmed,1834.22
2056,977030,6165,2022-05-08 18:01:09,High Value Transaction,High,Closed,505.84
2057,117746,21179,2025-12-29 02:44:55,Suspicious Merchant,Low,Open,5071.64
2058,852506,22369,2023-10-27 13:12:28,Possible Account Takeover,Medium,False Positive,693.54
2059,145842,12126,2025-05-25 13:11:36,Velocity Anomaly,Medium,Open,2311.32
2060,520091,7708,2024-08-03 20:06:17,Geographic Anomaly,High,Open,406.07
2061,429423,2499,2022-07-28 21:19:17,Possible Account Takeover,High,Confirmed,287.21
2062,57152,10219,2022-06-02 09:24:08,High Value Transaction,High,Closed,81.8
2063,193864,5523,2022-04-23 21:18:03,Possible Account Takeover,High,Closed,731.28
2064,199153,14936,2024-09-15 06:11:07,Unusual Transaction,Low,Investigating,170.9
2065,542146,23931,2022-01-28 00:48:01,Geographic Anomaly,Low,Investigating,608.3
2066,853790,20164,2024-03-30 09:07:59,High Value Transaction,Medium,Confirmed,325.53
2067,813744,15707,2024-12-09 18:21:03,Velocity Anomaly,High,Confirmed,500.36
2068,659370,14006,2022-07-25 04:10:28,Suspicious Merchant,High,False Positive,1137.9
2069,889359,6515,2022-11-21 01:15:32,High Value Transaction,High,Confirmed,364.58
2070,148032,891,2025-09-08 12:49:13,Velocity Anomaly,High,False Positive,110.06
2071,367471,5431,2022-07-12 09:34:46,Suspicious Merchant,High,False Positive,2105.18
2072,924113,18438,2025-07-29 11:17:52,Suspicious Merchant,High,False Positive,305.96
2073,168209,9477,2024-03-14 02:13:44,High Value Transaction,High,False Positive,896.38
2074,728998,1183,2022-09-04 14:08:44,Possible Account Takeover,Medium,Investigating,4475.74
2075,242992,13582,2023-02-24 21:55:12,Possible Account Takeover,High,Investigating,322.01
2076,471270,13445,2022-02-28 19:39:40,Suspicious Merchant,Low,False Positive,569.52
2077,172833,10677,2025-05-22 13:00:57,Possible Account Takeover,High,Investigating,286.42
2078,604924,20191,2024-07-01 11:09:43,Unusual Transaction,Medium,Open,659.78
2079,350157,21141,2022-04-30 00:57:30,Suspicious Merchant,Low,Closed,879.07
2080,422126,829,2022-12-10 19:06:12,Suspicious Merchant,High,False Positive,371.54
2081,90827,11108,2022-12-29 12:03:36,Velocity Anomaly,Medium,Confirmed,41189.18
2082,770424,5560,2024-08-11 03:50:43,Possible Account Takeover,Critical,False Positive,2468.22
2083,494906,14551,2023-08-08 11:02:16,Suspicious Merchant,Medium,Confirmed,3471.83
2084,660216,19894,2023-03-02 12:52:23,Unusual Transaction,Medium,Closed,999.7
2085,987906,24799,2024-04-21 00:15:29,Velocity Anomaly,Medium,Open,1168.4
2086,556557,3128,2024-10-25 10:40:37,High Value Transaction,Low,False Positive,219.67
2087,527361,3063,2023-05-08 02:00:04,Suspicious Merchant,Medium,False Positive,2881.23
2088,114642,15356,2023-08-16 06:02:57,Unusual Transaction,Medium,Confirmed,1513.42
2089,249625,2947,2022-06-18 00:11:33,Geographic Anomaly,Low,False Positive,183.81
2090,113331,23955,2022-01-11 23:52:03,Unusual Transaction,Medium,Closed,207.28
2091,325799,5258,2022-11-21 06:59:00,Unusual Transaction,Low,False Positive,5756.46
2092,642739,19611,2022-06-26 12:04:31,Velocity Anomaly,High,Confirmed,307.2
2093,877656,17299,2023-05-22 23:02:45,High Value Transaction,Low,False Positive,1543.94
2094,411820,23146,2022-10-13 14:38:03,Geographic Anomaly,Medium,Closed,490.95
2095,295821,9884,2022-02-04 19:11:09,Possible Account Takeover,High,Confirmed,248.16
2096,874957,10359,2025-08-08 17:58:48,Possible Account Takeover,Medium,False Positive,3405.36
2097,974903,20526,2024-09-05 02:31:18,Unusual Transaction,High,Confirmed,289.95
2098,547865,9839,2023-09-03 15:12:23,Velocity Anomaly,High,Investigating,1227.44
2099,150850,2135,2025-07-21 06:29:45,Velocity Anomaly,High,Open,2610.06
2100,423049,13322,2023-07-10 21:23:48,Possible Account Takeover,Low,Closed,7241.59
2101,85076,4359,2023-08-15 16:18:20,Geographic Anomaly,High,False Positive,1489.48
2102,55609,7727,2022-06-01 18:24:54,High Value Transaction,High,Investigating,249.9
2103,961952,18620,2024-08-09 12:53:49,Geographic Anomaly,Medium,Closed,1480.35
2104,287546,21436,2025-12-18 07:05:36,Suspicious Merchant,Low,False Positive,268.76
2105,260724,5607,2024-02-09 01:19:37,Suspicious Merchant,Medium,False Positive,1490.14
2106,560030,5273,2022-02-09 17:31:24,High Value Transaction,High,Investigating,93.94
2107,773492,7920,2023-09-06 10:23:41,Possible Account Takeover,Medium,Closed,381.94
2108,203166,17980,2023-06-30 15:24:56,High Value Transaction,High,False Positive,1680.11
2109,143513,809,2023-05-03 22:16:16,Velocity Anomaly,Low,False Positive,2181.88
2110,518252,8710,2025-09-06 06:21:52,Suspicious Merchant,High,Open,10102.31
2111,575319,6600,2022-07-10 13:08:59,Unusual Transaction,Medium,Confirmed,5348.18
2112,62055,12119,2025-02-27 17:45:46,Unusual Transaction,Low,Confirmed,182.45
2113,575275,2231,2025-10-16 16:06:15,Possible Account Takeover,Medium,Closed,290.04
2114,95023,7783,2023-03-19 20:36:19,Velocity Anomaly,Low,Investigating,613.91
2115,831126,11267,2024-10-14 06:53:05,Geographic Anomaly,Low,False Positive,1594.3
2116,476864,572,2025-05-30 07:11:43,Velocity Anomaly,Medium,Open,49.53
2117,774024,12896,2023-08-27 22:05:59,Unusual Transaction,Medium,Investigating,221.63
2118,286364,11284,2024-09-19 15:19:37,Unusual Transaction,High,Confirmed,4788.19
2119,740115,19500,2024-06-25 07:45:49,Suspicious Merchant,High,False Positive,4262.19
2120,248449,17231,2025-08-19 03:57:38,Velocity Anomaly,Medium,False Positive,175.97
2121,749069,16297,2024-03-23 09:23:49,Velocity Anomaly,Low,Closed,820.73
2122,84174,22214,2022-01-06 13:41:03,Unusual Transaction,Medium,Closed,246.3
2123,443468,16805,2024-01-30 09:48:06,Geographic Anomaly,High,Open,1269.24
2124,116099,20576,2023-05-02 08:06:48,Possible Account Takeover,Medium,False Positive,878.94
2125,645961,5201,2023-11-08 11:47:15,Possible Account Takeover,Low,Confirmed,206.78
2126,741688,5589,2023-08-04 16:16:29,Velocity Anomaly,Medium,Closed,3043.95
2127,877038,18435,2023-04-02 02:29:52,Possible Account Takeover,High,Open,343.1
2128,613140,17598,2023-12-20 15:06:08,Unusual Transaction,Medium,False Positive,275.43
2129,31719,2445,2024-04-12 23:21:48,Unusual Transaction,High,Investigating,372.09
2130,347858,21993,2023-05-07 15:49:32,Velocity Anomaly,Medium,Confirmed,424.53
2131,634833,10234,2023-04-07 06:39:21,Velocity Anomaly,Low,Open,301.47
2132,68075,2942,2024-08-05 05:21:02,Suspicious Merchant,Medium,Investigating,2033.74
2133,694629,20611,2023-05-11 19:46:59,Velocity Anomaly,Medium,Confirmed,574.2
2134,669912,3663,2022-07-27 23:04:36,Geographic Anomaly,Low,False Positive,1088.51
2135,484362,14636,2025-03-11 18:27:12,Possible Account Takeover,Low,False Positive,3737.68
2136,97682,20650,2025-06-24 14:02:46,Velocity Anomaly,Low,Investigating,174.93
2137,586845,244,2025-06-03 03:06:01,High Value Transaction,Low,Investigating,1264.79
2138,642935,7135,2023-06-09 11:24:52,Suspicious Merchant,Medium,Confirmed,3399.24
2139,1688,19593,2025-10-08 08:51:36,High Value Transaction,Critical,Closed,4533.38
2140,316179,14426,2025-04-30 00:02:23,Unusual Transaction,Medium,Open,164.45
2141,529972,23943,2023-04-09 19:21:41,Possible Account Takeover,Medium,False Positive,3508.68
2142,580428,1026,2023-10-01 01:58:32,Velocity Anomaly,Medium,Open,1329.78
2143,760824,12627,2024-12-16 18:00:56,High Value Transaction,Medium,Confirmed,558.84
2144,749366,17340,2023-04-27 17:20:58,Possible Account Takeover,Low,Investigating,171.87
2145,565743,23309,2022-08-08 11:32:26,Unusual Transaction,Medium,Open,1952.11
2146,986564,8289,2025-10-21 13:26:43,Geographic Anomaly,Medium,Investigating,2407.42
2147,172535,22791,2024-12-25 05:01:37,Suspicious Merchant,Low,Confirmed,121.52
2148,730591,17593,2025-09-27 17:45:38,Possible Account Takeover,High,Confirmed,212.78
2149,581839,2822,2023-07-27 23:13:01,Possible Account Takeover,Medium,False Positive,1374.32
2150,283941,13784,2024-01-15 05:36:00,Geographic Anomaly,Medium,Open,392.13
2151,817740,22275,2023-06-30 22:01:51,Possible Account Takeover,Low,Open,5329.62
2152,255323,22100,2025-12-26 06:21:50,Unusual Transaction,Medium,Investigating,4297.45
2153,642901,24039,2024-04-24 15:37:43,Unusual Transaction,High,Closed,680.3
2154,558499,14397,2023-09-06 03:22:10,Geographic Anomaly,Medium,False Positive,676.49
2155,341417,13320,2025-01-07 11:04:16,Suspicious Merchant,Low,False Positive,192.85
2156,679898,11304,2025-05-10 11:24:35,Velocity Anomaly,Medium,Confirmed,246.24
2157,855550,21245,2022-02-21 14:20:10,High Value Transaction,Low,Investigating,994.45
2158,312743,20817,2024-01-01 22:21:53,Velocity Anomaly,High,Open,450.89
2159,640064,24019,2022-06-18 16:01:15,Possible Account Takeover,Medium,Confirmed,526.09
2160,354714,2288,2024-01-18 22:05:22,High Value Transaction,Low,False Positive,1105.04
2161,878008,14225,2024-01-18 05:51:09,Geographic Anomaly,Low,Closed,1667.7
2162,859843,22425,2024-05-29 15:44:42,Geographic Anomaly,Medium,Closed,604.04
2163,560821,12350,2025-03-13 03:57:49,Suspicious Merchant,Medium,Confirmed,1389.44
2164,945188,13613,2022-05-14 17:05:00,High Value Transaction,Low,Confirmed,477.57
2165,338212,14137,2024-08-29 15:11:06,Unusual Transaction,High,Investigating,144.86
2166,161166,16485,2022-07-08 04:04:22,High Value Transaction,Medium,Confirmed,404.69
2167,914288,2697,2022-04-15 20:40:21,Possible Account Takeover,Medium,Closed,1731.78
2168,745047,8419,2023-02-21 03:28:45,Unusual Transaction,Low,Investigating,162.9
2169,772927,20153,2022-06-12 13:34:45,Geographic Anomaly,Medium,Closed,2574.29
2170,344967,14175,2024-09-02 05:28:01,High Value Transaction,Medium,False Positive,901.03
2171,681565,2878,2022-07-07 01:51:56,Velocity Anomaly,Critical,Confirmed,583.46
2172,28483,21959,2022-07-13 21:09:28,Suspicious Merchant,High,Investigating,12279.82
2173,546718,16301,2022-10-24 16:41:57,Velocity Anomaly,Low,False Positive,9592.28
2174,218061,19819,2025-11-26 02:46:34,Suspicious Merchant,Medium,Confirmed,1031.35
2175,292605,18953,2025-06-02 07:59:34,Possible Account Takeover,Medium,Confirmed,68.71
2176,177049,3603,2022-07-29 15:04:14,Velocity Anomaly,Medium,Confirmed,1659.33
2177,210984,1684,2023-12-02 16:06:26,High Value Transaction,High,Open,1398.99
2178,652481,15663,2024-11-11 23:00:23,High Value Transaction,Medium,False Positive,119.98
2179,295401,7881,2025-08-01 18:33:23,Velocity Anomaly,Low,Confirmed,678.86
2180,782533,16658,2023-10-01 07:32:11,High Value Transaction,High,False Positive,183.66
2181,819784,14142,2023-02-23 20:36:10,Possible Account Takeover,Low,False Positive,8583.16
2182,65190,20186,2022-12-30 16:31:45,Unusual Transaction,High,Confirmed,734.21
2183,835055,624,2025-09-16 18:01:59,Possible Account Takeover,High,False Positive,433.44
2184,206644,3388,2025-04-03 07:50:20,Suspicious Merchant,Medium,Confirmed,2453.87
2185,530466,5723,2022-11-25 10:53:46,Possible Account Takeover,Medium,False Positive,2816.88
2186,518554,10816,2025-12-04 23:35:41,Suspicious Merchant,High,Open,211.14
2187,548208,8252,2024-03-28 08:50:19,High Value Transaction,High,Investigating,102.6
2188,713360,16949,2024-10-26 02:23:35,Unusual Transaction,Medium,Investigating,16104.28
2189,341088,23429,2025-12-27 13:33:55,High Value Transaction,Medium,False Positive,1417.89
2190,467419,10683,2025-09-10 08:39:53,Geographic Anomaly,Medium,Open,1118.5
2191,983163,13871,2023-10-01 00:33:18,High Value Transaction,Low,Investigating,15575.94
2192,596243,3813,2024-07-23 22:24:30,Suspicious Merchant,Low,Confirmed,2168.77
2193,88293,4160,2025-09-10 10:59:10,High Value Transaction,Low,Open,117.02
2194,273847,23771,2022-11-14 14:45:53,High Value Transaction,Low,False Positive,420.6
2195,21620,1021,2023-03-25 12:24:34,Unusual Transaction,Medium,False Positive,538.06
2196,66119,17632,2024-05-13 01:53:09,High Value Transaction,Critical,Closed,4059.41
2197,827998,4171,2025-11-17 01:49:58,Unusual Transaction,High,Open,243.17
2198,849467,3034,2023-11-18 00:35:25,Velocity Anomaly,Low,Confirmed,476.99
2199,66972,7971,2024-01-10 17:20:34,Geographic Anomaly,Medium,False Positive,1731.96
2200,667015,6116,2022-10-30 17:56:03,Unusual Transaction,Medium,False Positive,324.94
2201,379237,17068,2024-01-11 15:16:08,Suspicious Merchant,Low,Investigating,6310.86
2202,435307,17995,2022-07-02 15:03:36,Velocity Anomaly,High,False Positive,165.57
2203,570731,9814,2024-04-24 02:22:17,Unusual Transaction,Medium,False Positive,1249.36
2204,472868,13045,2022-10-28 12:51:29,Unusual Transaction,Critical,Open,995.29
2205,874942,8363,2022-06-17 21:19:51,Geographic Anomaly,Medium,False Positive,403.01
2206,698576,21721,2025-11-11 13:37:32,Suspicious Merchant,Medium,Confirmed,4700.16
2207,569590,11761,2025-10-02 11:14:00,Possible Account Takeover,Low,Closed,4959.78
2208,174579,18331,2025-10-31 15:23:49,Possible Account Takeover,Medium,False Positive,265.3
2209,821794,22319,2023-08-06 20:12:42,Unusual Transaction,Low,Open,796.37
2210,142576,6252,2025-09-09 18:08:31,High Value Transaction,High,Confirmed,272.69
2211,802583,18161,2022-06-10 14:40:59,Suspicious Merchant,High,Closed,691.36
2212,28190,8872,2025-04-05 23:36:58,Velocity Anomaly,High,False Positive,1941.1
2213,473588,24122,2025-07-26 21:41:28,High Value Transaction,High,Confirmed,401.86
2214,920349,13164,2022-11-04 20:23:54,High Value Transaction,High,False Positive,7401.72
2215,499799,12312,2025-06-12 00:57:34,Suspicious Merchant,Low,False Positive,159.14
2216,798654,2403,2025-01-04 17:29:59,Unusual Transaction,Medium,Open,6670.23
2217,265980,14517,2022-04-29 16:44:35,Unusual Transaction,High,Investigating,5613.66
2218,853588,13865,2025-11-23 05:57:36,Unusual Transaction,Medium,False Positive,452.05
2219,394286,6478,2025-11-07 09:03:49,Unusual Transaction,High,Confirmed,5318.04
2220,986730,20282,2024-04-06 22:24:28,Possible Account Takeover,Low,Investigating,599.91
2221,751225,23404,2022-03-29 08:05:15,Unusual Transaction,Low,False Positive,76.9
2222,425063,5946,2023-11-26 08:13:47,Possible Account Takeover,High,Confirmed,1799.1
2223,525636,3639,2024-10-02 00:49:00,Possible Account Takeover,Medium,Confirmed,126.99
2224,248103,12591,2025-06-06 18:33:29,Unusual Transaction,Low,Investigating,204.34
2225,167673,7147,2022-02-28 07:46:13,Geographic Anomaly,High,False Positive,2921.91
2226,25564,78,2023-07-12 11:36:29,Velocity Anomaly,High,False Positive,197.53
2227,48353,7952,2023-08-11 08:04:06,High Value Transaction,Low,False Positive,337.13
2228,6991,17574,2022-12-14 15:14:29,Possible Account Takeover,High,Investigating,944.78
2229,310493,24598,2024-03-10 22:12:53,Suspicious Merchant,High,False Positive,311.81
2230,618428,4421,2023-12-09 02:40:24,Suspicious Merchant,High,Closed,877.85
2231,89711,8165,2025-05-04 19:23:18,Velocity Anomaly,High,Confirmed,1039.15
2232,406290,8409,2022-02-11 12:16:58,Suspicious Merchant,Medium,Investigating,4870.06
2233,316191,24820,2022-06-16 03:50:15,Geographic Anomaly,Medium,False Positive,396.86
2234,900014,4312,2023-12-19 19:22:47,Suspicious Merchant,Low,Investigating,1005.41
2235,281487,18381,2024-05-27 17:12:52,High Value Transaction,Low,Confirmed,1927.56
2236,219260,9953,2023-10-05 16:54:32,High Value Transaction,Medium,Investigating,1140.48
2237,432579,3041,2022-12-16 22:06:29,Possible Account Takeover,Medium,Confirmed,1027.88
2238,3187,7948,2024-01-01 18:51:27,Unusual Transaction,Low,Confirmed,496.71
2239,936863,1805,2024-07-29 12:44:12,Geographic Anomaly,Medium,Open,696.21
2240,186,7928,2025-12-21 11:24:44,Possible Account Takeover,Low,Closed,2095.08
2241,828512,17554,2024-04-20 11:49:28,Geographic Anomaly,High,False Positive,792.38
2242,987705,2508,2022-04-29 14:11:26,Unusual Transaction,Medium,False Positive,287.1
2243,363639,10118,2024-10-11 04:57:44,Suspicious Merchant,Medium,Confirmed,378.0
2244,857705,9622,2024-12-27 04:10:10,Suspicious Merchant,Medium,False Positive,1478.63
2245,923787,9187,2025-03-31 02:09:56,Unusual Transaction,Low,Confirmed,1393.88
2246,780608,9793,2022-10-25 00:48:17,Possible Account Takeover,High,False Positive,542.26
2247,605585,10966,2022-10-24 20:34:32,Unusual Transaction,Medium,False Positive,165.03
2248,673139,13056,2023-10-03 15:04:39,Velocity Anomaly,Medium,False Positive,1492.33
2249,769000,10971,2023-12-11 14:34:21,High Value Transaction,Low,Confirmed,410.15
2250,988561,12685,2023-01-03 23:00:32,Possible Account Takeover,Medium,False Positive,14347.29
2251,839930,13453,2023-07-24 08:42:43,Geographic Anomaly,Low,Confirmed,903.45
2252,556518,14829,2025-02-27 06:26:01,Velocity Anomaly,Medium,Investigating,476.48
2253,879040,7720,2024-02-20 02:46:53,Possible Account Takeover,Medium,Investigating,5413.91
2254,716325,1030,2022-01-12 03:10:39,Unusual Transaction,High,Closed,1379.62
2255,116804,17061,2022-03-01 08:56:54,Unusual Transaction,High,Investigating,510.91
2256,553497,16392,2024-08-17 20:12:46,Unusual Transaction,Low,False Positive,4956.16
2257,118593,10570,2022-07-15 01:23:09,Unusual Transaction,Low,Investigating,457.02
2258,226601,17746,2022-04-06 19:20:01,Geographic Anomaly,Medium,Confirmed,607.79
2259,717659,66,2023-04-03 13:27:26,Velocity Anomaly,Low,False Positive,1015.34
2260,782154,17623,2025-07-18 20:21:40,Suspicious Merchant,Low,Investigating,2654.58
2261,544743,24993,2025-11-08 06:33:42,High Value Transaction,High,False Positive,326.95
2262,776977,10385,2023-12-12 09:56:42,Geographic Anomaly,Low,False Positive,352.71
2263,952532,20064,2023-06-04 22:01:23,Geographic Anomaly,High,False Positive,1039.66
2264,138560,4684,2022-09-25 18:51:34,Suspicious Merchant,Low,False Positive,1849.48
2265,942492,9915,2022-12-25 23:02:19,Suspicious Merchant,Critical,Investigating,1252.07
2266,341626,22679,2024-04-25 00:23:36,High Value Transaction,Medium,Confirmed,124.94
2267,150876,5875,2022-01-04 22:26:25,High Value Transaction,High,Open,97.33
2268,524597,22685,2025-03-16 23:07:26,Suspicious Merchant,Low,Confirmed,135.29
2269,989443,15476,2024-11-12 16:51:32,Unusual Transaction,High,Closed,453.58
2270,842295,9545,2022-11-25 23:15:00,Geographic Anomaly,High,False Positive,496.27
2271,1420,24164,2025-07-21 15:33:44,Possible Account Takeover,High,False Positive,2852.44
2272,41148,19018,2025-04-26 13:25:32,High Value Transaction,Medium,False Positive,481.46
2273,139894,21084,2022-08-31 22:30:31,High Value Transaction,High,Investigating,13001.33
2274,940831,14514,2025-07-10 20:13:21,Suspicious Merchant,Low,False Positive,319.02
2275,528464,6147,2025-07-16 01:09:42,Velocity Anomaly,Medium,False Positive,282.29
2276,229498,5923,2025-01-01 03:40:08,Possible Account Takeover,High,Investigating,6803.73
2277,171814,23377,2024-07-08 13:49:58,Possible Account Takeover,Medium,False Positive,960.76
2278,911537,14958,2023-10-29 03:29:14,High Value Transaction,Low,False Positive,2129.12
2279,517518,2850,2022-06-29 14:29:21,Unusual Transaction,Medium,Open,747.02
2280,572723,9202,2024-08-04 06:43:12,Velocity Anomaly,High,False Positive,272.66
2281,409043,2114,2022-12-29 21:21:39,Possible Account Takeover,Low,Confirmed,1344.65
2282,61336,5017,2023-09-24 21:55:15,High Value Transaction,Low,Confirmed,13784.93
2283,470884,17736,2023-09-01 04:50:32,Possible Account Takeover,Low,False Positive,61.55
2284,208700,5474,2024-11-28 05:00:09,Velocity Anomaly,High,Closed,973.48
2285,480310,24673,2022-06-21 02:38:07,Velocity Anomaly,Low,False Positive,549.75
2286,178921,22999,2024-08-08 03:18:20,Geographic Anomaly,High,False Positive,9277.85
2287,284129,10036,2024-03-31 09:21:50,Suspicious Merchant,Medium,Closed,131.87
2288,148100,20377,2024-05-18 17:56:06,Suspicious Merchant,High,Closed,1353.75
2289,311114,13049,2023-10-17 03:47:01,High Value Transaction,Critical,Investigating,2922.64
2290,310410,24771,2022-03-13 05:57:12,Velocity Anomaly,Low,Confirmed,92.12
2291,64222,16253,2023-01-29 04:14:01,Geographic Anomaly,Medium,Open,731.32
2292,472435,8326,2023-11-22 22:15:26,Geographic Anomaly,High,False Positive,3226.39
2293,767456,16737,2023-04-24 01:38:00,Possible Account Takeover,Medium,Closed,922.85
2294,753347,15445,2024-11-06 08:24:34,Possible Account Takeover,Low,Investigating,120.57
2295,243193,13905,2022-05-12 14:35:22,Geographic Anomaly,High,False Positive,79.76
2296,258968,1067,2024-06-25 13:22:17,Possible Account Takeover,Critical,False Positive,3895.09
2297,648195,18218,2022-09-06 19:54:21,Velocity Anomaly,Medium,Investigating,2743.23
2298,342144,4441,2024-07-15 13:33:48,Unusual Transaction,Medium,Investigating,284.13
2299,18207,13459,2022-01-18 15:17:39,Velocity Anomaly,Medium,Confirmed,502.82
2300,15320,8770,2022-06-26 16:55:23,Geographic Anomaly,Low,Investigating,4386.14
2301,935377,16801,2022-11-07 11:14:38,Geographic Anomaly,High,False Positive,441.24
2302,900271,17880,2024-01-06 10:14:59,Velocity Anomaly,High,Confirmed,440.73
2303,135143,5985,2022-03-02 03:30:03,Possible Account Takeover,High,False Positive,2019.81
2304,938095,496,2024-11-12 14:23:18,Possible Account Takeover,Low,Investigating,952.25
2305,374469,5904,2022-07-01 23:24:41,Suspicious Merchant,Medium,False Positive,781.56
2306,92637,23381,2022-10-16 11:13:39,Geographic Anomaly,Low,Open,1065.4
2307,213062,6338,2022-04-09 00:57:45,High Value Transaction,Medium,Closed,5807.32
2308,641556,380,2023-03-18 16:08:04,Suspicious Merchant,High,Confirmed,2259.92
2309,719801,4137,2023-01-10 11:32:07,Possible Account Takeover,Low,Closed,88.1
2310,606638,23846,2023-10-24 12:05:08,Velocity Anomaly,Medium,False Positive,2603.21
2311,257016,15936,2022-07-18 03:08:03,Possible Account Takeover,High,False Positive,602.41
2312,266422,24855,2024-08-30 20:13:08,Velocity Anomaly,Critical,Confirmed,1174.83
2313,137456,12936,2022-04-18 12:59:56,Suspicious Merchant,High,Investigating,572.79
2314,698401,2316,2023-09-27 18:51:44,Geographic Anomaly,High,Confirmed,236.57
2315,459215,5388,2023-03-24 14:36:05,Possible Account Takeover,Medium,Open,1547.32
2316,701772,4537,2025-12-19 03:57:49,Velocity Anomaly,Low,Closed,1680.26
2317,465621,13978,2023-08-09 01:55:56,Geographic Anomaly,Medium,Confirmed,1566.39
2318,788726,14332,2024-07-08 06:42:10,High Value Transaction,Medium,Closed,8709.73
2319,348320,11996,2022-12-09 04:27:42,Velocity Anomaly,High,False Positive,146.12
2320,43196,6849,2025-09-12 15:16:04,Suspicious Merchant,Medium,Open,606.01
2321,472316,23384,2024-02-20 08:29:31,High Value Transaction,Medium,False Positive,66.45
2322,912631,24265,2025-05-21 23:22:49,High Value Transaction,Medium,Confirmed,115.97
2323,84824,9432,2024-06-26 13:29:02,Unusual Transaction,Low,Investigating,714.25
2324,591877,2156,2022-03-29 09:52:08,Possible Account Takeover,High,Confirmed,263.75
2325,573703,7305,2023-09-19 16:10:32,Velocity Anomaly,Medium,Closed,3510.98
2326,494053,3313,2024-07-28 00:05:01,High Value Transaction,High,Confirmed,77.8
2327,698633,9541,2022-06-29 05:56:24,Unusual Transaction,Medium,False Positive,141.1
2328,749780,16131,2022-05-12 06:35:29,Suspicious Merchant,Medium,Confirmed,74.85
2329,317119,14780,2023-08-23 03:30:02,Geographic Anomaly,High,False Positive,13985.78
2330,600960,22134,2024-07-01 05:16:43,Velocity Anomaly,High,Confirmed,237.05
2331,688456,9305,2025-06-14 12:42:25,High Value Transaction,Medium,Confirmed,2898.75
2332,883201,24308,2022-06-25 05:59:52,Possible Account Takeover,Medium,Investigating,905.52
2333,919874,24311,2023-08-18 14:00:56,Unusual Transaction,Medium,Confirmed,430.7
2334,270982,19645,2025-02-17 21:20:53,High Value Transaction,High,False Positive,618.11
2335,199838,9458,2024-07-01 00:25:28,Possible Account Takeover,High,Investigating,443.29
2336,974207,7619,2025-01-23 19:37:06,High Value Transaction,High,Closed,611.17
2337,794147,6800,2023-05-03 07:22:04,Velocity Anomaly,Medium,Investigating,327.97
2338,470149,288,2023-09-15 23:38:04,Velocity Anomaly,Medium,Confirmed,341.77
2339,253023,8930,2023-05-15 13:19:17,Velocity Anomaly,Medium,Open,1072.14
2340,20430,2938,2025-04-09 21:42:39,Suspicious Merchant,High,Open,5293.38
2341,397548,7180,2022-12-17 04:25:46,Suspicious Merchant,Medium,Closed,756.75
2342,435534,23703,2024-05-12 19:35:03,Unusual Transaction,Medium,False Positive,298.15
2343,233493,21379,2025-05-26 13:01:45,Velocity Anomaly,Low,False Positive,553.88
2344,592567,12927,2025-05-04 03:06:32,Possible Account Takeover,Critical,Closed,646.28
2345,339673,15539,2023-09-19 08:44:30,High Value Transaction,High,False Positive,512.74
2346,912042,10933,2024-02-12 16:31:33,Geographic Anomaly,Medium,False Positive,49.55
2347,736473,15245,2023-08-12 01:48:29,Possible Account Takeover,Medium,False Positive,3442.66
2348,183978,17295,2025-04-04 16:25:09,Suspicious Merchant,Low,Confirmed,48.63
2349,472702,1210,2023-04-08 08:53:28,Suspicious Merchant,Low,False Positive,1916.8
2350,351991,643,2024-06-05 18:08:15,Possible Account Takeover,Medium,False Positive,4590.45
2351,770155,14384,2024-08-26 18:25:58,Suspicious Merchant,High,Open,675.74
2352,51571,4240,2025-09-19 21:24:11,Velocity Anomaly,High,Closed,1152.64
2353,287634,22080,2023-02-07 08:59:47,Unusual Transaction,Medium,Investigating,3745.59
2354,930941,7237,2025-05-26 17:48:10,High Value Transaction,Medium,Closed,3616.16
2355,162709,14825,2024-06-27 11:13:50,Unusual Transaction,Medium,Confirmed,5902.23
2356,299695,6053,2022-07-05 08:21:08,High Value Transaction,Low,Confirmed,469.17
2357,814776,20647,2022-10-10 06:15:23,High Value Transaction,Low,Open,568.0
2358,918193,17873,2024-04-03 09:56:17,Unusual Transaction,High,Closed,111.44
2359,102495,24716,2025-04-18 05:19:50,Possible Account Takeover,High,Investigating,1902.48
2360,934982,2572,2022-12-09 01:18:43,High Value Transaction,Medium,False Positive,1662.38
2361,864191,20645,2022-08-05 03:55:10,Unusual Transaction,High,False Positive,239.77
2362,740129,21415,2023-10-21 01:25:58,High Value Transaction,High,Confirmed,752.66
2363,212316,12621,2023-07-14 17:19:23,Geographic Anomaly,Low,Closed,2030.5
2364,96038,18704,2023-07-17 19:32:49,Possible Account Takeover,High,Open,1000.46
2365,261767,6256,2022-12-23 04:34:58,Velocity Anomaly,Medium,False Positive,173.01
2366,797898,2826,2022-07-04 07:28:22,High Value Transaction,Medium,Confirmed,362.47
2367,433808,725,2022-03-05 07:57:28,Geographic Anomaly,Medium,Investigating,3252.34
2368,878444,23852,2024-04-02 15:50:39,Velocity Anomaly,High,Investigating,684.73
2369,749973,13868,2024-01-30 19:38:08,Velocity Anomaly,High,False Positive,342.9
2370,866792,6700,2022-03-31 02:10:50,High Value Transaction,Low,Closed,118.68
2371,489291,21108,2025-12-15 09:37:57,Unusual Transaction,Medium,Investigating,1322.87
2372,746892,4463,2023-05-09 05:17:30,High Value Transaction,Low,Investigating,253.06
2373,60426,14386,2023-03-02 08:16:16,Geographic Anomaly,High,Closed,4305.95
2374,852055,12334,2023-07-21 12:00:53,Velocity Anomaly,Medium,Open,190.55
2375,398712,12720,2022-03-11 20:07:01,High Value Transaction,High,False Positive,106.68
2376,441904,12214,2024-01-03 21:33:36,Unusual Transaction,Medium,False Positive,1134.04
2377,736864,2267,2023-04-25 04:37:48,High Value Transaction,Low,Confirmed,4616.25
2378,450051,10407,2025-01-06 08:18:04,Possible Account Takeover,Low,False Positive,251.0
2379,783303,11961,2022-03-19 03:30:28,Unusual Transaction,Medium,Closed,325.96
2380,990101,1636,2023-10-03 10:29:38,Geographic Anomaly,Low,Confirmed,365.3
2381,910862,3394,2022-01-15 17:40:55,Velocity Anomaly,Medium,False Positive,1361.82
2382,203767,20134,2023-02-09 14:51:00,High Value Transaction,Low,False Positive,797.76
2383,958980,539,2024-07-29 10:08:20,Unusual Transaction,Medium,Confirmed,557.18
2384,756920,16482,2025-07-25 05:22:58,Possible Account Takeover,Medium,Open,369.1
2385,220794,21408,2022-12-28 12:56:38,Unusual Transaction,Medium,False Positive,913.03
2386,246490,16419,2022-07-14 03:09:48,Suspicious Merchant,High,Confirmed,927.9
2387,104202,5873,2022-09-04 14:04:48,Possible Account Takeover,Medium,Investigating,466.08
2388,43901,9379,2022-06-05 21:39:48,Geographic Anomaly,Critical,Closed,762.05
2389,463476,10156,2025-12-20 00:45:55,Velocity Anomaly,Low,False Positive,1740.8
2390,15027,3432,2022-08-16 10:35:36,Geographic Anomaly,Medium,Closed,941.56
2391,671106,17487,2024-02-16 09:33:50,High Value Transaction,Medium,Confirmed,338.43
2392,46483,19193,2024-10-21 20:19:53,Unusual Transaction,Medium,False Positive,990.11
2393,45454,2064,2024-01-09 23:58:52,Suspicious Merchant,High,False Positive,1001.11
2394,440814,13912,2025-03-10 07:39:59,Possible Account Takeover,Medium,Closed,8000.15
2395,476756,24319,2025-01-14 20:39:59,Possible Account Takeover,Medium,Closed,1302.31
2396,493284,14867,2025-03-12 08:24:42,Unusual Transaction,Medium,Closed,5160.34
2397,311913,3396,2022-08-01 12:10:04,Suspicious Merchant,Critical,Closed,1762.14
2398,694306,22594,2022-11-25 02:57:06,Unusual Transaction,High,Open,683.47
2399,10788,22618,2023-09-07 20:42:20,High Value Transaction,Medium,False Positive,204.07
2400,951441,24943,2025-06-06 07:25:09,Geographic Anomaly,Low,Confirmed,293.91
2401,250813,21388,2025-12-26 22:01:26,Possible Account Takeover,High,False Positive,4432.29
2402,234996,595,2022-02-03 06:49:42,High Value Transaction,Critical,Closed,5793.13
2403,830280,16243,2025-05-30 11:36:55,Geographic Anomaly,Medium,Open,573.28
2404,188735,3889,2022-01-03 21:09:48,High Value Transaction,Medium,False Positive,167.96
2405,257104,13580,2025-02-11 09:50:09,Suspicious Merchant,High,False Positive,1941.22
2406,384737,24611,2022-09-04 22:44:27,Possible Account Takeover,High,Confirmed,887.35
2407,203338,7480,2022-10-04 02:05:59,Unusual Transaction,Medium,Investigating,743.11
2408,112502,9903,2025-08-29 17:33:48,Unusual Transaction,Medium,Open,674.91
2409,703029,11672,2023-02-28 10:04:23,Geographic Anomaly,High,Open,5965.39
2410,478022,11539,2025-07-27 00:14:11,Velocity Anomaly,High,False Positive,900.07
2411,678022,19592,2022-12-27 00:54:56,Suspicious Merchant,High,False Positive,218.14
2412,370778,5250,2022-07-29 07:03:45,Geographic Anomaly,High,Open,1950.11
2413,775780,11794,2023-07-20 14:20:32,Velocity Anomaly,Low,Closed,1627.58
2414,776951,24333,2023-07-23 15:44:36,High Value Transaction,High,False Positive,5687.58
2415,336406,14826,2024-04-07 04:06:16,Suspicious Merchant,Medium,False Positive,1120.24
2416,426548,10216,2023-05-21 21:47:43,High Value Transaction,High,Confirmed,190.69
2417,482580,15958,2022-07-28 06:32:21,Possible Account Takeover,Medium,False Positive,850.67
2418,851263,16239,2022-09-22 07:34:30,Suspicious Merchant,High,Confirmed,10832.64
2419,189059,5702,2024-06-26 08:43:16,Velocity Anomaly,Medium,False Positive,3417.87
2420,434094,950,2025-03-08 11:48:19,Possible Account Takeover,Medium,False Positive,7622.41
2421,801020,12584,2023-09-18 12:28:31,Unusual Transaction,Low,Open,3339.51
2422,198581,3716,2025-04-17 04:40:03,Velocity Anomaly,High,Closed,598.13
2423,943369,105,2022-06-20 01:49:52,Geographic Anomaly,High,Confirmed,833.21
2424,969467,10570,2025-11-23 20:49:01,Unusual Transaction,High,Confirmed,1959.65
2425,808358,13991,2023-11-18 03:20:20,Unusual Transaction,Medium,Closed,1021.61
2426,228922,21476,2022-09-07 07:46:29,Geographic Anomaly,Low,Confirmed,631.26
2427,73434,5031,2022-02-08 21:43:42,Suspicious Merchant,High,False Positive,857.45
2428,82968,9357,2024-03-08 03:16:42,Unusual Transaction,High,False Positive,1020.33
2429,973507,15862,2022-11-12 07:48:27,Velocity Anomaly,High,Investigating,860.53
2430,180106,6531,2023-02-22 16:25:16,Possible Account Takeover,High,Closed,1730.69
2431,161306,12948,2024-01-26 22:38:38,Unusual Transaction,High,Confirmed,285.18
2432,429902,1351,2023-10-07 22:36:28,Velocity Anomaly,Medium,Confirmed,167.43
2433,268994,16022,2022-03-21 18:37:20,High Value Transaction,High,Closed,129.57
2434,319755,10894,2025-03-20 14:05:59,Velocity Anomaly,Medium,False Positive,2286.92
2435,756987,21378,2024-02-01 17:30:27,Possible Account Takeover,High,False Positive,591.66
2436,574293,11395,2022-03-14 11:03:58,Velocity Anomaly,High,False Positive,1054.93
2437,142498,2196,2024-02-27 17:49:42,Geographic Anomaly,Low,Investigating,493.55
2438,428579,6540,2024-02-10 06:30:16,Possible Account Takeover,Medium,Investigating,1872.68
2439,416363,9023,2025-09-05 06:39:37,Suspicious Merchant,Low,Open,299.92
2440,93059,20643,2022-05-13 23:21:30,High Value Transaction,Low,Closed,3172.23
2441,309790,1308,2022-10-22 05:09:19,Geographic Anomaly,Medium,Investigating,530.57
2442,652487,24378,2025-07-06 17:03:35,Suspicious Merchant,High,Confirmed,2661.77
2443,935272,20841,2025-02-25 23:18:05,Velocity Anomaly,Low,Confirmed,20076.13
2444,124022,11169,2023-04-06 19:49:10,Possible Account Takeover,Medium,Confirmed,729.4
2445,757968,14415,2023-04-12 16:36:10,High Value Transaction,High,False Positive,665.13
2446,540939,8175,2022-07-08 08:40:14,Geographic Anomaly,High,Closed,3182.13
2447,434564,21797,2022-07-12 10:33:33,Suspicious Merchant,Medium,Confirmed,513.46
2448,415117,4365,2022-05-15 20:45:54,Suspicious Merchant,High,Confirmed,433.14
2449,615425,20643,2022-02-24 17:42:13,High Value Transaction,Medium,False Positive,783.44
2450,674240,3202,2023-01-25 08:41:57,Velocity Anomaly,Low,Confirmed,141.66
2451,511986,4744,2024-02-29 03:37:28,High Value Transaction,Low,Closed,698.63
2452,986800,19420,2024-05-03 09:54:47,Suspicious Merchant,Low,False Positive,530.49
2453,729726,13687,2022-01-09 03:45:32,Unusual Transaction,Medium,Confirmed,70.12
2454,298964,23013,2025-04-05 09:55:40,Geographic Anomaly,High,Closed,16021.49
2455,638947,24429,2023-02-01 20:08:51,High Value Transaction,High,Confirmed,7785.63
2456,846762,19222,2025-12-20 23:12:40,Suspicious Merchant,Medium,Investigating,409.41
2457,506447,2991,2024-05-29 19:08:20,Velocity Anomaly,Medium,Investigating,298.75
2458,810533,17403,2022-03-25 10:38:38,Suspicious Merchant,Medium,Closed,590.11
2459,254578,12049,2023-10-08 17:50:16,Velocity Anomaly,High,False Positive,2275.74
2460,232955,13341,2024-01-26 10:14:19,High Value Transaction,High,Confirmed,3544.76
2461,157416,7642,2024-03-27 15:38:46,Velocity Anomaly,Low,False Positive,3631.4
2462,285393,2765,2023-02-09 05:02:17,Possible Account Takeover,Low,False Positive,848.41
2463,552701,2711,2022-10-18 10:22:30,Possible Account Takeover,Medium,Confirmed,1873.6
2464,273317,13543,2025-11-17 15:23:03,Possible Account Takeover,Medium,False Positive,7612.11
2465,293189,10635,2024-12-21 07:58:33,Unusual Transaction,Medium,False Positive,283.04
2466,571987,8592,2022-09-11 12:11:04,High Value Transaction,Medium,False Positive,86.54
2467,210130,17223,2023-10-02 21:08:23,Suspicious Merchant,Medium,Open,25361.87
2468,278963,3754,2025-02-27 03:35:32,Suspicious Merchant,Medium,Open,2178.45
2469,66743,13855,2024-03-19 06:27:57,Unusual Transaction,Medium,False Positive,800.45
2470,661791,15922,2025-08-31 23:26:03,Velocity Anomaly,Medium,False Positive,1196.94
2471,36859,6477,2023-09-06 23:30:04,Unusual Transaction,High,False Positive,143.88
2472,738967,16148,2024-11-29 02:33:34,Velocity Anomaly,Critical,False Positive,110.27
2473,463859,5984,2025-12-15 23:40:59,Velocity Anomaly,High,False Positive,107.66
2474,229102,9275,2024-10-21 06:17:09,Geographic Anomaly,High,Closed,581.02
2475,922911,4364,2025-01-21 03:50:41,Suspicious Merchant,Medium,Investigating,1212.16
2476,250343,8158,2022-06-30 01:39:53,Possible Account Takeover,High,Confirmed,2588.3
2477,753577,19370,2025-07-23 12:02:43,Velocity Anomaly,High,Confirmed,947.73
2478,616460,14773,2024-12-22 12:15:25,Geographic Anomaly,Low,Confirmed,736.65
2479,232897,2563,2023-07-28 04:16:40,Suspicious Merchant,Medium,False Positive,2236.59
2480,876087,6080,2025-09-20 14:36:39,Possible Account Takeover,High,Closed,2398.31
2481,318420,13203,2022-03-24 05:23:04,Velocity Anomaly,High,Confirmed,214.84
2482,500255,15459,2022-05-31 12:40:15,Velocity Anomaly,Medium,Closed,1233.81
2483,657176,8342,2025-10-14 16:48:31,Unusual Transaction,Medium,False Positive,1540.52
2484,404972,16927,2022-12-04 03:59:43,Unusual Transaction,High,False Positive,1028.7
2485,477363,5355,2024-03-19 12:48:45,Suspicious Merchant,Medium,False Positive,599.8
2486,219582,7574,2023-12-24 14:19:36,Possible Account Takeover,High,Confirmed,1830.23
2487,211636,8956,2025-02-27 11:34:05,Velocity Anomaly,Medium,Confirmed,759.89
2488,834382,22760,2022-08-28 11:01:14,Suspicious Merchant,High,False Positive,1958.57
2489,764676,13119,2024-06-04 16:19:58,Suspicious Merchant,Medium,Closed,257.76
2490,791942,23363,2022-07-10 02:39:09,High Value Transaction,Medium,False Positive,499.09
2491,184426,13997,2024-03-26 18:47:42,Unusual Transaction,Low,Confirmed,802.67
2492,945548,11111,2024-04-16 06:25:17,Possible Account Takeover,Low,Open,1154.38
2493,679378,15814,2024-06-03 20:12:14,Velocity Anomaly,Medium,Closed,2012.66
2494,30005,20221,2025-04-20 05:47:56,Suspicious Merchant,Medium,Confirmed,230.63
2495,294104,15077,2024-05-17 09:18:01,Velocity Anomaly,Medium,Closed,97.7
2496,771656,22984,2023-05-20 07:44:35,High Value Transaction,Low,False Positive,789.12
2497,343666,229,2022-09-15 07:46:59,Possible Account Takeover,High,False Positive,590.49
2498,275109,11695,2023-02-13 13:08:12,Suspicious Merchant,High,False Positive,829.11
2499,302651,22435,2024-04-16 23:12:07,Velocity Anomaly,Low,Confirmed,290.86
2500,786183,15849,2025-10-13 03:36:43,Unusual Transaction,Medium,False Positive,439.42
2501,926558,14600,2022-12-20 18:01:11,High Value Transaction,High,False Positive,2830.49
2502,292841,22299,2022-01-08 16:38:00,Possible Account Takeover,Medium,False Positive,198.43
2503,460471,6847,2024-12-01 06:28:56,High Value Transaction,Medium,False Positive,371.01
2504,724263,19891,2022-03-23 15:00:21,Unusual Transaction,High,Investigating,548.04
2505,374689,9671,2022-12-20 20:38:09,Possible Account Takeover,Low,False Positive,1404.77
2506,865360,12151,2023-03-10 18:21:05,High Value Transaction,Medium,Open,504.41
2507,691911,10065,2023-06-28 15:42:02,Geographic Anomaly,Low,Investigating,970.0
2508,433974,14215,2022-02-05 23:11:59,Unusual Transaction,Medium,False Positive,377.96
2509,355089,2805,2024-05-03 23:22:50,Unusual Transaction,Low,Open,1690.36
2510,610095,20344,2024-05-10 03:30:37,Unusual Transaction,High,False Positive,1252.2
2511,411529,11988,2022-12-25 17:09:51,Geographic Anomaly,Medium,Investigating,387.46
2512,362351,9191,2024-02-04 13:53:36,Geographic Anomaly,Low,Confirmed,361.93
2513,792664,3166,2024-12-23 18:52:01,Velocity Anomaly,Medium,Investigating,1344.98
2514,252686,8379,2023-06-27 00:58:50,Suspicious Merchant,Medium,Investigating,537.65
2515,898318,21628,2022-12-17 04:02:56,High Value Transaction,Medium,False Positive,1319.18
2516,547586,1467,2025-02-11 13:00:49,Velocity Anomaly,Medium,False Positive,1466.96
2517,435081,9847,2023-03-08 08:15:25,High Value Transaction,Low,Closed,163.99
2518,88847,9895,2023-12-23 12:33:52,Suspicious Merchant,Medium,Open,552.32
2519,743297,1869,2022-04-02 15:49:36,Geographic Anomaly,Medium,False Positive,15493.92
2520,958881,2772,2023-11-19 14:45:12,Suspicious Merchant,Low,False Positive,1113.03
2521,166877,19373,2022-12-30 06:58:31,Geographic Anomaly,High,Confirmed,7140.29
2522,689486,4510,2025-12-03 02:23:36,Suspicious Merchant,Medium,False Positive,4998.48
2523,546262,15737,2025-09-16 12:07:28,Velocity Anomaly,Medium,False Positive,278.68
2524,849890,13804,2023-12-20 08:44:05,Possible Account Takeover,Medium,Confirmed,2023.02
2525,920978,13082,2022-04-24 05:52:19,Velocity Anomaly,Medium,False Positive,589.8
2526,306235,11871,2023-07-21 15:24:53,High Value Transaction,High,Confirmed,294.63
2527,422361,1397,2024-09-02 22:25:18,Velocity Anomaly,Low,Confirmed,1368.09
2528,668745,3030,2023-11-23 02:18:40,Unusual Transaction,Low,Confirmed,326.06
2529,675769,9864,2023-06-14 02:23:36,High Value Transaction,Low,Closed,446.98
2530,787090,5580,2023-11-24 02:54:10,Suspicious Merchant,Low,Confirmed,491.37
2531,378095,19466,2025-04-25 03:37:37,High Value Transaction,Low,Confirmed,267.86
2532,355874,6025,2022-01-21 21:19:09,Possible Account Takeover,High,False Positive,151.9
2533,188738,5579,2025-07-29 14:06:05,Geographic Anomaly,Medium,False Positive,205.43
2534,618548,15796,2024-05-07 16:51:48,Suspicious Merchant,Critical,False Positive,234.36
2535,115124,19763,2023-07-15 19:57:54,High Value Transaction,Low,Open,2565.53
2536,105157,12719,2022-06-23 12:51:30,Suspicious Merchant,Medium,False Positive,1010.37
2537,93719,17885,2025-05-11 23:51:57,Suspicious Merchant,Critical,Confirmed,1032.54
2538,460320,14313,2024-10-07 05:35:33,Suspicious Merchant,High,False Positive,1451.95
2539,426653,11201,2024-04-17 08:07:08,Geographic Anomaly,Medium,False Positive,418.42
2540,476177,22598,2024-11-03 20:32:34,Velocity Anomaly,Medium,False Positive,9399.85
2541,840542,13632,2025-10-20 13:06:21,Suspicious Merchant,High,False Positive,4382.24
2542,797602,8842,2024-04-21 13:50:38,Unusual Transaction,Medium,False Positive,1439.58
2543,635701,24173,2025-10-13 12:29:05,Possible Account Takeover,Low,False Positive,118.39
2544,517386,16122,2022-08-27 08:10:25,Geographic Anomaly,High,Confirmed,995.96
2545,343774,23004,2024-04-21 05:27:53,High Value Transaction,Medium,Investigating,5107.78
2546,479067,8653,2023-03-07 10:53:12,Geographic Anomaly,Low,Closed,7768.95
2547,19416,13025,2024-05-21 11:54:10,High Value Transaction,Medium,Confirmed,917.9
2548,982085,21310,2025-08-08 14:54:46,Geographic Anomaly,Medium,False Positive,709.55
2549,683617,24879,2025-08-07 21:44:24,High Value Transaction,High,False Positive,153.18
2550,915213,7289,2025-02-05 06:25:28,Suspicious Merchant,Low,Open,876.19
2551,417695,21403,2022-07-31 03:33:45,Velocity Anomaly,High,Closed,9912.36
2552,417954,17776,2024-11-04 10:42:47,High Value Transaction,Medium,False Positive,2287.9
2553,835558,6493,2023-12-22 21:32:55,High Value Transaction,Medium,False Positive,659.88
2554,947238,17153,2024-05-01 10:50:49,Unusual Transaction,Low,Open,637.57
2555,503699,15871,2022-06-17 14:31:11,High Value Transaction,High,False Positive,3023.83
2556,869189,19547,2025-04-07 10:39:11,Unusual Transaction,High,Open,1263.58
2557,25365,22445,2025-10-09 00:12:05,Possible Account Takeover,Medium,False Positive,1087.76
2558,650780,12146,2024-09-15 13:58:09,Suspicious Merchant,Low,False Positive,2309.79
2559,301729,18731,2023-10-01 22:08:10,Unusual Transaction,Medium,Investigating,568.85
2560,786605,17131,2022-06-19 11:11:45,Velocity Anomaly,High,False Positive,71.34
2561,44856,24168,2024-07-08 03:08:10,Suspicious Merchant,Low,Confirmed,8080.01
2562,973612,24498,2024-09-12 10:16:59,Unusual Transaction,Medium,False Positive,2182.03
2563,493413,20708,2025-08-08 10:00:16,Suspicious Merchant,Medium,False Positive,187.0
2564,214541,2147,2022-07-12 08:30:54,Suspicious Merchant,Medium,Confirmed,269.33
2565,825185,22813,2024-09-05 14:51:43,Suspicious Merchant,Medium,Confirmed,903.6
2566,218056,11269,2025-04-19 20:24:08,Possible Account Takeover,Low,Closed,185.46
2567,782905,6638,2022-04-19 22:04:34,Velocity Anomaly,High,Confirmed,189.96
2568,125457,22545,2025-12-13 18:15:38,Geographic Anomaly,Medium,Confirmed,1487.59
2569,505615,2795,2023-01-23 05:20:04,Geographic Anomaly,Medium,Open,1068.37
2570,469783,14351,2025-09-22 19:36:24,Unusual Transaction,Medium,Confirmed,469.9
2571,373642,13759,2024-12-24 07:22:09,Suspicious Merchant,Medium,False Positive,2118.94
2572,587397,4302,2025-12-11 16:15:32,Unusual Transaction,High,False Positive,105.98
2573,807385,4966,2022-02-08 17:58:27,Possible Account Takeover,Medium,Investigating,3564.52
2574,764646,6420,2023-05-01 00:37:27,Possible Account Takeover,Medium,Confirmed,619.38
2575,602265,12692,2025-10-17 17:53:10,High Value Transaction,Medium,Investigating,146.27
2576,213410,11976,2025-05-29 14:31:34,Possible Account Takeover,Medium,Closed,205.5
2577,881163,22054,2022-07-26 20:50:51,High Value Transaction,Medium,False Positive,2305.85
2578,195411,10692,2024-03-05 01:48:08,Velocity Anomaly,Low,False Positive,141.24
2579,968088,13341,2024-10-20 20:14:16,Unusual Transaction,Low,False Positive,246.89
2580,366921,1143,2024-01-29 09:53:31,Velocity Anomaly,High,Closed,525.08
2581,656970,70,2022-05-14 12:55:43,Possible Account Takeover,Low,Closed,2965.7
2582,529665,14854,2025-06-07 09:15:49,Velocity Anomaly,Low,Open,840.67
2583,687218,23338,2022-02-25 14:17:09,Velocity Anomaly,High,Closed,5549.26
2584,563087,1987,2023-03-22 08:34:09,Velocity Anomaly,Low,Closed,86.55
2585,256367,14955,2024-11-12 06:47:01,Possible Account Takeover,Medium,Confirmed,48.0
2586,453278,2649,2025-05-22 19:52:53,Suspicious Merchant,Medium,False Positive,1375.17
2587,880865,11220,2022-03-14 09:17:28,Velocity Anomaly,Low,False Positive,170.33
2588,711135,16871,2022-01-30 01:01:49,High Value Transaction,Medium,False Positive,896.12
2589,704105,23008,2025-04-28 22:05:10,Possible Account Takeover,Low,Investigating,856.9
2590,56244,12043,2022-05-24 01:05:28,Velocity Anomaly,High,False Positive,1045.75
2591,822246,16439,2025-05-21 18:19:59,Suspicious Merchant,Medium,Open,159.86
2592,624760,16297,2022-02-08 14:56:04,Possible Account Takeover,Low,False Positive,58.34
2593,530362,11131,2023-08-29 05:48:36,Geographic Anomaly,Low,Closed,1027.9
2594,259804,13758,2023-11-23 21:02:45,Suspicious Merchant,Medium,False Positive,3507.87
2595,858502,10407,2024-07-26 04:35:31,High Value Transaction,Low,False Positive,815.16
2596,355001,16064,2023-02-17 04:21:58,Velocity Anomaly,Medium,False Positive,288.47
2597,523543,16982,2022-07-08 08:11:34,Geographic Anomaly,Medium,Confirmed,1992.93
2598,616666,17671,2022-02-09 11:40:10,Geographic Anomaly,High,False Positive,739.79
2599,942736,3043,2025-03-19 15:25:43,Possible Account Takeover,Medium,False Positive,703.72
2600,895212,522,2024-05-01 13:50:10,Geographic Anomaly,High,Investigating,2058.3
2601,533646,7135,2022-02-13 07:55:21,High Value Transaction,High,Investigating,993.29
2602,900835,21796,2023-09-30 17:09:19,High Value Transaction,Low,False Positive,347.58
2603,750710,9775,2025-07-17 09:44:50,Unusual Transaction,High,Confirmed,1832.67
2604,32446,8259,2024-07-07 18:13:32,High Value Transaction,High,Closed,266.01
2605,629569,9886,2023-06-14 09:43:18,Suspicious Merchant,Medium,Confirmed,1799.52
2606,751730,18667,2022-05-08 02:07:23,Geographic Anomaly,Critical,Open,156.27
2607,684406,16386,2024-06-22 21:01:56,High Value Transaction,Medium,False Positive,49523.38
2608,984543,18148,2025-06-18 10:13:46,Possible Account Takeover,Medium,False Positive,1097.8
2609,398821,949,2022-06-17 02:58:52,Unusual Transaction,High,False Positive,1225.86
2610,477821,511,2024-03-23 17:45:49,Geographic Anomaly,Medium,False Positive,3098.79
2611,145860,16152,2022-01-10 21:29:17,Unusual Transaction,Medium,False Positive,6102.23
2612,336067,923,2023-09-17 17:46:33,Geographic Anomaly,Low,False Positive,552.71
2613,298192,21827,2023-01-03 16:24:30,Possible Account Takeover,High,Open,838.24
2614,179653,2057,2023-09-26 22:35:18,Unusual Transaction,High,Confirmed,473.87
2615,300708,9002,2023-11-25 22:04:02,Velocity Anomaly,Medium,Investigating,2594.01
2616,329169,19860,2025-08-09 09:56:39,Suspicious Merchant,Critical,Open,305.57
2617,865182,1907,2025-08-25 15:43:47,Suspicious Merchant,Medium,Investigating,3892.27
2618,448473,21565,2024-03-29 01:31:15,Geographic Anomaly,Low,Investigating,3797.8
2619,39017,4152,2022-05-02 01:44:12,Velocity Anomaly,High,Closed,2396.5
2620,890141,11697,2024-07-19 17:57:09,Unusual Transaction,High,Confirmed,689.69
2621,846450,1720,2024-12-09 04:42:07,Velocity Anomaly,Low,Investigating,697.09
2622,310983,23529,2022-12-04 00:19:32,Velocity Anomaly,Low,False Positive,414.6
2623,219904,8499,2023-02-23 15:32:55,Unusual Transaction,High,Confirmed,676.68
2624,136768,7197,2023-02-23 16:42:19,Possible Account Takeover,Critical,Confirmed,2753.88
2625,647937,21108,2023-01-10 15:38:53,Velocity Anomaly,Medium,Confirmed,34965.14
2626,823559,5386,2025-07-29 01:57:42,Velocity Anomaly,Medium,Confirmed,3454.92
2627,859121,5031,2025-07-31 08:13:04,Possible Account Takeover,Critical,Confirmed,3408.81
2628,209809,23099,2022-05-15 14:20:17,Velocity Anomaly,High,Confirmed,1441.25
2629,581864,5873,2022-09-25 00:51:22,Velocity Anomaly,Medium,Closed,2857.4
2630,629135,391,2023-02-10 14:29:34,Velocity Anomaly,High,Investigating,88.09
2631,249242,671,2022-09-20 22:51:12,Suspicious Merchant,High,Investigating,356.94
2632,181882,3066,2024-03-01 09:24:12,High Value Transaction,High,False Positive,426.11
2633,833334,8732,2023-10-04 23:59:53,Possible Account Takeover,High,Confirmed,8872.59
2634,905250,22479,2024-04-27 17:17:31,Velocity Anomaly,Medium,Confirmed,1063.13
2635,95700,18902,2025-10-12 10:15:35,Suspicious Merchant,Medium,False Positive,2604.81
2636,299975,19813,2023-05-20 00:37:59,Possible Account Takeover,Medium,Closed,535.87
2637,168359,8989,2022-07-26 08:05:01,Geographic Anomaly,Medium,False Positive,3423.84
2638,925260,12150,2023-08-03 06:51:48,Geographic Anomaly,High,Investigating,5566.34
2639,920654,11632,2024-12-09 23:27:28,Velocity Anomaly,Critical,Closed,2724.17
2640,786057,7965,2025-01-30 14:32:12,Suspicious Merchant,Medium,Confirmed,1660.74
2641,966309,11926,2022-09-08 19:48:13,Suspicious Merchant,Medium,Investigating,3423.13
2642,660094,1736,2022-12-24 21:05:05,Possible Account Takeover,Medium,Confirmed,293.14
2643,300505,1949,2024-08-22 18:06:09,Possible Account Takeover,High,False Positive,155.97
2644,849003,24710,2023-11-19 15:36:29,Suspicious Merchant,Medium,Open,577.72
2645,381747,3086,2025-06-24 14:32:55,Possible Account Takeover,Low,False Positive,506.64
2646,372878,4433,2024-01-06 21:51:53,Suspicious Merchant,Medium,Closed,858.19
2647,492132,8225,2023-04-09 21:34:57,High Value Transaction,Low,Confirmed,204.93
2648,875035,17101,2023-10-07 20:32:49,Suspicious Merchant,Low,False Positive,13.83
2649,652804,21904,2023-09-24 00:07:03,Geographic Anomaly,High,Confirmed,1086.57
2650,279258,19088,2022-12-22 18:57:23,Possible Account Takeover,Medium,Confirmed,593.14
2651,27698,21290,2022-02-20 15:22:12,Suspicious Merchant,Medium,Confirmed,793.99
2652,628855,6078,2023-09-26 14:49:50,Suspicious Merchant,Low,False Positive,580.37
2653,158701,14635,2022-05-02 14:47:18,Possible Account Takeover,Low,Confirmed,403.66
2654,841580,18608,2022-03-11 02:55:14,High Value Transaction,High,False Positive,6882.2
2655,741444,15861,2023-10-21 12:05:06,High Value Transaction,Medium,Closed,61.55
2656,580383,19178,2022-08-26 03:58:07,Possible Account Takeover,High,Closed,6543.04
2657,627290,8150,2023-12-15 22:10:29,Unusual Transaction,Medium,Investigating,3326.35
2658,423771,20860,2022-11-25 13:54:37,Possible Account Takeover,Medium,Open,1275.13
2659,379567,19113,2022-04-19 20:36:06,Possible Account Takeover,Medium,Confirmed,753.64
2660,632683,10622,2022-08-09 21:25:36,High Value Transaction,High,False Positive,958.41
2661,115582,22657,2025-05-19 23:13:07,High Value Transaction,Medium,Closed,224.35
2662,293612,20041,2024-06-26 16:39:08,Possible Account Takeover,High,False Positive,2832.52
2663,238004,4521,2025-06-19 17:13:31,Possible Account Takeover,Medium,False Positive,2731.07
2664,967911,6462,2024-08-12 17:42:39,Possible Account Takeover,Medium,Open,1815.39
2665,535514,12671,2025-11-29 14:41:38,High Value Transaction,High,False Positive,4775.98
2666,489080,13942,2024-09-20 07:31:41,Possible Account Takeover,High,Investigating,1158.26
2667,207101,17719,2022-08-05 18:16:53,Possible Account Takeover,Medium,Open,212.54
2668,420588,22519,2022-11-01 17:46:25,Velocity Anomaly,Low,Closed,382.36
2669,375610,12298,2022-09-12 06:07:32,Unusual Transaction,Medium,False Positive,189.87
2670,886933,1796,2025-11-15 16:56:56,Geographic Anomaly,Medium,Investigating,306.9
2671,247371,21890,2022-05-24 23:58:16,Unusual Transaction,Critical,Confirmed,241.59
2672,771772,21412,2024-12-23 19:12:46,Velocity Anomaly,Medium,Open,378.45
2673,665565,24561,2023-06-12 00:22:45,Geographic Anomaly,Low,False Positive,800.27
2674,546816,22831,2025-07-01 14:24:32,Possible Account Takeover,Critical,Confirmed,2993.41
2675,638482,10787,2022-09-20 16:09:36,Velocity Anomaly,High,Closed,134.09
2676,822972,11604,2023-02-26 15:03:22,Possible Account Takeover,Low,Confirmed,790.73
2677,23970,20948,2022-03-20 21:20:02,High Value Transaction,High,Confirmed,1488.82
2678,401907,15273,2024-10-11 16:44:28,Suspicious Merchant,Medium,Open,718.27
2679,840891,4437,2022-10-23 01:44:26,Velocity Anomaly,Medium,Confirmed,1521.16
2680,696117,17238,2025-08-23 00:45:14,High Value Transaction,High,False Positive,363.87
2681,179644,1016,2024-07-02 22:55:00,Velocity Anomaly,Medium,False Positive,2210.09
2682,656348,82,2023-02-23 07:59:04,Velocity Anomaly,Low,Investigating,2195.49
2683,768190,24236,2023-08-11 16:15:53,High Value Transaction,Medium,False Positive,2568.1
2684,673691,20152,2024-02-12 15:24:55,Geographic Anomaly,High,False Positive,255.6
2685,74182,9022,2024-05-31 08:42:48,Unusual Transaction,Low,Confirmed,9152.21
2686,66546,3580,2023-11-30 11:01:08,Possible Account Takeover,Medium,Investigating,209.47
2687,220122,14868,2022-12-31 08:05:41,Velocity Anomaly,High,Confirmed,541.56
2688,883020,4098,2024-06-29 12:34:25,Possible Account Takeover,Medium,False Positive,3203.73
2689,290109,3904,2024-06-19 09:09:17,Suspicious Merchant,High,Open,4132.73
2690,766759,23281,2023-11-20 22:08:41,High Value Transaction,High,Confirmed,1226.42
2691,160937,1563,2024-06-15 15:16:38,Possible Account Takeover,Medium,False Positive,205.19
2692,678943,19988,2023-12-12 21:26:21,High Value Transaction,Medium,Closed,713.74
2693,714371,14130,2024-06-30 00:01:48,Possible Account Takeover,Medium,Confirmed,963.84
2694,702501,19946,2024-06-06 06:32:40,Unusual Transaction,Medium,Investigating,86.66
2695,633447,1661,2025-10-30 09:53:46,Unusual Transaction,High,False Positive,1819.25
2696,869292,6908,2023-07-21 09:07:01,Unusual Transaction,Medium,Confirmed,175.45
2697,826747,10257,2024-03-10 12:21:31,Unusual Transaction,Medium,Investigating,354.36
2698,79692,800,2025-11-25 01:01:00,Unusual Transaction,Medium,False Positive,285.75
2699,14270,5564,2025-09-26 20:02:23,Unusual Transaction,Medium,Closed,846.1
2700,640786,19127,2024-08-12 18:41:37,High Value Transaction,Low,False Positive,586.42
2701,517559,7150,2025-04-21 19:55:00,Velocity Anomaly,High,Investigating,1435.51
2702,619038,16899,2023-02-26 16:59:05,Possible Account Takeover,Medium,False Positive,1112.27
2703,409569,7030,2023-02-17 17:25:41,Unusual Transaction,High,Investigating,102.89
2704,929323,22878,2022-10-18 18:12:51,High Value Transaction,Medium,Confirmed,298.72
2705,188084,3302,2025-03-11 12:19:20,High Value Transaction,Medium,Closed,107.1
2706,610635,18688,2025-10-09 22:01:05,High Value Transaction,Low,Closed,329.64
2707,626104,12768,2023-05-06 15:42:19,Velocity Anomaly,High,Investigating,1147.36
2708,299258,23456,2025-10-17 03:36:25,Possible Account Takeover,Low,Open,1369.37
2709,59293,10662,2023-10-03 19:32:49,Velocity Anomaly,Low,Confirmed,168.16
2710,352872,21846,2025-04-12 18:38:52,Geographic Anomaly,Medium,False Positive,503.69
2711,875431,20715,2022-12-01 20:12:26,High Value Transaction,High,Closed,292.49
2712,717710,14685,2022-11-01 10:37:28,Geographic Anomaly,Low,Investigating,452.98
2713,275347,13928,2023-10-01 11:33:25,Suspicious Merchant,Low,Confirmed,133.32
2714,576524,17048,2025-03-14 11:38:44,Unusual Transaction,High,Confirmed,412.12
2715,582767,21913,2024-11-22 01:54:34,Unusual Transaction,High,Open,1360.56
2716,820128,13826,2025-07-27 09:59:27,Velocity Anomaly,Low,False Positive,105.18
2717,864412,3373,2024-12-07 05:15:18,Possible Account Takeover,Medium,False Positive,428.97
2718,805148,228,2022-05-04 07:04:05,Geographic Anomaly,Medium,Investigating,3147.78
2719,509341,10412,2025-11-01 22:27:20,Possible Account Takeover,Medium,Investigating,1928.49
2720,450698,2718,2025-04-16 20:21:57,Velocity Anomaly,High,Investigating,1005.75
2721,294818,5172,2023-04-06 13:17:00,Unusual Transaction,Low,Confirmed,313.1
2722,183729,7914,2022-08-22 15:54:46,Possible Account Takeover,High,Investigating,481.16
2723,444345,13334,2022-06-29 14:07:19,Possible Account Takeover,Medium,False Positive,1670.93
2724,822346,24267,2022-03-12 03:40:45,Unusual Transaction,Medium,Confirmed,3444.16
2725,3382,6644,2023-05-07 19:44:20,Geographic Anomaly,High,Investigating,5459.14
2726,760919,5881,2023-02-02 02:31:50,Unusual Transaction,High,False Positive,3529.57
2727,782692,18863,2025-07-03 18:18:54,Possible Account Takeover,Low,Investigating,23.29
2728,602002,2466,2024-06-10 10:38:18,Geographic Anomaly,Low,False Positive,4427.75
2729,916955,8363,2022-01-25 06:53:42,Geographic Anomaly,Low,False Positive,1700.78
2730,390742,7022,2025-02-28 07:48:30,Unusual Transaction,Critical,False Positive,457.55
2731,930041,4082,2025-12-25 19:53:05,Possible Account Takeover,High,Open,282.91
2732,48783,18358,2025-08-17 09:22:10,Velocity Anomaly,Medium,False Positive,1190.29
2733,939141,24508,2025-11-06 19:35:08,Possible Account Takeover,Low,Open,1289.42
2734,259290,24115,2024-08-18 21:55:53,High Value Transaction,High,Closed,891.55
2735,798765,14492,2024-02-17 22:54:47,Suspicious Merchant,High,False Positive,9838.06
2736,331374,4627,2024-01-26 18:24:36,Velocity Anomaly,High,Confirmed,207.08
2737,389655,11550,2025-10-22 01:26:00,Geographic Anomaly,Medium,Confirmed,441.14
2738,988861,21728,2024-11-14 12:09:34,Velocity Anomaly,Low,Closed,1655.08
2739,932405,14681,2022-11-10 10:40:53,Geographic Anomaly,Medium,Closed,1397.57
2740,374503,4966,2023-12-26 23:25:27,Geographic Anomaly,High,Closed,5397.69
2741,841976,5233,2023-09-27 19:23:32,Velocity Anomaly,Low,False Positive,302.75
2742,996998,23830,2024-10-01 15:03:54,Geographic Anomaly,Medium,False Positive,3508.28
2743,43313,14273,2023-07-16 04:00:49,Geographic Anomaly,Medium,False Positive,1565.31
2744,574983,11584,2025-12-07 02:42:37,High Value Transaction,High,Open,2028.19
2745,273002,11429,2023-06-09 16:58:47,Possible Account Takeover,Medium,Open,298.5
2746,613139,5876,2025-07-29 18:19:50,Possible Account Takeover,Low,False Positive,3499.43
2747,171517,11339,2025-10-23 11:24:37,Suspicious Merchant,Medium,Confirmed,629.58
2748,939288,19548,2022-07-18 15:07:31,Suspicious Merchant,Medium,False Positive,3240.98
2749,306871,12239,2023-07-28 12:17:14,High Value Transaction,Low,Investigating,471.61
2750,801883,614,2024-04-28 04:31:10,Suspicious Merchant,High,False Positive,74.04
2751,724115,16561,2025-12-27 01:04:01,Velocity Anomaly,Low,Investigating,474.96
2752,175894,1805,2024-07-17 00:39:23,Unusual Transaction,Medium,Confirmed,1133.75
2753,271556,17705,2023-10-15 11:27:11,Unusual Transaction,Low,Confirmed,1864.39
2754,686552,2201,2022-11-23 10:00:00,Unusual Transaction,Low,Investigating,699.02
2755,432744,3166,2025-04-13 02:54:21,High Value Transaction,Medium,Closed,15395.01
2756,102183,2141,2024-09-11 22:00:36,High Value Transaction,Low,False Positive,618.94
2757,785625,2101,2023-07-27 21:51:05,Geographic Anomaly,Medium,Closed,457.17
2758,456701,1638,2025-08-27 13:10:07,Unusual Transaction,Low,Confirmed,190.59
2759,459059,24984,2024-08-22 16:14:28,Velocity Anomaly,High,Investigating,765.08
2760,832902,11045,2023-12-04 00:19:53,Suspicious Merchant,Low,Open,273.17
2761,107530,17107,2025-06-29 19:00:26,Velocity Anomaly,Low,Open,74.55
2762,883266,7639,2025-01-02 21:53:33,Suspicious Merchant,Medium,Investigating,606.82
2763,364822,6218,2025-03-02 18:26:42,Unusual Transaction,High,Open,324.96
2764,776409,19398,2024-02-07 07:28:22,Unusual Transaction,Medium,Closed,1172.67
2765,543373,19558,2023-11-01 23:52:28,Unusual Transaction,High,Closed,1862.31
2766,315893,2591,2023-06-04 14:59:50,High Value Transaction,Low,Closed,1733.4
2767,275494,23300,2023-05-06 21:56:05,Suspicious Merchant,High,Closed,213.85
2768,609902,15027,2024-04-02 19:17:52,High Value Transaction,Low,Confirmed,173.91
2769,954058,10723,2022-06-08 03:20:19,High Value Transaction,Low,False Positive,1871.49
2770,761466,3560,2022-05-29 15:28:22,Possible Account Takeover,Medium,Investigating,937.36
2771,445586,17563,2023-07-23 23:31:07,Velocity Anomaly,Medium,Investigating,471.91
2772,134703,17503,2022-05-21 21:05:58,Velocity Anomaly,Critical,False Positive,575.59
2773,168527,7448,2024-07-02 00:28:54,Geographic Anomaly,Low,Closed,250.48
2774,818397,2066,2025-02-17 22:13:47,High Value Transaction,Critical,False Positive,294.68
2775,563629,20572,2022-02-18 17:36:19,Suspicious Merchant,Medium,False Positive,4946.58
2776,89574,7983,2024-01-23 23:31:14,Possible Account Takeover,Medium,Confirmed,722.76
2777,746642,24250,2025-08-17 16:58:20,Possible Account Takeover,Low,Confirmed,291.13
2778,983504,22748,2023-05-09 10:21:50,Velocity Anomaly,Medium,Confirmed,7725.01
2779,210051,18218,2023-08-13 20:41:24,High Value Transaction,High,Closed,1775.41
2780,77672,6783,2025-04-10 16:22:50,Geographic Anomaly,Medium,Closed,83.49
2781,533226,7174,2025-11-22 14:00:20,High Value Transaction,High,False Positive,906.79
2782,733544,11734,2023-10-05 18:01:55,Unusual Transaction,Critical,Investigating,1056.02
2783,895235,19289,2023-01-12 18:46:14,High Value Transaction,Medium,Confirmed,469.7
2784,47164,24597,2025-07-03 20:00:12,Unusual Transaction,Medium,Confirmed,1272.37
2785,818489,6818,2025-10-25 02:49:21,Unusual Transaction,High,Closed,2552.16
2786,848071,1340,2022-12-25 02:19:40,Geographic Anomaly,Low,Investigating,178.16
2787,728496,9777,2025-06-04 00:35:15,Suspicious Merchant,Low,Investigating,18416.52
2788,333165,24057,2023-08-18 17:57:02,Velocity Anomaly,Medium,Confirmed,561.33
2789,713419,10896,2024-09-20 22:26:18,High Value Transaction,Medium,Closed,1620.72
2790,325202,22217,2024-08-07 18:23:26,Unusual Transaction,High,False Positive,672.92
2791,658882,3918,2022-11-20 09:58:04,High Value Transaction,Low,False Positive,4234.96
2792,53758,17405,2025-09-22 23:30:02,Suspicious Merchant,Critical,Confirmed,720.85
2793,68869,15133,2022-04-27 10:51:51,Velocity Anomaly,Low,Investigating,94.88
2794,23713,19433,2022-01-14 21:25:52,Suspicious Merchant,Medium,Investigating,425.48
2795,367600,23384,2025-07-27 17:36:42,Velocity Anomaly,Medium,False Positive,2226.5
2796,413487,3782,2022-03-21 20:47:45,Possible Account Takeover,Low,Closed,1018.9
2797,893771,21060,2024-04-22 21:56:59,Velocity Anomaly,Low,Confirmed,128.81
2798,545544,20489,2022-10-08 17:51:52,Geographic Anomaly,High,Confirmed,1072.76
2799,781699,501,2024-06-30 03:33:10,Suspicious Merchant,High,False Positive,122.98
2800,118524,18049,2023-08-20 00:24:47,Unusual Transaction,Medium,False Positive,124.22
2801,470339,6320,2025-07-10 03:11:14,Possible Account Takeover,Medium,Open,200.16
2802,14131,14112,2023-12-20 11:56:28,Geographic Anomaly,Medium,Confirmed,1273.2
2803,62122,23370,2025-03-04 05:03:42,High Value Transaction,Low,False Positive,69.09
2804,242612,10936,2024-06-21 15:45:57,Suspicious Merchant,High,False Positive,132.86
2805,906523,15996,2025-02-19 08:42:34,Unusual Transaction,High,Closed,822.42
2806,653888,24070,2023-02-20 10:15:33,Velocity Anomaly,Medium,Closed,289.28
2807,245251,22065,2022-03-21 05:31:24,Unusual Transaction,Critical,Open,1027.41
2808,647041,19811,2024-03-12 12:42:34,High Value Transaction,Low,False Positive,825.36
2809,517687,7204,2025-01-28 15:23:42,Possible Account Takeover,High,Confirmed,4213.29
2810,712570,16178,2022-12-13 05:51:42,Possible Account Takeover,Medium,False Positive,1128.61
2811,793868,3147,2022-01-14 11:25:04,Suspicious Merchant,Medium,False Positive,2004.4
2812,528246,11183,2024-10-01 03:00:51,Possible Account Takeover,Medium,False Positive,6111.98
2813,146196,22728,2025-03-27 23:03:24,Suspicious Merchant,Medium,Closed,1129.32
2814,55717,11805,2022-08-08 04:25:39,Suspicious Merchant,High,False Positive,844.84
2815,352908,18233,2023-03-05 15:06:58,Suspicious Merchant,High,Closed,3814.37
2816,222602,12795,2025-12-29 19:51:12,Velocity Anomaly,Medium,Confirmed,1075.71
2817,80900,16576,2025-09-11 04:52:17,Geographic Anomaly,High,Confirmed,10558.44
2818,388902,16796,2024-12-12 10:46:29,Suspicious Merchant,Medium,False Positive,88.76
2819,321524,22999,2023-11-08 19:11:06,Suspicious Merchant,High,Closed,7553.17
2820,706016,22222,2024-04-05 15:02:54,Geographic Anomaly,Low,Confirmed,96.65
2821,675080,8590,2024-05-10 04:04:30,Unusual Transaction,Low,Open,3785.58
2822,790412,11255,2025-08-30 15:09:49,Suspicious Merchant,Medium,Confirmed,1325.52
2823,971531,24767,2022-02-11 05:51:28,Velocity Anomaly,Medium,False Positive,589.38
2824,522018,4348,2023-08-16 00:23:50,Possible Account Takeover,Medium,False Positive,1116.08
2825,45876,9949,2024-02-23 09:44:26,Possible Account Takeover,Medium,False Positive,1916.97
2826,364862,8356,2022-09-26 15:04:35,High Value Transaction,Low,Closed,7805.29
2827,5897,11887,2022-12-26 09:18:41,High Value Transaction,Medium,False Positive,498.4
2828,838665,13479,2024-10-11 16:12:16,Possible Account Takeover,High,Confirmed,126.08
2829,36087,9482,2024-09-24 12:31:43,Possible Account Takeover,High,False Positive,259.77
2830,14843,22903,2022-11-21 17:31:01,Velocity Anomaly,Low,False Positive,2054.3
2831,977889,11410,2024-09-11 20:11:32,Geographic Anomaly,Low,Closed,41.92
2832,927293,4194,2023-01-25 17:18:24,High Value Transaction,High,Investigating,3650.45
2833,667513,3791,2022-05-10 17:11:54,Geographic Anomaly,Low,Investigating,1055.97
2834,628643,9600,2023-08-15 02:50:51,Velocity Anomaly,Low,Investigating,4587.21
2835,417787,17746,2022-09-28 02:48:43,Possible Account Takeover,Low,False Positive,9541.04
2836,97389,23133,2023-05-18 03:20:22,Suspicious Merchant,Medium,Investigating,1774.59
2837,960744,348,2022-12-01 18:16:49,Geographic Anomaly,Medium,False Positive,5784.73
2838,167822,1309,2025-06-30 08:09:52,Possible Account Takeover,Medium,False Positive,878.22
2839,258464,2379,2025-02-09 01:59:44,Possible Account Takeover,Medium,Confirmed,6323.46
2840,525103,3369,2023-10-18 21:15:08,Unusual Transaction,High,False Positive,183.06
2841,907084,11879,2024-10-24 18:47:32,Geographic Anomaly,Low,Closed,756.58
2842,898499,8653,2024-12-16 10:36:11,Suspicious Merchant,High,False Positive,289.5
2843,754012,20487,2024-11-29 05:12:24,Geographic Anomaly,Medium,Investigating,274.16
2844,766610,5333,2024-02-21 20:11:40,Possible Account Takeover,Medium,Confirmed,3815.48
2845,592356,6260,2024-10-31 14:42:36,Suspicious Merchant,Low,False Positive,220.14
2846,523439,9629,2025-10-18 10:04:32,Velocity Anomaly,Low,Investigating,2893.79
2847,788370,10406,2025-11-06 16:04:19,Unusual Transaction,Medium,False Positive,1005.68
2848,220945,11940,2023-11-24 15:45:53,Possible Account Takeover,Medium,Closed,981.9
2849,524694,24797,2023-10-15 18:14:25,High Value Transaction,Low,False Positive,224.87
2850,732301,706,2022-02-17 22:00:10,High Value Transaction,Critical,Confirmed,532.25
2851,175704,6615,2023-03-28 06:47:18,Unusual Transaction,Critical,Confirmed,1794.79
2852,965420,7448,2025-04-16 19:27:16,Velocity Anomaly,Medium,Closed,177.79
2853,885805,3678,2023-10-22 00:14:07,Possible Account Takeover,Critical,Closed,18.41
2854,717436,13230,2022-12-17 23:09:04,Geographic Anomaly,Low,Confirmed,1209.54
2855,427017,6216,2024-06-25 12:24:45,Unusual Transaction,Low,Confirmed,204.88
2856,860946,18647,2024-11-30 05:55:45,Velocity Anomaly,Low,False Positive,415.98
2857,937701,15941,2024-02-02 19:19:45,Geographic Anomaly,Medium,Confirmed,173.53
2858,142889,18665,2025-02-24 00:36:06,High Value Transaction,Low,Investigating,111.01
2859,412808,9737,2025-01-13 04:20:20,High Value Transaction,Critical,Confirmed,522.31
2860,6710,13539,2025-09-21 23:08:06,Geographic Anomaly,Low,Confirmed,819.06
2861,133807,23577,2024-11-15 23:29:57,Unusual Transaction,Medium,Confirmed,405.74
2862,311246,1774,2023-08-29 21:42:30,High Value Transaction,High,Investigating,111.04
2863,421262,20693,2022-07-06 02:11:43,Possible Account Takeover,Low,Open,712.97
2864,965142,10236,2025-07-03 03:52:11,Suspicious Merchant,Low,False Positive,1028.7
2865,230481,7167,2024-10-06 13:52:29,Geographic Anomaly,Medium,False Positive,739.72
2866,43193,525,2025-02-21 01:28:59,Geographic Anomaly,Medium,Investigating,960.03
2867,959351,13896,2024-06-21 10:18:22,High Value Transaction,Low,Closed,868.22
2868,747714,1013,2023-10-08 20:59:48,Unusual Transaction,Medium,Confirmed,24.71
2869,796944,16565,2023-05-24 00:21:34,Possible Account Takeover,Medium,Open,1154.75
2870,803569,4662,2024-05-04 03:38:57,Unusual Transaction,Critical,Investigating,109.88
2871,843784,2949,2022-07-24 11:08:42,Velocity Anomaly,High,False Positive,1169.62
2872,929681,9130,2022-03-08 15:58:15,Velocity Anomaly,Medium,Investigating,1096.7
2873,613450,21687,2024-08-27 09:55:18,Suspicious Merchant,Medium,Open,1153.49
2874,119561,4791,2024-09-13 22:58:36,High Value Transaction,Medium,False Positive,5412.65
2875,656908,18393,2025-11-03 20:47:07,High Value Transaction,Critical,False Positive,126.17
2876,914428,23526,2023-12-22 20:33:27,High Value Transaction,Low,False Positive,1265.82
2877,71371,22252,2023-04-12 03:55:10,Suspicious Merchant,Medium,False Positive,394.15
2878,248621,14287,2022-06-08 19:02:52,Velocity Anomaly,High,Closed,962.24
2879,964441,13453,2022-03-02 21:22:27,Unusual Transaction,Critical,Open,1062.77
2880,548425,17917,2022-11-27 16:26:49,Suspicious Merchant,Low,Open,484.24
2881,873543,17117,2023-08-26 19:03:47,Suspicious Merchant,Low,Closed,1014.38
2882,130496,6042,2023-09-16 04:34:40,Unusual Transaction,Low,False Positive,2038.33
2883,309846,9558,2022-04-25 14:29:53,High Value Transaction,Low,False Positive,1576.57
2884,895017,16369,2025-06-05 21:16:53,Possible Account Takeover,Medium,Open,1711.65
2885,902297,23721,2024-09-24 16:07:32,Unusual Transaction,High,Open,1155.19
2886,485057,12880,2024-12-31 23:18:04,Velocity Anomaly,Medium,Investigating,145.38
2887,628464,4063,2023-12-01 20:00:18,Geographic Anomaly,Low,Confirmed,271.24
2888,902464,20460,2023-11-02 06:49:57,Geographic Anomaly,Low,Investigating,439.92
2889,405081,21501,2024-07-26 07:18:13,Suspicious Merchant,Low,Confirmed,97.22
2890,83372,12311,2025-12-25 08:05:02,Geographic Anomaly,Medium,False Positive,992.8
2891,411712,2540,2023-01-06 15:00:57,Possible Account Takeover,High,Open,862.77
2892,231628,16491,2023-05-16 19:28:12,High Value Transaction,Low,Investigating,677.45
2893,600549,8409,2024-01-16 16:45:17,Velocity Anomaly,Low,Confirmed,705.63
2894,722350,5126,2022-11-27 14:37:00,Possible Account Takeover,Medium,Open,1771.54
2895,963840,16908,2022-08-08 02:58:18,Velocity Anomaly,Medium,Investigating,135.48
2896,469557,21337,2023-11-08 11:13:08,Velocity Anomaly,Medium,Investigating,587.18
2897,865902,7521,2024-12-05 09:21:01,High Value Transaction,High,Confirmed,716.53
2898,114472,9934,2023-11-02 01:05:20,Suspicious Merchant,Low,False Positive,1328.23
2899,511527,24922,2022-08-25 14:55:14,Geographic Anomaly,High,Investigating,3834.97
2900,93643,17639,2025-03-27 01:27:30,High Value Transaction,Medium,False Positive,565.8
2901,652505,3977,2022-11-15 23:09:34,Possible Account Takeover,Medium,Closed,3751.21
2902,442305,12773,2022-04-22 03:12:42,Suspicious Merchant,High,False Positive,3739.82
2903,935998,13260,2023-05-12 23:52:33,Possible Account Takeover,Low,Open,17405.11
2904,412242,13568,2025-09-20 11:29:39,Suspicious Merchant,Medium,Confirmed,692.23
2905,207207,6116,2024-02-21 09:05:51,Possible Account Takeover,Medium,False Positive,1898.37
2906,497315,11683,2024-05-15 14:52:58,High Value Transaction,Medium,Closed,1056.76
2907,580940,17679,2024-11-17 14:32:45,Suspicious Merchant,High,Closed,60.74
2908,375176,21576,2023-06-18 09:44:52,Suspicious Merchant,High,Confirmed,535.14
2909,28228,7965,2022-10-11 16:37:11,Velocity Anomaly,High,False Positive,2948.12
2910,556392,20554,2022-11-06 11:26:54,Velocity Anomaly,Medium,Closed,819.17
2911,603650,10162,2025-02-11 21:52:38,Unusual Transaction,Low,False Positive,1792.4
2912,404127,21008,2023-08-18 07:50:21,Possible Account Takeover,High,Confirmed,91.22
2913,40669,8612,2022-06-27 14:15:45,Velocity Anomaly,High,Confirmed,3828.88
2914,299079,22182,2023-03-03 06:15:52,Unusual Transaction,Low,Investigating,9423.3
2915,943123,5098,2022-11-03 08:15:04,Velocity Anomaly,Medium,Confirmed,8248.8
2916,346309,1381,2024-06-18 20:46:33,Possible Account Takeover,High,False Positive,3635.23
2917,631542,19202,2023-02-24 14:55:42,Suspicious Merchant,Medium,Closed,114.52
2918,298094,9105,2022-06-22 08:54:40,Geographic Anomaly,Medium,Closed,1655.82
2919,545942,17836,2023-09-15 17:44:31,Possible Account Takeover,High,Investigating,113.09
2920,510481,16382,2023-09-12 11:19:23,High Value Transaction,Low,False Positive,250.38
2921,910080,8026,2023-07-08 13:01:41,Velocity Anomaly,Low,Confirmed,2404.17
2922,583370,1788,2023-07-02 07:21:52,Velocity Anomaly,High,False Positive,1992.08
2923,635240,7215,2025-12-02 21:20:51,Suspicious Merchant,Medium,False Positive,1234.98
2924,421624,360,2024-01-14 21:02:01,High Value Transaction,High,Confirmed,8581.37
2925,906463,23922,2023-05-01 11:03:05,Suspicious Merchant,Low,Investigating,768.01
2926,232387,22749,2023-12-31 23:57:15,High Value Transaction,Medium,Investigating,21.9
2927,184528,19257,2025-08-09 02:26:12,Geographic Anomaly,Low,Open,1065.17
2928,564962,23184,2025-03-28 19:59:55,Velocity Anomaly,Critical,Closed,7818.28
2929,428200,17737,2025-02-10 21:13:11,Velocity Anomaly,Medium,Open,216.26
2930,150448,3801,2022-02-18 10:08:32,Geographic Anomaly,Medium,Open,1754.43
2931,395744,9128,2022-06-04 09:29:05,Unusual Transaction,Low,Investigating,878.11
2932,630600,6980,2023-01-05 19:31:12,Suspicious Merchant,Low,Closed,3515.53
2933,604131,9038,2024-10-08 07:23:53,Geographic Anomaly,Medium,Confirmed,6541.46
2934,472286,17435,2023-04-21 04:05:50,Suspicious Merchant,Low,Investigating,153.93
2935,732691,15846,2022-01-10 09:30:16,Possible Account Takeover,Medium,False Positive,1322.04
2936,731740,15147,2023-04-17 15:42:01,Velocity Anomaly,Medium,Confirmed,2649.32
2937,471431,21210,2022-11-04 02:08:12,Suspicious Merchant,High,Confirmed,1128.57
2938,164650,5666,2023-07-24 08:58:03,High Value Transaction,High,False Positive,248.3
2939,762569,21627,2024-06-07 20:11:09,Suspicious Merchant,Medium,Confirmed,1472.2
2940,118950,9965,2024-03-13 22:32:08,Possible Account Takeover,Low,Closed,1429.06
2941,740656,4082,2024-04-15 09:16:28,Velocity Anomaly,High,False Positive,535.88
2942,484905,816,2025-07-18 00:09:40,Geographic Anomaly,High,False Positive,4443.7
2943,981464,14729,2024-04-29 17:20:40,Possible Account Takeover,Low,Confirmed,44.29
2944,644909,7046,2025-01-19 13:54:50,Velocity Anomaly,High,False Positive,3878.28
2945,177310,7443,2024-03-29 08:09:00,Suspicious Merchant,Low,False Positive,279.92
2946,385984,20010,2024-11-24 08:54:44,Unusual Transaction,Low,Investigating,1472.58
2947,215632,15690,2022-05-18 17:02:39,Unusual Transaction,Low,Investigating,955.86
2948,817195,1131,2023-03-13 15:09:57,High Value Transaction,High,Confirmed,155.25
2949,469323,13687,2022-07-27 07:24:43,Velocity Anomaly,Medium,False Positive,606.68
2950,366306,1954,2022-05-25 22:35:18,Unusual Transaction,High,Closed,538.69
2951,22833,14362,2022-03-08 18:57:43,Geographic Anomaly,Low,False Positive,807.95
2952,373626,22530,2024-01-07 20:05:58,Velocity Anomaly,Medium,False Positive,4676.87
2953,707788,20921,2023-05-22 08:24:28,Geographic Anomaly,Medium,Confirmed,307.87
2954,308880,10443,2023-02-25 14:20:58,Geographic Anomaly,High,False Positive,2578.47
2955,959042,16042,2024-05-18 17:27:07,Unusual Transaction,Low,Closed,22737.14
2956,526547,2840,2022-09-07 16:27:51,Velocity Anomaly,Low,Confirmed,541.32
2957,65284,15280,2022-01-01 08:29:04,Suspicious Merchant,Low,Investigating,856.71
2958,792091,3843,2024-05-06 14:15:33,Possible Account Takeover,High,Investigating,292.15
2959,735829,12004,2022-11-08 22:52:40,Unusual Transaction,Medium,Confirmed,4018.04
2960,492986,1045,2025-02-09 12:10:36,Unusual Transaction,Medium,False Positive,346.75
2961,98804,24378,2024-03-19 08:59:44,Suspicious Merchant,Medium,Closed,18514.03
2962,793067,9823,2024-06-01 17:44:40,Velocity Anomaly,Critical,Confirmed,325.48
2963,964989,10307,2025-03-23 20:47:03,Velocity Anomaly,High,Confirmed,1614.29
2964,964611,1578,2025-06-07 15:24:08,Geographic Anomaly,High,Confirmed,152.22
2965,63863,13493,2024-07-29 09:32:52,Suspicious Merchant,Medium,Closed,131.46
2966,474837,4546,2024-09-20 23:56:41,Suspicious Merchant,Low,Confirmed,405.19
2967,59158,24277,2025-09-25 06:25:11,Velocity Anomaly,High,Investigating,1002.15
2968,938396,13840,2022-04-23 07:06:13,Geographic Anomaly,Medium,Investigating,183.93
2969,90433,21275,2025-08-27 04:03:26,Unusual Transaction,Medium,Confirmed,5321.22
2970,124380,7850,2023-07-06 20:17:57,High Value Transaction,Medium,False Positive,2418.66
2971,330269,16660,2023-10-05 17:14:54,Possible Account Takeover,High,Confirmed,1507.75
2972,19094,3807,2023-03-12 18:14:24,Unusual Transaction,Medium,False Positive,865.36
2973,165680,18371,2022-04-12 10:13:25,Velocity Anomaly,Medium,False Positive,3156.19
2974,785229,5055,2025-04-09 06:44:08,Possible Account Takeover,High,Confirmed,8741.47
2975,316768,10865,2024-05-11 09:13:21,High Value Transaction,Medium,Investigating,40747.04
2976,437095,23231,2024-11-23 15:14:11,High Value Transaction,Low,Closed,147.83
2977,558695,11357,2022-06-08 13:12:22,Geographic Anomaly,Critical,False Positive,7245.78
2978,920127,746,2025-01-28 17:41:25,Possible Account Takeover,Critical,False Positive,45.09
2979,196540,18762,2024-01-12 19:35:55,Geographic Anomaly,High,False Positive,746.08
2980,38361,2648,2022-05-02 19:12:24,Unusual Transaction,High,Closed,379.35
2981,839417,24855,2023-08-15 11:26:46,Suspicious Merchant,Medium,Confirmed,5146.24
2982,426386,23112,2022-06-18 17:14:09,Suspicious Merchant,High,Confirmed,522.97
2983,468278,13362,2022-11-21 20:17:51,Suspicious Merchant,Medium,Confirmed,6316.28
2984,197835,18896,2022-07-02 10:44:11,Possible Account Takeover,High,Confirmed,697.82
2985,538597,9945,2024-05-03 06:20:59,Suspicious Merchant,High,Confirmed,387.75
2986,930590,8285,2023-04-26 15:17:16,Unusual Transaction,Medium,Closed,4010.37
2987,258161,3140,2022-08-26 17:14:12,Geographic Anomaly,High,Closed,2746.69
2988,644933,14976,2022-02-22 13:57:22,Possible Account Takeover,High,Confirmed,4671.1
2989,365549,310,2024-11-14 17:36:21,Geographic Anomaly,Low,Confirmed,558.03
2990,956398,17190,2022-08-21 11:59:35,Possible Account Takeover,High,Investigating,219.61
2991,785973,16038,2025-04-22 21:04:06,Geographic Anomaly,Low,Closed,103.71
2992,341407,9555,2023-10-18 23:37:45,High Value Transaction,Medium,Confirmed,1609.37
2993,375715,15813,2024-05-16 11:40:35,Geographic Anomaly,Low,False Positive,1255.0
2994,294014,3142,2025-02-05 01:03:10,Suspicious Merchant,Medium,Closed,1413.39
2995,521004,22283,2022-11-13 06:00:35,High Value Transaction,High,Confirmed,2500.65
2996,424826,1384,2024-03-20 22:46:25,Geographic Anomaly,Critical,False Positive,888.12
2997,757273,12476,2025-06-21 06:31:23,Possible Account Takeover,Medium,Confirmed,743.18
2998,483691,10387,2023-11-17 16:31:39,Possible Account Takeover,Medium,False Positive,792.74
2999,686535,16431,2025-01-09 17:44:21,Possible Account Takeover,Medium,Confirmed,1854.22
3000,132271,18290,2023-07-23 12:40:04,Velocity Anomaly,Critical,Confirmed,238.68
3001,940389,17284,2025-06-02 18:00:17,Unusual Transaction,Medium,Closed,1266.36
3002,321802,17922,2024-05-07 11:15:46,Possible Account Takeover,High,False Positive,1778.45
3003,347204,6828,2024-02-07 07:43:24,High Value Transaction,High,Confirmed,3830.22
3004,172570,20120,2022-09-08 21:30:06,Possible Account Takeover,Medium,Confirmed,658.93
3005,244733,14506,2022-03-01 18:00:04,Velocity Anomaly,High,Open,177.16
3006,358698,1072,2024-06-12 03:02:58,Suspicious Merchant,High,False Positive,228.76
3007,26668,8763,2024-08-14 15:26:07,High Value Transaction,High,Confirmed,1658.59
3008,767861,12995,2022-09-26 09:31:27,Velocity Anomaly,Medium,False Positive,2769.29
3009,964373,3204,2024-07-10 07:49:00,Suspicious Merchant,Medium,Confirmed,1972.21
3010,727559,23856,2023-03-24 11:48:28,High Value Transaction,High,Confirmed,874.19
3011,557343,13853,2024-06-12 04:38:06,Geographic Anomaly,Medium,False Positive,439.22
3012,48081,13554,2024-03-11 18:31:27,Unusual Transaction,Medium,Confirmed,713.92
3013,739516,3428,2023-03-28 00:22:58,Unusual Transaction,Low,Closed,1217.33
3014,773390,6462,2024-07-30 14:16:36,Velocity Anomaly,Low,False Positive,366.36
3015,398834,8201,2025-12-12 16:54:22,Suspicious Merchant,Medium,Investigating,1167.62
3016,488857,18052,2023-11-01 13:52:09,Unusual Transaction,Medium,False Positive,1518.89
3017,700755,11470,2024-03-22 06:02:44,Suspicious Merchant,Medium,Open,385.14
3018,585732,8126,2023-03-16 02:56:50,Suspicious Merchant,Medium,Confirmed,2589.97
3019,645320,7930,2023-06-30 18:37:43,Velocity Anomaly,Medium,Investigating,545.24
3020,104214,24361,2024-08-06 20:19:50,Velocity Anomaly,High,False Positive,102.35
3021,453536,10479,2025-11-12 15:15:58,Velocity Anomaly,Medium,Investigating,5904.62
3022,267483,17377,2023-09-15 13:03:43,Unusual Transaction,Medium,Confirmed,1798.74
3023,581478,12675,2024-08-07 02:09:28,Velocity Anomaly,Medium,Confirmed,867.9
3024,501034,5638,2024-01-19 01:28:56,Unusual Transaction,Low,Open,1699.1
3025,256259,18567,2023-03-26 22:46:38,Velocity Anomaly,Medium,Open,2299.75
3026,944297,8912,2022-04-21 22:57:33,Possible Account Takeover,Medium,Confirmed,627.9
3027,890789,3870,2023-08-25 00:32:19,Suspicious Merchant,Medium,Investigating,644.95
3028,45541,6543,2023-12-14 19:18:25,Velocity Anomaly,Medium,Investigating,998.41
3029,995507,3823,2024-04-06 13:33:23,High Value Transaction,High,Investigating,791.0
3030,594439,6447,2024-07-05 20:43:27,Suspicious Merchant,Low,False Positive,2734.66
3031,176443,17884,2024-02-17 08:32:38,Suspicious Merchant,High,False Positive,149.37
3032,603946,3852,2022-11-13 00:55:18,Velocity Anomaly,Low,Confirmed,150.09
3033,124951,3261,2025-03-16 10:38:29,Geographic Anomaly,Critical,Closed,408.03
3034,934515,23878,2025-08-30 02:32:56,Velocity Anomaly,Medium,Open,916.77
3035,329135,23150,2024-11-11 08:53:07,Suspicious Merchant,Medium,Confirmed,20950.67
3036,279779,21719,2023-09-24 14:11:15,High Value Transaction,Medium,False Positive,1935.85
3037,223005,21246,2022-11-06 14:02:58,Suspicious Merchant,Low,False Positive,883.97
3038,968214,6311,2024-05-14 12:19:50,High Value Transaction,Medium,Closed,339.5
3039,365217,7044,2023-01-24 17:59:00,Unusual Transaction,Low,Closed,1506.25
3040,317177,15871,2023-01-13 14:26:24,Possible Account Takeover,High,Investigating,343.8
3041,447796,6834,2024-03-15 14:44:28,Suspicious Merchant,Medium,Closed,1251.2
3042,624452,9997,2023-06-20 10:31:11,Velocity Anomaly,High,Closed,510.01
3043,715455,6729,2022-10-05 20:14:27,Unusual Transaction,Low,Confirmed,4326.71
3044,322018,4455,2022-07-22 13:50:18,Possible Account Takeover,High,Closed,3371.51
3045,156188,23366,2023-12-19 13:08:22,Velocity Anomaly,Medium,Open,596.26
3046,697148,5969,2024-01-19 18:48:27,Geographic Anomaly,Low,False Positive,3381.53
3047,151503,3349,2025-06-15 04:59:29,Velocity Anomaly,Medium,Confirmed,86.63
3048,31414,8834,2025-01-24 10:53:15,High Value Transaction,Low,Investigating,634.91
3049,197698,14937,2025-11-28 20:20:47,High Value Transaction,Low,False Positive,480.69
3050,959285,6170,2024-09-27 08:43:55,Geographic Anomaly,Medium,Confirmed,364.53
3051,658588,602,2025-10-07 07:19:58,Unusual Transaction,High,False Positive,817.43
3052,119637,16949,2022-04-01 19:48:07,Possible Account Takeover,High,False Positive,477.22
3053,805774,22494,2022-01-31 01:50:31,Velocity Anomaly,Medium,Confirmed,550.76
3054,21905,14035,2023-03-12 06:35:52,High Value Transaction,Critical,Investigating,1146.75
3055,183511,3797,2025-03-31 06:53:23,Unusual Transaction,High,False Positive,1611.31
3056,647866,9268,2024-09-12 12:14:53,Geographic Anomaly,High,False Positive,5286.01
3057,246623,1133,2023-11-05 13:04:54,Suspicious Merchant,Medium,False Positive,108.21
3058,493228,5627,2023-05-05 20:03:54,High Value Transaction,Low,False Positive,342.4
3059,88743,6621,2022-10-30 11:38:31,Geographic Anomaly,Low,False Positive,169.9
3060,403586,5064,2022-08-01 02:01:43,Velocity Anomaly,Medium,Confirmed,6435.39
3061,994229,13821,2024-08-24 13:32:58,Possible Account Takeover,Medium,Confirmed,936.62
3062,265360,15659,2025-12-26 09:53:14,High Value Transaction,Low,Closed,872.12
3063,673976,17462,2023-09-10 00:14:01,High Value Transaction,Medium,False Positive,968.68
3064,967114,9930,2023-09-11 02:48:53,Velocity Anomaly,Low,Confirmed,2216.86
3065,910143,16038,2022-01-20 02:25:58,Suspicious Merchant,High,Confirmed,1243.89
3066,207653,15855,2025-12-21 21:05:17,Unusual Transaction,Low,Confirmed,346.31
3067,41765,24857,2025-02-16 23:03:16,Possible Account Takeover,Medium,False Positive,2084.25
3068,291715,2414,2023-06-29 06:54:16,High Value Transaction,High,Confirmed,988.37
3069,16409,13378,2025-02-28 05:37:59,Possible Account Takeover,Low,False Positive,419.71
3070,252919,22903,2022-06-17 14:41:00,High Value Transaction,Medium,Confirmed,2979.56
3071,41352,5905,2022-07-16 15:08:26,Possible Account Takeover,High,Confirmed,50047.24
3072,59283,20849,2024-06-14 01:03:59,Geographic Anomaly,Medium,Closed,2758.3
3073,478790,24579,2024-10-08 22:59:48,High Value Transaction,Low,Confirmed,660.64
3074,847377,16040,2024-06-13 00:19:27,Possible Account Takeover,Medium,Closed,640.86
3075,367243,17867,2022-07-18 17:03:32,Unusual Transaction,Medium,Investigating,418.17
3076,371963,9340,2023-03-24 21:39:33,Geographic Anomaly,Medium,Investigating,137.39
3077,337162,5496,2024-12-05 19:02:07,Geographic Anomaly,Low,Confirmed,26.18
3078,887126,9086,2023-09-11 08:31:44,Unusual Transaction,Medium,False Positive,37.78
3079,403936,4669,2023-10-25 01:18:11,Possible Account Takeover,Medium,False Positive,33709.2
3080,948365,4969,2025-01-05 01:01:57,Velocity Anomaly,High,Investigating,880.67
3081,418656,23392,2025-09-25 06:57:51,Unusual Transaction,Medium,Investigating,103.86
3082,325181,11369,2022-09-18 22:53:12,Possible Account Takeover,High,False Positive,823.73
3083,413446,1866,2022-11-01 02:59:18,Unusual Transaction,Medium,Confirmed,1926.35
3084,334400,20854,2025-11-19 01:36:21,Unusual Transaction,High,Confirmed,4006.35
3085,831249,12899,2022-06-16 04:03:08,High Value Transaction,Medium,Confirmed,2206.93
3086,386369,12706,2023-01-22 17:36:54,Possible Account Takeover,Medium,False Positive,74.12
3087,262256,7365,2023-09-27 10:54:32,Velocity Anomaly,Medium,Confirmed,1186.06
3088,431587,12797,2025-10-05 08:06:56,High Value Transaction,High,Investigating,164.3
3089,554888,7832,2024-07-13 05:14:44,Unusual Transaction,Medium,Confirmed,847.16
3090,207998,11552,2024-05-17 03:06:22,Suspicious Merchant,Medium,Open,2650.32
3091,788137,11565,2025-11-10 17:56:01,Unusual Transaction,Medium,False Positive,3710.07
3092,150510,8140,2024-05-08 01:49:32,Unusual Transaction,High,False Positive,347.48
3093,810578,5207,2025-03-15 10:34:56,Possible Account Takeover,High,Investigating,848.07
3094,808506,14575,2025-08-25 21:10:17,Possible Account Takeover,Medium,Investigating,1642.1
3095,930176,16348,2022-07-15 23:14:09,High Value Transaction,High,Open,721.15
3096,475979,11184,2023-06-06 07:20:01,Velocity Anomaly,Medium,False Positive,194.68
3097,209556,2997,2024-10-07 13:30:43,High Value Transaction,High,Open,124.43
3098,455339,15238,2022-11-20 20:40:35,Geographic Anomaly,High,Closed,247.31
3099,725781,11291,2023-03-22 22:05:06,Unusual Transaction,Medium,Confirmed,143.94
3100,731034,10257,2025-02-09 19:50:52,Suspicious Merchant,Medium,Confirmed,1554.04
3101,854459,7339,2022-01-09 10:16:31,Unusual Transaction,High,Open,383.61
3102,667978,8809,2024-07-29 15:52:46,Unusual Transaction,Medium,False Positive,669.69
3103,619136,8560,2024-05-08 11:21:18,High Value Transaction,Critical,False Positive,300.08
3104,986506,4777,2023-12-24 01:58:04,Suspicious Merchant,Low,Confirmed,726.78
3105,438447,24595,2024-06-08 01:23:53,Suspicious Merchant,Low,Confirmed,520.86
3106,675578,7449,2022-01-22 06:42:45,Suspicious Merchant,Low,Confirmed,3670.03
3107,638347,10585,2024-02-11 12:29:29,High Value Transaction,Medium,Confirmed,1050.13
3108,597920,797,2023-01-04 03:20:59,Unusual Transaction,High,Confirmed,89.17
3109,705818,2851,2023-10-10 04:06:40,High Value Transaction,Low,Confirmed,1455.9
3110,854391,15250,2023-04-14 15:49:10,Possible Account Takeover,High,False Positive,870.45
3111,811401,2211,2024-06-26 00:52:15,Possible Account Takeover,High,Confirmed,988.47
3112,341115,16963,2024-10-13 11:40:56,High Value Transaction,High,Confirmed,829.69
3113,94978,8907,2022-04-21 13:43:03,Suspicious Merchant,Medium,Confirmed,4337.34
3114,674647,15306,2022-03-13 18:51:13,Unusual Transaction,High,Open,3866.08
3115,978984,24723,2025-04-05 14:19:50,High Value Transaction,Low,Confirmed,523.32
3116,811702,13533,2024-10-21 07:14:27,High Value Transaction,High,Confirmed,8354.5
3117,695068,998,2023-07-28 23:48:19,High Value Transaction,Medium,Open,813.79
3118,727508,10405,2024-07-05 03:45:12,Geographic Anomaly,Medium,Closed,605.34
3119,343817,12224,2023-12-06 13:15:20,Possible Account Takeover,High,Confirmed,1194.02
3120,905740,19075,2023-04-29 22:29:19,Suspicious Merchant,Medium,Confirmed,4301.79
3121,128054,18510,2025-06-12 15:21:38,Velocity Anomaly,Low,False Positive,102.0
3122,537601,1521,2025-05-11 18:20:23,Suspicious Merchant,High,Investigating,127.34
3123,955810,20068,2025-02-25 21:02:19,Velocity Anomaly,Medium,Closed,374.83
3124,567239,1655,2023-11-04 09:36:16,Geographic Anomaly,Medium,Investigating,2464.83
3125,648164,23203,2022-11-22 15:00:26,High Value Transaction,Medium,False Positive,129.66
3126,903344,22897,2024-05-30 05:33:11,Geographic Anomaly,Low,False Positive,306.51
3127,631185,8420,2022-11-20 10:28:27,Geographic Anomaly,Medium,Closed,545.76
3128,950044,11765,2022-05-21 23:52:47,Unusual Transaction,Low,False Positive,12612.36
3129,708886,4579,2024-02-03 22:03:26,Possible Account Takeover,High,Confirmed,1475.64
3130,136873,4836,2024-09-25 11:51:16,Velocity Anomaly,Low,False Positive,592.81
3131,41326,14896,2025-02-14 05:07:14,High Value Transaction,Medium,Investigating,378.46
3132,454937,2620,2025-09-02 23:56:17,Velocity Anomaly,Low,False Positive,2382.42
3133,258042,13038,2025-03-12 17:54:11,Suspicious Merchant,Low,Investigating,158.72
3134,591865,14595,2024-07-30 13:34:52,Velocity Anomaly,High,False Positive,468.06
3135,28098,2234,2023-06-25 02:23:36,Suspicious Merchant,Medium,False Positive,2172.94
3136,27113,23174,2022-12-30 12:03:30,Possible Account Takeover,Low,Closed,527.82
3137,754597,2455,2025-02-01 07:06:01,Suspicious Merchant,Low,Confirmed,838.66
3138,612379,14034,2022-07-26 16:22:43,Velocity Anomaly,Low,False Positive,2171.74
3139,548214,21282,2022-04-15 16:54:45,Velocity Anomaly,High,Investigating,1362.83
3140,97075,16321,2024-01-06 02:43:33,Suspicious Merchant,Medium,Investigating,846.86
3141,939414,6282,2025-10-23 12:12:11,Geographic Anomaly,Low,False Positive,632.25
3142,262745,6114,2023-06-24 18:25:20,Possible Account Takeover,Medium,False Positive,3903.18
3143,825805,4733,2025-09-06 05:25:40,Unusual Transaction,High,False Positive,2616.91
3144,142845,14049,2022-06-24 21:14:33,High Value Transaction,High,False Positive,1322.2
3145,165042,19215,2024-04-19 00:21:26,Velocity Anomaly,High,Confirmed,2289.14
3146,749670,10032,2022-05-13 05:13:20,High Value Transaction,Medium,False Positive,1436.53
3147,628848,23004,2025-08-01 22:03:09,Unusual Transaction,Low,Investigating,545.95
3148,897343,11093,2023-06-25 22:10:48,High Value Transaction,Low,Investigating,379.7
3149,612842,17737,2024-11-27 08:11:32,Unusual Transaction,High,Open,3746.94
3150,179621,12112,2023-02-14 16:58:57,Suspicious Merchant,Critical,False Positive,1261.66
3151,892184,12330,2022-07-08 01:04:58,Geographic Anomaly,Medium,False Positive,362.2
3152,367324,3476,2025-12-19 02:11:29,Velocity Anomaly,Medium,Investigating,14297.86
3153,805129,208,2022-06-27 20:44:00,Unusual Transaction,Medium,False Positive,2737.08
3154,980946,7419,2024-04-22 04:08:40,High Value Transaction,Medium,Confirmed,269.11
3155,878461,18157,2022-04-20 07:44:10,Velocity Anomaly,Medium,False Positive,954.25
3156,804077,22737,2025-05-02 06:55:07,Geographic Anomaly,Medium,False Positive,1823.36
3157,476933,23735,2024-04-14 04:34:29,Suspicious Merchant,Low,Open,1003.72
3158,78190,14282,2025-01-21 07:21:39,Velocity Anomaly,Medium,Closed,725.58
3159,609126,13089,2023-09-25 02:18:25,Unusual Transaction,High,Open,520.52
3160,701657,15605,2023-03-15 03:48:13,Geographic Anomaly,Low,False Positive,1451.41
3161,171622,12533,2022-07-05 23:22:27,High Value Transaction,Low,Confirmed,4654.45
3162,120001,17004,2023-10-27 00:41:57,Geographic Anomaly,Medium,Investigating,876.71
3163,63065,21227,2022-11-27 13:19:24,Geographic Anomaly,High,False Positive,174.19
3164,946300,20471,2024-07-26 07:22:42,Possible Account Takeover,High,Investigating,6057.91
3165,188043,19322,2024-01-18 03:28:53,Geographic Anomaly,Low,Closed,61.89
3166,607698,22522,2023-01-04 04:15:56,Geographic Anomaly,Medium,Confirmed,3780.94
3167,473750,16565,2023-08-10 07:11:07,Velocity Anomaly,Medium,Confirmed,1096.58
3168,295309,11326,2024-01-10 20:29:11,High Value Transaction,Medium,False Positive,914.24
3169,805905,4076,2022-12-31 21:18:37,Velocity Anomaly,High,Open,760.94
3170,685799,4610,2023-06-01 07:37:28,Velocity Anomaly,High,Confirmed,13544.07
3171,399631,786,2023-03-11 23:23:18,Unusual Transaction,Medium,Closed,13487.82
3172,548741,19706,2023-02-16 01:16:54,Velocity Anomaly,Critical,False Positive,48.74
3173,996667,3177,2025-11-13 22:32:49,Possible Account Takeover,Critical,Confirmed,264.9
3174,722620,22931,2023-10-08 07:28:47,Possible Account Takeover,High,False Positive,632.68
3175,516607,16407,2024-01-20 07:07:17,Unusual Transaction,Medium,Closed,1000.92
3176,878602,13653,2025-05-16 22:38:51,Suspicious Merchant,Medium,Investigating,5315.01
3177,84114,12958,2025-12-25 21:44:04,High Value Transaction,Medium,False Positive,1263.3
3178,822045,15997,2025-11-19 09:11:51,High Value Transaction,Low,Investigating,161.38
3179,600068,7311,2023-12-23 03:48:07,Velocity Anomaly,Low,Closed,193.07
3180,31641,14531,2023-10-03 04:57:52,Velocity Anomaly,High,False Positive,162.68
3181,691720,11305,2024-01-25 00:12:10,Suspicious Merchant,Medium,False Positive,944.45
3182,400261,23517,2025-05-21 17:35:36,Velocity Anomaly,High,Closed,830.6
3183,738778,23707,2023-04-19 10:54:26,High Value Transaction,Low,Investigating,598.62
3184,609802,7835,2024-03-27 00:42:42,Geographic Anomaly,Low,Open,112263.22
3185,347649,22466,2025-07-22 03:39:15,Possible Account Takeover,High,Confirmed,1289.48
3186,225456,14599,2025-03-22 06:16:16,Geographic Anomaly,Medium,Confirmed,128.11
3187,618570,12761,2022-02-23 15:05:09,Geographic Anomaly,Low,False Positive,67.65
3188,385540,18238,2024-08-10 16:07:40,High Value Transaction,Critical,False Positive,394.61
3189,304889,11340,2025-06-22 11:56:41,Geographic Anomaly,High,Confirmed,555.51
3190,933260,8790,2023-01-22 06:57:48,Suspicious Merchant,Medium,Confirmed,93.08
3191,779317,24155,2023-06-19 14:35:27,Unusual Transaction,High,False Positive,3555.99
3192,591333,17008,2024-05-26 05:50:52,Velocity Anomaly,High,Investigating,2028.18
3193,237302,4937,2022-06-02 21:25:54,Unusual Transaction,High,Investigating,45.52
3194,220383,12459,2025-11-17 08:43:01,Possible Account Takeover,High,False Positive,2103.84
3195,955963,19799,2023-03-17 07:31:42,Velocity Anomaly,Low,Confirmed,2697.16
3196,256713,5335,2024-02-24 22:33:45,Geographic Anomaly,Medium,Closed,1990.55
3197,328199,19370,2025-02-16 06:33:05,Possible Account Takeover,Low,Confirmed,895.27
3198,461540,22118,2024-12-27 09:54:49,Velocity Anomaly,Low,False Positive,96.61
3199,98678,14925,2025-09-25 20:09:24,Suspicious Merchant,High,False Positive,898.74
3200,666770,8952,2025-11-27 08:19:42,Suspicious Merchant,Medium,Open,59.41
3201,405416,7216,2024-01-04 12:35:08,Suspicious Merchant,High,Open,5330.91
3202,112655,14017,2024-02-03 03:38:52,Suspicious Merchant,High,Investigating,1034.44
3203,42026,2513,2023-12-23 13:26:15,Geographic Anomaly,High,Investigating,10865.86
3204,256865,11386,2022-07-15 00:26:00,Unusual Transaction,High,Confirmed,1237.57
3205,961668,19334,2022-01-01 23:40:54,Velocity Anomaly,Medium,False Positive,202.9
3206,460940,16871,2022-03-16 00:43:47,Geographic Anomaly,Medium,False Positive,1566.8
3207,106079,6585,2023-12-03 13:44:44,Suspicious Merchant,Low,False Positive,4053.92
3208,270623,17073,2024-11-12 07:47:09,Unusual Transaction,Medium,Investigating,160.47
3209,985996,13294,2025-09-12 02:03:03,Possible Account Takeover,Medium,False Positive,2006.62
3210,365518,4298,2023-08-23 14:44:33,Possible Account Takeover,Medium,Confirmed,13099.13
3211,972633,3157,2024-02-23 21:38:28,Possible Account Takeover,High,Closed,3167.84
3212,742739,17683,2025-08-21 18:59:46,Suspicious Merchant,Critical,Closed,2930.74
3213,305315,19330,2022-04-07 02:14:29,Possible Account Takeover,High,False Positive,10543.69
3214,847746,14933,2025-10-05 18:59:44,High Value Transaction,Medium,False Positive,73.54
3215,247506,11723,2023-12-09 03:14:57,Velocity Anomaly,Medium,Investigating,4446.03
3216,66829,3682,2025-10-01 14:31:26,Velocity Anomaly,Low,Open,76.04
3217,568439,17941,2022-02-01 08:52:49,Suspicious Merchant,Medium,False Positive,4331.65
3218,659073,18874,2023-08-19 21:30:29,High Value Transaction,High,Confirmed,1332.07
3219,635279,12508,2024-04-28 15:43:17,Geographic Anomaly,Low,Confirmed,49.4
3220,511389,21835,2022-09-13 03:09:02,Geographic Anomaly,High,False Positive,1106.39
3221,235507,3832,2023-12-08 18:44:14,Possible Account Takeover,Medium,False Positive,1064.93
3222,979687,388,2023-05-08 14:05:18,Unusual Transaction,Low,Investigating,424.61
3223,59221,306,2022-11-01 22:21:11,Geographic Anomaly,Medium,Investigating,12030.38
3224,65694,13050,2023-10-04 00:59:57,Unusual Transaction,Medium,Open,3394.6
3225,572739,16167,2022-04-05 14:27:59,Velocity Anomaly,Medium,False Positive,310.23
3226,852297,3815,2025-02-24 17:50:22,Unusual Transaction,High,Confirmed,885.26
3227,140260,4114,2025-06-06 06:27:16,Velocity Anomaly,High,Closed,831.25
3228,480995,16000,2022-09-13 21:48:36,High Value Transaction,Medium,False Positive,1498.63
3229,625446,4102,2024-10-08 16:18:52,High Value Transaction,High,Investigating,7736.63
3230,971672,20881,2025-08-19 23:46:00,Suspicious Merchant,Medium,Investigating,546.3
3231,14436,17018,2022-01-07 09:28:14,Suspicious Merchant,Critical,False Positive,146.16
3232,939713,6083,2023-02-02 21:46:17,Possible Account Takeover,Low,Closed,996.92
3233,735547,18509,2024-01-24 13:14:35,Geographic Anomaly,High,Investigating,1676.03
3234,768103,1678,2023-12-04 07:54:06,Possible Account Takeover,Medium,False Positive,1438.36
3235,650685,22733,2022-11-20 05:54:49,Velocity Anomaly,Medium,Confirmed,1010.8
3236,986252,1189,2025-07-16 04:24:22,Possible Account Takeover,Low,Confirmed,200.59
3237,957893,9325,2024-04-26 14:10:52,Unusual Transaction,Medium,Closed,2638.93
3238,768489,20671,2025-11-07 04:45:23,Velocity Anomaly,Low,Open,385.15
3239,597899,23151,2023-10-08 18:45:29,Suspicious Merchant,Low,False Positive,1646.35
3240,496174,18335,2022-09-27 23:20:35,High Value Transaction,Critical,Open,2849.54
3241,178305,22981,2022-12-18 22:18:58,Suspicious Merchant,High,False Positive,246.49
3242,702386,21876,2022-12-14 13:00:15,Geographic Anomaly,High,False Positive,10043.49
3243,674715,24447,2025-04-01 17:57:59,Velocity Anomaly,High,Closed,160.89
3244,495046,18456,2025-01-30 17:04:52,Velocity Anomaly,Critical,Investigating,591.26
3245,612520,12847,2023-12-27 04:34:12,Unusual Transaction,Medium,Investigating,872.3
3246,853787,211,2025-04-01 22:57:20,Geographic Anomaly,Low,False Positive,1562.99
3247,639021,7611,2022-05-30 13:21:24,High Value Transaction,High,Confirmed,1002.9
3248,376116,3967,2023-03-28 00:35:05,Velocity Anomaly,High,False Positive,252.88
3249,813087,16634,2023-06-14 23:59:09,Velocity Anomaly,Medium,False Positive,190.93
3250,61463,13482,2023-07-09 07:01:10,Unusual Transaction,Medium,Investigating,733.95
3251,899495,20608,2023-01-12 11:14:55,Possible Account Takeover,Medium,False Positive,5009.14
3252,333237,3878,2023-12-23 13:19:50,High Value Transaction,High,False Positive,7731.37
3253,216878,12530,2022-03-09 09:23:01,Suspicious Merchant,Medium,Closed,476.16
3254,249720,24549,2023-01-27 00:11:31,Geographic Anomaly,Critical,Confirmed,922.23
3255,765407,18398,2025-03-02 21:44:41,Velocity Anomaly,High,Confirmed,402.32
3256,857853,14382,2023-12-17 14:46:06,Velocity Anomaly,Medium,Investigating,1761.99
3257,451261,19278,2024-11-16 09:45:53,Suspicious Merchant,Medium,Investigating,508.2
3258,465368,14741,2023-09-15 13:42:43,High Value Transaction,Medium,Confirmed,139.06
3259,579357,23054,2022-10-07 06:01:46,Possible Account Takeover,Low,Closed,214.14
3260,752853,8917,2023-03-04 01:37:13,Velocity Anomaly,Low,Open,3338.67
3261,629281,5012,2024-06-26 11:59:21,High Value Transaction,High,Confirmed,312.17
3262,86606,17251,2025-11-24 15:38:35,Suspicious Merchant,Medium,Open,2193.78
3263,428552,19372,2023-12-17 15:21:07,Unusual Transaction,Low,Confirmed,20233.48
3264,455298,12219,2025-07-05 17:04:30,Possible Account Takeover,Medium,Open,1033.2
3265,352762,23117,2025-05-12 01:22:30,Geographic Anomaly,High,False Positive,599.62
3266,532605,10956,2025-02-27 04:05:47,Velocity Anomaly,Medium,Confirmed,694.38
3267,482973,21739,2023-09-16 05:57:21,High Value Transaction,High,Investigating,5852.34
3268,402526,4668,2025-04-20 12:23:40,Unusual Transaction,Medium,Investigating,7647.08
3269,508822,15764,2025-10-12 02:52:07,Geographic Anomaly,Medium,False Positive,470.14
3270,942185,10791,2024-09-16 01:49:44,High Value Transaction,Low,Confirmed,418.33
3271,865141,19399,2022-08-16 06:12:23,High Value Transaction,Medium,Open,1568.82
3272,627558,8782,2022-06-10 14:40:56,Geographic Anomaly,Medium,Closed,606.72
3273,215993,5191,2023-12-05 22:59:48,Unusual Transaction,Low,Confirmed,1572.87
3274,499416,1351,2024-07-11 07:30:41,Suspicious Merchant,Medium,False Positive,2616.54
3275,235575,18297,2023-06-04 05:10:30,Unusual Transaction,Medium,Closed,171.03
3276,933531,12476,2022-09-19 23:09:17,Possible Account Takeover,High,Confirmed,114.96
3277,594608,20312,2023-07-25 00:52:42,Velocity Anomaly,High,False Positive,905.82
3278,659593,19583,2024-01-05 19:48:08,Geographic Anomaly,Medium,Closed,173.68
3279,702609,18370,2025-09-06 06:44:02,Suspicious Merchant,Medium,Investigating,54.48
3280,67809,20329,2024-09-20 19:11:42,Geographic Anomaly,Critical,Closed,213.99
3281,580418,4532,2024-11-23 07:09:49,Geographic Anomaly,High,Investigating,385.38
3282,625403,20623,2023-10-02 04:33:03,Unusual Transaction,Critical,Confirmed,37.86
3283,819788,17013,2025-08-14 03:17:20,Velocity Anomaly,Medium,False Positive,722.44
3284,845814,11172,2024-07-22 09:24:36,Possible Account Takeover,High,Closed,466.58
3285,241458,5521,2025-11-19 09:42:02,High Value Transaction,Medium,False Positive,460.11
3286,671409,9321,2025-01-07 13:54:41,High Value Transaction,Low,Investigating,443.63
3287,904918,4618,2022-09-02 14:08:14,Geographic Anomaly,High,False Positive,2172.66
3288,689203,16650,2023-05-12 13:59:40,Velocity Anomaly,High,False Positive,184.56
3289,451885,9082,2024-06-17 17:15:45,Suspicious Merchant,Low,Confirmed,639.98
3290,325256,14295,2024-09-09 17:40:48,Unusual Transaction,Low,Closed,834.28
3291,773197,20616,2023-09-06 02:44:00,Velocity Anomaly,High,Confirmed,109.91
3292,847424,9363,2024-07-28 16:05:53,Velocity Anomaly,Low,Investigating,693.71
3293,654977,18703,2025-11-16 01:28:52,Unusual Transaction,Low,Investigating,630.04
3294,714005,23504,2022-04-07 22:32:19,Geographic Anomaly,Medium,Confirmed,179.62
3295,899027,24227,2023-07-09 14:51:04,Velocity Anomaly,Low,False Positive,485.5
3296,236102,6929,2025-11-06 10:56:11,High Value Transaction,High,Investigating,13966.06
3297,527569,21526,2022-05-15 06:39:35,Unusual Transaction,Medium,False Positive,155.59
3298,123354,15958,2024-02-07 14:42:46,Suspicious Merchant,Medium,Investigating,464.73
3299,711435,2545,2023-02-09 01:18:49,Possible Account Takeover,High,Confirmed,1260.27
3300,936134,1018,2024-11-15 14:42:14,Geographic Anomaly,Medium,False Positive,311.08
3301,325212,17654,2022-08-08 05:07:45,Unusual Transaction,Medium,Investigating,554.79
3302,542998,18573,2023-12-18 01:18:48,Possible Account Takeover,High,False Positive,461.1
3303,811151,9779,2025-08-17 10:36:33,Possible Account Takeover,Medium,False Positive,1300.99
3304,660212,24686,2023-12-24 03:22:57,Suspicious Merchant,Medium,False Positive,2682.5
3305,516534,13847,2024-05-05 19:35:15,Velocity Anomaly,High,False Positive,123.67
3306,315271,2689,2022-12-06 17:45:35,Suspicious Merchant,High,False Positive,15225.04
3307,328283,7922,2025-05-12 14:44:54,Velocity Anomaly,High,Closed,511.71
3308,598135,6572,2025-11-15 11:50:29,Velocity Anomaly,Critical,Investigating,8963.56
3309,53541,10249,2025-07-22 11:17:28,Unusual Transaction,High,False Positive,1508.33
3310,252505,12743,2023-03-07 04:33:49,Unusual Transaction,High,Open,3198.09
3311,557465,12123,2025-09-13 02:47:38,Geographic Anomaly,High,Open,1032.7
3312,21828,3552,2023-07-11 05:27:54,Velocity Anomaly,Low,Confirmed,74.53
3313,873210,650,2025-01-01 19:40:10,Possible Account Takeover,Medium,Closed,262.35
3314,631406,9421,2024-05-04 11:11:55,High Value Transaction,High,False Positive,1116.06
3315,249970,2645,2022-04-02 06:59:31,Geographic Anomaly,Medium,Confirmed,1086.2
3316,768588,5076,2022-03-28 09:02:52,Unusual Transaction,Low,Investigating,200.7
3317,257759,16289,2022-06-23 13:45:04,Suspicious Merchant,Medium,Closed,714.36
3318,355303,14099,2022-06-16 03:14:54,Geographic Anomaly,Medium,Confirmed,1719.14
3319,198802,16072,2023-05-16 01:59:48,Geographic Anomaly,Medium,Confirmed,1630.01
3320,670926,4294,2025-06-18 15:49:03,Geographic Anomaly,High,Closed,333.17
3321,46217,16467,2025-05-25 18:58:59,Geographic Anomaly,High,False Positive,371.99
3322,311191,4171,2023-02-10 12:40:23,High Value Transaction,High,Investigating,144.73
3323,831318,14245,2024-09-15 23:40:56,Suspicious Merchant,High,Confirmed,178.48
3324,553158,6150,2025-05-12 00:58:14,Suspicious Merchant,Medium,Closed,701.13
3325,270513,23546,2025-07-07 07:19:01,Suspicious Merchant,Medium,Closed,1904.69
3326,423131,132,2025-04-25 12:42:58,Velocity Anomaly,Medium,Open,2995.64
3327,646879,16174,2022-05-17 19:04:42,Possible Account Takeover,Medium,Confirmed,2262.24
3328,811076,9275,2024-03-07 04:59:56,Suspicious Merchant,Low,Investigating,142.75
3329,130334,486,2024-02-08 17:41:40,Geographic Anomaly,Medium,False Positive,333.56
3330,534701,14566,2024-12-02 09:37:55,Geographic Anomaly,High,False Positive,1268.35
3331,750759,7786,2023-04-07 14:44:50,Suspicious Merchant,Medium,Confirmed,985.35
3332,484094,10735,2022-08-20 11:17:38,Suspicious Merchant,Critical,False Positive,1069.64
3333,68495,8270,2023-07-25 01:31:51,Geographic Anomaly,Medium,False Positive,2059.03
3334,88521,5598,2022-03-23 22:02:14,Velocity Anomaly,Low,False Positive,97.16
3335,959513,5243,2025-09-16 14:57:27,Unusual Transaction,Medium,Closed,6184.08
3336,395138,23612,2023-06-13 07:40:08,Unusual Transaction,High,Confirmed,12605.7
3337,442372,18440,2023-11-25 06:40:08,Suspicious Merchant,Medium,Confirmed,1093.25
3338,875144,12168,2025-05-17 06:27:55,High Value Transaction,Low,False Positive,866.47
3339,139138,8012,2023-12-10 09:26:09,Suspicious Merchant,Medium,False Positive,627.97
3340,954174,16369,2023-07-12 05:32:09,Suspicious Merchant,High,Investigating,472.56
3341,305339,7532,2022-10-19 18:24:05,Unusual Transaction,Medium,False Positive,4151.89
3342,300992,308,2022-10-26 17:34:29,Geographic Anomaly,High,Open,144.11
3343,469704,15803,2023-04-15 07:43:24,Suspicious Merchant,High,Open,145.38
3344,211587,2473,2022-07-23 08:40:36,Geographic Anomaly,Low,Investigating,144.15
3345,925739,15356,2025-12-29 00:11:15,Geographic Anomaly,High,Closed,1439.13
3346,345906,16816,2022-01-28 04:10:37,High Value Transaction,Medium,False Positive,857.4
3347,605207,10665,2024-11-18 17:30:49,Geographic Anomaly,Medium,Open,8023.13
3348,12903,4476,2024-06-15 22:19:12,Unusual Transaction,High,Closed,14334.82
3349,834300,24628,2023-01-04 12:28:50,Velocity Anomaly,High,False Positive,465.22
3350,333446,9491,2023-06-10 20:38:07,Velocity Anomaly,Low,False Positive,181.17
3351,494095,18575,2023-10-15 16:25:05,Possible Account Takeover,High,Investigating,847.87
3352,270769,15657,2023-04-03 03:53:28,Suspicious Merchant,High,Investigating,1022.53
3353,330767,2245,2022-11-22 18:32:13,Unusual Transaction,High,False Positive,375.62
3354,60581,5295,2023-07-28 01:44:45,Geographic Anomaly,Medium,False Positive,720.11
3355,549623,17936,2023-03-03 18:36:53,Velocity Anomaly,High,False Positive,481.99
3356,76173,12446,2025-04-13 18:57:39,Unusual Transaction,Medium,False Positive,685.88
3357,341953,4092,2025-05-09 22:28:54,Velocity Anomaly,Low,False Positive,1890.36
3358,928347,24462,2024-05-03 07:19:19,Geographic Anomaly,High,Investigating,162.78
3359,916279,23070,2024-10-07 06:02:10,Velocity Anomaly,High,False Positive,1183.14
3360,20833,4025,2023-09-15 07:16:28,Suspicious Merchant,Medium,Confirmed,1977.92
3361,18394,18322,2022-08-31 22:49:06,Suspicious Merchant,Medium,Open,677.49
3362,609999,14285,2022-08-01 22:04:15,Possible Account Takeover,Low,Investigating,626.67
3363,921027,6797,2024-06-28 04:47:33,Possible Account Takeover,Medium,False Positive,543.09
3364,985424,4668,2023-02-07 13:41:56,Velocity Anomaly,Medium,Closed,2173.13
3365,337633,3606,2024-11-29 15:47:35,Unusual Transaction,Medium,Confirmed,8296.23
3366,715201,2383,2024-05-11 20:06:32,Suspicious Merchant,Medium,Investigating,84.26
3367,552727,6113,2023-03-17 08:55:42,Unusual Transaction,Critical,Open,785.77
3368,470382,1779,2022-01-13 15:55:30,Unusual Transaction,Medium,Closed,509.24
3369,685011,16843,2022-11-03 09:49:55,Velocity Anomaly,High,False Positive,2744.61
3370,330217,7510,2022-01-11 20:50:50,Unusual Transaction,High,Closed,2150.69
3371,108092,20530,2022-02-18 22:59:52,Suspicious Merchant,Medium,Closed,118.43
3372,695540,15495,2022-12-03 01:50:36,Geographic Anomaly,Low,Confirmed,255.21
3373,170891,1352,2023-11-24 08:44:12,Possible Account Takeover,Low,Investigating,1650.97
3374,28960,23998,2025-12-20 09:21:58,Geographic Anomaly,High,Confirmed,104.31
3375,497395,20052,2025-05-26 07:13:24,Unusual Transaction,Medium,Open,1089.91
3376,857843,13378,2022-02-08 08:16:19,Geographic Anomaly,Medium,Investigating,1915.7
3377,379614,20559,2023-10-02 19:28:55,Suspicious Merchant,Low,Investigating,581.4
3378,258045,3131,2022-03-07 17:00:10,Suspicious Merchant,Medium,False Positive,399.74
3379,336204,19918,2022-02-20 22:47:08,Unusual Transaction,Medium,False Positive,160.04
3380,109140,8997,2023-08-19 12:37:41,Velocity Anomaly,Critical,Confirmed,66.46
3381,320080,10312,2023-08-30 18:34:20,Geographic Anomaly,Medium,False Positive,276.26
3382,585352,6248,2023-05-30 06:34:15,Velocity Anomaly,High,Investigating,122.7
3383,105416,2971,2025-11-13 09:34:24,Velocity Anomaly,Critical,False Positive,756.12
3384,595602,947,2025-12-07 05:39:17,High Value Transaction,Low,False Positive,469.16
3385,356406,21589,2023-12-13 13:42:18,Unusual Transaction,Medium,Investigating,651.33
3386,70591,5926,2025-03-26 13:09:14,Possible Account Takeover,High,False Positive,736.0
3387,250734,12250,2022-08-25 21:18:28,Suspicious Merchant,High,False Positive,10424.23
3388,245573,21290,2023-01-23 18:29:32,Suspicious Merchant,Medium,Open,2873.39
3389,103631,16559,2022-06-14 14:46:34,Unusual Transaction,Critical,Confirmed,461.09
3390,354230,11835,2024-10-15 20:18:27,Possible Account Takeover,Low,Closed,1384.35
3391,445038,4552,2022-11-01 08:39:40,Suspicious Merchant,Medium,Open,2667.37
3392,810037,2217,2023-04-24 22:44:01,Unusual Transaction,Medium,False Positive,121.01
3393,446921,16976,2024-03-19 20:54:33,Suspicious Merchant,Medium,False Positive,1364.83
3394,410239,22749,2024-04-28 17:05:49,Velocity Anomaly,Low,Confirmed,46.76
3395,45652,13163,2022-12-05 10:31:11,Geographic Anomaly,Medium,Confirmed,587.32
3396,623754,9303,2024-09-30 16:45:13,Geographic Anomaly,Low,Closed,1341.43
3397,56057,21743,2022-02-22 15:36:46,Suspicious Merchant,Medium,Confirmed,80.6
3398,520213,11521,2024-02-21 09:57:19,High Value Transaction,High,False Positive,2237.07
3399,235012,14516,2022-06-23 01:12:36,Possible Account Takeover,High,False Positive,320.49
3400,326820,6604,2024-02-15 14:48:32,Possible Account Takeover,High,False Positive,690.42
3401,803898,4072,2022-06-14 20:21:16,Possible Account Takeover,Medium,Closed,299.56
3402,442046,225,2023-10-07 17:52:48,Velocity Anomaly,Medium,False Positive,105.74
3403,156412,24591,2022-04-22 21:10:53,Possible Account Takeover,Low,False Positive,3119.77
3404,852864,6671,2024-07-21 13:59:00,Geographic Anomaly,Medium,Closed,7637.94
3405,791641,4402,2022-12-06 05:33:20,Velocity Anomaly,Low,Closed,1336.14
3406,726730,24338,2022-12-27 14:56:23,Unusual Transaction,High,Closed,1116.72
3407,387818,12992,2022-09-29 13:42:12,Possible Account Takeover,High,False Positive,2995.91
3408,363120,20883,2022-02-04 15:28:57,Possible Account Takeover,Medium,Investigating,469.01
3409,951141,5409,2023-04-06 07:45:56,Unusual Transaction,High,False Positive,1806.87
3410,252890,5167,2024-03-20 22:05:40,Possible Account Takeover,Low,Open,393.06
3411,529829,9039,2022-08-23 05:18:46,Unusual Transaction,Medium,Confirmed,84.48
3412,807574,3309,2024-09-06 03:20:56,Velocity Anomaly,High,Investigating,121.05
3413,873589,3299,2025-10-18 03:02:42,Geographic Anomaly,Medium,Closed,3509.22
3414,692591,20828,2023-12-28 12:05:11,Unusual Transaction,Low,Confirmed,8493.33
3415,688672,23909,2025-05-06 21:57:08,High Value Transaction,High,False Positive,1383.47
3416,269842,2529,2024-08-18 04:52:48,Unusual Transaction,High,False Positive,1119.28
3417,83114,9960,2025-04-27 23:26:59,Possible Account Takeover,High,Investigating,6550.56
3418,919182,5516,2025-04-11 18:45:10,Velocity Anomaly,High,False Positive,305.85
3419,901797,24574,2023-04-16 09:50:20,Suspicious Merchant,Critical,False Positive,1047.25
3420,407067,14433,2022-08-30 10:49:24,Velocity Anomaly,Low,Closed,787.61
3421,531861,15052,2025-07-20 16:55:29,Suspicious Merchant,Low,Open,329.08
3422,165337,7319,2023-01-21 21:16:27,Unusual Transaction,Medium,Confirmed,258.83
3423,289864,24593,2024-07-27 02:04:01,Geographic Anomaly,Low,False Positive,880.48
3424,872960,15577,2023-02-27 13:48:45,High Value Transaction,Medium,Open,259.9
3425,137863,20333,2025-10-26 13:33:49,Velocity Anomaly,Medium,Investigating,213.94
3426,987757,14036,2024-01-20 06:39:49,Possible Account Takeover,Medium,Investigating,4164.03
3427,212221,12532,2023-10-25 13:45:12,Suspicious Merchant,Medium,False Positive,850.93
3428,760155,16678,2025-03-03 11:44:34,Possible Account Takeover,High,Confirmed,324.78
3429,984967,6710,2025-07-14 18:10:14,Geographic Anomaly,Low,False Positive,1069.92
3430,864765,23807,2022-11-12 20:57:56,Suspicious Merchant,Medium,Closed,935.95
3431,982753,11897,2023-02-20 12:13:45,Velocity Anomaly,High,False Positive,230.16
3432,394677,24243,2023-06-09 15:08:55,Unusual Transaction,High,Confirmed,509.58
3433,279263,1850,2024-12-12 19:38:49,Possible Account Takeover,Medium,Confirmed,906.09
3434,168050,16158,2024-04-20 09:09:51,Geographic Anomaly,Low,Investigating,212.48
3435,993478,12374,2023-04-02 14:48:02,Velocity Anomaly,Medium,Open,1111.79
3436,120451,24781,2023-10-15 03:05:16,Velocity Anomaly,Low,Confirmed,709.43
3437,938813,3732,2022-09-11 03:42:53,Velocity Anomaly,Low,Confirmed,1550.45
3438,943522,12442,2025-04-18 03:54:28,Velocity Anomaly,High,False Positive,461.39
3439,51909,175,2022-05-23 20:06:36,Suspicious Merchant,Medium,Closed,432.29
3440,654085,7516,2022-04-11 15:56:48,Velocity Anomaly,Medium,Closed,295.59
3441,648612,6476,2023-08-02 13:13:17,Possible Account Takeover,Medium,Open,4093.02
3442,776577,16042,2024-09-24 17:41:35,Geographic Anomaly,Critical,False Positive,1022.56
3443,778696,9848,2022-06-19 13:14:48,Suspicious Merchant,Critical,Open,844.42
3444,388225,2923,2024-12-03 18:50:07,Velocity Anomaly,Medium,False Positive,375.02
3445,40262,1677,2024-12-25 16:48:37,High Value Transaction,Medium,Investigating,880.79
3446,389367,10135,2023-08-06 10:25:57,High Value Transaction,Medium,Closed,2587.25
3447,809189,19972,2024-05-16 01:13:25,Geographic Anomaly,Medium,Closed,4506.56
3448,565136,10547,2022-05-13 08:06:09,Unusual Transaction,Medium,Open,306.97
3449,951629,17844,2025-04-16 11:54:41,Unusual Transaction,Medium,False Positive,3342.7
3450,814265,15771,2025-06-16 19:09:08,Suspicious Merchant,Medium,False Positive,27.44
3451,541543,11902,2023-07-01 13:53:08,Suspicious Merchant,Medium,Confirmed,241.66
3452,9096,17175,2022-10-11 01:52:30,Suspicious Merchant,Low,False Positive,1090.15
3453,491765,16760,2024-09-24 13:20:53,Unusual Transaction,Medium,False Positive,417.9
3454,789860,6571,2024-01-29 14:50:16,High Value Transaction,Medium,Closed,294.01
3455,189545,5444,2024-11-25 01:03:28,Unusual Transaction,Medium,False Positive,118.97
3456,75773,20354,2023-08-24 02:31:38,Possible Account Takeover,High,False Positive,1085.08
3457,877248,20331,2023-04-20 09:42:01,Velocity Anomaly,Medium,False Positive,707.13
3458,624257,17913,2023-08-02 11:01:11,Suspicious Merchant,Medium,Closed,1038.3
3459,813319,12046,2024-01-01 03:29:39,High Value Transaction,Medium,Confirmed,3536.83
3460,744706,20412,2024-04-07 18:38:27,Geographic Anomaly,Medium,Investigating,408.08
3461,403176,20425,2023-03-01 20:55:27,Geographic Anomaly,Low,False Positive,308.66
3462,388425,4567,2023-02-09 05:41:34,Velocity Anomaly,Medium,Closed,286.95
3463,206177,6521,2023-04-03 03:13:44,High Value Transaction,Medium,Investigating,930.14
3464,175699,7766,2023-04-11 21:14:39,Unusual Transaction,High,Confirmed,19.42
3465,596500,16427,2023-03-22 09:24:43,Unusual Transaction,High,Open,424.2
3466,210443,22333,2023-08-29 20:33:14,Possible Account Takeover,High,False Positive,321.56
3467,272372,15014,2025-04-11 10:39:40,Possible Account Takeover,Critical,Closed,1087.13
3468,287881,16734,2025-10-02 11:51:44,Unusual Transaction,Low,Confirmed,352.6
3469,147035,13212,2023-01-28 20:02:45,Geographic Anomaly,Critical,Confirmed,124.52
3470,576618,11337,2022-08-08 08:46:11,Suspicious Merchant,High,Closed,1982.08
3471,350428,159,2022-11-08 12:35:10,Geographic Anomaly,Medium,Investigating,898.84
3472,655080,7471,2022-05-03 20:31:44,Possible Account Takeover,Low,Closed,19008.56
3473,376636,11250,2022-10-07 19:04:12,Velocity Anomaly,High,Confirmed,572.2
3474,717431,3027,2025-03-17 15:48:59,Unusual Transaction,Low,False Positive,780.07
3475,755481,15189,2022-08-12 10:27:35,Possible Account Takeover,High,False Positive,986.49
3476,365976,10698,2022-01-09 03:41:16,Possible Account Takeover,Low,False Positive,810.41
3477,346915,258,2023-08-03 09:01:20,Suspicious Merchant,Medium,Closed,68.58
3478,369316,22064,2025-12-17 09:30:53,Unusual Transaction,Medium,Closed,1684.56
3479,772092,19011,2022-06-30 12:21:21,Suspicious Merchant,Low,False Positive,697.76
3480,311741,22000,2022-09-08 15:33:07,Unusual Transaction,Low,Investigating,130.58
3481,831953,6732,2023-02-06 21:58:16,Suspicious Merchant,Medium,Confirmed,2781.71
3482,474167,5117,2022-10-04 14:05:46,Geographic Anomaly,Low,Confirmed,262.09
3483,349667,4587,2024-11-10 10:56:27,Velocity Anomaly,Medium,Closed,2257.05
3484,385893,1516,2024-05-07 10:39:10,Velocity Anomaly,Medium,False Positive,1511.32
3485,931425,23701,2025-07-30 00:01:44,Unusual Transaction,High,Closed,954.93
3486,27806,23471,2023-10-27 18:41:52,High Value Transaction,High,Closed,1053.66
3487,66113,15585,2023-06-13 10:48:16,Possible Account Takeover,Low,False Positive,3444.61
3488,914896,14073,2025-01-19 21:27:20,Possible Account Takeover,Medium,Closed,2475.56
3489,769976,18158,2025-05-29 10:09:05,Unusual Transaction,Medium,Closed,1455.57
3490,269430,7556,2024-12-05 20:49:05,Suspicious Merchant,High,False Positive,253.12
3491,32979,6757,2024-03-31 23:11:50,High Value Transaction,High,False Positive,2895.19
3492,732303,10464,2023-12-29 00:11:27,Geographic Anomaly,Medium,False Positive,234.64
3493,606481,1213,2023-05-22 21:01:40,Suspicious Merchant,Low,Open,791.64
3494,244755,11861,2024-05-17 14:16:35,Suspicious Merchant,High,False Positive,3760.14
3495,135858,21046,2024-06-15 16:00:38,Unusual Transaction,High,Investigating,668.55
3496,417685,16328,2025-11-22 19:50:59,Unusual Transaction,High,Investigating,2794.87
3497,919781,6124,2022-10-01 00:16:51,Possible Account Takeover,High,Closed,1004.13
3498,275106,24167,2022-01-09 14:24:00,Unusual Transaction,Medium,False Positive,958.56
3499,235416,3307,2023-05-09 09:27:01,Unusual Transaction,Low,Investigating,2942.8
3500,71726,17707,2023-04-07 04:17:43,Unusual Transaction,Medium,Confirmed,210.27
3501,8655,4481,2023-04-15 00:15:41,Possible Account Takeover,Medium,Closed,927.42
3502,151555,5647,2023-03-03 18:46:33,Geographic Anomaly,Medium,Closed,489.19
3503,834093,13871,2024-03-05 09:02:34,Geographic Anomaly,Medium,Open,8139.58
3504,624990,22536,2025-11-14 09:50:53,Unusual Transaction,Medium,Closed,2636.94
3505,537013,21924,2025-08-18 20:51:12,Possible Account Takeover,Medium,Confirmed,361.16
3506,408866,24288,2025-08-12 07:09:40,Geographic Anomaly,Medium,False Positive,5494.35
3507,96377,3832,2023-11-25 00:56:56,Suspicious Merchant,Low,False Positive,1863.31
3508,187930,423,2025-02-28 18:20:27,Geographic Anomaly,Medium,Closed,366.4
3509,371425,12386,2022-03-17 14:36:06,Geographic Anomaly,High,Closed,642.07
3510,713767,6697,2024-08-12 01:16:28,Possible Account Takeover,High,Confirmed,275.43
3511,190616,12400,2025-12-16 14:03:18,Suspicious Merchant,Medium,False Positive,1702.73
3512,582917,18410,2025-04-12 06:43:14,Possible Account Takeover,Medium,Confirmed,653.42
3513,556511,2193,2022-02-14 03:01:10,Unusual Transaction,Low,False Positive,108.0
3514,667789,3499,2025-04-21 00:21:23,Velocity Anomaly,High,False Positive,2154.56
3515,176957,5898,2024-11-17 17:16:47,Geographic Anomaly,Medium,Confirmed,839.65
3516,2723,6822,2022-05-23 22:00:22,Velocity Anomaly,Medium,Confirmed,6044.82
3517,514260,3243,2025-08-02 02:42:17,Possible Account Takeover,High,Investigating,1941.51
3518,712611,3777,2025-04-13 06:39:43,Possible Account Takeover,Medium,False Positive,223.29
3519,464514,10821,2024-06-04 02:43:43,Possible Account Takeover,Low,False Positive,509.63
3520,285198,24329,2022-03-07 13:25:34,Velocity Anomaly,Low,Confirmed,1487.59
3521,280766,13337,2025-06-12 11:56:21,Possible Account Takeover,Medium,Closed,245.16
3522,59232,10406,2022-09-01 23:10:18,Unusual Transaction,Medium,Open,461.15
3523,653432,15610,2022-07-02 09:46:53,Possible Account Takeover,High,False Positive,799.62
3524,695298,1292,2025-10-17 20:16:19,High Value Transaction,Medium,False Positive,2715.71
3525,209583,15676,2025-02-28 13:08:29,Velocity Anomaly,High,Open,437.12
3526,233712,800,2025-06-17 16:36:57,High Value Transaction,Medium,Investigating,114.79
3527,914771,13399,2024-06-20 01:17:25,Possible Account Takeover,Medium,Closed,635.01
3528,168673,19794,2024-06-03 21:01:09,Unusual Transaction,Medium,False Positive,654.13
3529,346188,10457,2025-06-21 04:39:53,Geographic Anomaly,Medium,Confirmed,1058.84
3530,332990,23926,2022-01-18 22:27:15,Suspicious Merchant,Medium,Confirmed,166.47
3531,253269,2661,2025-02-25 15:24:22,Suspicious Merchant,Medium,Closed,329.44
3532,172791,17462,2024-05-26 15:42:30,Possible Account Takeover,High,Confirmed,773.18
3533,128965,952,2024-09-30 03:46:31,Unusual Transaction,Medium,Closed,237.19
3534,659443,20190,2025-08-18 02:21:39,Velocity Anomaly,Low,Confirmed,1999.34
3535,322833,13390,2025-06-06 23:02:10,High Value Transaction,Low,False Positive,3570.84
3536,42788,7002,2023-11-30 23:01:44,High Value Transaction,Low,Investigating,3157.6
3537,566930,24399,2024-05-23 01:31:41,High Value Transaction,Medium,False Positive,756.11
3538,554642,5422,2023-11-30 10:02:11,Velocity Anomaly,Low,False Positive,405.98
3539,407060,9650,2022-07-25 15:50:54,Suspicious Merchant,Low,False Positive,1706.04
3540,924728,24106,2023-06-10 02:28:55,Unusual Transaction,Medium,Open,384.93
3541,885938,22342,2022-12-28 07:08:47,Velocity Anomaly,High,Confirmed,854.31
3542,967267,20156,2024-09-15 19:44:23,High Value Transaction,Low,Investigating,968.71
3543,752078,2792,2022-09-01 05:24:48,Possible Account Takeover,Medium,Confirmed,2400.14
3544,809985,18947,2023-10-27 15:50:48,Geographic Anomaly,High,Closed,828.99
3545,897761,19337,2024-03-03 02:24:54,Velocity Anomaly,Critical,False Positive,8985.19
3546,114914,14414,2025-10-25 01:14:17,Velocity Anomaly,High,Investigating,9237.66
3547,319802,15751,2023-04-24 08:06:24,Unusual Transaction,Low,Closed,488.62
3548,827189,18113,2024-03-29 03:07:29,Unusual Transaction,High,Closed,317.95
3549,840259,7320,2023-09-09 09:50:29,Velocity Anomaly,Medium,False Positive,1657.97
3550,794197,6116,2024-10-19 23:09:35,High Value Transaction,Low,False Positive,963.58
3551,43138,13069,2024-02-09 08:33:25,Geographic Anomaly,High,Closed,362.22
3552,239528,16793,2024-09-21 03:38:08,Unusual Transaction,Medium,False Positive,5939.26
3553,448576,3284,2023-07-13 12:53:34,High Value Transaction,Critical,False Positive,2233.37
3554,673810,8469,2025-09-27 10:19:57,Possible Account Takeover,High,False Positive,5296.27
3555,714770,21378,2022-05-23 18:35:32,Unusual Transaction,Medium,Investigating,1417.66
3556,518901,2015,2022-06-10 12:27:14,High Value Transaction,High,Closed,152.72
3557,638738,22732,2024-08-21 23:23:53,High Value Transaction,Medium,False Positive,1920.42
3558,100003,11795,2023-08-05 05:58:03,Geographic Anomaly,Medium,False Positive,813.08
3559,779646,23460,2025-04-24 11:54:06,Geographic Anomaly,High,Open,1794.34
3560,447400,5572,2025-05-31 02:44:21,Possible Account Takeover,High,Confirmed,1125.5
3561,553915,10603,2024-01-26 08:45:29,High Value Transaction,High,Confirmed,1766.99
3562,468533,1133,2025-07-17 14:08:32,Suspicious Merchant,High,Confirmed,86.3
3563,376085,16303,2023-09-14 14:55:37,High Value Transaction,Critical,False Positive,3135.95
3564,9098,12247,2023-01-18 16:01:21,Geographic Anomaly,High,Confirmed,203.43
3565,938636,3558,2022-07-25 07:40:35,Suspicious Merchant,Medium,Investigating,713.84
3566,321549,13005,2022-07-27 17:57:14,Unusual Transaction,Low,False Positive,885.71
3567,722983,7276,2025-08-05 12:27:10,Unusual Transaction,High,False Positive,948.76
3568,117749,17891,2024-02-07 18:03:57,Velocity Anomaly,Medium,Investigating,432.45
3569,934187,23385,2024-10-11 02:57:07,Geographic Anomaly,Medium,Open,735.63
3570,602005,12347,2024-11-08 15:04:43,Velocity Anomaly,Low,Closed,588.69
3571,180722,21948,2025-09-16 08:40:49,Suspicious Merchant,High,Open,10056.81
3572,419932,13230,2022-08-26 02:28:35,Geographic Anomaly,High,Closed,43736.55
3573,192554,19316,2024-01-18 05:20:13,Possible Account Takeover,Medium,Confirmed,6879.72
3574,924035,2348,2025-04-01 07:12:58,High Value Transaction,Medium,False Positive,180.71
3575,777348,16119,2023-02-24 07:28:27,Possible Account Takeover,High,Investigating,215.84
3576,277842,1895,2025-03-30 09:26:01,Suspicious Merchant,Medium,False Positive,8313.28
3577,310125,21264,2022-07-25 11:45:28,Geographic Anomaly,Medium,Investigating,1925.99
3578,769426,20614,2024-07-12 00:14:29,Suspicious Merchant,Medium,Confirmed,4348.97
3579,509624,10303,2023-02-25 20:28:12,High Value Transaction,Medium,Investigating,22322.21
3580,3222,16284,2022-11-26 06:13:17,Unusual Transaction,Medium,False Positive,548.21
3581,447421,3042,2022-06-18 18:36:38,Unusual Transaction,Medium,Closed,34753.36
3582,95566,12042,2022-04-27 02:30:27,Suspicious Merchant,Medium,Confirmed,3603.31
3583,287822,9616,2022-04-26 22:44:38,Velocity Anomaly,Critical,Confirmed,541.35
3584,613294,4137,2022-04-01 07:29:18,Geographic Anomaly,Low,False Positive,198.59
3585,15697,1830,2023-01-07 19:53:21,Geographic Anomaly,Medium,Closed,174.42
3586,316271,12583,2023-06-02 20:01:15,Unusual Transaction,Medium,False Positive,441.93
3587,630682,14707,2025-01-05 23:53:28,Possible Account Takeover,Low,Closed,5480.18
3588,224643,2656,2025-11-10 08:33:56,High Value Transaction,Medium,Confirmed,1361.92
3589,132657,20610,2024-05-26 23:33:22,Possible Account Takeover,Medium,Investigating,380.38
3590,526119,15990,2023-02-11 09:53:03,Possible Account Takeover,Medium,Investigating,1294.2
3591,679268,24843,2024-11-02 19:48:51,Suspicious Merchant,Medium,False Positive,597.97
3592,494728,8850,2024-12-13 14:37:14,Unusual Transaction,High,Confirmed,519.06
3593,614042,15810,2025-11-15 11:36:21,Unusual Transaction,Medium,Investigating,1513.74
3594,110053,4989,2024-03-18 03:39:27,Unusual Transaction,Low,Confirmed,5637.13
3595,312424,16551,2025-04-11 14:17:19,Suspicious Merchant,High,False Positive,832.91
3596,993100,10182,2024-09-09 06:07:22,Velocity Anomaly,Low,Investigating,135.84
3597,314008,8096,2025-05-28 02:49:17,Possible Account Takeover,High,Open,134.25
3598,280611,19106,2023-12-14 01:41:41,Suspicious Merchant,High,Closed,3830.71
3599,703011,22545,2025-02-06 07:52:54,Geographic Anomaly,Medium,Confirmed,657.33
3600,482346,20703,2022-06-06 23:22:54,High Value Transaction,High,Investigating,6781.13
3601,260209,13066,2023-11-11 23:45:47,Velocity Anomaly,High,False Positive,557.83
3602,942597,10885,2025-08-09 05:48:08,Geographic Anomaly,High,Closed,971.9
3603,406073,22126,2023-10-30 00:13:12,Possible Account Takeover,High,False Positive,315.82
3604,700759,21935,2023-08-28 09:26:51,Unusual Transaction,Low,Confirmed,57.86
3605,944173,18675,2022-07-16 05:39:44,Possible Account Takeover,High,Closed,84.63
3606,816467,1925,2023-09-21 03:28:59,Suspicious Merchant,Low,False Positive,2668.3
3607,244319,16931,2023-05-13 15:20:53,High Value Transaction,Low,Confirmed,1973.9
3608,402295,14473,2023-09-28 11:22:05,Suspicious Merchant,Medium,False Positive,458.82
3609,917528,15272,2024-10-11 12:32:59,Velocity Anomaly,Medium,False Positive,490.47
3610,637077,224,2023-09-08 08:33:47,Velocity Anomaly,Medium,False Positive,1006.34
3611,836632,14201,2023-09-28 11:46:50,High Value Transaction,High,Closed,82.67
3612,823401,4347,2025-10-13 21:13:53,Geographic Anomaly,High,False Positive,188.25
3613,8024,18779,2024-09-08 18:36:38,Geographic Anomaly,Low,Closed,5624.94
3614,165671,11615,2024-05-01 10:27:46,Velocity Anomaly,Critical,False Positive,1322.23
3615,891461,8049,2023-10-09 06:41:07,Velocity Anomaly,High,Confirmed,457.97
3616,211276,12873,2024-05-31 18:24:50,Unusual Transaction,Low,False Positive,1302.49
3617,725223,16693,2025-07-11 00:01:09,Geographic Anomaly,Medium,Open,696.68
3618,947186,21577,2025-02-15 14:28:26,High Value Transaction,High,Investigating,653.94
3619,636641,5924,2025-05-27 13:57:00,Geographic Anomaly,Medium,False Positive,278.29
3620,281785,5303,2023-06-22 17:20:51,Unusual Transaction,High,False Positive,4777.5
3621,818618,3419,2022-03-21 11:56:41,Suspicious Merchant,High,Investigating,150.01
3622,317677,12165,2024-10-23 13:07:42,Velocity Anomaly,Medium,Confirmed,292.73
3623,227431,5846,2025-02-05 16:53:32,Velocity Anomaly,Low,Investigating,690.72
3624,805055,16269,2023-02-25 08:03:18,Unusual Transaction,Medium,Closed,236.93
3625,934882,20921,2024-12-24 16:35:30,High Value Transaction,Low,Investigating,121.03
3626,779230,9078,2025-09-25 14:42:45,Velocity Anomaly,Medium,False Positive,493.92
3627,758070,22129,2025-07-12 18:05:57,Possible Account Takeover,High,False Positive,69.12
3628,141575,3989,2024-05-24 18:57:16,Velocity Anomaly,Medium,Confirmed,745.14
3629,434384,12818,2022-03-12 20:39:22,Possible Account Takeover,Critical,Confirmed,1703.75
3630,489670,21297,2024-02-09 22:39:39,Unusual Transaction,Medium,Confirmed,155.23
3631,745927,13960,2023-09-27 00:07:44,Unusual Transaction,High,False Positive,7181.03
3632,231673,925,2023-08-20 13:22:36,Velocity Anomaly,High,False Positive,4622.8
3633,109239,22993,2023-06-04 15:00:30,Geographic Anomaly,Critical,False Positive,2478.56
3634,18901,6700,2024-11-18 04:49:34,Possible Account Takeover,High,False Positive,858.66
3635,662061,3653,2024-10-23 02:07:24,High Value Transaction,Low,Investigating,887.65
3636,340563,18690,2022-06-07 14:21:16,Velocity Anomaly,Critical,Open,1289.29
3637,110279,8337,2024-07-17 03:33:06,High Value Transaction,High,Closed,6114.51
3638,859744,2465,2025-07-15 14:39:50,Velocity Anomaly,Low,False Positive,1074.12
3639,247967,17023,2022-12-03 03:35:12,Geographic Anomaly,High,False Positive,1201.68
3640,43173,11616,2023-08-22 18:58:12,Geographic Anomaly,High,False Positive,332.25
3641,807952,22090,2023-07-28 08:01:22,Geographic Anomaly,Medium,Confirmed,39.19
3642,476937,2946,2023-02-02 19:30:05,Suspicious Merchant,Medium,Investigating,436.35
3643,932945,19992,2022-12-09 17:14:28,Geographic Anomaly,High,False Positive,2556.97
3644,688368,11138,2025-07-27 15:24:42,Unusual Transaction,High,Closed,167.76
3645,73031,14607,2022-12-22 15:12:13,Unusual Transaction,Medium,Confirmed,159.34
3646,57290,8175,2024-01-21 06:45:58,Suspicious Merchant,Low,Confirmed,759.52
3647,89663,22416,2025-11-10 16:17:12,Possible Account Takeover,Medium,Confirmed,2477.64
3648,953362,14561,2025-02-07 16:51:25,High Value Transaction,High,Open,19983.11
3649,623986,5951,2025-12-19 12:36:13,Velocity Anomaly,High,False Positive,1334.17
3650,914400,7613,2022-09-24 20:06:48,Velocity Anomaly,Medium,Closed,138.64
3651,332336,3483,2023-07-15 08:37:12,Suspicious Merchant,Medium,False Positive,218.03
3652,194883,10935,2022-09-04 07:33:49,Unusual Transaction,Low,Closed,1950.65
3653,215598,3173,2024-01-30 21:36:50,Velocity Anomaly,High,False Positive,2948.22
3654,376873,15212,2022-06-30 15:55:25,Unusual Transaction,Low,Confirmed,364.37
3655,627827,6221,2023-05-18 01:03:47,Possible Account Takeover,Low,Closed,2134.34
3656,871466,19441,2022-07-30 19:10:19,High Value Transaction,Low,Confirmed,187.76
3657,1383,12763,2022-10-31 05:05:17,Possible Account Takeover,Medium,Closed,615.67
3658,627871,11879,2023-03-22 04:14:31,Suspicious Merchant,Medium,False Positive,508.63
3659,406380,3808,2024-01-12 04:25:57,Geographic Anomaly,Medium,Confirmed,24918.13
3660,1553,10289,2024-10-07 04:02:56,Geographic Anomaly,High,False Positive,965.21
3661,656085,1188,2025-06-22 21:10:53,Geographic Anomaly,Low,Confirmed,9236.79
3662,601238,1402,2022-10-03 00:05:45,Possible Account Takeover,Medium,Investigating,4213.52
3663,329953,22766,2023-08-19 22:11:39,Velocity Anomaly,High,Confirmed,675.71
3664,764056,16077,2022-05-22 19:16:02,High Value Transaction,Medium,Closed,7163.15
3665,805319,18981,2022-12-23 09:44:12,Geographic Anomaly,Medium,False Positive,7712.38
3666,84899,11961,2022-03-21 09:18:47,Suspicious Merchant,Low,Confirmed,2230.85
3667,190327,15892,2024-03-02 17:36:13,Suspicious Merchant,High,Confirmed,2487.87
3668,521682,23083,2024-12-28 13:04:15,Geographic Anomaly,Medium,False Positive,3814.0
3669,798640,21755,2023-11-14 10:14:51,Geographic Anomaly,High,Confirmed,56.77
3670,672870,9572,2024-11-06 10:19:31,High Value Transaction,Medium,False Positive,101.37
3671,616322,10893,2024-07-18 23:04:38,Geographic Anomaly,Medium,False Positive,1218.94
3672,931659,12583,2022-12-04 11:25:35,High Value Transaction,High,Confirmed,219.62
3673,416121,15191,2025-07-16 16:25:16,Suspicious Merchant,Critical,Investigating,198.1
3674,143888,19281,2024-07-25 21:10:13,Geographic Anomaly,Low,False Positive,412.51
3675,897624,5319,2024-03-18 16:37:34,Possible Account Takeover,High,Confirmed,2204.15
3676,79302,8598,2023-12-12 15:26:18,Possible Account Takeover,Medium,Confirmed,571.38
3677,508728,8657,2022-08-20 01:42:44,Suspicious Merchant,Medium,Confirmed,489.44
3678,666148,13252,2022-01-29 06:10:46,High Value Transaction,Medium,Confirmed,1482.15
3679,332276,7290,2024-06-23 23:25:43,Possible Account Takeover,Medium,Closed,1952.29
3680,115346,24821,2023-05-01 08:39:26,High Value Transaction,Medium,False Positive,659.05
3681,663340,24197,2025-06-28 14:53:01,Possible Account Takeover,Medium,False Positive,1347.4
3682,370797,22948,2024-01-24 19:57:56,Possible Account Takeover,Low,Confirmed,2012.79
3683,9738,17689,2022-04-19 21:51:58,High Value Transaction,Low,Open,1795.57
3684,328400,9958,2025-02-14 15:01:17,Velocity Anomaly,High,Confirmed,680.83
3685,342518,12653,2024-03-25 14:50:01,Possible Account Takeover,Critical,False Positive,600.11
3686,903727,8040,2022-09-25 06:27:29,Geographic Anomaly,High,Confirmed,120.47
3687,390327,19219,2025-02-15 23:26:19,Suspicious Merchant,Medium,False Positive,151.5
3688,276623,11143,2025-03-17 01:06:51,Velocity Anomaly,Medium,Investigating,6123.15
3689,819384,12004,2024-08-15 15:26:48,High Value Transaction,High,Closed,6939.3
3690,497917,22189,2024-07-13 16:22:46,Velocity Anomaly,Critical,Closed,380.04
3691,808204,9976,2024-07-12 19:21:18,Unusual Transaction,Medium,Investigating,3090.43
3692,698387,6054,2022-03-02 00:11:26,Unusual Transaction,High,False Positive,132.35
3693,415730,6810,2025-10-26 23:55:24,Possible Account Takeover,Critical,Open,611.9
3694,771078,7144,2025-12-30 20:53:10,Possible Account Takeover,High,False Positive,3419.59
3695,227798,21634,2024-08-20 14:41:08,Geographic Anomaly,Low,Investigating,2188.55
3696,535710,23326,2025-12-16 12:44:35,Suspicious Merchant,Low,Investigating,598.13
3697,896578,18550,2024-06-19 12:09:43,Velocity Anomaly,Medium,Open,2389.51
3698,691110,2705,2023-08-27 11:33:22,Unusual Transaction,Medium,Closed,222.13
3699,880788,1778,2023-10-02 06:16:40,Possible Account Takeover,Low,False Positive,1512.12
3700,311236,18118,2022-09-20 04:16:35,Suspicious Merchant,Medium,Open,4621.41
3701,182552,20520,2025-04-07 18:41:48,Velocity Anomaly,High,False Positive,1220.54
3702,498695,13081,2025-01-20 21:19:10,Possible Account Takeover,Medium,Investigating,1394.34
3703,574516,22217,2025-01-11 08:20:16,Possible Account Takeover,Medium,Confirmed,473.09
3704,680550,21117,2025-05-27 17:48:27,Unusual Transaction,Medium,Closed,3905.47
3705,236129,9655,2023-02-23 22:49:18,Unusual Transaction,High,Investigating,595.28
3706,936009,22722,2025-09-19 00:10:17,Possible Account Takeover,High,False Positive,113.09
3707,578368,10605,2025-04-30 03:00:14,High Value Transaction,Low,Confirmed,878.28
3708,699914,17441,2022-10-28 17:09:40,Possible Account Takeover,High,Investigating,220.21
3709,133286,23518,2023-04-30 15:00:17,Suspicious Merchant,Medium,Confirmed,397.56
3710,186647,15731,2022-12-10 23:18:35,Possible Account Takeover,Low,Closed,475.0
3711,672455,10622,2022-05-27 13:25:43,Geographic Anomaly,High,False Positive,666.2
3712,801980,10585,2024-09-28 15:23:57,Geographic Anomaly,Medium,Investigating,1802.86
3713,88885,19772,2022-12-28 06:45:23,Geographic Anomaly,Medium,False Positive,81.46
3714,744601,6891,2025-05-19 16:35:10,High Value Transaction,Medium,Closed,1102.5
3715,280504,13002,2023-02-14 18:16:25,High Value Transaction,Medium,Confirmed,1505.98
3716,485841,7125,2024-01-06 16:25:14,Possible Account Takeover,Medium,Confirmed,645.25
3717,52951,20648,2023-02-20 11:46:48,Geographic Anomaly,High,Investigating,3983.86
3718,216191,11698,2022-08-26 23:34:27,High Value Transaction,Low,Confirmed,2883.89
3719,283884,2653,2023-09-27 13:08:14,Unusual Transaction,Critical,False Positive,4150.01
3720,755221,3185,2024-11-27 07:35:38,Possible Account Takeover,Medium,Confirmed,380.62
3721,805912,7205,2024-11-27 10:27:29,Suspicious Merchant,Low,Open,236.42
3722,270501,5222,2023-10-02 22:11:17,Velocity Anomaly,Low,Confirmed,1196.12
3723,671466,21114,2025-12-25 07:38:31,Possible Account Takeover,Medium,Confirmed,623.49
3724,752926,394,2023-08-23 09:33:37,Velocity Anomaly,Medium,False Positive,117.07
3725,710545,24546,2024-09-26 16:24:57,Geographic Anomaly,Low,False Positive,604.65
3726,420487,18433,2023-01-07 08:59:45,Velocity Anomaly,Low,Open,647.08
3727,412167,12369,2024-05-19 01:14:21,Geographic Anomaly,High,Confirmed,333.91
3728,470754,6431,2024-07-08 14:32:37,Unusual Transaction,Low,Confirmed,2518.16
3729,723413,2080,2023-09-24 15:54:13,Velocity Anomaly,High,Closed,3706.74
3730,66744,12700,2022-05-31 23:38:12,Possible Account Takeover,High,Confirmed,560.04
3731,765134,18669,2025-09-19 11:44:22,Geographic Anomaly,Medium,Investigating,365.17
3732,251468,522,2024-05-12 07:58:38,Possible Account Takeover,Medium,Open,274.85
3733,387435,919,2022-11-19 14:42:18,High Value Transaction,Low,Confirmed,89.24
3734,982441,23107,2022-11-17 08:47:05,Geographic Anomaly,High,Investigating,184.14
3735,246826,7413,2025-05-23 20:02:57,Velocity Anomaly,Low,False Positive,324.09
3736,983189,2236,2024-03-11 04:45:49,Geographic Anomaly,Medium,False Positive,499.76
3737,551084,9696,2025-07-07 03:53:13,Possible Account Takeover,Medium,Confirmed,253.02
3738,657859,16410,2023-07-02 14:39:46,Unusual Transaction,Low,False Positive,5024.31
3739,964784,8260,2022-02-06 22:58:52,Geographic Anomaly,Medium,False Positive,839.65
3740,674601,6955,2023-06-30 20:00:01,Velocity Anomaly,High,Confirmed,224.31
3741,316810,10820,2023-04-17 11:42:55,High Value Transaction,Medium,Open,1330.18
3742,640375,16612,2022-02-14 23:45:55,Suspicious Merchant,High,Investigating,6630.91
3743,416100,19801,2025-08-30 15:17:03,Unusual Transaction,High,Closed,22462.45
3744,913149,17304,2025-08-31 10:01:32,High Value Transaction,Medium,False Positive,2869.49
3745,477903,7666,2025-08-11 08:48:08,Geographic Anomaly,Medium,Open,533.0
3746,232576,8432,2023-07-25 13:29:41,Possible Account Takeover,Medium,Investigating,338.87
3747,808147,12806,2022-10-22 04:22:32,Possible Account Takeover,Medium,False Positive,1410.24
3748,71116,18588,2023-01-02 18:32:03,Velocity Anomaly,Medium,Confirmed,432.89
3749,336719,10908,2023-09-20 16:41:54,Possible Account Takeover,Critical,False Positive,1031.99
3750,327076,5486,2022-01-27 22:18:46,Unusual Transaction,Medium,Investigating,133.15
3751,714865,18093,2024-12-23 07:38:48,Possible Account Takeover,Medium,Closed,2345.05
3752,449774,6213,2023-06-04 16:55:51,Velocity Anomaly,Medium,False Positive,530.37
3753,12246,13695,2023-08-02 04:46:04,Suspicious Merchant,Medium,Investigating,1004.9
3754,683062,19657,2022-10-31 15:26:31,Geographic Anomaly,High,False Positive,4079.02
3755,469578,5195,2025-01-04 06:04:22,Geographic Anomaly,Medium,Investigating,752.75
3756,687454,15372,2022-11-05 21:26:24,Possible Account Takeover,Low,Confirmed,2499.09
3757,289710,24219,2022-05-21 08:44:32,High Value Transaction,Low,False Positive,1042.24
3758,800269,689,2023-09-01 07:08:38,Geographic Anomaly,High,Confirmed,482.04
3759,104913,16045,2025-04-19 14:34:25,Suspicious Merchant,Medium,False Positive,512.77
3760,715228,11968,2024-01-31 18:47:55,Possible Account Takeover,Critical,Investigating,515.73
3761,372685,18456,2024-06-04 15:17:32,Velocity Anomaly,Low,False Positive,27.45
3762,238858,19101,2022-01-21 21:13:55,Suspicious Merchant,Medium,Confirmed,8047.98
3763,367193,23395,2023-05-11 15:43:58,Possible Account Takeover,Low,False Positive,2046.64
3764,234847,17689,2023-11-30 19:40:06,Suspicious Merchant,Medium,Investigating,198.73
3765,367766,11636,2024-01-22 03:53:04,Geographic Anomaly,Medium,Confirmed,879.55
3766,68786,23577,2025-07-29 04:19:39,Velocity Anomaly,Low,Confirmed,963.7
3767,877838,10861,2024-12-13 03:04:42,Possible Account Takeover,Medium,Confirmed,1027.48
3768,109197,7755,2023-02-28 21:35:46,Unusual Transaction,Medium,Confirmed,1398.84
3769,398228,3397,2025-03-30 01:06:43,Velocity Anomaly,Medium,Confirmed,539.84
3770,553192,4187,2024-12-11 06:17:15,Unusual Transaction,Medium,Closed,364.44
3771,464971,11444,2025-06-13 05:37:13,Suspicious Merchant,High,Investigating,411.46
3772,609462,1376,2024-01-09 17:03:50,High Value Transaction,Low,False Positive,719.21
3773,101248,5544,2024-01-18 00:46:27,Velocity Anomaly,Medium,False Positive,2385.55
3774,457258,20770,2023-07-04 21:38:38,Suspicious Merchant,Medium,Confirmed,1213.51
3775,479633,23841,2024-10-26 08:35:39,Unusual Transaction,High,False Positive,3399.38
3776,271362,884,2023-01-11 23:14:41,Geographic Anomaly,High,Closed,297.68
3777,463432,17845,2022-06-14 07:49:23,Geographic Anomaly,Medium,Confirmed,3830.18
3778,159797,15278,2023-03-27 17:05:37,High Value Transaction,Medium,Closed,626.35
3779,270065,20235,2025-03-13 09:58:14,Velocity Anomaly,High,Open,335.61
3780,509785,6803,2024-07-14 21:52:19,Velocity Anomaly,Critical,False Positive,739.98
3781,593183,10332,2023-10-05 14:23:09,Velocity Anomaly,High,Confirmed,2154.08
3782,615582,17731,2025-08-01 07:56:44,Suspicious Merchant,Critical,Confirmed,49.94
3783,462767,21517,2023-04-26 04:54:11,High Value Transaction,High,False Positive,548.93
3784,544151,14300,2022-01-15 05:48:54,Velocity Anomaly,High,Confirmed,192.63
3785,229181,1532,2024-01-14 17:51:30,Suspicious Merchant,Medium,Confirmed,45.69
3786,169024,12606,2023-05-06 02:22:04,Geographic Anomaly,Medium,Confirmed,1111.57
3787,827645,20616,2025-07-07 16:54:57,Unusual Transaction,Low,False Positive,941.38
3788,678709,1735,2023-11-18 09:03:06,Suspicious Merchant,High,False Positive,333.5
3789,356960,12971,2022-01-21 14:24:44,Geographic Anomaly,High,Confirmed,3482.55
3790,631013,13736,2025-08-11 12:18:57,Geographic Anomaly,Medium,Investigating,747.11
3791,123820,7403,2025-05-16 14:13:42,Unusual Transaction,Medium,False Positive,337.78
3792,262361,13599,2022-05-18 06:07:58,Geographic Anomaly,Low,False Positive,155.88
3793,144194,11610,2023-10-28 20:39:13,High Value Transaction,Medium,Investigating,370.87
3794,634210,15399,2023-04-29 16:03:35,Unusual Transaction,Medium,Confirmed,2234.39
3795,894662,18488,2023-05-10 11:58:30,Geographic Anomaly,Medium,Investigating,174.79
3796,515016,4148,2025-02-16 13:27:37,Possible Account Takeover,High,Closed,2648.02
3797,153669,10918,2024-07-09 09:58:06,Suspicious Merchant,Low,False Positive,655.04
3798,118007,319,2024-01-09 07:36:05,Geographic Anomaly,Low,Open,3986.08
3799,28109,7180,2022-03-12 01:39:01,High Value Transaction,Medium,False Positive,46.38
3800,745310,11985,2022-06-11 22:29:11,Velocity Anomaly,Medium,Open,3573.73
3801,521265,1437,2022-06-01 01:52:34,Geographic Anomaly,High,Confirmed,1609.38
3802,729607,9341,2022-03-25 07:55:24,Velocity Anomaly,Medium,Closed,422.48
3803,851712,11536,2024-03-20 19:27:41,Possible Account Takeover,Medium,Closed,586.39
3804,146245,20718,2023-10-19 08:53:23,Geographic Anomaly,Medium,False Positive,1097.85
3805,261394,12247,2025-04-14 00:55:27,Unusual Transaction,Low,Confirmed,4095.09
3806,234721,18631,2025-11-04 18:00:01,Velocity Anomaly,Medium,Confirmed,954.64
3807,275371,14838,2023-04-18 03:26:41,Possible Account Takeover,Low,Closed,2371.8
3808,770257,20095,2023-10-05 05:13:20,Unusual Transaction,Medium,False Positive,3159.91
3809,635600,5275,2024-02-14 05:46:48,Unusual Transaction,Medium,Confirmed,849.07
3810,767574,3813,2024-11-26 03:02:35,Unusual Transaction,Low,Confirmed,390.88
3811,698181,2750,2023-09-28 16:46:14,Unusual Transaction,Low,Closed,317.54
3812,570576,18352,2025-10-23 20:58:47,Geographic Anomaly,Medium,Closed,4715.27
3813,901399,14251,2024-12-21 16:40:07,Suspicious Merchant,High,False Positive,5156.43
3814,285013,2447,2022-05-23 16:34:06,Geographic Anomaly,High,False Positive,658.7
3815,245202,21430,2023-03-02 03:01:58,Geographic Anomaly,Low,Open,317.6
3816,885301,10637,2022-03-21 03:54:23,Possible Account Takeover,Low,False Positive,37.91
3817,623505,19000,2024-12-19 05:14:59,Possible Account Takeover,Low,False Positive,451.86
3818,748658,19139,2022-09-19 03:42:34,Suspicious Merchant,Medium,Open,561.38
3819,670049,21001,2024-10-19 01:11:21,Possible Account Takeover,Medium,False Positive,206.14
3820,328239,21638,2024-12-09 12:22:53,High Value Transaction,High,Closed,291.36
3821,682807,3417,2025-07-13 12:48:42,Suspicious Merchant,High,Investigating,1098.19
3822,497778,66,2023-02-20 21:55:35,Possible Account Takeover,Low,False Positive,4812.99
3823,601230,2720,2023-02-25 07:54:39,Suspicious Merchant,Medium,False Positive,2684.07
3824,529245,2567,2024-06-11 20:05:35,Geographic Anomaly,High,False Positive,710.08
3825,226229,12384,2024-03-31 06:48:42,Geographic Anomaly,Medium,False Positive,235.41
3826,986915,15161,2024-09-09 07:34:20,Suspicious Merchant,Medium,Confirmed,1241.34
3827,516202,3967,2024-09-19 07:05:13,High Value Transaction,Critical,False Positive,9333.35
3828,610575,19529,2025-12-13 18:41:06,High Value Transaction,High,Confirmed,4683.84
3829,423186,24558,2025-07-31 15:43:00,Suspicious Merchant,High,False Positive,122.13
3830,58009,146,2023-10-20 14:10:30,Possible Account Takeover,Medium,Confirmed,83.03
3831,897968,21602,2022-06-07 10:57:21,Velocity Anomaly,Medium,Investigating,106.27
3832,636691,21454,2024-08-06 15:37:57,High Value Transaction,Low,Confirmed,1520.0
3833,79203,9086,2024-12-10 10:11:18,Unusual Transaction,Medium,Investigating,911.62
3834,766792,6782,2023-07-20 14:34:49,Geographic Anomaly,Low,Investigating,1930.3
3835,286348,16168,2025-10-16 06:55:27,Suspicious Merchant,High,Investigating,991.07
3836,751445,6262,2025-05-31 09:56:14,Unusual Transaction,High,False Positive,10066.88
3837,181266,23117,2025-06-22 19:20:48,Suspicious Merchant,Medium,Closed,371.31
3838,947164,11895,2024-09-03 22:50:50,Geographic Anomaly,Low,Closed,332.47
3839,997962,8530,2024-08-29 05:49:15,Geographic Anomaly,Low,Closed,1784.58
3840,625416,1223,2023-11-01 05:20:22,High Value Transaction,High,False Positive,229.09
3841,711722,5374,2023-07-20 09:35:51,High Value Transaction,Medium,Open,11128.44
3842,574699,14871,2023-09-30 10:12:31,Unusual Transaction,High,False Positive,890.83
3843,76354,7987,2025-09-10 04:15:48,Suspicious Merchant,Medium,False Positive,150.71
3844,229246,4563,2024-10-12 19:42:37,Geographic Anomaly,Medium,Investigating,1930.66
3845,770333,20405,2024-03-30 06:31:31,Unusual Transaction,High,False Positive,1190.9
3846,431478,5680,2023-09-10 14:01:33,Velocity Anomaly,Medium,Confirmed,461.15
3847,590270,4100,2024-01-03 03:47:28,Unusual Transaction,Medium,Closed,850.69
3848,757396,12987,2025-04-08 11:14:25,Possible Account Takeover,High,False Positive,227.15
3849,525442,20817,2025-10-19 11:44:15,Unusual Transaction,Low,Closed,645.82
3850,482531,18589,2024-07-28 06:14:16,Possible Account Takeover,Low,Investigating,1583.98
3851,957878,10705,2025-05-21 22:43:02,Possible Account Takeover,Medium,Open,77.11
3852,549455,8399,2023-10-25 19:04:48,Possible Account Takeover,Low,Closed,925.39
3853,217176,24136,2023-10-26 04:58:43,Velocity Anomaly,High,Open,2344.47
3854,935019,12181,2022-11-06 03:05:49,Unusual Transaction,High,Confirmed,3259.64
3855,704406,24220,2023-04-13 17:41:44,Unusual Transaction,High,False Positive,454.53
3856,325105,8562,2023-02-23 13:39:27,Velocity Anomaly,Medium,Closed,2639.23
3857,40282,7012,2022-09-26 02:15:52,Geographic Anomaly,Low,Confirmed,448.74
3858,117320,6172,2023-07-18 00:57:58,High Value Transaction,Medium,Open,603.85
3859,921630,4046,2023-07-18 03:20:48,Unusual Transaction,High,False Positive,713.93
3860,273078,8423,2022-07-24 07:47:03,High Value Transaction,Low,Confirmed,55.27
3861,859908,15194,2025-08-22 03:23:26,Suspicious Merchant,High,Confirmed,639.61
3862,167287,22560,2023-02-08 00:22:22,Suspicious Merchant,High,Closed,357.68
3863,300925,8069,2023-03-24 07:27:57,Velocity Anomaly,Medium,False Positive,1209.74
3864,737056,15333,2024-10-07 15:18:25,Suspicious Merchant,Medium,Closed,201.24
3865,428418,5655,2023-06-19 04:34:14,Suspicious Merchant,Medium,Investigating,359.39
3866,478458,14579,2022-04-01 14:53:58,Geographic Anomaly,High,False Positive,4001.09
3867,995454,7317,2022-03-06 05:51:04,Geographic Anomaly,Low,Closed,2712.8
3868,834294,775,2022-04-05 22:03:11,Geographic Anomaly,High,False Positive,188.68
3869,862460,23671,2025-08-04 23:19:54,Suspicious Merchant,Medium,Investigating,144.21
3870,337048,4302,2023-03-22 15:16:58,Velocity Anomaly,Critical,Closed,1053.91
3871,29274,245,2024-10-30 20:17:58,Possible Account Takeover,Low,False Positive,1692.69
3872,83450,11308,2025-05-07 20:40:17,Possible Account Takeover,Low,False Positive,1119.28
3873,498453,18362,2025-09-03 17:37:05,High Value Transaction,High,Investigating,84.62
3874,799996,9415,2024-03-19 22:02:14,Possible Account Takeover,High,False Positive,764.56
3875,942283,6318,2025-07-25 16:04:06,Possible Account Takeover,Medium,Closed,939.41
3876,856686,21759,2025-01-10 20:26:50,Geographic Anomaly,High,False Positive,2519.74
3877,993534,14247,2023-05-15 08:54:42,Geographic Anomaly,High,Confirmed,145.96
3878,160544,6551,2022-11-18 22:49:58,Suspicious Merchant,Low,Investigating,98.51
3879,431713,18734,2024-05-05 13:01:47,High Value Transaction,Medium,Confirmed,1653.26
3880,271703,16831,2024-01-14 08:07:11,Unusual Transaction,High,Confirmed,2789.99
3881,422143,3989,2024-12-28 03:09:28,High Value Transaction,Medium,False Positive,924.52
3882,391134,10286,2022-05-23 20:52:06,High Value Transaction,Medium,Investigating,350.92
3883,903821,3852,2023-08-07 21:18:44,Velocity Anomaly,High,Investigating,243.97
3884,796087,20191,2024-04-17 08:13:37,Suspicious Merchant,Medium,Confirmed,303.69
3885,414550,23763,2024-06-01 00:18:17,Velocity Anomaly,Low,Confirmed,2571.83
3886,777013,15996,2024-09-18 05:26:46,High Value Transaction,Critical,False Positive,853.25
3887,917820,10343,2024-08-04 18:22:09,High Value Transaction,Medium,False Positive,6629.37
3888,711412,16665,2022-09-20 22:40:05,High Value Transaction,High,Closed,431.08
3889,623395,17851,2023-09-20 02:42:24,Possible Account Takeover,High,Confirmed,11161.11
3890,579406,2096,2024-01-05 23:59:04,Velocity Anomaly,Low,False Positive,129.72
3891,853851,17063,2023-04-29 04:18:45,High Value Transaction,Low,Confirmed,1202.49
3892,577602,3657,2025-09-07 20:29:32,Geographic Anomaly,Medium,Open,5427.57
3893,194945,626,2023-11-05 11:20:28,Suspicious Merchant,Medium,False Positive,1029.77
3894,138667,18753,2023-03-26 00:51:58,Suspicious Merchant,High,False Positive,1165.76
3895,946121,9774,2023-04-12 03:41:58,Geographic Anomaly,Medium,Open,473.96
3896,765444,20930,2022-08-22 20:41:46,Suspicious Merchant,Medium,Open,80.01
3897,152107,12212,2023-08-01 23:18:29,Possible Account Takeover,Low,False Positive,275.34
3898,865822,23193,2023-04-28 06:44:39,Possible Account Takeover,Medium,False Positive,5409.9
3899,475638,23249,2023-09-15 18:55:23,Unusual Transaction,Medium,Confirmed,1910.6
3900,828218,3900,2024-03-22 01:26:30,Unusual Transaction,Medium,False Positive,2653.0
3901,829422,11844,2025-12-23 02:20:24,Unusual Transaction,Low,Closed,145.74
3902,607492,17010,2023-04-26 14:38:12,Suspicious Merchant,Medium,Investigating,1661.99
3903,384067,1021,2024-08-29 07:00:34,Possible Account Takeover,Low,Investigating,563.45
3904,467399,23053,2025-08-11 12:46:05,Possible Account Takeover,Medium,Investigating,48.79
3905,671649,12097,2023-12-11 19:43:15,Possible Account Takeover,High,False Positive,230.23
3906,30679,9355,2024-11-03 13:16:11,Geographic Anomaly,Low,Confirmed,371.03
3907,220311,10233,2025-01-02 22:05:53,Possible Account Takeover,Medium,Closed,813.92
3908,665874,3032,2023-02-05 03:50:01,Geographic Anomaly,Medium,False Positive,1715.03
3909,979289,2424,2023-04-30 12:06:39,Unusual Transaction,Low,Confirmed,7386.87
3910,341163,6133,2024-09-14 06:21:10,Unusual Transaction,Low,Investigating,2239.83
3911,172173,23426,2023-12-21 08:05:30,Suspicious Merchant,High,False Positive,1499.75
3912,242083,22343,2023-05-07 04:10:57,Unusual Transaction,Medium,Confirmed,79.14
3913,935620,4908,2022-08-31 15:59:50,Suspicious Merchant,Critical,Closed,267.93
3914,624183,9560,2022-08-15 08:32:19,High Value Transaction,Medium,Confirmed,580.33
3915,969360,5914,2022-11-09 16:57:08,High Value Transaction,Medium,Confirmed,1234.48
3916,322243,17397,2024-08-23 03:13:33,Velocity Anomaly,Medium,False Positive,4550.88
3917,996827,17382,2023-11-27 08:29:07,Suspicious Merchant,Medium,Investigating,291.4
3918,611745,8727,2022-09-04 14:41:29,Velocity Anomaly,Medium,False Positive,61.54
3919,697787,8029,2022-09-06 02:57:14,Velocity Anomaly,Medium,Open,232.92
3920,890427,15698,2024-11-18 07:37:11,High Value Transaction,Medium,False Positive,505.42
3921,852341,1355,2022-10-15 12:18:44,Suspicious Merchant,Low,False Positive,3159.48
3922,392960,16762,2025-12-28 09:46:34,High Value Transaction,Low,False Positive,1132.27
3923,982431,17269,2023-12-07 20:13:26,Velocity Anomaly,Medium,False Positive,537.17
3924,632290,15226,2024-06-25 15:20:41,Suspicious Merchant,Medium,Open,78.53
3925,816226,9042,2025-08-20 22:32:48,Velocity Anomaly,High,Confirmed,488.87
3926,689152,22005,2022-06-29 05:24:46,Possible Account Takeover,High,Confirmed,1219.5
3927,99323,13665,2022-06-05 09:43:55,Suspicious Merchant,Medium,Confirmed,4491.3
3928,917177,1460,2022-02-02 02:53:29,Suspicious Merchant,Low,Closed,3497.1
3929,956628,19394,2022-01-11 02:17:43,Velocity Anomaly,Medium,Investigating,88.95
3930,375049,22220,2023-10-04 18:52:52,Possible Account Takeover,High,False Positive,985.64
3931,886000,9382,2023-07-28 07:10:31,Geographic Anomaly,Low,Confirmed,6946.22
3932,856493,1633,2024-10-30 16:33:25,High Value Transaction,High,False Positive,7287.68
3933,872615,5118,2023-09-08 10:34:15,Velocity Anomaly,Medium,False Positive,385.19
3934,521599,4631,2023-05-26 00:53:37,Suspicious Merchant,Low,Investigating,1900.35
3935,602212,16318,2023-10-11 06:56:32,High Value Transaction,Medium,False Positive,698.53
3936,738568,10454,2024-07-09 01:11:48,High Value Transaction,Low,Open,2683.35
3937,195420,23311,2025-11-17 04:11:18,High Value Transaction,High,Confirmed,335.49
3938,19109,20184,2022-09-26 18:51:41,Geographic Anomaly,Medium,False Positive,3016.53
3939,809232,3606,2023-10-03 03:39:33,Unusual Transaction,Medium,Investigating,3103.65
3940,236841,7132,2024-11-23 16:21:44,Velocity Anomaly,Medium,False Positive,310.63
3941,168475,14970,2023-03-15 01:17:38,Unusual Transaction,Medium,Investigating,776.86
3942,980800,8820,2024-12-08 00:49:16,Unusual Transaction,Medium,False Positive,458.83
3943,543286,11544,2025-08-29 16:07:40,Unusual Transaction,Low,Confirmed,665.9
3944,65049,21347,2025-06-13 10:38:08,High Value Transaction,Medium,False Positive,10739.64
3945,329884,13008,2025-12-16 22:10:07,Possible Account Takeover,Low,Closed,4628.12
3946,305252,16237,2025-11-09 11:05:36,High Value Transaction,High,Confirmed,1172.91
3947,214939,24300,2022-08-02 04:00:42,High Value Transaction,Low,Investigating,1504.02
3948,212653,15251,2025-05-07 21:28:33,Suspicious Merchant,Medium,Closed,6381.95
3949,910996,21645,2024-10-01 18:46:20,Suspicious Merchant,Low,Investigating,2074.33
3950,907747,3700,2022-11-27 00:12:00,Unusual Transaction,High,False Positive,215.84
3951,511489,19318,2024-09-22 01:04:18,High Value Transaction,Medium,Closed,1815.56
3952,966338,14820,2022-11-27 05:14:03,Unusual Transaction,Medium,False Positive,191.77
3953,471941,4961,2025-07-26 14:33:44,Suspicious Merchant,High,Investigating,2601.18
3954,660630,18538,2023-03-25 09:05:36,Possible Account Takeover,Medium,Investigating,2683.95
3955,134925,6,2022-04-30 09:26:32,Velocity Anomaly,Critical,Confirmed,994.79
3956,592066,2788,2022-04-17 18:21:17,Unusual Transaction,Low,Confirmed,776.64
3957,220156,20173,2022-01-05 07:09:14,Possible Account Takeover,Medium,Investigating,86.91
3958,116044,23489,2025-04-20 15:02:42,Velocity Anomaly,High,False Positive,1749.31
3959,352207,1981,2023-03-04 13:35:34,Geographic Anomaly,High,Confirmed,292.94
3960,515239,6020,2022-09-23 17:30:27,Unusual Transaction,Medium,Closed,975.0
3961,155614,22641,2022-06-28 20:50:31,Unusual Transaction,High,False Positive,186.12
3962,12748,5393,2024-06-25 08:22:37,Geographic Anomaly,Medium,Closed,596.28
3963,729838,8352,2025-06-23 22:42:23,Geographic Anomaly,High,Confirmed,199.44
3964,105046,22128,2025-10-20 21:54:59,Unusual Transaction,Medium,False Positive,1206.35
3965,590712,13013,2022-05-30 01:00:43,Geographic Anomaly,Low,Confirmed,173.17
3966,249365,5126,2025-10-29 00:34:41,High Value Transaction,High,Confirmed,2351.47
3967,827118,8918,2024-07-14 07:00:51,Velocity Anomaly,High,False Positive,310.3
3968,250525,2403,2024-07-24 07:44:39,Velocity Anomaly,Medium,False Positive,769.31
3969,855052,16427,2023-07-17 00:01:50,Velocity Anomaly,Low,Open,58008.12
3970,37783,1549,2022-11-10 21:01:07,High Value Transaction,Low,Confirmed,63.02
3971,656442,19614,2022-02-25 00:55:57,Geographic Anomaly,Medium,Investigating,1451.35
3972,219616,21967,2025-03-06 13:39:45,Possible Account Takeover,Low,False Positive,583.79
3973,809445,18528,2025-01-07 12:19:39,Geographic Anomaly,Medium,Closed,1242.74
3974,137068,19808,2023-11-16 04:27:51,Unusual Transaction,Medium,Open,360.45
3975,730847,4972,2022-01-13 18:00:11,Suspicious Merchant,High,Confirmed,199.41
3976,82702,19891,2024-02-10 08:32:01,Velocity Anomaly,Low,Closed,2972.62
3977,984026,1213,2023-04-07 11:37:44,Geographic Anomaly,Medium,Confirmed,1465.91
3978,467784,23044,2025-07-25 14:54:30,Possible Account Takeover,Medium,False Positive,451.09
3979,253418,9193,2025-12-19 01:32:09,Unusual Transaction,Medium,Investigating,553.14
3980,912681,21755,2022-08-05 02:09:09,High Value Transaction,Medium,Confirmed,563.56
3981,631830,9477,2024-06-13 14:48:03,High Value Transaction,Medium,False Positive,2290.48
3982,927743,591,2025-11-12 15:22:27,Possible Account Takeover,High,False Positive,1982.33
3983,202393,19645,2023-08-21 11:39:57,Unusual Transaction,High,Confirmed,569.1
3984,878928,8564,2025-11-09 04:44:29,Velocity Anomaly,High,Confirmed,786.13
3985,18635,4114,2023-03-13 01:45:04,Geographic Anomaly,High,Confirmed,1743.24
3986,580869,21966,2022-07-19 15:29:20,Unusual Transaction,High,False Positive,518.06
3987,639773,23024,2022-09-23 01:37:15,High Value Transaction,High,Closed,936.07
3988,810920,20201,2023-03-07 02:50:09,Possible Account Takeover,Low,False Positive,5691.98
3989,626371,23578,2024-02-17 20:43:14,Possible Account Takeover,Medium,Open,1107.05
3990,304800,3578,2023-06-08 16:46:45,Geographic Anomaly,Medium,Closed,2804.06
3991,418259,21052,2022-02-27 10:26:34,Possible Account Takeover,Medium,Open,1465.04
3992,421768,17683,2023-08-07 05:46:13,Possible Account Takeover,Medium,Confirmed,584.21
3993,461354,13337,2022-06-14 14:15:01,Unusual Transaction,Medium,False Positive,1931.4
3994,839457,14136,2025-10-22 23:18:04,Velocity Anomaly,High,Open,153.08
3995,510703,13316,2024-09-13 02:17:24,Geographic Anomaly,Medium,Open,472.82
3996,498265,1622,2024-12-05 06:12:10,Unusual Transaction,Medium,Confirmed,5057.71
3997,3758,6170,2024-10-28 19:48:17,Velocity Anomaly,Critical,False Positive,185.95
3998,337455,10543,2023-03-10 06:09:07,Unusual Transaction,Medium,False Positive,301.19
3999,626413,1566,2022-09-08 20:04:42,Suspicious Merchant,Medium,Confirmed,192.81
4000,544981,19468,2022-01-05 07:56:29,Unusual Transaction,Medium,False Positive,1913.15
4001,292993,14426,2024-08-01 09:38:00,Possible Account Takeover,High,False Positive,795.15
4002,580286,22075,2022-04-03 20:54:57,Velocity Anomaly,Medium,False Positive,2653.64
4003,299769,11996,2022-07-01 15:23:51,Geographic Anomaly,Medium,Confirmed,443.39
4004,865947,22398,2023-06-20 21:29:30,Geographic Anomaly,Low,Open,1226.69
4005,542059,6659,2022-05-08 07:23:17,Velocity Anomaly,Medium,Investigating,134.62
4006,82498,713,2024-02-12 05:01:13,Possible Account Takeover,Medium,False Positive,2016.11
4007,541878,2354,2022-11-09 07:14:25,High Value Transaction,High,False Positive,586.69
4008,79657,22309,2022-03-15 09:27:52,Unusual Transaction,High,Closed,176.47
4009,844227,10522,2022-06-02 07:24:33,Possible Account Takeover,High,Investigating,206.62
4010,852399,15786,2022-06-25 22:28:10,Suspicious Merchant,High,Investigating,7051.48
4011,216131,745,2024-08-13 12:24:29,Velocity Anomaly,Medium,Investigating,821.42
4012,205555,10331,2025-05-09 18:18:15,Unusual Transaction,High,Investigating,2384.39
4013,882682,7703,2023-01-23 22:32:15,Geographic Anomaly,Medium,False Positive,117.53
4014,286165,7742,2022-03-29 15:15:53,High Value Transaction,High,Closed,983.05
4015,728405,20108,2023-06-23 18:19:51,Suspicious Merchant,Medium,False Positive,454.92
4016,755082,14942,2025-07-26 12:54:26,Geographic Anomaly,Low,False Positive,593.92
4017,293870,13591,2023-03-13 18:25:07,Velocity Anomaly,Medium,False Positive,907.64
4018,347249,23940,2023-09-13 17:13:48,Unusual Transaction,Medium,Open,609.35
4019,231682,14735,2022-10-03 14:57:57,Velocity Anomaly,Medium,False Positive,3583.71
4020,886861,9652,2024-09-23 13:07:24,Unusual Transaction,High,False Positive,219.15
4021,655131,13885,2022-08-12 15:09:48,Possible Account Takeover,Low,Investigating,310.37
4022,477956,11269,2024-10-10 18:47:11,High Value Transaction,Low,False Positive,1143.51
4023,329908,21542,2024-06-28 19:02:31,Possible Account Takeover,High,False Positive,421.06
4024,800891,20376,2025-06-09 11:37:16,Possible Account Takeover,Medium,Open,1602.27
4025,474265,16049,2023-06-26 02:09:26,Velocity Anomaly,High,Confirmed,184.82
4026,946014,17982,2025-09-28 13:43:13,High Value Transaction,Medium,Confirmed,91.09
4027,201915,18678,2023-03-25 02:11:11,Unusual Transaction,Critical,Investigating,80.8
4028,455914,19545,2025-06-07 03:14:37,Unusual Transaction,Medium,Investigating,697.35
4029,260902,12355,2025-07-05 01:07:37,Suspicious Merchant,Low,False Positive,938.26
4030,699156,11656,2025-09-23 05:42:07,Geographic Anomaly,Medium,Confirmed,1221.48
4031,820062,2084,2025-12-10 16:58:23,Suspicious Merchant,Low,False Positive,319.99
4032,252175,21151,2022-03-23 19:14:30,Suspicious Merchant,High,Closed,622.96
4033,349647,1012,2023-04-23 01:52:53,Unusual Transaction,Low,False Positive,243.62
4034,681786,13051,2025-09-29 20:47:12,Velocity Anomaly,Medium,False Positive,1313.64
4035,552024,9558,2022-03-08 12:49:47,Possible Account Takeover,Low,False Positive,4015.83
4036,346997,15358,2025-01-28 17:32:36,Possible Account Takeover,High,False Positive,5027.47
4037,101688,7640,2023-02-18 04:25:13,Possible Account Takeover,Medium,Investigating,1308.58
4038,232717,1804,2023-07-10 20:15:49,High Value Transaction,Critical,Confirmed,2277.15
4039,588208,24511,2025-03-20 13:47:16,Unusual Transaction,Low,False Positive,9542.96
4040,551046,9840,2022-08-11 08:47:24,Velocity Anomaly,Low,False Positive,1477.14
4041,439181,1283,2024-03-02 00:03:46,High Value Transaction,Low,Closed,23533.98
4042,803770,3349,2025-08-24 02:58:44,Geographic Anomaly,High,False Positive,111.08
4043,281981,16984,2025-04-23 01:05:33,Velocity Anomaly,High,Closed,43.69
4044,322012,5173,2025-12-15 12:37:40,Suspicious Merchant,Low,Open,595.14
4045,607741,7108,2025-12-02 11:49:11,Velocity Anomaly,Low,False Positive,743.83
4046,235955,12676,2024-01-16 00:25:56,Velocity Anomaly,High,Closed,85.74
4047,531839,12434,2024-08-29 14:18:12,Possible Account Takeover,Low,Confirmed,15646.37
4048,255936,3060,2022-12-17 10:12:26,Velocity Anomaly,Low,Investigating,4705.61
4049,139974,24191,2025-05-20 08:17:15,Suspicious Merchant,Low,Confirmed,17938.96
4050,51441,15698,2023-10-05 15:19:24,Suspicious Merchant,Low,False Positive,1301.51
4051,997105,9803,2023-02-18 00:18:21,Unusual Transaction,Medium,Open,1106.62
4052,674462,1376,2023-01-29 23:07:24,Velocity Anomaly,Low,False Positive,63.86
4053,94943,12658,2024-01-16 17:25:04,Possible Account Takeover,Medium,Investigating,251.55
4054,658101,10356,2024-04-10 20:41:00,Velocity Anomaly,High,Confirmed,2026.3
4055,702557,2064,2025-08-21 04:06:48,Geographic Anomaly,Medium,Closed,213.14
4056,407120,4586,2022-09-30 14:14:41,Geographic Anomaly,High,Investigating,2499.01
4057,960204,15969,2025-11-04 14:36:37,Possible Account Takeover,Low,Open,1325.24
4058,925699,18235,2022-12-26 20:58:39,Unusual Transaction,High,Confirmed,2773.48
4059,986018,5756,2023-02-12 14:38:07,Unusual Transaction,Medium,False Positive,324.12
4060,461525,23528,2022-06-15 15:36:48,Suspicious Merchant,High,Confirmed,15.55
4061,813669,3093,2023-03-22 17:10:17,Suspicious Merchant,Low,False Positive,452.45
4062,162198,13670,2022-03-01 21:28:28,High Value Transaction,High,Closed,2460.14
4063,128366,8110,2023-05-25 12:33:25,Possible Account Takeover,Low,Confirmed,170.28
4064,176679,13055,2025-02-05 08:32:45,Velocity Anomaly,Medium,Confirmed,324.6
4065,81185,16302,2024-06-23 19:36:30,Possible Account Takeover,Critical,Confirmed,12878.22
4066,166543,11215,2024-09-04 00:33:44,High Value Transaction,Medium,False Positive,1935.75
4067,375414,8175,2025-12-18 13:07:38,Suspicious Merchant,Medium,Open,8681.13
4068,197738,11317,2023-07-16 08:52:58,Possible Account Takeover,High,False Positive,458.05
4069,205026,6869,2025-10-11 06:49:00,Possible Account Takeover,Medium,Closed,1656.94
4070,10849,17734,2024-06-03 03:50:24,Suspicious Merchant,Low,Confirmed,270.31
4071,787073,9982,2022-06-24 09:15:08,High Value Transaction,Critical,False Positive,573.64
4072,597502,7941,2022-12-11 10:19:48,Suspicious Merchant,Medium,Open,4573.9
4073,842676,2876,2025-03-10 17:35:00,Unusual Transaction,High,False Positive,3596.52
4074,148287,17179,2025-09-09 02:49:40,Velocity Anomaly,Low,Confirmed,61.03
4075,496026,3087,2025-07-24 19:56:29,Suspicious Merchant,High,False Positive,742.34
4076,185175,13114,2023-04-12 15:35:40,High Value Transaction,Medium,False Positive,1052.69
4077,442623,9562,2023-12-21 04:52:04,Geographic Anomaly,Critical,Investigating,1596.93
4078,802454,18902,2024-09-21 01:12:52,Unusual Transaction,Medium,False Positive,856.34
4079,102094,24583,2025-12-19 04:03:36,Geographic Anomaly,Low,False Positive,262.06
4080,133465,9146,2024-05-14 05:35:46,Suspicious Merchant,Medium,Confirmed,1584.97
4081,917330,6572,2024-08-07 15:48:55,Unusual Transaction,Low,Closed,2268.38
4082,289838,10827,2023-10-30 22:28:17,Velocity Anomaly,High,Open,94.54
4083,345039,1707,2023-11-21 17:30:12,Suspicious Merchant,High,False Positive,1221.35
4084,243024,17092,2022-05-02 05:35:09,Velocity Anomaly,Medium,Confirmed,1995.39
4085,455731,902,2023-05-18 16:13:23,Possible Account Takeover,High,False Positive,3206.69
4086,540629,13971,2024-11-07 11:17:49,Geographic Anomaly,Low,Confirmed,5359.4
4087,895157,14492,2023-05-05 13:58:38,Unusual Transaction,Medium,Confirmed,406.32
4088,530569,3117,2022-12-11 10:35:22,Velocity Anomaly,Medium,Open,5761.25
4089,823374,4890,2025-01-04 10:45:36,High Value Transaction,Medium,False Positive,1900.42
4090,925281,16853,2022-07-31 20:12:15,Velocity Anomaly,Low,False Positive,4556.82
4091,867119,2777,2023-09-22 19:16:47,High Value Transaction,High,False Positive,131.71
4092,817693,8575,2025-08-19 09:15:45,Suspicious Merchant,Low,Closed,145.88
4093,758164,21036,2025-04-10 21:18:05,Unusual Transaction,High,Closed,6238.41
4094,997089,11636,2025-12-18 18:28:11,Velocity Anomaly,Low,False Positive,2619.6
4095,636346,4351,2023-09-10 12:32:46,Velocity Anomaly,High,False Positive,10813.27
4096,231263,17797,2022-02-23 13:40:51,Unusual Transaction,Low,Open,448.05
4097,484208,21199,2024-06-25 10:01:41,Velocity Anomaly,Medium,False Positive,1587.46
4098,231485,9794,2025-08-07 08:42:28,High Value Transaction,Medium,False Positive,2490.27
4099,129430,11013,2024-06-06 15:45:49,Velocity Anomaly,High,Open,2646.49
4100,114583,9675,2022-09-05 16:44:13,Geographic Anomaly,Medium,False Positive,894.87
4101,689726,2282,2025-04-17 08:34:48,Suspicious Merchant,High,Closed,900.31
4102,375062,8396,2024-01-19 12:22:07,Possible Account Takeover,Medium,Investigating,213.33
4103,618813,17029,2022-03-06 12:19:04,High Value Transaction,High,Confirmed,2694.51
4104,726108,6371,2023-10-20 08:00:28,Geographic Anomaly,Low,Confirmed,90.98
4105,355911,19857,2025-12-29 06:05:03,Suspicious Merchant,Medium,Confirmed,2357.36
4106,976860,10015,2025-07-04 15:23:49,Unusual Transaction,Medium,Open,646.23
4107,475399,19823,2024-10-31 19:30:22,High Value Transaction,Low,Confirmed,3662.44
4108,10407,15711,2023-10-21 19:00:52,Possible Account Takeover,Low,Confirmed,876.29
4109,548174,3140,2025-07-15 01:13:01,Suspicious Merchant,High,Closed,864.56
4110,742161,17859,2024-11-28 05:02:29,Possible Account Takeover,Critical,Confirmed,742.37
4111,454940,24606,2023-07-06 05:42:00,Unusual Transaction,High,Confirmed,71.95
4112,201824,14504,2024-09-20 18:50:28,Unusual Transaction,Medium,Confirmed,3450.88
4113,873860,14485,2022-03-25 09:38:36,High Value Transaction,Medium,Investigating,2115.16
4114,815020,3490,2025-06-01 01:17:26,Velocity Anomaly,Medium,Closed,830.1
4115,192818,4192,2022-08-08 06:36:04,Unusual Transaction,Low,False Positive,613.81
4116,221540,17829,2024-07-09 16:20:27,Suspicious Merchant,High,False Positive,3556.28
4117,562097,22944,2022-01-24 02:29:07,Velocity Anomaly,Low,Confirmed,2972.41
4118,976504,23117,2022-03-03 23:51:46,Geographic Anomaly,Critical,False Positive,12.48
4119,67614,11330,2022-05-06 18:41:54,Possible Account Takeover,Medium,Confirmed,793.27
4120,748650,8651,2022-03-28 19:27:58,Velocity Anomaly,High,Open,1587.92
4121,272221,5630,2025-09-24 14:35:22,Possible Account Takeover,Low,Confirmed,1304.67
4122,639525,15954,2022-02-03 10:29:38,Velocity Anomaly,High,Closed,1590.85
4123,274481,22357,2023-04-01 22:46:35,Geographic Anomaly,Medium,Investigating,47.98
4124,858183,13339,2022-06-29 17:05:45,Unusual Transaction,High,False Positive,3358.52
4125,649239,10583,2024-02-21 19:40:39,Geographic Anomaly,High,Open,334.79
4126,126226,21475,2023-08-20 16:44:57,Unusual Transaction,Low,Investigating,381.37
4127,271878,8671,2025-10-09 04:55:21,Unusual Transaction,Medium,False Positive,793.85
4128,413928,4370,2023-11-05 22:27:01,Possible Account Takeover,Medium,Confirmed,771.82
4129,600674,1892,2022-07-11 10:52:18,Suspicious Merchant,Medium,Closed,1120.84
4130,862320,3805,2023-11-15 18:20:50,Geographic Anomaly,Medium,Confirmed,1058.18
4131,250561,325,2024-05-18 05:46:27,Velocity Anomaly,Medium,Investigating,3674.88
4132,168435,8916,2022-11-25 19:22:59,Geographic Anomaly,Medium,False Positive,2054.85
4133,513455,8376,2025-04-27 17:17:35,Possible Account Takeover,High,False Positive,770.77
4134,420628,18007,2024-03-25 00:03:59,Unusual Transaction,Medium,Open,2116.21
4135,549564,7387,2024-06-17 23:59:39,Possible Account Takeover,Low,False Positive,377.92
4136,705776,6855,2022-05-23 08:52:48,High Value Transaction,High,False Positive,767.46
4137,511308,13561,2023-05-04 06:09:03,High Value Transaction,High,Investigating,4041.69
4138,832049,12330,2023-08-16 12:58:11,Velocity Anomaly,Medium,Closed,53.26
4139,501686,505,2023-09-27 17:33:05,Possible Account Takeover,Medium,Confirmed,4452.58
4140,529383,24544,2023-11-27 22:53:27,Velocity Anomaly,Medium,Investigating,6261.84
4141,120142,1661,2022-09-19 23:20:10,Velocity Anomaly,High,False Positive,179.31
4142,474257,16387,2023-01-20 06:23:28,High Value Transaction,High,Investigating,1224.57
4143,69919,20522,2023-04-25 21:20:07,Velocity Anomaly,Low,False Positive,7593.27
4144,595503,18420,2023-03-05 00:15:38,High Value Transaction,High,Confirmed,68.4
4145,480644,14106,2023-10-25 05:08:43,Unusual Transaction,Medium,Investigating,737.73
4146,30614,3705,2024-09-21 11:26:15,Possible Account Takeover,Low,Closed,1799.23
4147,675534,1651,2024-05-10 03:46:01,Velocity Anomaly,High,False Positive,435.17
4148,693612,22565,2022-04-30 03:05:20,High Value Transaction,Medium,False Positive,42.76
4149,743991,24772,2024-08-04 08:45:45,Geographic Anomaly,Medium,Confirmed,80.19
4150,731261,21832,2025-12-20 09:49:46,Velocity Anomaly,Medium,Investigating,296.96
4151,245635,10049,2024-09-11 12:18:56,Suspicious Merchant,High,False Positive,836.03
4152,868013,6624,2025-05-10 16:19:59,Unusual Transaction,Medium,False Positive,1063.06
4153,243901,20634,2025-01-18 07:59:50,Unusual Transaction,High,Investigating,867.71
4154,602369,6320,2024-02-10 13:57:25,Geographic Anomaly,Low,Confirmed,1376.61
4155,563995,12532,2023-07-16 18:10:10,High Value Transaction,Low,Confirmed,226.88
4156,695447,20337,2023-02-27 02:46:32,Velocity Anomaly,Medium,Confirmed,1349.55
4157,496446,17590,2025-10-10 00:06:01,High Value Transaction,Medium,False Positive,9236.79
4158,853546,15944,2025-07-11 23:23:29,Unusual Transaction,High,Open,240.45
4159,735434,5365,2025-06-03 02:23:18,High Value Transaction,Medium,Investigating,3752.52
4160,155166,23733,2024-09-03 08:11:33,Unusual Transaction,Medium,Open,1535.04
4161,464501,11398,2023-03-05 13:58:32,High Value Transaction,Medium,Confirmed,187.87
4162,383151,1075,2022-04-12 03:38:40,Geographic Anomaly,Medium,Confirmed,560.03
4163,125702,17056,2023-12-21 05:26:07,Possible Account Takeover,High,Closed,1550.94
4164,8185,9025,2025-02-13 03:40:40,Geographic Anomaly,Medium,False Positive,523.92
4165,134187,5377,2022-05-29 02:35:13,Geographic Anomaly,Low,Open,363.38
4166,587528,9654,2024-10-13 12:13:11,Possible Account Takeover,High,False Positive,2897.06
4167,472258,21542,2022-04-20 05:38:39,Possible Account Takeover,High,False Positive,1036.1
4168,896988,17509,2024-10-31 00:50:40,Velocity Anomaly,High,Confirmed,486.03
4169,594166,2946,2023-07-01 11:26:34,Velocity Anomaly,Low,Open,1231.54
4170,536704,14915,2024-08-22 06:02:11,Geographic Anomaly,Medium,Investigating,215.13
4171,390915,6165,2024-08-12 16:22:39,Geographic Anomaly,Low,Investigating,3441.02
4172,729173,5587,2024-07-16 22:33:06,Unusual Transaction,High,False Positive,437.46
4173,938189,3453,2023-05-30 20:48:31,Unusual Transaction,High,Confirmed,3614.61
4174,410958,12480,2022-01-14 02:24:30,Velocity Anomaly,Medium,Closed,726.25
4175,213803,19799,2024-09-25 07:04:58,Suspicious Merchant,Medium,False Positive,408.13
4176,624739,6604,2023-09-22 09:23:24,Suspicious Merchant,Low,Confirmed,361.57
4177,129274,5401,2023-01-16 10:40:07,Velocity Anomaly,Low,False Positive,2289.75
4178,26187,1192,2023-07-30 07:22:55,Unusual Transaction,Critical,Investigating,339.81
4179,787873,23322,2022-10-15 02:01:59,Unusual Transaction,Low,Open,869.47
4180,448288,13114,2025-12-13 02:59:04,Suspicious Merchant,Low,False Positive,85.43
4181,996072,14285,2023-06-26 15:18:01,High Value Transaction,Critical,Confirmed,372.17
4182,625732,10169,2023-09-13 04:28:13,High Value Transaction,Medium,Confirmed,986.84
4183,93076,9600,2024-10-30 22:06:15,Unusual Transaction,High,False Positive,1306.22
4184,443959,12310,2023-04-24 23:29:56,High Value Transaction,Low,Closed,414.34
4185,963478,2486,2024-04-27 05:30:48,Possible Account Takeover,Medium,Confirmed,2049.79
4186,313919,20125,2025-10-01 21:54:37,Velocity Anomaly,Medium,Confirmed,217.17
4187,611314,16015,2022-07-22 02:08:17,Velocity Anomaly,High,False Positive,539.26
4188,296903,14013,2022-06-08 20:34:07,Unusual Transaction,Low,False Positive,343.62
4189,616397,16057,2025-08-17 08:17:45,Geographic Anomaly,Medium,Investigating,369.19
4190,170371,14158,2025-11-21 04:46:14,Suspicious Merchant,High,Closed,2692.16
4191,884591,20112,2024-01-01 18:15:41,Unusual Transaction,Medium,False Positive,3726.93
4192,97462,18733,2023-05-05 07:35:59,High Value Transaction,Medium,False Positive,335.2
4193,320503,4199,2025-01-18 05:29:45,Suspicious Merchant,Low,Closed,1929.66
4194,471884,9117,2023-12-12 16:09:46,Geographic Anomaly,Low,Closed,6828.88
4195,186052,3658,2025-08-25 20:03:49,High Value Transaction,High,Investigating,3227.63
4196,873505,20591,2024-11-28 13:30:31,Possible Account Takeover,High,Investigating,51.18
4197,149799,8696,2025-07-25 05:04:32,High Value Transaction,Critical,False Positive,18741.09
4198,741058,7893,2023-03-19 23:21:27,Possible Account Takeover,High,Closed,774.62
4199,219382,17869,2025-09-09 05:23:50,Suspicious Merchant,Medium,False Positive,1742.68
4200,762015,24590,2024-10-27 11:34:13,Possible Account Takeover,High,Confirmed,536.24
4201,470518,19875,2023-02-04 13:29:53,Suspicious Merchant,Low,False Positive,513.2
4202,133903,1897,2025-04-04 17:14:06,Suspicious Merchant,Medium,Investigating,513.75
4203,126818,3233,2024-03-19 00:17:09,Suspicious Merchant,Medium,Closed,525.31
4204,975241,14190,2025-03-08 22:30:11,Suspicious Merchant,Low,Confirmed,234.75
4205,860777,18763,2024-03-02 10:19:57,Suspicious Merchant,High,Closed,2303.49
4206,682906,18164,2025-02-18 10:38:25,High Value Transaction,Medium,Confirmed,450.01
4207,50921,17555,2025-12-28 07:49:15,Suspicious Merchant,Medium,Closed,1751.08
4208,521075,8530,2025-09-25 09:16:02,High Value Transaction,Medium,Confirmed,381.42
4209,240190,12896,2025-06-28 05:42:03,Suspicious Merchant,Medium,False Positive,118.38
4210,916540,2379,2022-03-31 04:18:45,Possible Account Takeover,Low,Closed,135.47
4211,684402,17963,2024-01-09 09:23:29,Suspicious Merchant,High,False Positive,4502.3
4212,674723,22749,2024-06-07 14:24:31,Geographic Anomaly,Medium,False Positive,1175.16
4213,302998,16952,2022-09-02 04:21:01,Suspicious Merchant,High,Investigating,9337.11
4214,9194,15669,2025-01-24 13:51:05,Suspicious Merchant,Low,Confirmed,111.78
4215,628518,11024,2025-08-02 03:46:27,Possible Account Takeover,Low,Closed,1163.05
4216,382361,2316,2023-08-27 11:22:56,Velocity Anomaly,Medium,Investigating,2697.46
4217,363326,20333,2024-03-31 19:52:01,Possible Account Takeover,High,False Positive,558.05
4218,904986,10770,2024-05-02 18:47:09,Geographic Anomaly,Medium,False Positive,67.96
4219,284208,14366,2024-02-10 03:21:27,Velocity Anomaly,High,Investigating,11940.93
4220,593081,18138,2022-04-28 19:25:47,Unusual Transaction,Critical,Confirmed,692.42
4221,256273,5089,2024-10-29 08:13:39,Unusual Transaction,Critical,Confirmed,310.14
4222,260803,19518,2024-07-02 13:53:05,Geographic Anomaly,High,Investigating,2098.95
4223,209492,5566,2025-05-19 13:52:17,Possible Account Takeover,High,Closed,2267.8
4224,173010,8354,2022-02-04 14:09:36,High Value Transaction,Low,False Positive,381.47
4225,857927,22934,2025-04-12 09:02:04,Geographic Anomaly,High,Confirmed,961.89
4226,252501,18518,2023-07-27 03:39:33,Velocity Anomaly,Medium,Confirmed,1976.67
4227,751323,12719,2024-06-15 19:22:47,Velocity Anomaly,Critical,False Positive,6633.18
4228,240188,215,2024-02-28 02:39:14,Suspicious Merchant,Low,Confirmed,7181.25
4229,65470,2164,2022-01-07 00:49:43,Unusual Transaction,Medium,Investigating,1394.65
4230,957145,11564,2024-04-17 01:24:09,Velocity Anomaly,Medium,Confirmed,1010.87
4231,66757,22600,2025-03-08 03:24:44,Geographic Anomaly,Medium,Closed,1885.2
4232,363500,19085,2024-06-28 12:34:32,Velocity Anomaly,Low,Open,462.35
4233,836215,10662,2022-12-16 16:29:33,Geographic Anomaly,Medium,Confirmed,6140.61
4234,539605,14334,2022-12-15 03:39:14,High Value Transaction,High,Closed,94.51
4235,506669,8150,2022-01-15 09:13:14,Suspicious Merchant,Medium,Open,166.01
4236,380909,23584,2023-09-09 01:52:52,Unusual Transaction,Low,Closed,957.13
4237,216757,3627,2024-07-21 07:44:02,Velocity Anomaly,High,Confirmed,1900.11
4238,856079,12260,2024-10-22 19:38:44,Geographic Anomaly,Medium,Investigating,1310.97
4239,218041,11154,2024-08-13 14:03:52,Possible Account Takeover,Low,Open,4530.99
4240,159818,1092,2024-07-18 21:11:17,Unusual Transaction,High,Open,438.52
4241,922822,14760,2023-11-24 09:04:02,High Value Transaction,High,Investigating,1835.97
4242,255581,10583,2022-07-28 04:34:57,Geographic Anomaly,Medium,Open,139.34
4243,851270,20864,2025-02-08 02:57:25,Suspicious Merchant,Medium,Confirmed,155.41
4244,62391,22892,2025-11-07 10:24:22,Suspicious Merchant,Medium,Open,3674.83
4245,91206,5454,2022-06-23 21:40:47,High Value Transaction,Medium,False Positive,839.41
4246,376748,12878,2023-02-07 22:32:32,High Value Transaction,Low,False Positive,600.74
4247,411887,23465,2022-02-13 21:11:30,Suspicious Merchant,Critical,Closed,138.27
4248,365412,17161,2022-09-14 12:21:33,Velocity Anomaly,High,False Positive,1286.44
4249,664344,24650,2023-05-19 12:53:08,Velocity Anomaly,High,Closed,257.31
4250,117424,5915,2022-07-28 21:50:20,Geographic Anomaly,Medium,Open,1982.38
4251,694858,14990,2023-09-13 19:43:00,Possible Account Takeover,High,Investigating,270.99
4252,139990,15219,2025-01-22 11:14:34,Geographic Anomaly,Medium,Confirmed,447.44
4253,894650,6704,2025-03-05 11:01:42,Possible Account Takeover,Medium,False Positive,528.62
4254,399083,23656,2022-08-28 01:21:38,High Value Transaction,Low,Closed,721.31
4255,111651,18287,2024-05-17 03:10:36,Unusual Transaction,Medium,False Positive,259.81
4256,234114,10318,2023-10-08 09:32:49,Geographic Anomaly,High,Confirmed,1487.14
4257,631766,14655,2023-05-04 23:53:40,Geographic Anomaly,Low,False Positive,463.17
4258,781243,12824,2023-11-27 14:38:32,Possible Account Takeover,Low,Investigating,3402.21
4259,102877,7779,2025-11-08 19:10:49,High Value Transaction,Medium,Confirmed,737.92
4260,622371,18845,2023-01-04 07:38:28,High Value Transaction,High,False Positive,1466.37
4261,49181,13127,2024-01-08 08:09:25,Possible Account Takeover,Medium,Investigating,3752.53
4262,581620,3627,2023-07-30 21:46:47,High Value Transaction,Medium,Open,155.54
4263,618038,4346,2024-06-03 09:29:03,Suspicious Merchant,Medium,False Positive,83.3
4264,623383,17493,2022-09-03 18:07:45,Velocity Anomaly,Medium,False Positive,3316.58
4265,643799,11264,2025-09-01 11:49:31,Suspicious Merchant,Low,Confirmed,118.34
4266,844573,16482,2022-01-22 17:33:21,Unusual Transaction,Low,Confirmed,1430.46
4267,538454,2651,2024-08-06 10:49:09,Geographic Anomaly,Medium,Closed,2912.56
4268,370804,14960,2022-12-11 00:57:37,Unusual Transaction,Medium,Confirmed,1375.98
4269,5709,20495,2025-08-28 00:38:51,Geographic Anomaly,Critical,Investigating,113.51
4270,261726,23106,2025-04-11 09:07:43,Velocity Anomaly,High,Confirmed,1329.84
4271,690647,8699,2023-01-08 23:47:14,High Value Transaction,Low,False Positive,1237.91
4272,990926,24630,2022-03-19 03:35:40,Suspicious Merchant,Medium,Open,952.55
4273,394761,17013,2025-03-25 19:16:24,Possible Account Takeover,Medium,Confirmed,305.9
4274,633441,6600,2025-07-03 10:28:18,Suspicious Merchant,Low,Confirmed,254.36
4275,908878,2782,2025-07-28 04:21:57,Velocity Anomaly,High,Confirmed,1097.95
4276,483088,8122,2023-01-27 22:39:15,Unusual Transaction,High,Confirmed,4694.06
4277,868952,14829,2022-11-19 22:02:45,Possible Account Takeover,Low,False Positive,1285.46
4278,845301,9864,2024-09-07 07:06:47,High Value Transaction,Medium,Closed,11494.83
4279,589158,23618,2023-01-17 21:40:11,Velocity Anomaly,Low,Closed,6188.85
4280,601689,19979,2024-04-13 15:37:56,Possible Account Takeover,Medium,False Positive,119.86
4281,898952,8553,2023-08-02 19:07:05,Velocity Anomaly,Medium,False Positive,12170.62
4282,116536,6539,2023-10-21 19:27:29,Velocity Anomaly,Medium,False Positive,10739.01
4283,987184,7822,2025-10-04 22:12:14,High Value Transaction,Critical,False Positive,1826.98
4284,210485,16090,2024-09-06 05:01:28,Geographic Anomaly,Low,False Positive,1964.75
4285,901849,24618,2025-06-17 06:56:42,Possible Account Takeover,Medium,Investigating,2207.21
4286,251680,23295,2022-11-03 10:21:08,High Value Transaction,High,Open,47.7
4287,178299,7231,2025-10-02 12:48:38,Velocity Anomaly,Medium,Closed,489.97
4288,902487,19464,2022-03-05 13:49:34,High Value Transaction,Low,Closed,142.7
4289,372501,16420,2023-11-23 17:04:28,Geographic Anomaly,Low,False Positive,4172.28
4290,843179,23773,2025-04-25 15:14:10,Suspicious Merchant,Medium,Closed,232.59
4291,73584,9794,2023-10-11 11:15:45,Possible Account Takeover,Critical,False Positive,790.88
4292,233442,5291,2024-05-16 15:28:22,Geographic Anomaly,High,False Positive,240.2
4293,274899,16260,2022-09-11 13:42:56,Unusual Transaction,High,Confirmed,2562.43
4294,830261,1565,2022-10-12 03:41:13,Possible Account Takeover,High,False Positive,18344.59
4295,12378,21389,2024-04-04 02:27:13,Geographic Anomaly,Medium,False Positive,646.17
4296,184404,18823,2022-11-10 16:44:52,Velocity Anomaly,High,Closed,127.28
4297,353396,428,2022-07-01 00:16:33,Possible Account Takeover,Critical,Confirmed,7877.68
4298,849700,11455,2022-04-12 18:17:04,Possible Account Takeover,Medium,False Positive,1273.26
4299,704429,10952,2024-01-26 17:25:50,High Value Transaction,Medium,False Positive,1161.9
4300,681246,15997,2023-10-30 02:45:53,Velocity Anomaly,Medium,Open,6228.41
4301,110448,3714,2023-04-06 18:23:30,Unusual Transaction,Low,Open,824.8
4302,193575,23856,2025-12-27 15:56:39,Suspicious Merchant,Low,False Positive,702.28
4303,286618,23632,2024-03-06 15:11:26,Geographic Anomaly,High,Confirmed,416.22
4304,348114,12800,2024-11-19 06:20:38,High Value Transaction,High,False Positive,131.73
4305,997808,11931,2022-10-06 10:10:31,Geographic Anomaly,Low,Investigating,831.72
4306,10121,662,2022-07-02 15:23:21,Unusual Transaction,Medium,Confirmed,828.68
4307,819350,10679,2025-07-16 12:30:02,Unusual Transaction,High,Investigating,849.47
4308,19619,22760,2025-06-01 15:59:13,Possible Account Takeover,High,Confirmed,781.69
4309,302269,24305,2025-12-04 01:25:31,Unusual Transaction,Medium,Open,6101.94
4310,514341,10624,2025-01-11 22:38:43,Geographic Anomaly,High,Closed,3479.67
4311,178662,19281,2022-04-07 17:55:11,Velocity Anomaly,High,Confirmed,1342.95
4312,875934,12135,2024-04-22 05:19:05,Velocity Anomaly,High,Closed,605.97
4313,547062,4572,2022-06-21 11:57:52,Possible Account Takeover,Medium,Closed,64.39
4314,270292,12365,2024-07-24 04:50:08,Suspicious Merchant,Low,Closed,829.88
4315,9799,22818,2024-03-27 17:45:07,Geographic Anomaly,High,Confirmed,135.96
4316,165818,1229,2024-10-09 00:57:52,Geographic Anomaly,Low,False Positive,10462.63
4317,978249,9968,2025-06-30 03:35:51,Unusual Transaction,High,Investigating,489.34
4318,847262,15195,2024-01-09 05:18:31,Geographic Anomaly,Low,Open,276.69
4319,749340,22973,2022-10-08 15:06:02,High Value Transaction,Medium,Closed,936.46
4320,345538,9273,2022-05-06 18:55:45,Suspicious Merchant,Medium,Open,1661.58
4321,127423,20669,2022-05-22 10:11:25,Unusual Transaction,Low,Closed,1941.24
4322,424069,8192,2024-11-01 14:57:18,High Value Transaction,High,False Positive,311.8
4323,218758,24686,2024-07-04 08:19:52,Possible Account Takeover,Low,Confirmed,1811.12
4324,223757,321,2025-06-14 05:48:35,Velocity Anomaly,High,Investigating,2246.61
4325,514955,1312,2023-12-26 09:04:14,Possible Account Takeover,High,False Positive,65.03
4326,193101,16664,2022-11-04 00:33:12,Velocity Anomaly,Medium,False Positive,3156.59
4327,777898,5238,2023-12-28 21:11:48,Possible Account Takeover,High,False Positive,265.19
4328,245308,24533,2025-06-05 06:34:36,Geographic Anomaly,Medium,Confirmed,48.72
4329,798825,261,2025-08-22 06:38:23,High Value Transaction,High,Open,494.3
4330,954727,11890,2025-01-15 10:17:24,Velocity Anomaly,Medium,Confirmed,425.8
4331,396895,19824,2022-07-02 21:49:04,Unusual Transaction,Medium,Confirmed,69.76
4332,992546,10006,2025-05-09 22:28:13,High Value Transaction,Medium,Open,2252.94
4333,716587,21475,2024-11-01 16:07:33,Unusual Transaction,High,Open,1905.94
4334,484771,5475,2023-10-08 08:53:04,High Value Transaction,High,Confirmed,7484.6
4335,407577,12922,2023-08-26 06:30:35,High Value Transaction,Low,False Positive,2304.68
4336,618376,14121,2025-08-22 13:31:46,Possible Account Takeover,Medium,False Positive,2136.22
4337,242166,91,2025-08-09 22:35:24,Velocity Anomaly,Medium,Investigating,663.06
4338,113902,15546,2022-05-28 19:57:20,Velocity Anomaly,High,False Positive,1233.25
4339,594453,314,2022-04-01 12:22:48,High Value Transaction,Low,False Positive,802.34
4340,618506,14509,2022-04-11 11:14:31,Geographic Anomaly,High,False Positive,1717.46
4341,997823,8040,2025-08-28 10:17:31,Geographic Anomaly,Low,False Positive,245.72
4342,896181,17199,2022-03-11 20:49:14,Unusual Transaction,Medium,Confirmed,396.9
4343,718490,12208,2022-04-27 23:49:57,Unusual Transaction,High,Investigating,138.27
4344,592959,8681,2023-03-18 12:11:09,Possible Account Takeover,High,Confirmed,449.95
4345,909892,7587,2023-05-05 22:17:30,High Value Transaction,High,Confirmed,1749.2
4346,823178,15354,2023-09-27 05:49:59,Unusual Transaction,Medium,False Positive,176.06
4347,121614,5167,2023-08-27 16:41:52,Unusual Transaction,High,Closed,82.63
4348,243281,13756,2025-08-11 15:56:31,Suspicious Merchant,Medium,Confirmed,414.54
4349,127665,16083,2025-11-16 17:50:27,High Value Transaction,High,False Positive,8989.69
4350,525261,4142,2025-10-15 22:43:59,Possible Account Takeover,Medium,False Positive,8213.92
4351,820838,7235,2022-07-10 22:15:36,Unusual Transaction,Medium,Investigating,711.8
4352,578925,17325,2025-10-23 12:51:00,Possible Account Takeover,Low,Closed,2335.19
4353,740838,21705,2024-02-26 08:55:35,Velocity Anomaly,Medium,Open,3997.58
4354,356753,17317,2025-08-05 14:10:13,Possible Account Takeover,Low,Closed,820.68
4355,540257,7649,2024-07-21 16:56:05,Geographic Anomaly,High,Investigating,3049.03
4356,871398,19262,2022-12-09 11:00:01,Geographic Anomaly,High,Confirmed,128.22
4357,106226,4909,2022-07-04 02:16:43,Possible Account Takeover,Critical,False Positive,155.68
4358,55019,16502,2024-10-01 22:35:24,Geographic Anomaly,Low,Closed,695.31
4359,383015,529,2022-10-01 05:32:46,Velocity Anomaly,Low,Confirmed,2164.53
4360,495761,23342,2022-12-18 23:39:48,High Value Transaction,High,False Positive,2499.22
4361,60331,4618,2022-06-26 19:05:28,Geographic Anomaly,Medium,False Positive,204.06
4362,301069,7826,2025-08-27 17:50:52,Geographic Anomaly,Medium,Investigating,6620.28
4363,210681,7266,2022-08-09 10:17:43,Possible Account Takeover,High,Confirmed,1584.61
4364,684164,14021,2022-09-02 04:44:57,Velocity Anomaly,Medium,Confirmed,758.49
4365,439309,10988,2024-08-12 06:23:40,High Value Transaction,Low,Confirmed,443.07
4366,775603,4449,2024-04-03 18:05:55,Possible Account Takeover,High,False Positive,1689.41
4367,54415,11446,2022-11-21 06:54:41,Possible Account Takeover,Low,Closed,73.55
4368,906040,10780,2022-05-15 23:23:17,Suspicious Merchant,High,False Positive,212.57
4369,398797,7953,2025-03-12 16:53:43,Velocity Anomaly,Low,Closed,364.16
4370,408297,3807,2025-04-03 02:18:16,High Value Transaction,High,Open,1086.74
4371,933371,93,2025-12-08 05:55:06,Velocity Anomaly,Low,Open,912.65
4372,195200,19405,2024-07-15 03:55:21,High Value Transaction,High,Closed,26640.42
4373,533855,21807,2024-03-30 18:04:18,Velocity Anomaly,Low,Closed,142.97
4374,966085,7210,2025-02-12 01:28:55,Possible Account Takeover,High,Investigating,652.98
4375,785691,5257,2023-08-06 19:56:52,Possible Account Takeover,Medium,Confirmed,129.69
4376,277646,1548,2025-04-06 11:57:19,Unusual Transaction,Low,False Positive,271.19
4377,789604,123,2023-08-14 06:22:34,Geographic Anomaly,High,Investigating,195.36
4378,196614,10273,2023-04-09 11:10:32,Suspicious Merchant,Medium,Confirmed,1248.28
4379,620992,10636,2025-07-04 19:24:33,Velocity Anomaly,Low,False Positive,222.65
4380,554871,11416,2024-07-25 07:51:21,Suspicious Merchant,Low,Closed,3589.42
4381,894171,23672,2023-09-14 10:22:51,Unusual Transaction,Medium,False Positive,450.11
4382,965386,21579,2025-10-29 03:31:02,Geographic Anomaly,Low,False Positive,536.23
4383,75471,24363,2022-10-31 07:03:55,Velocity Anomaly,Low,Confirmed,389.32
4384,554158,14242,2022-04-14 02:45:09,High Value Transaction,Medium,False Positive,672.86
4385,697367,803,2023-04-12 12:54:44,Geographic Anomaly,Medium,Investigating,2497.15
4386,905861,19449,2025-05-09 00:36:52,Possible Account Takeover,Medium,Closed,18954.1
4387,313965,3682,2023-04-24 09:36:02,Unusual Transaction,Low,Confirmed,122.97
4388,835836,10054,2023-09-07 18:21:51,Geographic Anomaly,Critical,False Positive,5815.92
4389,837847,21292,2022-07-27 09:27:12,Geographic Anomaly,High,Closed,2799.57
4390,817501,2319,2023-05-03 06:46:58,Possible Account Takeover,Medium,Open,990.34
4391,566918,7301,2025-10-28 09:35:02,Velocity Anomaly,Low,Closed,309.36
4392,642903,22352,2024-09-04 08:46:59,High Value Transaction,High,Confirmed,6452.6
4393,813426,19748,2023-06-24 01:33:58,Possible Account Takeover,Medium,Confirmed,300.74
4394,630825,17567,2025-02-17 07:55:15,High Value Transaction,Medium,Investigating,1066.78
4395,888212,4650,2023-07-05 23:00:13,Velocity Anomaly,Medium,Closed,2362.43
4396,787336,24184,2022-05-16 20:28:47,Geographic Anomaly,High,Closed,358.9
4397,192678,16821,2022-12-15 12:31:31,High Value Transaction,Low,Open,427.04
4398,800147,20727,2024-11-02 12:51:15,Unusual Transaction,High,Open,6726.57
4399,556661,13220,2022-04-21 01:26:47,Unusual Transaction,High,Closed,320.52
4400,930249,6721,2022-05-27 03:48:09,Possible Account Takeover,Medium,Investigating,386.26
4401,363680,3258,2024-07-11 11:40:16,Velocity Anomaly,High,False Positive,2504.64
4402,406303,13343,2024-12-01 02:00:14,Possible Account Takeover,Low,False Positive,1215.09
4403,813655,22865,2024-07-12 09:33:45,Possible Account Takeover,Medium,Closed,91.96
4404,943886,13287,2023-04-16 12:27:31,Suspicious Merchant,Medium,False Positive,1053.43
4405,600731,9510,2025-07-15 07:45:24,Possible Account Takeover,Medium,Confirmed,3859.41
4406,431104,15121,2023-04-04 22:22:31,Suspicious Merchant,Medium,Closed,945.73
4407,333586,15300,2022-07-07 08:22:23,Unusual Transaction,Medium,Investigating,418.06
4408,358616,5984,2022-08-13 10:41:03,Unusual Transaction,Low,Confirmed,377.81
4409,270776,24420,2025-07-02 03:05:17,Possible Account Takeover,Medium,Open,2039.72
4410,602900,12316,2023-03-31 20:51:45,Unusual Transaction,Medium,Closed,577.09
4411,733374,3898,2025-11-30 00:06:24,Velocity Anomaly,High,False Positive,423.35
4412,769684,44,2023-08-21 08:13:42,Suspicious Merchant,Low,Open,845.78
4413,732746,24716,2024-09-25 06:30:52,Suspicious Merchant,High,False Positive,401.63
4414,907075,996,2022-11-09 21:38:23,Possible Account Takeover,Low,Confirmed,1313.04
4415,464455,3065,2024-10-06 17:12:30,Unusual Transaction,Low,Closed,430.63
4416,240793,3291,2024-06-11 04:07:17,High Value Transaction,Medium,Confirmed,781.1
4417,276763,7600,2022-03-01 20:54:36,Suspicious Merchant,Low,False Positive,520.14
4418,17539,19719,2023-01-06 16:33:25,Possible Account Takeover,Medium,False Positive,1548.23
4419,265880,13209,2024-08-31 12:01:23,Possible Account Takeover,Medium,Open,3259.97
4420,367575,8097,2024-05-05 07:06:20,Velocity Anomaly,Critical,Closed,3219.44
4421,953013,121,2022-04-12 04:22:03,Geographic Anomaly,Critical,Investigating,53.83
4422,112111,1398,2022-11-18 15:13:34,Geographic Anomaly,Medium,False Positive,1434.62
4423,915735,8328,2024-03-07 15:10:25,Suspicious Merchant,High,False Positive,306.3
4424,966083,19017,2025-12-15 22:21:53,Velocity Anomaly,Low,False Positive,246.32
4425,459278,8038,2022-12-30 08:36:36,Velocity Anomaly,Medium,Open,1669.98
4426,850510,22363,2024-12-31 18:41:00,Velocity Anomaly,High,Closed,271.25
4427,606170,21364,2023-11-09 02:15:06,Suspicious Merchant,Low,Investigating,224.95
4428,76003,16485,2025-11-15 07:33:50,Geographic Anomaly,Low,False Positive,315.19
4429,732094,4951,2022-11-19 06:50:33,Velocity Anomaly,Low,False Positive,9435.55
4430,218348,20081,2024-08-30 06:24:24,Unusual Transaction,Medium,Closed,2854.11
4431,383551,16216,2025-03-21 21:16:17,Possible Account Takeover,Medium,False Positive,92.72
4432,747113,4346,2024-10-08 05:43:10,Possible Account Takeover,Medium,Confirmed,965.03
4433,594022,23524,2022-12-09 07:28:55,High Value Transaction,Medium,False Positive,687.97
4434,317816,7314,2025-12-19 11:44:45,High Value Transaction,Medium,Investigating,200.42
4435,894771,7207,2024-03-27 06:06:43,Suspicious Merchant,High,Open,404.69
4436,240929,23908,2024-07-03 16:20:05,Suspicious Merchant,Low,Closed,8457.59
4437,113213,639,2023-10-29 04:04:54,Possible Account Takeover,High,False Positive,4121.14
4438,408036,24473,2022-06-02 12:49:04,Unusual Transaction,High,Open,140.18
4439,600194,19610,2025-05-29 05:33:18,Geographic Anomaly,High,False Positive,1364.97
4440,750442,14718,2023-03-09 00:19:00,Geographic Anomaly,High,Investigating,13440.12
4441,493474,10687,2025-05-05 20:11:12,Suspicious Merchant,Medium,Open,198.26
4442,347118,4003,2023-05-07 11:31:06,Unusual Transaction,Low,Investigating,93.5
4443,947301,9415,2022-05-03 21:23:30,Suspicious Merchant,Medium,False Positive,334.23
4444,845490,12037,2022-01-05 09:32:26,Geographic Anomaly,Critical,False Positive,4009.73
4445,604610,24339,2022-06-20 22:55:26,Suspicious Merchant,Medium,False Positive,731.56
4446,626016,23694,2025-06-05 16:53:33,Velocity Anomaly,Low,Investigating,3799.01
4447,631991,9099,2025-10-28 16:32:04,Suspicious Merchant,Low,False Positive,28.8
4448,361077,3357,2024-04-10 10:23:02,Possible Account Takeover,Critical,Confirmed,2497.98
4449,936449,11594,2023-03-12 17:41:57,Suspicious Merchant,Low,False Positive,4020.1
4450,364916,1426,2022-06-05 06:33:26,Possible Account Takeover,Low,Closed,808.78
4451,773956,9995,2022-08-31 22:19:34,Unusual Transaction,Medium,Confirmed,3256.11
4452,900047,7273,2022-10-16 06:48:05,Geographic Anomaly,Critical,False Positive,95.89
4453,812752,8097,2025-02-16 03:03:58,High Value Transaction,Medium,Closed,377.72
4454,374328,24283,2022-08-23 12:27:04,High Value Transaction,Medium,Confirmed,633.33
4455,482043,6387,2025-03-17 22:42:16,Geographic Anomaly,Medium,False Positive,224.89
4456,256135,11398,2022-12-22 02:11:46,High Value Transaction,Low,False Positive,804.73
4457,198950,11929,2025-11-18 03:03:38,Suspicious Merchant,High,Investigating,1136.35
4458,765658,17689,2023-03-12 12:46:19,Unusual Transaction,Medium,False Positive,3277.91
4459,307381,4954,2024-06-02 08:42:43,Unusual Transaction,Medium,False Positive,1876.53
4460,335550,9756,2022-01-30 15:43:19,Geographic Anomaly,High,Investigating,161.28
4461,765771,22486,2023-05-19 14:24:11,High Value Transaction,Critical,Open,764.19
4462,19177,6942,2025-08-11 11:23:18,Suspicious Merchant,Medium,Closed,4697.63
4463,87270,8711,2022-12-14 02:23:38,Unusual Transaction,Low,False Positive,1037.88
4464,689949,5274,2025-07-17 09:02:35,Unusual Transaction,High,Investigating,72.86
4465,257440,11023,2023-01-20 02:30:00,Velocity Anomaly,Medium,Confirmed,208.3
4466,64747,21253,2025-05-22 06:29:03,Velocity Anomaly,High,False Positive,2383.71
4467,57599,8517,2025-01-23 03:19:09,Unusual Transaction,High,Investigating,60.62
4468,558326,1218,2025-03-05 02:20:03,Geographic Anomaly,Low,Open,2810.82
4469,395102,12060,2023-07-05 15:00:57,Possible Account Takeover,Critical,False Positive,391.12
4470,370536,15030,2023-08-15 06:36:24,Possible Account Takeover,Medium,False Positive,757.26
4471,117220,17778,2022-11-05 04:02:37,Suspicious Merchant,Medium,Confirmed,55.65
4472,17283,2503,2023-09-30 14:12:14,Unusual Transaction,Low,Open,641.16
4473,42223,22712,2024-11-17 01:27:25,Unusual Transaction,High,Confirmed,447.61
4474,698304,12757,2024-04-09 08:00:19,Unusual Transaction,Medium,Confirmed,490.25
4475,95126,23019,2025-10-11 12:32:20,Geographic Anomaly,Medium,Confirmed,465.31
4476,223697,132,2023-12-09 09:21:36,Velocity Anomaly,High,Confirmed,1498.65
4477,781038,18981,2022-05-22 14:15:12,Unusual Transaction,Medium,Investigating,1409.75
4478,566022,13138,2024-10-20 06:16:18,Unusual Transaction,Medium,Confirmed,210.31
4479,123495,14017,2022-08-20 05:17:40,High Value Transaction,High,Closed,333.97
4480,424471,2040,2022-07-12 17:38:20,Geographic Anomaly,High,Confirmed,510.4
4481,770584,21843,2025-10-26 14:51:16,Suspicious Merchant,High,Confirmed,16957.58
4482,278008,10148,2022-07-07 21:26:47,Unusual Transaction,High,Confirmed,197.39
4483,175737,10560,2022-12-15 03:55:19,High Value Transaction,Medium,Confirmed,4394.72
4484,157434,5504,2023-12-23 16:51:19,Possible Account Takeover,Medium,False Positive,1215.47
4485,783380,849,2024-10-26 00:20:11,Suspicious Merchant,Medium,Confirmed,1270.48
4486,253646,3658,2025-06-16 03:02:49,Unusual Transaction,High,False Positive,10303.26
4487,986364,20155,2024-12-17 21:53:24,Unusual Transaction,Medium,Investigating,108.36
4488,179094,16473,2025-12-17 19:45:56,High Value Transaction,High,Closed,2996.79
4489,285827,5284,2024-11-06 22:14:39,Geographic Anomaly,Low,Investigating,762.36
4490,571372,20254,2022-01-23 22:51:37,Unusual Transaction,Low,Open,9413.16
4491,636928,3226,2025-05-10 23:30:55,Possible Account Takeover,Low,Investigating,275.48
4492,683092,3205,2023-08-31 22:51:35,Unusual Transaction,Low,Investigating,12985.26
4493,787784,20452,2025-12-04 03:39:46,Possible Account Takeover,Medium,False Positive,7811.87
4494,776117,2211,2022-07-21 06:28:43,Suspicious Merchant,Low,Confirmed,122.18
4495,606336,1557,2022-11-10 10:14:17,Suspicious Merchant,Low,False Positive,2185.92
4496,8682,8175,2022-06-28 00:02:32,Velocity Anomaly,Low,Open,93.88
4497,477625,16187,2025-10-06 04:07:05,Velocity Anomaly,High,Confirmed,3058.68
4498,169960,6828,2024-07-12 19:09:48,Possible Account Takeover,High,Confirmed,112.19
4499,55626,18231,2023-10-31 08:43:16,Geographic Anomaly,Low,False Positive,487.39
4500,449574,9206,2022-08-22 22:52:59,Unusual Transaction,High,Open,1413.17
4501,28783,20288,2022-06-22 13:06:49,Unusual Transaction,Medium,Open,225.95
4502,41426,10796,2024-07-23 06:53:12,Velocity Anomaly,Low,Confirmed,13.24
4503,635808,2721,2024-09-26 20:34:41,Possible Account Takeover,Medium,False Positive,1486.4
4504,355898,24345,2023-02-17 00:38:47,Unusual Transaction,Low,False Positive,335.78
4505,644608,5416,2022-09-07 08:13:07,Unusual Transaction,High,Open,1486.72
4506,378407,16971,2024-08-19 07:20:12,Geographic Anomaly,Low,Investigating,197.34
4507,965413,22218,2022-07-29 03:49:50,High Value Transaction,Critical,Investigating,4619.94
4508,48359,5490,2022-01-09 23:09:51,Velocity Anomaly,Low,Confirmed,2998.43
4509,997731,23593,2025-09-17 11:27:19,Velocity Anomaly,Medium,False Positive,1127.87
4510,814926,1152,2022-11-03 22:41:11,High Value Transaction,High,Investigating,1112.55
4511,851792,12010,2024-09-21 04:19:39,Unusual Transaction,Low,Confirmed,586.75
4512,261143,21153,2022-05-07 01:13:35,Geographic Anomaly,Medium,False Positive,331.45
4513,676981,5818,2024-08-13 05:54:08,Geographic Anomaly,Medium,Confirmed,9388.11
4514,554790,18093,2022-07-29 21:15:15,Velocity Anomaly,Medium,Investigating,227.93
4515,185932,133,2025-12-30 19:56:35,Geographic Anomaly,Low,Confirmed,45.47
4516,92082,2302,2025-12-20 20:18:32,Suspicious Merchant,Low,Confirmed,289.81
4517,933154,11246,2022-04-02 06:58:54,High Value Transaction,Medium,Closed,398.48
4518,246879,16805,2022-05-24 08:01:02,Unusual Transaction,Medium,False Positive,933.71
4519,648425,24963,2024-08-22 07:25:00,Suspicious Merchant,Medium,Investigating,234.58
4520,20776,11878,2024-03-14 16:16:39,High Value Transaction,Low,Investigating,107.68
4521,738996,19267,2025-06-24 22:06:51,Possible Account Takeover,Medium,Confirmed,3366.93
4522,877314,24311,2023-12-18 21:03:31,Velocity Anomaly,Medium,Confirmed,3488.56
4523,937681,1067,2023-08-10 03:17:30,Geographic Anomaly,Medium,Closed,381.93
4524,667141,6742,2025-07-24 00:54:14,Possible Account Takeover,Medium,Confirmed,395.73
4525,977564,13618,2023-02-01 23:36:49,Geographic Anomaly,Medium,Closed,1533.53
4526,495511,8717,2024-04-21 01:32:37,Suspicious Merchant,Medium,False Positive,538.85
4527,205958,17941,2024-09-23 11:42:58,Unusual Transaction,Low,Closed,300.05
4528,756342,18134,2024-06-16 12:21:54,Unusual Transaction,Medium,False Positive,1800.52
4529,577142,13934,2025-11-28 17:50:44,Unusual Transaction,Low,False Positive,157.55
4530,756522,4786,2023-05-27 10:26:27,Geographic Anomaly,Medium,False Positive,2014.08
4531,247237,15346,2024-10-01 19:29:01,Possible Account Takeover,Medium,False Positive,126.91
4532,210045,11571,2023-12-13 18:30:43,Unusual Transaction,Medium,Confirmed,136.96
4533,667831,4483,2022-08-21 10:00:15,Possible Account Takeover,Medium,Closed,3905.75
4534,440745,20568,2025-05-02 06:38:19,Geographic Anomaly,Low,False Positive,93.4
4535,603078,15604,2022-08-27 17:51:08,Suspicious Merchant,Medium,Confirmed,1202.97
4536,854862,3879,2023-11-19 18:20:37,Possible Account Takeover,High,Closed,785.71
4537,444522,3450,2024-06-10 02:27:45,Suspicious Merchant,High,Closed,701.25
4538,707252,18404,2024-02-12 14:52:29,Geographic Anomaly,High,False Positive,371.39
4539,932538,13384,2024-04-15 06:39:09,Geographic Anomaly,High,Confirmed,135.25
4540,753017,3957,2022-11-18 08:24:23,Velocity Anomaly,Medium,Closed,5737.82
4541,371469,13618,2025-08-20 19:31:32,Geographic Anomaly,Low,False Positive,1548.7
4542,332267,7598,2025-05-22 16:08:04,Geographic Anomaly,Medium,False Positive,1601.98
4543,404215,10385,2023-04-10 15:25:10,High Value Transaction,Low,Closed,396.11
4544,207534,17177,2025-02-20 23:18:01,Unusual Transaction,Medium,Investigating,1801.79
4545,680443,8572,2022-01-14 06:06:58,Velocity Anomaly,High,Investigating,1900.97
4546,386699,17317,2025-10-15 03:39:49,Velocity Anomaly,High,False Positive,122.13
4547,162731,21288,2024-12-30 11:53:23,Velocity Anomaly,Medium,Open,163.8
4548,891557,8801,2024-12-27 15:16:07,High Value Transaction,Medium,False Positive,10303.19
4549,512427,23888,2022-08-25 07:37:41,Suspicious Merchant,Medium,Investigating,3460.59
4550,811300,6458,2022-10-04 17:53:19,Geographic Anomaly,High,Investigating,229.03
4551,818898,15477,2025-09-24 21:36:45,Unusual Transaction,High,Confirmed,16046.74
4552,651692,10531,2024-08-30 22:14:09,Possible Account Takeover,Critical,Confirmed,462.48
4553,262822,14581,2023-02-01 04:47:03,Suspicious Merchant,Low,Investigating,867.06
4554,455715,24695,2024-03-30 15:42:58,Geographic Anomaly,Medium,Open,2834.65
4555,93351,18446,2023-03-01 01:42:43,High Value Transaction,Medium,Confirmed,161.92
4556,539954,3897,2023-04-14 02:16:03,Geographic Anomaly,Low,False Positive,7148.7
4557,19710,15492,2023-10-17 17:52:07,Geographic Anomaly,High,Closed,1061.3
4558,917946,24652,2024-01-31 23:08:28,High Value Transaction,Critical,Open,313.1
4559,914580,12299,2022-08-30 20:38:12,Velocity Anomaly,Low,False Positive,385.65
4560,744600,18438,2025-06-15 15:23:34,Velocity Anomaly,Low,Confirmed,483.22
4561,685991,14444,2024-07-11 20:26:51,Unusual Transaction,Medium,Confirmed,3695.63
4562,821295,8205,2025-12-08 01:33:48,Unusual Transaction,High,Closed,3019.34
4563,259418,18674,2024-07-06 09:19:54,Velocity Anomaly,Medium,Confirmed,501.21
4564,3604,1971,2024-09-17 00:29:38,Suspicious Merchant,Low,Confirmed,5546.08
4565,846988,2218,2023-06-04 07:28:07,Possible Account Takeover,Low,Investigating,461.34
4566,828853,10133,2023-11-14 04:47:17,Geographic Anomaly,Medium,Closed,3506.62
4567,888611,24699,2024-05-17 02:39:07,Possible Account Takeover,High,Confirmed,1349.25
4568,787640,1116,2024-12-25 21:07:03,Geographic Anomaly,Medium,False Positive,486.17
4569,557151,8357,2024-08-14 03:11:33,Velocity Anomaly,Medium,Confirmed,2065.74
4570,296070,5649,2024-08-17 18:22:45,Unusual Transaction,Low,Confirmed,930.51
4571,509333,23099,2024-10-14 01:52:27,Suspicious Merchant,Medium,False Positive,346.41
4572,456287,4678,2024-01-23 17:28:13,Unusual Transaction,High,Open,498.03
4573,104358,6950,2023-07-11 10:07:07,Possible Account Takeover,Medium,False Positive,1199.0
4574,667894,23892,2025-01-21 16:46:24,Unusual Transaction,Medium,False Positive,113.96
4575,580303,6548,2024-01-05 23:46:15,Velocity Anomaly,High,Investigating,1254.87
4576,431262,15184,2023-12-18 20:46:04,Suspicious Merchant,Low,Investigating,1167.4
4577,591223,4700,2023-11-27 15:39:20,Possible Account Takeover,Medium,False Positive,2075.25
4578,247608,2587,2024-09-30 12:20:32,Suspicious Merchant,Medium,Confirmed,266.55
4579,937398,21332,2023-01-05 03:54:05,Geographic Anomaly,Medium,Confirmed,1013.64
4580,224484,12430,2022-02-21 07:09:43,Unusual Transaction,High,Open,1109.23
4581,276161,21173,2022-11-11 04:03:24,Suspicious Merchant,High,False Positive,867.63
4582,786923,2545,2024-11-26 00:59:29,High Value Transaction,Medium,Closed,4359.81
4583,235454,17094,2025-03-05 17:00:54,Unusual Transaction,Low,False Positive,368.62
4584,489053,10071,2022-08-28 17:08:35,Geographic Anomaly,Medium,Confirmed,1438.75
4585,689447,17507,2024-02-06 13:58:59,Suspicious Merchant,Medium,False Positive,143.42
4586,712339,5090,2022-05-09 14:04:36,Possible Account Takeover,Medium,Investigating,4571.59
4587,62943,19608,2024-10-23 01:36:47,Geographic Anomaly,High,Investigating,760.84
4588,703136,5641,2023-06-09 06:59:46,High Value Transaction,Low,False Positive,1563.87
4589,470900,12192,2022-02-15 20:24:01,Suspicious Merchant,Medium,False Positive,2732.11
4590,323187,19960,2023-03-27 05:02:08,Velocity Anomaly,Medium,False Positive,301.07
4591,594066,17845,2023-12-03 08:50:37,Unusual Transaction,Medium,Confirmed,2939.87
4592,779081,1170,2024-12-02 12:57:23,Possible Account Takeover,High,Closed,1684.54
4593,388176,18556,2025-06-27 19:59:35,Velocity Anomaly,Low,Closed,25.96
4594,926911,1570,2025-02-14 02:08:21,Suspicious Merchant,Medium,Confirmed,48.84
4595,118704,19983,2025-06-05 01:09:00,Suspicious Merchant,Critical,Investigating,2155.98
4596,650769,13309,2022-12-10 22:11:31,Geographic Anomaly,Medium,Confirmed,209.19
4597,752832,4565,2022-07-21 01:16:37,Suspicious Merchant,Medium,Investigating,469.89
4598,169076,15845,2023-05-07 01:03:14,Possible Account Takeover,Medium,Closed,791.88
4599,575839,2407,2024-02-09 03:09:38,Velocity Anomaly,Critical,Confirmed,484.16
4600,641418,17280,2024-12-08 08:56:39,Possible Account Takeover,Critical,False Positive,4922.07
4601,735675,24957,2024-08-20 19:40:38,High Value Transaction,Medium,False Positive,608.74
4602,211774,11553,2025-05-16 09:05:14,High Value Transaction,Low,False Positive,113.19
4603,409766,2164,2024-02-16 19:49:02,Unusual Transaction,High,Investigating,1920.85
4604,870387,15882,2025-04-28 04:59:08,Unusual Transaction,Medium,Closed,10663.38
4605,670392,6371,2023-11-18 17:33:36,High Value Transaction,Medium,Investigating,1722.9
4606,526381,24719,2024-05-09 23:15:45,Suspicious Merchant,High,False Positive,1684.03
4607,130069,14757,2024-01-03 15:05:10,Possible Account Takeover,Medium,False Positive,488.5
4608,692774,18083,2025-04-09 00:45:40,High Value Transaction,Low,Investigating,2499.63
4609,23723,3533,2023-05-25 19:10:08,Unusual Transaction,High,Closed,288.28
4610,418695,12703,2025-04-25 19:26:32,High Value Transaction,Medium,Confirmed,4011.07
4611,526832,18770,2025-05-09 02:16:54,Suspicious Merchant,Medium,False Positive,1290.19
4612,155072,14055,2022-02-10 00:27:55,High Value Transaction,Medium,False Positive,2203.42
4613,173310,6088,2024-12-20 05:26:32,Possible Account Takeover,Medium,False Positive,472.2
4614,946376,20095,2023-07-03 15:16:03,Velocity Anomaly,Low,Investigating,9870.57
4615,892656,20608,2022-09-28 00:14:33,Suspicious Merchant,Medium,False Positive,662.76
4616,53019,15103,2025-07-10 02:06:11,Unusual Transaction,Medium,False Positive,437.93
4617,600970,16617,2025-06-05 23:01:34,Possible Account Takeover,High,Investigating,421.86
4618,492413,8100,2023-02-17 06:29:00,High Value Transaction,Medium,False Positive,660.15
4619,374209,21117,2024-12-17 06:41:20,High Value Transaction,High,False Positive,1170.02
4620,554196,1549,2022-08-06 08:41:05,Velocity Anomaly,High,False Positive,1167.11
4621,815430,2156,2025-06-13 00:04:48,Unusual Transaction,High,Open,275.07
4622,869633,21634,2024-05-12 07:44:02,Unusual Transaction,Low,Confirmed,3466.01
4623,950837,15870,2025-06-28 22:43:24,Geographic Anomaly,High,Open,217.63
4624,835140,16532,2024-12-06 04:39:01,Unusual Transaction,Medium,Confirmed,352.47
4625,161198,20407,2023-10-20 07:26:00,Velocity Anomaly,Low,Closed,95.48
4626,467206,24854,2022-11-02 15:52:31,Geographic Anomaly,Low,Open,97.39
4627,157406,1178,2025-12-09 23:12:06,Geographic Anomaly,High,Confirmed,2971.47
4628,597266,7539,2025-10-11 04:15:50,High Value Transaction,Low,False Positive,639.87
4629,530302,14753,2024-11-14 13:32:36,High Value Transaction,Low,Open,46.02
4630,861496,11819,2023-05-05 22:50:59,Unusual Transaction,High,Open,4224.36
4631,779459,23215,2022-10-09 11:58:45,Geographic Anomaly,High,False Positive,1782.42
4632,207646,8663,2024-11-28 10:26:36,High Value Transaction,Medium,False Positive,550.32
4633,484437,1598,2025-04-28 09:21:46,Velocity Anomaly,Low,False Positive,1112.53
4634,802662,22437,2024-06-14 17:00:25,High Value Transaction,Low,False Positive,1418.8
4635,816847,13911,2024-07-01 08:55:20,Suspicious Merchant,Medium,Confirmed,809.9
4636,107891,5573,2025-05-15 12:04:55,Suspicious Merchant,Low,Closed,1574.32
4637,556850,6807,2023-01-27 03:11:11,High Value Transaction,Medium,Open,4871.34
4638,878857,15168,2025-08-22 06:20:47,Geographic Anomaly,Low,Confirmed,3426.75
4639,218094,2414,2025-01-04 21:45:42,Geographic Anomaly,High,Confirmed,148.99
4640,957641,14315,2024-03-24 17:43:30,Possible Account Takeover,Medium,Investigating,1134.97
4641,132177,4027,2024-06-12 18:21:12,Suspicious Merchant,Low,Confirmed,187.71
4642,195700,23853,2022-06-23 16:28:48,Velocity Anomaly,High,False Positive,255.12
4643,784973,12176,2022-04-15 16:08:03,Geographic Anomaly,Medium,False Positive,432.85
4644,675978,9416,2024-05-24 03:44:14,Unusual Transaction,Medium,Confirmed,1083.43
4645,704335,6277,2025-12-05 19:04:57,Suspicious Merchant,High,False Positive,770.83
4646,812039,19416,2022-11-29 14:39:35,Velocity Anomaly,Medium,False Positive,4131.85
4647,386133,23216,2022-05-14 06:13:44,Velocity Anomaly,Medium,Confirmed,975.71
4648,938943,2711,2024-06-27 02:58:35,Geographic Anomaly,Medium,Confirmed,153.29
4649,802361,23628,2023-06-10 01:13:26,Velocity Anomaly,Low,Confirmed,44737.46
4650,909158,19405,2022-07-02 07:38:59,Geographic Anomaly,Low,Investigating,754.45
4651,746076,9589,2023-10-28 19:39:39,High Value Transaction,High,False Positive,627.69
4652,877711,4727,2025-11-03 03:37:47,Suspicious Merchant,Medium,Open,200.84
4653,87105,13006,2024-06-26 14:48:38,Possible Account Takeover,Medium,Investigating,979.09
4654,565932,21497,2024-07-21 19:55:57,High Value Transaction,Medium,Investigating,187.84
4655,536878,21409,2024-02-23 10:44:48,Suspicious Merchant,High,False Positive,281.72
4656,954795,2097,2025-04-18 07:55:50,Geographic Anomaly,Critical,Open,214.13
4657,180317,17421,2024-06-09 04:33:04,Suspicious Merchant,Medium,False Positive,4002.16
4658,328817,2448,2024-03-15 13:22:17,Geographic Anomaly,High,Open,2307.48
4659,967938,1371,2023-01-13 01:05:25,High Value Transaction,High,False Positive,926.57
4660,646326,16437,2024-03-17 11:37:51,Unusual Transaction,Medium,Closed,128.87
4661,267612,4786,2025-07-30 09:34:35,Unusual Transaction,Low,Confirmed,504.46
4662,181921,11630,2024-04-28 02:53:19,Suspicious Merchant,Low,False Positive,59.96
4663,533517,14914,2022-05-09 23:50:48,Unusual Transaction,High,False Positive,412.64
4664,427135,7825,2022-09-12 11:45:59,Geographic Anomaly,High,False Positive,379.85
4665,350594,400,2022-08-06 13:37:31,Velocity Anomaly,High,False Positive,618.31
4666,919287,22439,2022-12-05 18:39:56,Geographic Anomaly,Low,Investigating,207.27
4667,644120,12496,2024-09-16 05:48:35,Velocity Anomaly,Medium,Confirmed,436.18
4668,460181,18310,2023-08-09 08:30:06,High Value Transaction,High,Closed,1550.33
4669,625402,24753,2022-08-03 21:54:57,Possible Account Takeover,High,Confirmed,271.18
4670,210151,22839,2023-04-27 13:33:48,Velocity Anomaly,Low,Closed,12525.6
4671,170936,13763,2024-11-28 21:34:00,Unusual Transaction,High,False Positive,4318.12
4672,425535,9651,2022-01-13 17:45:22,Geographic Anomaly,Low,Confirmed,577.76
4673,249658,13326,2022-05-05 00:57:54,High Value Transaction,High,False Positive,948.24
4674,655218,21924,2022-09-03 16:40:52,Unusual Transaction,Medium,False Positive,1396.18
4675,442414,4507,2024-02-26 17:45:26,High Value Transaction,Low,Confirmed,6114.32
4676,134987,19950,2022-09-20 04:56:10,Possible Account Takeover,High,Open,2773.07
4677,850661,1881,2025-07-11 20:23:11,Geographic Anomaly,Low,False Positive,1422.3
4678,448640,21895,2023-05-06 07:30:56,Suspicious Merchant,High,Closed,407.19
4679,213674,4219,2023-02-03 00:01:36,Geographic Anomaly,Medium,False Positive,194.08
4680,765787,7103,2025-01-19 19:33:32,Possible Account Takeover,High,Investigating,6332.03
4681,899699,18538,2025-10-25 02:00:54,Geographic Anomaly,High,Investigating,3632.37
4682,945881,10387,2023-07-02 23:46:23,Suspicious Merchant,Medium,Closed,287.21
4683,274778,1657,2024-07-15 02:48:35,Velocity Anomaly,Medium,Open,389.48
4684,990636,7068,2024-09-14 18:04:12,High Value Transaction,Medium,False Positive,2748.34
4685,412386,1140,2025-02-14 21:29:30,Suspicious Merchant,Low,Investigating,220.07
4686,190337,20951,2025-04-29 11:53:06,Unusual Transaction,Medium,Confirmed,40.43
4687,92341,6329,2022-01-09 00:54:41,Possible Account Takeover,High,Confirmed,551.21
4688,383653,18596,2025-09-11 00:51:57,Velocity Anomaly,High,Investigating,672.19
4689,682329,21913,2024-02-21 17:08:24,Unusual Transaction,High,False Positive,162.5
4690,277564,16475,2025-06-10 11:30:21,Unusual Transaction,Medium,Confirmed,607.37
4691,736575,10530,2025-12-18 02:54:10,Possible Account Takeover,High,Confirmed,1122.57
4692,546945,11472,2025-04-27 06:52:40,Velocity Anomaly,High,Confirmed,6065.69
4693,484990,12350,2023-08-08 20:37:22,Unusual Transaction,Medium,Closed,6048.91
4694,195414,4063,2023-07-29 10:35:59,Unusual Transaction,Low,False Positive,2140.21
4695,440980,632,2023-08-23 16:12:25,Velocity Anomaly,Medium,Open,1911.02
4696,309215,1744,2025-05-12 13:03:46,Geographic Anomaly,High,Open,924.96
4697,149026,18231,2025-04-20 00:16:47,Unusual Transaction,Medium,False Positive,721.67
4698,770950,9598,2025-05-27 20:48:15,High Value Transaction,High,Closed,682.66
4699,606526,18927,2023-05-04 22:45:30,Velocity Anomaly,Low,Confirmed,1071.72
4700,486974,22225,2024-10-19 06:23:29,Unusual Transaction,Critical,Investigating,258.3
4701,290883,17433,2023-02-01 08:56:49,Possible Account Takeover,Medium,False Positive,147.41
4702,367427,23111,2025-02-07 00:22:25,Suspicious Merchant,High,False Positive,1419.94
4703,267606,19408,2025-08-16 17:49:37,High Value Transaction,Low,False Positive,1085.71
4704,966904,22851,2023-08-25 16:59:50,Suspicious Merchant,Low,Investigating,298.56
4705,89973,6152,2022-04-14 03:37:19,Suspicious Merchant,High,Investigating,1330.43
4706,637813,11957,2025-02-13 10:28:17,Unusual Transaction,Critical,Confirmed,639.45
4707,645666,14823,2023-11-07 15:37:44,High Value Transaction,Medium,Investigating,1131.9
4708,127175,18211,2025-01-31 00:20:14,High Value Transaction,Low,Closed,2277.37
4709,22539,3694,2023-12-19 15:09:46,Geographic Anomaly,Medium,Open,876.26
4710,164305,18591,2022-02-26 22:25:19,Suspicious Merchant,Low,False Positive,241.8
4711,179233,18308,2023-02-07 08:53:56,High Value Transaction,Low,False Positive,2790.27
4712,811508,14289,2022-03-15 17:28:44,Geographic Anomaly,High,Confirmed,248.9
4713,333159,1928,2025-06-03 01:50:21,Velocity Anomaly,High,Closed,2182.07
4714,437004,3859,2023-08-17 17:47:24,Geographic Anomaly,Low,False Positive,803.3
4715,899605,22422,2025-03-31 15:38:48,Possible Account Takeover,Medium,Closed,6690.26
4716,68545,5645,2025-12-17 21:57:18,Unusual Transaction,Medium,Investigating,7121.48
4717,181742,3425,2025-12-15 14:20:37,Velocity Anomaly,Low,Open,488.96
4718,160920,17661,2022-06-25 12:30:03,Velocity Anomaly,Low,Investigating,804.45
4719,977221,12619,2024-08-19 21:22:48,Possible Account Takeover,Medium,Confirmed,12316.11
4720,871294,12684,2022-03-19 04:52:21,Geographic Anomaly,Low,Confirmed,1871.79
4721,910168,3174,2022-05-28 11:09:59,Unusual Transaction,Medium,Closed,68.54
4722,245165,59,2023-01-15 20:56:43,Geographic Anomaly,Low,Confirmed,210.11
4723,312924,19783,2024-02-22 14:56:28,High Value Transaction,Medium,Closed,1271.17
4724,803149,200,2025-11-14 05:03:31,Geographic Anomaly,Low,Confirmed,339.45
4725,412874,13058,2024-02-27 01:24:09,Velocity Anomaly,High,False Positive,521.95
4726,341794,8503,2024-08-13 18:53:41,Unusual Transaction,High,Confirmed,204.37
4727,890907,13720,2023-06-28 18:45:34,Geographic Anomaly,High,Investigating,4405.02
4728,516193,4582,2023-07-10 23:40:44,Unusual Transaction,Medium,Closed,1559.39
4729,14608,15612,2023-07-11 22:52:46,Unusual Transaction,Medium,Investigating,82.42
4730,48269,19012,2023-03-07 08:31:33,High Value Transaction,Medium,False Positive,563.38
4731,434643,14655,2022-08-20 02:31:05,High Value Transaction,Low,False Positive,463.28
4732,812140,17904,2025-01-06 07:07:44,Velocity Anomaly,High,Closed,114.55
4733,142692,9925,2022-05-25 02:48:24,Possible Account Takeover,Medium,False Positive,1359.62
4734,258263,14425,2024-09-06 11:23:20,Unusual Transaction,Medium,Confirmed,2616.56
4735,745975,18553,2024-05-05 16:20:11,Possible Account Takeover,Medium,False Positive,1544.85
4736,563260,2030,2025-05-07 14:13:45,Velocity Anomaly,Medium,Open,2077.52
4737,243210,13833,2022-09-01 10:05:52,Unusual Transaction,Critical,Confirmed,1668.37
4738,563678,9922,2025-08-06 11:58:20,Unusual Transaction,Medium,Open,281.7
4739,180874,18208,2023-02-25 12:46:47,Suspicious Merchant,Medium,Confirmed,82.18
4740,977525,10515,2023-07-05 07:50:19,Possible Account Takeover,Medium,Investigating,15890.47
4741,975397,11644,2022-11-01 15:17:41,Geographic Anomaly,Critical,Closed,1282.13
4742,942795,9702,2023-11-12 16:52:22,High Value Transaction,Medium,False Positive,345.49
4743,128925,21666,2025-02-10 00:12:49,Geographic Anomaly,Medium,Closed,459.52
4744,66979,13269,2024-10-09 21:52:02,Possible Account Takeover,Low,Open,566.8
4745,892637,5016,2024-01-23 20:19:20,High Value Transaction,High,False Positive,635.03
4746,324513,4066,2022-03-15 06:31:12,Geographic Anomaly,Medium,Confirmed,2471.82
4747,268681,4756,2022-02-02 14:42:58,Suspicious Merchant,Medium,Confirmed,670.36
4748,296243,13106,2024-11-08 22:27:43,High Value Transaction,High,Closed,1357.0
4749,249860,5275,2025-11-24 03:11:11,Unusual Transaction,Critical,Closed,2022.6
4750,889823,486,2024-02-19 22:39:33,Geographic Anomaly,Medium,Investigating,346.87
4751,142472,9181,2023-10-08 06:27:03,High Value Transaction,High,Closed,170.85
4752,798728,4159,2023-09-22 16:47:36,Suspicious Merchant,Low,False Positive,358.92
4753,290027,8893,2023-04-12 22:09:56,High Value Transaction,High,Closed,1598.01
4754,73223,9086,2024-09-09 19:22:07,High Value Transaction,Medium,False Positive,170.98
4755,971950,6254,2025-01-13 18:32:41,Suspicious Merchant,Medium,Closed,1062.06
4756,456863,10205,2024-08-11 13:44:48,Geographic Anomaly,High,Closed,1586.13
4757,961101,13072,2022-09-22 22:02:12,Velocity Anomaly,High,Investigating,2878.02
4758,234842,24759,2022-02-26 00:06:08,Geographic Anomaly,Medium,Confirmed,778.47
4759,115359,22620,2022-07-14 19:09:17,Possible Account Takeover,High,Investigating,222.69
4760,903341,13933,2024-09-22 21:03:10,Suspicious Merchant,Low,False Positive,573.75
4761,227472,5890,2025-08-21 22:26:30,Geographic Anomaly,High,False Positive,718.35
4762,220831,13711,2024-12-14 06:42:14,High Value Transaction,High,False Positive,655.0
4763,124733,5168,2022-12-18 00:57:54,Suspicious Merchant,Low,False Positive,86.73
4764,147724,2199,2024-03-18 04:09:19,Unusual Transaction,High,Confirmed,156.45
4765,335053,19258,2025-09-08 09:51:41,Geographic Anomaly,Medium,Investigating,290.79
4766,764541,1396,2023-09-18 22:16:25,Suspicious Merchant,Medium,Investigating,1955.99
4767,130998,4726,2025-01-31 09:38:44,Geographic Anomaly,Medium,False Positive,38.11
4768,416731,23007,2024-02-16 12:05:32,Suspicious Merchant,Medium,Investigating,619.73
4769,723048,19275,2024-10-10 19:22:00,High Value Transaction,High,Investigating,1542.52
4770,786836,17210,2022-08-17 22:30:30,Unusual Transaction,Medium,Confirmed,542.08
4771,314200,23604,2022-09-20 16:27:45,Unusual Transaction,Medium,Open,862.91
4772,305101,17255,2022-10-27 00:52:30,Possible Account Takeover,High,Investigating,1396.85
4773,564600,13780,2023-06-09 17:20:29,Suspicious Merchant,Low,Investigating,3915.54
4774,406419,11117,2022-11-07 19:52:36,Geographic Anomaly,Medium,Closed,10500.26
4775,892978,18323,2025-07-20 04:03:27,Unusual Transaction,Medium,Investigating,1416.42
4776,577956,14971,2022-04-19 18:30:34,Unusual Transaction,High,Closed,262.59
4777,221912,2060,2022-04-14 09:27:04,Velocity Anomaly,Medium,Investigating,721.33
4778,601062,13233,2022-01-23 03:19:20,Velocity Anomaly,Medium,Closed,712.71
4779,436002,13026,2023-11-16 17:31:52,Unusual Transaction,Medium,False Positive,54604.73
4780,538169,17053,2022-05-09 14:18:46,Suspicious Merchant,High,False Positive,793.45
4781,857070,4630,2024-08-05 22:39:37,Possible Account Takeover,Low,Closed,268.65
4782,153622,24765,2022-07-15 08:02:42,Unusual Transaction,Critical,False Positive,181.74
4783,390968,1464,2025-10-21 21:14:09,High Value Transaction,Medium,Closed,13890.65
4784,465741,4944,2022-04-29 06:07:22,Geographic Anomaly,High,False Positive,123.37
4785,119834,19548,2023-01-14 11:26:47,Possible Account Takeover,Medium,False Positive,8177.05
4786,672108,15125,2025-08-24 01:27:04,High Value Transaction,Medium,Confirmed,361.08
4787,827423,23800,2022-05-02 16:35:22,Possible Account Takeover,High,Closed,3286.41
4788,180104,15243,2025-03-21 07:09:29,High Value Transaction,Low,False Positive,1262.99
4789,550112,4122,2024-03-20 11:56:46,Geographic Anomaly,Low,Investigating,5725.77
4790,719679,24435,2022-12-10 05:23:13,Geographic Anomaly,Medium,False Positive,234.81
4791,353693,8540,2022-07-11 07:29:42,Velocity Anomaly,Critical,Closed,4289.85
4792,326643,9510,2023-10-04 13:06:34,Suspicious Merchant,Medium,False Positive,11473.09
4793,452145,1229,2025-08-05 11:06:09,High Value Transaction,Medium,Closed,820.15
4794,123436,3795,2022-10-25 10:03:18,Velocity Anomaly,High,Investigating,5021.28
4795,208436,9406,2023-09-23 08:31:51,High Value Transaction,Medium,Confirmed,2998.24
4796,889828,14872,2022-04-14 07:31:19,Velocity Anomaly,High,False Positive,8538.59
4797,360785,5012,2025-05-02 19:50:26,Geographic Anomaly,Medium,Investigating,1597.42
4798,899936,16117,2025-06-17 02:11:09,Possible Account Takeover,High,Confirmed,1127.83
4799,560544,21489,2024-10-10 01:17:55,Velocity Anomaly,Medium,False Positive,5029.25
4800,635971,18475,2022-01-20 03:10:34,High Value Transaction,Medium,Investigating,213.33
4801,373347,1333,2022-12-15 11:40:47,High Value Transaction,Medium,Confirmed,427.6
4802,429790,14013,2025-09-18 08:28:09,Suspicious Merchant,Medium,Investigating,211.72
4803,664979,9695,2025-11-23 18:47:51,Geographic Anomaly,Medium,False Positive,1195.75
4804,434998,24770,2023-12-22 03:16:34,High Value Transaction,Medium,Confirmed,311.83
4805,924111,16482,2022-08-23 09:18:44,Unusual Transaction,Low,Investigating,280.02
4806,795172,4045,2022-04-17 13:41:01,Possible Account Takeover,Medium,False Positive,6711.33
4807,69292,15693,2025-06-03 07:32:12,Velocity Anomaly,Medium,Open,3596.46
4808,673814,1123,2023-01-28 04:18:26,Suspicious Merchant,Low,Closed,4573.41
4809,772844,12568,2025-06-15 10:53:26,Possible Account Takeover,Medium,Confirmed,547.44
4810,459639,5515,2022-03-22 23:50:54,Geographic Anomaly,Medium,Closed,1874.88
4811,303238,19189,2022-04-19 19:43:04,Suspicious Merchant,Medium,Confirmed,289.28
4812,365621,15988,2023-10-15 22:42:14,Velocity Anomaly,Medium,Closed,203.76
4813,581307,19512,2024-11-07 19:52:45,Velocity Anomaly,High,Investigating,334.11
4814,48308,2711,2025-10-25 02:04:46,Unusual Transaction,High,Investigating,1120.74
4815,359449,12068,2025-05-01 13:33:09,Geographic Anomaly,Medium,False Positive,194.14
4816,183940,20418,2025-09-22 12:49:03,Suspicious Merchant,Medium,Investigating,399.31
4817,791758,18126,2025-11-27 11:23:46,Suspicious Merchant,High,False Positive,13121.66
4818,266395,17233,2025-09-10 17:00:16,High Value Transaction,Medium,Confirmed,1776.02
4819,230831,2190,2022-01-08 13:42:06,Unusual Transaction,High,False Positive,11204.26
4820,649731,8404,2024-05-23 16:33:54,Unusual Transaction,Low,Closed,1820.73
4821,514070,16953,2022-04-15 06:57:42,Suspicious Merchant,High,Closed,600.68
4822,902221,20487,2023-06-15 08:46:40,Suspicious Merchant,Medium,Confirmed,795.44
4823,903094,19448,2023-03-08 13:50:29,Possible Account Takeover,Low,Confirmed,59.97
4824,197109,18741,2024-11-28 16:14:19,Possible Account Takeover,Medium,Closed,169.92
4825,815960,8083,2024-03-21 20:51:40,Possible Account Takeover,Critical,Closed,1406.67
4826,308612,16122,2022-11-06 20:56:41,Unusual Transaction,High,Open,387.86
4827,915354,12817,2022-03-08 05:11:21,High Value Transaction,Medium,False Positive,765.06
4828,513914,5562,2025-10-18 13:29:06,Velocity Anomaly,Low,Investigating,1013.41
4829,157074,6128,2025-04-16 17:00:47,Possible Account Takeover,Medium,Closed,108.32
4830,154510,1834,2023-09-05 12:14:13,High Value Transaction,Medium,Investigating,923.13
4831,41395,10913,2022-08-22 05:44:05,Geographic Anomaly,Low,False Positive,71.86
4832,404814,18491,2025-11-22 02:03:21,Possible Account Takeover,Medium,False Positive,2959.17
4833,191586,21831,2024-05-18 03:06:36,Velocity Anomaly,High,Closed,298.71
4834,320708,8339,2023-12-15 17:17:20,Geographic Anomaly,High,False Positive,71.2
4835,880501,12870,2023-09-12 20:16:18,Geographic Anomaly,Low,Investigating,917.19
4836,690708,11491,2022-09-02 14:17:24,Velocity Anomaly,Medium,False Positive,1854.58
4837,70074,10346,2024-04-28 13:55:10,Possible Account Takeover,High,Closed,3186.62
4838,50804,11222,2024-10-17 12:31:21,Unusual Transaction,High,False Positive,1317.72
4839,628331,21055,2023-02-08 09:23:57,Velocity Anomaly,High,False Positive,862.59
4840,844917,429,2024-04-02 17:43:59,Velocity Anomaly,Critical,False Positive,289.96
4841,476773,13017,2025-01-22 04:46:51,Velocity Anomaly,High,Confirmed,666.82
4842,639374,15969,2025-07-21 07:16:29,Geographic Anomaly,Low,False Positive,454.25
4843,633746,133,2025-10-28 06:28:48,High Value Transaction,Medium,Investigating,998.32
4844,177705,66,2023-10-11 22:57:33,Unusual Transaction,Critical,Confirmed,7279.49
4845,573678,16697,2023-08-13 01:20:12,Possible Account Takeover,Medium,Closed,184.08
4846,49137,3845,2022-10-05 19:48:33,Possible Account Takeover,Low,Open,4237.99
4847,522625,15086,2023-11-03 20:36:17,High Value Transaction,Medium,Confirmed,771.16
4848,819257,17469,2022-12-13 09:33:21,Velocity Anomaly,High,Confirmed,3976.09
4849,248491,681,2023-04-17 10:33:04,Unusual Transaction,Critical,Investigating,367.05
4850,835385,11986,2025-12-09 23:23:04,Possible Account Takeover,Medium,False Positive,4731.76
4851,971238,14850,2024-02-03 23:08:47,Suspicious Merchant,Medium,False Positive,4918.66
4852,226622,2776,2023-06-16 16:27:23,Possible Account Takeover,High,Investigating,1758.65
4853,805294,23237,2022-03-24 22:58:49,Velocity Anomaly,Medium,Confirmed,34.15
4854,68659,13039,2024-11-10 03:27:32,Suspicious Merchant,Low,Confirmed,1272.34
4855,339033,15751,2022-01-27 19:37:36,High Value Transaction,High,Investigating,271.45
4856,101965,19207,2023-11-12 07:29:33,Unusual Transaction,Medium,False Positive,227.48
4857,78647,13198,2024-07-04 00:57:44,High Value Transaction,Medium,Confirmed,1315.85
4858,173989,19076,2023-07-06 08:11:00,High Value Transaction,Medium,False Positive,601.78
4859,363857,9317,2024-07-15 00:32:13,Unusual Transaction,Low,Investigating,827.64
4860,14171,18702,2024-02-04 00:45:01,Unusual Transaction,High,Confirmed,3524.26
4861,869218,11539,2022-03-29 18:19:36,Possible Account Takeover,Medium,Open,406.8
4862,666194,18592,2023-03-16 16:06:58,Possible Account Takeover,Medium,Investigating,149.5
4863,537556,8438,2024-02-27 08:05:38,Unusual Transaction,Low,Closed,173.6
4864,161455,20153,2024-10-28 22:28:12,Suspicious Merchant,Medium,Investigating,180.52
4865,255415,13075,2023-04-27 16:47:51,Geographic Anomaly,High,Open,440.07
4866,576144,11700,2024-05-26 16:30:36,Possible Account Takeover,High,Closed,2553.69
4867,548047,17009,2025-03-16 07:55:16,Geographic Anomaly,High,False Positive,799.36
4868,66612,9552,2022-05-16 03:00:09,Suspicious Merchant,Medium,Investigating,306.93
4869,533845,7076,2022-02-19 01:58:48,Unusual Transaction,High,Closed,2739.26
4870,551748,23141,2025-10-13 00:13:07,Suspicious Merchant,Medium,Investigating,4514.54
4871,824195,635,2025-08-03 06:19:41,Possible Account Takeover,High,False Positive,184.56
4872,6425,5651,2022-01-04 02:35:41,High Value Transaction,High,Open,7681.14
4873,105096,19017,2025-07-08 07:38:57,Unusual Transaction,Medium,False Positive,7710.91
4874,286563,18603,2023-03-01 16:14:28,Velocity Anomaly,Medium,False Positive,4048.16
4875,70756,19663,2024-12-17 20:41:55,Geographic Anomaly,Medium,Investigating,361.77
4876,204992,3088,2024-03-13 02:57:41,Suspicious Merchant,Medium,False Positive,225.68
4877,782304,3154,2025-07-12 13:18:56,Unusual Transaction,Critical,False Positive,678.12
4878,662961,6791,2022-02-18 01:01:39,Suspicious Merchant,Low,False Positive,5179.44
4879,368120,24433,2022-03-11 22:11:18,Unusual Transaction,Low,Closed,142.33
4880,853427,4068,2025-02-13 10:01:58,Possible Account Takeover,Low,False Positive,3094.29
4881,77147,4955,2024-05-01 15:23:55,Possible Account Takeover,High,Confirmed,177.01
4882,824617,24506,2025-07-22 09:18:55,Possible Account Takeover,Medium,False Positive,957.49
4883,344499,6515,2025-06-11 00:33:48,Suspicious Merchant,Low,False Positive,1844.37
4884,863389,7237,2025-01-09 21:19:05,Velocity Anomaly,Medium,Confirmed,657.45
4885,350455,3462,2022-01-06 03:49:40,Possible Account Takeover,Medium,False Positive,13663.37
4886,757948,5526,2024-05-20 03:45:08,Unusual Transaction,Medium,False Positive,879.86
4887,212321,20277,2023-09-08 03:31:25,Possible Account Takeover,High,Closed,438.56
4888,500724,15043,2024-07-29 13:57:25,High Value Transaction,Medium,False Positive,5552.84
4889,294633,17945,2024-05-12 10:10:29,Possible Account Takeover,Medium,Investigating,364.77
4890,823422,2614,2022-05-08 09:27:15,Suspicious Merchant,Low,False Positive,2599.67
4891,135660,3224,2022-02-24 03:17:40,Velocity Anomaly,Low,False Positive,631.17
4892,768926,4261,2023-05-10 09:17:24,High Value Transaction,Medium,Closed,391.33
4893,712829,11795,2025-10-08 06:28:05,Suspicious Merchant,Medium,False Positive,1327.72
4894,591398,19739,2025-12-11 15:43:08,Suspicious Merchant,Medium,Closed,521.89
4895,980739,17872,2023-05-11 23:27:20,Suspicious Merchant,Low,Confirmed,1396.71
4896,588933,446,2022-02-11 11:16:22,Unusual Transaction,Low,False Positive,1280.29
4897,418293,17762,2022-08-25 03:47:30,Suspicious Merchant,High,False Positive,2293.65
4898,856829,16935,2025-03-22 04:31:42,Unusual Transaction,Medium,Confirmed,3684.27
4899,911256,17069,2023-07-28 17:34:43,Suspicious Merchant,High,Confirmed,515.31
4900,185560,6279,2024-11-05 17:15:36,Geographic Anomaly,High,False Positive,4671.16
4901,100904,5396,2025-09-28 12:33:08,High Value Transaction,Medium,False Positive,1333.72
4902,916210,19961,2022-12-16 07:43:26,Geographic Anomaly,High,Closed,1176.95
4903,392631,22745,2025-08-15 22:19:49,Suspicious Merchant,Medium,Closed,163.39
4904,230696,15430,2022-02-07 01:20:26,High Value Transaction,Low,Investigating,2982.54
4905,204398,1019,2022-04-04 16:33:22,High Value Transaction,Medium,Closed,52.13
4906,650250,4559,2022-05-31 10:14:12,Velocity Anomaly,Medium,Open,186.2
4907,526705,13642,2022-05-11 00:48:17,Geographic Anomaly,Medium,False Positive,1319.18
4908,975906,20221,2022-09-16 18:26:26,Velocity Anomaly,Medium,Investigating,663.69
4909,284162,1365,2022-03-14 09:03:43,High Value Transaction,Medium,Confirmed,302.99
4910,914021,24886,2022-01-19 23:51:08,Unusual Transaction,Low,Closed,801.08
4911,82461,2538,2025-07-05 04:47:05,High Value Transaction,Low,Confirmed,1121.79
4912,377738,20875,2024-04-25 22:54:28,Velocity Anomaly,Low,False Positive,408.7
4913,245150,12587,2023-06-10 05:35:45,Geographic Anomaly,Low,Investigating,877.61
4914,61246,7952,2022-06-27 18:55:25,Suspicious Merchant,Medium,Open,16308.22
4915,627064,1769,2023-08-21 13:24:50,Suspicious Merchant,Medium,Confirmed,466.29
4916,376696,12371,2023-03-15 07:26:56,Geographic Anomaly,Low,False Positive,13436.17
4917,267418,2014,2022-09-03 23:02:29,Suspicious Merchant,High,Investigating,86.2
4918,498383,10415,2025-01-12 21:37:42,Suspicious Merchant,High,Confirmed,535.37
4919,867681,24731,2024-12-15 14:40:04,Velocity Anomaly,Medium,False Positive,412.45
4920,317553,7642,2024-09-07 11:06:05,Geographic Anomaly,High,Investigating,133.13
4921,552692,15570,2023-08-04 09:42:51,Possible Account Takeover,Medium,Confirmed,7736.2
4922,880777,23636,2025-06-27 00:52:30,Unusual Transaction,Low,Closed,647.05
4923,514358,6983,2024-10-28 19:45:51,Unusual Transaction,High,Confirmed,170.12
4924,861042,12133,2025-03-16 12:14:22,Suspicious Merchant,Low,Confirmed,83.13
4925,473017,3505,2024-10-06 21:14:44,Unusual Transaction,High,False Positive,6760.05
4926,373615,23650,2022-10-31 09:12:40,Geographic Anomaly,Medium,False Positive,641.12
4927,485241,21947,2023-01-18 22:58:56,Geographic Anomaly,Medium,False Positive,4660.09
4928,421622,5388,2023-05-18 03:15:19,High Value Transaction,Medium,Closed,781.54
4929,104851,5869,2025-12-01 03:09:51,High Value Transaction,Medium,Open,77.15
4930,972099,5404,2025-12-18 12:11:47,Unusual Transaction,Low,Closed,859.06
4931,945168,4073,2022-03-07 19:35:05,Possible Account Takeover,Medium,Closed,1584.95
4932,769186,9287,2024-02-18 12:40:12,High Value Transaction,High,Closed,864.69
4933,893311,19392,2022-07-24 13:34:41,High Value Transaction,Medium,Confirmed,2062.81
4934,634537,3852,2024-09-28 13:18:58,Geographic Anomaly,Low,Closed,2255.11
4935,216539,5769,2024-04-02 02:05:11,Possible Account Takeover,Medium,Investigating,533.66
4936,223535,1107,2023-02-14 15:06:12,Suspicious Merchant,High,False Positive,428.96
4937,158280,9477,2023-10-11 16:36:26,Unusual Transaction,Medium,Investigating,1709.37
4938,107762,2403,2025-12-19 07:01:24,High Value Transaction,Medium,False Positive,1519.09
4939,992657,14331,2022-01-10 14:10:40,Possible Account Takeover,Critical,False Positive,937.89
4940,425191,10441,2024-10-18 12:01:14,Possible Account Takeover,Medium,Open,1644.2
4941,72115,12692,2025-12-25 04:23:36,Unusual Transaction,Medium,Closed,3281.86
4942,460526,11793,2025-09-27 10:51:56,Possible Account Takeover,High,False Positive,501.5
4943,517853,18361,2022-09-02 07:16:30,Possible Account Takeover,High,False Positive,464.21
4944,307699,7135,2023-03-01 17:13:58,Possible Account Takeover,Medium,Confirmed,627.52
4945,518051,2988,2023-07-20 17:29:15,High Value Transaction,Low,Closed,318.73
4946,654511,716,2022-05-21 06:19:48,Unusual Transaction,High,False Positive,1712.15
4947,267718,1360,2024-02-15 22:50:04,Possible Account Takeover,Medium,Confirmed,195.11
4948,354964,19257,2023-08-26 18:00:57,Possible Account Takeover,High,False Positive,1161.82
4949,850723,10526,2024-11-11 23:26:34,High Value Transaction,Low,False Positive,67.73
4950,704693,23295,2025-03-18 00:29:28,Unusual Transaction,Medium,False Positive,472.4
4951,290538,24974,2024-04-17 22:32:24,Geographic Anomaly,Low,Confirmed,1382.42
4952,40938,7380,2022-05-21 17:09:59,High Value Transaction,High,Confirmed,858.23
4953,498188,9246,2024-05-05 13:27:08,Unusual Transaction,High,False Positive,2054.67
4954,440648,3131,2022-05-26 01:45:15,Possible Account Takeover,Medium,Closed,6143.66
4955,801737,19919,2022-08-27 17:41:08,Unusual Transaction,High,False Positive,68.81
4956,469706,21183,2025-03-13 15:22:18,Unusual Transaction,Low,Confirmed,211.86
4957,447756,16485,2024-05-27 01:56:17,Suspicious Merchant,Low,Confirmed,569.18
4958,127872,5114,2025-05-25 13:52:54,Unusual Transaction,High,False Positive,141.18
4959,108113,9184,2024-10-09 00:21:21,Geographic Anomaly,High,Closed,7811.93
4960,466473,4132,2025-11-14 19:35:45,Unusual Transaction,High,Open,362.34
4961,350616,21961,2023-01-14 06:29:59,Geographic Anomaly,High,False Positive,3643.4
4962,279192,3856,2024-01-28 07:42:10,Possible Account Takeover,Medium,Confirmed,147.8
4963,968493,22628,2022-08-02 16:54:55,Geographic Anomaly,Low,Investigating,577.96
4964,976209,9528,2023-05-20 07:31:51,Possible Account Takeover,High,Open,1924.39
4965,70481,24131,2022-05-17 12:44:43,Possible Account Takeover,Medium,Closed,422.02
4966,615831,23203,2025-06-05 07:45:27,Geographic Anomaly,Medium,Closed,221.67
4967,446356,6083,2024-07-02 17:27:45,High Value Transaction,High,Open,446.97
4968,614036,3050,2025-02-18 06:57:07,Velocity Anomaly,Medium,False Positive,505.26
4969,136153,24864,2025-02-15 19:59:57,Unusual Transaction,High,Investigating,21933.85
4970,291364,474,2024-05-09 04:09:06,Suspicious Merchant,Low,False Positive,856.81
4971,484335,24549,2022-10-29 04:45:07,Velocity Anomaly,High,False Positive,1894.54
4972,29038,14137,2022-02-01 15:33:20,Unusual Transaction,Medium,Confirmed,135.46
4973,889660,11448,2023-04-12 20:16:15,Unusual Transaction,Medium,Investigating,4673.5
4974,113316,20859,2022-07-03 01:43:26,Possible Account Takeover,Medium,False Positive,288.7
4975,146326,8901,2025-02-14 10:37:36,Unusual Transaction,Medium,False Positive,762.69
4976,973573,2534,2024-03-12 19:09:16,Suspicious Merchant,Medium,Open,1130.04
4977,944185,17615,2025-08-30 07:54:05,Unusual Transaction,Medium,False Positive,21601.77
4978,884686,16201,2024-09-11 22:31:28,Geographic Anomaly,Medium,False Positive,1261.13
4979,936763,14699,2025-09-04 04:28:12,Velocity Anomaly,Medium,False Positive,1950.17
4980,36787,23696,2025-06-14 03:10:32,Geographic Anomaly,Low,Confirmed,1072.31
4981,389607,15402,2023-05-06 18:01:18,Suspicious Merchant,Low,False Positive,468.75
4982,513363,14514,2024-12-11 03:16:43,Unusual Transaction,High,False Positive,212.31
4983,622599,13786,2024-03-13 00:11:21,Suspicious Merchant,Low,False Positive,1196.28
4984,748492,7007,2023-07-13 04:57:01,Possible Account Takeover,High,Closed,1084.87
4985,982221,5257,2023-12-30 10:53:20,Geographic Anomaly,High,Investigating,109.28
4986,333753,18164,2022-12-26 22:41:39,Geographic Anomaly,High,False Positive,1214.06
4987,449003,13539,2023-04-21 01:20:59,High Value Transaction,High,Investigating,121.23
4988,73290,3819,2024-04-03 04:17:32,Unusual Transaction,Low,Investigating,568.07
4989,930856,2975,2022-03-11 02:12:06,Possible Account Takeover,High,False Positive,9430.66
4990,821817,3985,2025-01-01 20:37:15,Geographic Anomaly,Medium,Closed,979.47
4991,440045,13051,2024-07-19 17:41:59,Geographic Anomaly,High,Investigating,246.34
4992,394906,1351,2024-11-14 00:08:41,Possible Account Takeover,High,Closed,4725.92
4993,136681,10152,2024-07-04 04:38:55,Suspicious Merchant,Low,Confirmed,14453.46
4994,156459,996,2025-05-21 23:08:44,Suspicious Merchant,Medium,Confirmed,2943.55
4995,71413,17041,2023-05-11 11:53:36,Unusual Transaction,Medium,Investigating,2912.73
4996,512624,2407,2025-03-22 02:35:03,High Value Transaction,High,False Positive,6703.27
4997,949761,23548,2022-11-06 06:23:39,Geographic Anomaly,Medium,False Positive,666.34
4998,355692,8227,2025-06-17 08:36:12,High Value Transaction,Medium,Confirmed,5237.65
4999,826651,8409,2023-04-07 10:14:11,Suspicious Merchant,Medium,Confirmed,1018.49
5000,112172,13215,2024-10-16 15:26:32,Suspicious Merchant,Medium,False Positive,1065.08
5001,859980,6589,2022-11-28 02:16:22,Velocity Anomaly,Critical,False Positive,196.6
5002,60009,18632,2025-02-18 08:57:07,Unusual Transaction,High,Confirmed,9500.44
5003,734839,8674,2024-04-19 22:22:13,Velocity Anomaly,Medium,Closed,421.0
5004,866150,19557,2024-11-21 23:17:19,Velocity Anomaly,Low,False Positive,1667.3
5005,112264,21297,2024-09-01 07:48:13,Velocity Anomaly,Low,Investigating,3877.73
5006,640090,6745,2023-07-01 18:17:05,Unusual Transaction,Medium,Confirmed,887.49
5007,36967,2871,2022-10-30 14:12:27,Unusual Transaction,High,False Positive,250.7
5008,34175,7627,2024-12-11 08:18:15,Possible Account Takeover,Medium,Investigating,136.31
5009,294107,11177,2022-02-08 22:49:04,High Value Transaction,Medium,False Positive,360.38
5010,837838,20570,2025-05-29 09:46:56,High Value Transaction,High,Confirmed,2516.38
5011,410961,5209,2024-01-31 20:00:07,Possible Account Takeover,High,False Positive,1980.97
5012,508136,3806,2025-10-21 02:47:59,Possible Account Takeover,Low,Confirmed,306.03
5013,337951,7316,2025-02-25 15:34:42,Suspicious Merchant,Low,Closed,598.81
5014,221067,9482,2022-08-10 23:19:08,Velocity Anomaly,Medium,Closed,129.73
5015,556209,2531,2023-08-30 00:20:51,Possible Account Takeover,High,Closed,1000.71
5016,815418,6506,2022-08-30 16:41:50,Geographic Anomaly,Critical,Investigating,1018.38
5017,143706,13174,2025-10-20 22:10:12,High Value Transaction,Low,False Positive,435.94
5018,130337,14351,2024-06-09 17:48:20,Possible Account Takeover,Low,False Positive,957.52
5019,612060,4502,2023-09-13 09:44:00,Geographic Anomaly,High,False Positive,2597.29
5020,927405,1913,2022-12-20 03:11:29,Geographic Anomaly,High,Investigating,31.26
5021,10050,23007,2022-05-09 07:33:12,Geographic Anomaly,Critical,False Positive,1364.34
5022,493724,7387,2024-12-07 04:42:39,Suspicious Merchant,Medium,Closed,603.26
5023,516934,20381,2024-10-05 22:46:36,Suspicious Merchant,Medium,Confirmed,773.93
5024,509276,22547,2022-01-20 11:02:26,Geographic Anomaly,Low,Investigating,3469.24
5025,376340,12260,2022-10-06 04:31:10,Suspicious Merchant,Low,Investigating,3267.35
5026,843121,8354,2023-09-25 01:22:22,Velocity Anomaly,Medium,Confirmed,216.11
5027,394928,10606,2023-01-06 11:24:21,Geographic Anomaly,Medium,False Positive,4941.22
5028,114586,11108,2023-10-10 19:23:28,Velocity Anomaly,Low,False Positive,449.72
5029,612968,2689,2025-06-21 23:15:55,Velocity Anomaly,High,Confirmed,252.65
5030,322377,20804,2024-11-10 20:20:55,Geographic Anomaly,Low,False Positive,566.52
5031,432529,6520,2023-12-22 04:52:18,High Value Transaction,High,Confirmed,1215.32
5032,639896,4088,2022-09-19 22:32:54,Geographic Anomaly,Medium,Confirmed,333.64
5033,250855,16502,2025-08-10 19:25:50,Geographic Anomaly,High,False Positive,478.99
5034,151768,5143,2024-11-03 04:23:22,Suspicious Merchant,Low,Investigating,8272.62
5035,36252,16317,2024-01-16 22:44:42,Geographic Anomaly,High,False Positive,267.63
5036,590232,23056,2023-08-29 22:34:00,High Value Transaction,Low,Investigating,233.77
5037,371411,17981,2022-02-27 13:16:44,Suspicious Merchant,Medium,False Positive,39.03
5038,958854,8323,2023-01-07 21:10:37,Unusual Transaction,High,Investigating,3758.21
5039,16700,21245,2022-05-14 21:14:30,Unusual Transaction,Low,Closed,1606.67
5040,652413,931,2022-01-28 20:49:18,Velocity Anomaly,Medium,False Positive,60.46
5041,733797,8785,2022-08-18 23:45:04,Velocity Anomaly,High,Confirmed,1298.57
5042,393199,9780,2023-09-03 09:22:40,High Value Transaction,High,Confirmed,1230.59
5043,957476,15693,2024-04-23 10:49:13,Possible Account Takeover,Low,Confirmed,762.8
5044,23413,18694,2022-11-06 08:32:40,Unusual Transaction,Low,False Positive,3738.0
5045,92954,23461,2025-03-03 05:05:02,Velocity Anomaly,Low,Confirmed,1135.48
5046,343665,18395,2024-12-14 11:26:54,Unusual Transaction,Low,False Positive,3391.78
5047,898010,8812,2023-11-13 01:04:51,High Value Transaction,Critical,Open,654.76
5048,517748,15909,2025-11-06 14:01:38,High Value Transaction,Medium,Investigating,56.08
5049,43806,12574,2023-12-22 18:11:53,Possible Account Takeover,Medium,Confirmed,94.28
5050,571278,13855,2024-06-07 00:36:09,Possible Account Takeover,Critical,Investigating,148.44
5051,163658,23994,2022-11-17 14:38:58,Suspicious Merchant,Medium,False Positive,10651.77
5052,915545,19296,2022-05-25 04:31:42,High Value Transaction,High,Open,133.68
5053,666175,3370,2023-04-05 06:29:44,Velocity Anomaly,Medium,Closed,1921.57
5054,111198,1910,2023-11-24 22:08:42,Unusual Transaction,Medium,False Positive,961.1
5055,511786,277,2025-09-19 15:16:06,Geographic Anomaly,Medium,Investigating,1595.83
5056,981680,14427,2022-10-29 08:32:32,Possible Account Takeover,Low,Confirmed,727.46
5057,190573,21314,2024-01-03 14:43:44,Geographic Anomaly,Medium,Confirmed,3158.04
5058,979520,7108,2025-01-26 04:47:46,Velocity Anomaly,Low,False Positive,250.98
5059,348491,9862,2023-08-10 10:39:29,Possible Account Takeover,Low,Confirmed,364.08
5060,999379,16924,2023-05-27 02:44:58,Geographic Anomaly,Medium,Open,2303.19
5061,768883,1914,2023-12-09 04:44:44,Velocity Anomaly,Medium,Confirmed,196.48
5062,737747,21735,2024-07-31 15:19:28,Unusual Transaction,Medium,Confirmed,7054.32
5063,274621,780,2023-01-17 05:04:58,Velocity Anomaly,Medium,Closed,129.42
5064,300858,13761,2025-04-13 08:51:52,Suspicious Merchant,High,Closed,587.69
5065,389458,17690,2025-07-18 23:00:59,Possible Account Takeover,Low,Investigating,765.55
5066,97400,12490,2025-07-25 21:42:28,High Value Transaction,Medium,False Positive,362.12
5067,343635,6438,2024-09-11 00:44:22,Unusual Transaction,High,Closed,2360.7
5068,344589,15686,2024-01-23 03:05:44,Geographic Anomaly,Low,Open,2918.97
5069,249165,11524,2025-06-30 10:19:57,Possible Account Takeover,High,False Positive,1060.44
5070,744364,14948,2024-09-21 17:01:46,High Value Transaction,High,Confirmed,8804.47
5071,193390,21582,2024-07-03 03:57:51,Velocity Anomaly,Low,False Positive,1016.0
5072,732835,11557,2025-04-07 02:06:24,High Value Transaction,Low,False Positive,389.63
5073,191432,2794,2024-06-27 01:21:16,Possible Account Takeover,Critical,Closed,214.72
5074,672230,22157,2024-01-18 05:44:55,Possible Account Takeover,Low,Confirmed,430.81
5075,885992,2897,2024-10-19 17:05:45,Suspicious Merchant,High,False Positive,3687.17
5076,358445,5885,2022-10-27 01:27:20,Suspicious Merchant,Medium,Investigating,1694.71
5077,676168,2455,2024-04-09 01:42:10,High Value Transaction,Medium,Confirmed,404.21
5078,240035,8201,2024-01-06 16:47:34,Velocity Anomaly,Low,Closed,1075.52
5079,774367,919,2023-01-25 17:53:11,High Value Transaction,Medium,False Positive,106.8
5080,696574,4147,2025-04-07 11:44:38,Possible Account Takeover,Medium,Confirmed,401.67
5081,573869,3595,2023-11-18 12:37:46,Possible Account Takeover,High,False Positive,361.54
5082,625060,18625,2023-12-10 02:22:14,Geographic Anomaly,High,Open,508.66
5083,344413,7835,2025-08-13 03:36:57,Suspicious Merchant,High,Confirmed,212.47
5084,76188,23426,2025-05-13 20:57:07,Geographic Anomaly,Medium,False Positive,5217.52
5085,600191,1953,2022-02-11 11:20:56,Unusual Transaction,High,False Positive,144.78
5086,52666,11497,2023-09-13 01:33:08,Possible Account Takeover,High,Confirmed,395.26
5087,129941,17293,2022-09-24 03:50:37,Geographic Anomaly,High,False Positive,234.54
5088,396046,7966,2022-12-13 09:07:09,High Value Transaction,Medium,Confirmed,151.93
5089,720279,14132,2024-09-02 10:07:48,Suspicious Merchant,High,Open,179.46
5090,882732,4806,2022-03-06 00:59:00,Suspicious Merchant,Medium,Confirmed,86.63
5091,653964,2752,2025-08-05 02:59:48,Velocity Anomaly,Medium,Closed,10176.73
5092,532401,13462,2025-08-08 16:11:30,High Value Transaction,Critical,Closed,565.6
5093,402991,2054,2022-11-03 04:25:59,Velocity Anomaly,Low,Confirmed,2108.29
5094,637687,13217,2024-12-03 15:01:18,Geographic Anomaly,Low,Open,3719.93
5095,431971,2516,2023-01-24 04:08:34,Unusual Transaction,High,False Positive,595.3
5096,378445,376,2025-08-16 17:31:56,High Value Transaction,Low,False Positive,817.74
5097,115885,8270,2023-10-08 09:50:20,High Value Transaction,High,Confirmed,278.03
5098,91372,9075,2023-12-23 15:11:28,High Value Transaction,High,Confirmed,287.65
5099,645573,16407,2022-12-15 02:19:00,Velocity Anomaly,Low,Closed,314.78
5100,863045,4306,2022-09-21 17:44:58,Geographic Anomaly,Medium,False Positive,266.09
5101,471318,11197,2025-08-24 18:32:05,High Value Transaction,High,Confirmed,136.35
5102,761620,2859,2023-11-27 02:57:25,High Value Transaction,Medium,False Positive,2098.44
5103,342952,2594,2025-02-07 22:04:11,Suspicious Merchant,High,Investigating,2954.56
5104,553884,14810,2023-03-30 12:24:14,Unusual Transaction,High,Investigating,89.58
5105,361895,20781,2024-06-12 13:22:27,Suspicious Merchant,Medium,Closed,626.64
5106,615511,3326,2023-08-28 06:48:14,Suspicious Merchant,Low,Investigating,933.32
5107,953582,19438,2022-02-28 17:39:15,Unusual Transaction,High,Confirmed,678.3
5108,200415,18740,2022-09-27 20:29:35,Geographic Anomaly,Medium,False Positive,73.54
5109,734100,10808,2024-10-09 09:26:30,Suspicious Merchant,Low,Closed,91.26
5110,847526,22010,2022-12-03 22:03:49,Geographic Anomaly,High,False Positive,3012.23
5111,113062,8711,2025-10-28 20:56:40,Suspicious Merchant,High,Open,1421.0
5112,220322,10134,2025-06-26 21:25:27,Possible Account Takeover,Medium,False Positive,121.11
5113,635632,11739,2022-04-04 09:17:40,Unusual Transaction,Medium,False Positive,5031.11
5114,146253,6387,2023-01-31 06:50:13,Suspicious Merchant,High,Confirmed,905.27
5115,930733,22319,2022-05-17 15:14:56,Possible Account Takeover,High,False Positive,2686.7
5116,691165,11318,2023-03-16 07:17:37,Velocity Anomaly,High,Investigating,304.52
5117,888882,21871,2025-03-27 23:53:49,Possible Account Takeover,Critical,Closed,2877.93
5118,724640,978,2025-02-11 15:56:11,High Value Transaction,Medium,False Positive,954.17
5119,678857,11182,2022-12-16 11:30:17,Suspicious Merchant,High,Confirmed,7161.98
5120,628189,24359,2025-04-02 11:24:09,Possible Account Takeover,Critical,False Positive,790.36
5121,833461,7359,2025-10-25 22:57:32,Geographic Anomaly,Low,Investigating,4546.04
5122,530581,3745,2023-03-12 12:58:39,Velocity Anomaly,Low,False Positive,1407.83
5123,523598,18511,2022-06-18 02:46:59,Suspicious Merchant,High,Open,916.08
5124,947282,1273,2022-01-05 13:39:47,High Value Transaction,Low,Confirmed,1894.15
5125,227681,54,2023-09-16 15:32:16,Possible Account Takeover,Low,False Positive,8333.05
5126,248016,3093,2025-04-17 12:16:44,Velocity Anomaly,Low,False Positive,2053.25
5127,680222,24639,2024-05-02 04:43:19,Suspicious Merchant,Medium,Confirmed,98.4
5128,549179,9645,2023-04-17 10:04:28,Velocity Anomaly,Low,False Positive,364.85
5129,735342,20981,2024-11-09 17:51:35,High Value Transaction,Medium,False Positive,459.15
5130,480464,21897,2025-07-26 09:25:24,Possible Account Takeover,Critical,Confirmed,98.9
5131,992239,18256,2023-10-29 08:39:43,Velocity Anomaly,High,Investigating,141.26
5132,852925,10726,2024-05-30 16:10:55,Velocity Anomaly,High,False Positive,2702.35
5133,120652,14433,2024-06-25 23:54:15,Unusual Transaction,Low,Confirmed,166.35
5134,456074,9458,2022-02-18 04:04:05,Velocity Anomaly,High,Closed,58.7
5135,500957,17952,2025-09-26 17:09:25,Unusual Transaction,High,False Positive,829.69
5136,927396,15745,2025-12-28 23:38:35,Possible Account Takeover,High,Closed,2683.86
5137,160782,15602,2023-04-15 03:52:42,Suspicious Merchant,Low,Confirmed,2992.13
5138,730585,11291,2025-06-14 00:43:47,Suspicious Merchant,Medium,False Positive,258.86
5139,464355,4540,2023-06-05 03:54:18,Possible Account Takeover,High,Investigating,413.44
5140,329105,1726,2023-10-22 06:49:19,Possible Account Takeover,High,False Positive,234.93
5141,639542,3016,2024-04-16 14:09:13,Geographic Anomaly,High,Confirmed,261.34
5142,386598,19254,2025-10-21 06:12:18,Possible Account Takeover,Medium,Confirmed,588.13
5143,424648,3121,2025-06-16 11:22:02,Velocity Anomaly,Medium,Investigating,2533.52
5144,263520,3060,2023-05-07 06:01:07,Suspicious Merchant,High,Open,4230.66
5145,902800,9935,2024-10-22 07:18:20,High Value Transaction,Low,False Positive,7374.71
5146,374862,18352,2024-11-26 19:19:49,Suspicious Merchant,High,False Positive,395.88
5147,909507,1215,2022-12-18 09:22:46,Unusual Transaction,Critical,False Positive,944.01
5148,994129,643,2025-11-03 15:27:55,Suspicious Merchant,High,Confirmed,114.91
5149,452199,23148,2025-03-01 02:34:04,Geographic Anomaly,Medium,Investigating,1348.7
5150,622762,21078,2024-11-20 06:25:49,Possible Account Takeover,Medium,False Positive,786.71
5151,217082,18379,2022-07-11 17:28:52,Possible Account Takeover,High,False Positive,274.96
5152,930853,3296,2023-11-28 12:36:18,Suspicious Merchant,High,Confirmed,439.22
5153,281235,4575,2022-01-28 10:44:48,High Value Transaction,Medium,False Positive,166.55
5154,385066,9100,2025-09-15 13:40:32,High Value Transaction,Medium,False Positive,3989.52
5155,218839,568,2023-08-07 13:40:11,Geographic Anomaly,Low,Closed,1100.07
5156,984345,17632,2024-12-12 18:16:04,Unusual Transaction,High,Open,1784.9
5157,547749,17703,2024-08-02 12:47:25,Suspicious Merchant,High,False Positive,911.6
5158,784730,22455,2025-05-16 12:46:01,Possible Account Takeover,Critical,Confirmed,1983.5
5159,280417,23068,2025-09-10 23:20:07,Suspicious Merchant,Medium,False Positive,1206.03
5160,453955,23724,2022-03-10 12:22:55,Geographic Anomaly,High,Confirmed,526.54
5161,648892,18405,2022-08-01 22:17:58,Velocity Anomaly,Medium,False Positive,924.03
5162,990963,9218,2025-03-03 16:49:28,Velocity Anomaly,Medium,False Positive,2213.61
5163,652068,3775,2024-03-10 18:56:18,Geographic Anomaly,High,Confirmed,406.98
5164,357263,11150,2023-02-25 09:12:12,Possible Account Takeover,Low,False Positive,545.78
5165,388421,19696,2023-07-28 04:30:53,Geographic Anomaly,Medium,False Positive,2194.37
5166,973851,505,2025-08-16 22:52:35,Possible Account Takeover,High,Confirmed,251.72
5167,714498,11305,2022-03-23 04:50:47,High Value Transaction,Medium,Open,1271.37
5168,232752,1426,2023-01-11 08:33:10,Geographic Anomaly,Low,Open,608.32
5169,712733,9545,2023-11-17 18:38:29,Possible Account Takeover,Medium,False Positive,786.12
5170,420200,16203,2025-01-01 10:01:57,Geographic Anomaly,Medium,False Positive,3528.07
5171,402745,19357,2023-07-04 14:52:37,Geographic Anomaly,High,False Positive,1184.73
5172,192954,18281,2023-11-02 17:42:45,Possible Account Takeover,Low,Confirmed,673.53
5173,908735,15871,2023-04-06 05:56:59,Possible Account Takeover,High,Confirmed,219.29
5174,828231,911,2023-09-13 18:52:15,Unusual Transaction,Low,Investigating,1028.97
5175,274160,7593,2025-03-23 23:25:07,Geographic Anomaly,Low,Closed,5600.42
5176,165347,2282,2022-10-22 20:53:46,Velocity Anomaly,Low,Confirmed,668.37
5177,21707,17422,2024-05-19 17:43:18,Geographic Anomaly,High,Confirmed,1836.37
5178,966208,15554,2023-08-21 16:19:55,Geographic Anomaly,Low,False Positive,417.14
5179,280341,13287,2023-11-07 23:06:46,Possible Account Takeover,High,Closed,620.19
5180,199161,17252,2024-05-15 14:06:38,Geographic Anomaly,Medium,Open,641.98
5181,283061,5664,2025-04-09 16:39:48,Suspicious Merchant,Critical,Confirmed,1189.98
5182,446565,5308,2023-02-01 00:42:32,Geographic Anomaly,High,False Positive,948.44
5183,929404,791,2022-08-19 22:53:27,Suspicious Merchant,High,False Positive,720.85
5184,922167,19408,2023-11-11 15:12:41,Velocity Anomaly,High,Open,3187.99
5185,807944,3048,2023-05-10 07:42:49,Possible Account Takeover,Medium,False Positive,4895.7
5186,429734,7650,2023-05-19 02:48:50,Geographic Anomaly,High,False Positive,182.22
5187,863837,11185,2022-07-01 04:19:18,Suspicious Merchant,Medium,False Positive,415.05
5188,609986,7780,2024-08-22 14:47:53,Suspicious Merchant,Low,Investigating,875.76
5189,69781,1243,2022-07-12 14:08:34,Suspicious Merchant,Medium,Investigating,973.75
5190,808056,17716,2023-05-11 00:03:02,High Value Transaction,Medium,False Positive,704.95
5191,83958,7294,2022-07-09 22:00:53,Unusual Transaction,Medium,False Positive,920.44
5192,637714,24697,2025-10-30 20:09:04,Velocity Anomaly,Medium,False Positive,291.69
5193,962248,2594,2025-03-13 20:26:16,Geographic Anomaly,Medium,False Positive,2730.05
5194,534647,16736,2025-11-12 15:02:08,High Value Transaction,Medium,Investigating,179.07
5195,581367,19503,2024-06-26 17:46:36,Geographic Anomaly,Low,Confirmed,358.38
5196,110770,18728,2022-10-06 19:07:41,Geographic Anomaly,Critical,Confirmed,5372.58
5197,812528,19906,2025-10-02 06:57:40,Possible Account Takeover,High,Closed,389.19
5198,517074,10295,2022-11-09 00:26:12,Possible Account Takeover,High,Confirmed,4630.23
5199,52314,3082,2022-03-30 01:21:17,Possible Account Takeover,Medium,Investigating,681.51
5200,559431,5668,2022-08-11 21:00:32,High Value Transaction,Medium,Confirmed,1382.1
5201,690727,2148,2022-10-30 23:42:16,Geographic Anomaly,Critical,Closed,836.4
5202,525686,8217,2022-02-17 17:18:36,Unusual Transaction,High,False Positive,3234.41
5203,997884,20257,2022-10-29 18:47:39,Velocity Anomaly,High,Closed,6446.82
5204,313841,17742,2024-07-06 08:26:55,Possible Account Takeover,Medium,Confirmed,1154.53
5205,386659,4733,2023-07-05 22:02:04,Possible Account Takeover,Medium,False Positive,27.91
5206,560625,12634,2023-06-10 23:01:04,Geographic Anomaly,High,Confirmed,724.57
5207,462397,12380,2022-06-05 03:55:42,Geographic Anomaly,Medium,Investigating,23276.69
5208,916622,10292,2022-10-21 13:51:12,High Value Transaction,Medium,Open,540.74
5209,598742,24073,2025-06-12 22:15:55,High Value Transaction,High,Investigating,1183.75
5210,364593,4595,2022-10-16 16:06:31,Possible Account Takeover,High,False Positive,562.15
5211,733286,15426,2022-07-12 05:42:53,Geographic Anomaly,Medium,Closed,442.82
5212,893753,13068,2024-06-20 00:09:13,Unusual Transaction,Medium,Investigating,2127.18
5213,435403,18762,2023-05-23 11:59:04,Velocity Anomaly,Critical,Closed,792.22
5214,154620,3703,2025-05-20 20:12:24,Geographic Anomaly,Medium,Confirmed,792.97
5215,506565,11523,2024-08-27 17:15:27,Geographic Anomaly,High,Confirmed,3011.1
5216,760123,22504,2024-09-04 01:30:23,Suspicious Merchant,High,Confirmed,360.99
5217,841723,14997,2023-12-22 05:10:05,High Value Transaction,High,Confirmed,2961.02
5218,802451,20655,2025-07-25 23:28:50,Velocity Anomaly,High,Confirmed,284.0
5219,864950,18543,2024-06-08 01:22:35,Possible Account Takeover,Medium,False Positive,4261.21
5220,544827,17698,2025-06-10 03:25:20,Geographic Anomaly,Medium,False Positive,854.42
5221,850829,2916,2025-11-01 02:33:45,Possible Account Takeover,Medium,False Positive,157.39
5222,180625,13835,2024-12-23 05:21:50,Geographic Anomaly,Low,Confirmed,891.18
5223,366703,10320,2023-03-22 03:50:38,Possible Account Takeover,Low,False Positive,113.07
5224,558540,2460,2024-03-29 18:32:10,Velocity Anomaly,Low,False Positive,2827.6
5225,179963,7709,2022-01-19 17:52:05,High Value Transaction,High,Closed,304.75
5226,277475,11636,2024-07-14 04:27:49,Velocity Anomaly,Medium,Confirmed,682.37
5227,455030,23404,2023-09-03 02:47:10,Suspicious Merchant,Low,Closed,962.1
5228,185448,18358,2025-01-29 11:25:02,Unusual Transaction,Low,False Positive,243.6
5229,72400,1501,2025-08-27 04:52:17,High Value Transaction,High,False Positive,1582.81
5230,209999,14012,2024-11-05 03:52:33,Velocity Anomaly,Low,Open,6425.87
5231,920185,1107,2023-03-07 05:53:52,Suspicious Merchant,Medium,Confirmed,390.55
5232,687300,20173,2022-09-05 22:02:54,Unusual Transaction,Low,False Positive,2335.63
5233,773125,14485,2025-09-15 05:26:36,Suspicious Merchant,High,Open,354.97
5234,945834,18628,2022-01-05 02:55:37,Geographic Anomaly,Critical,Confirmed,583.17
5235,203121,7283,2022-10-30 02:55:31,Geographic Anomaly,Critical,Closed,166.09
5236,291957,9268,2023-12-03 06:23:04,Possible Account Takeover,Medium,Confirmed,1564.62
5237,434717,6968,2023-06-21 03:45:40,High Value Transaction,Medium,Investigating,73.35
5238,329127,11469,2025-06-05 20:35:08,Geographic Anomaly,Medium,False Positive,1277.9
5239,504048,20715,2023-05-12 05:39:09,Suspicious Merchant,Medium,Open,343.62
5240,887555,7978,2024-03-30 14:22:20,High Value Transaction,Medium,False Positive,2559.27
5241,298597,13336,2025-12-29 13:18:32,Geographic Anomaly,Low,False Positive,398.02
5242,93944,8129,2024-12-18 22:35:01,Possible Account Takeover,High,Confirmed,230.29
5243,42568,14217,2025-04-06 10:24:20,Velocity Anomaly,Low,False Positive,1171.75
5244,487405,14371,2025-08-22 19:17:15,Possible Account Takeover,Medium,Investigating,538.19
5245,722920,13628,2024-11-01 10:50:30,Unusual Transaction,Medium,Closed,362.12
5246,50098,429,2023-08-28 11:29:21,Geographic Anomaly,Medium,Closed,1376.49
5247,795065,9755,2022-01-14 03:29:07,Unusual Transaction,High,Open,7527.79
5248,828101,23786,2025-11-03 11:17:22,Unusual Transaction,High,False Positive,152.7
5249,452983,9368,2023-11-02 23:58:43,Suspicious Merchant,High,False Positive,1330.32
5250,223855,4931,2023-03-06 07:52:55,High Value Transaction,Medium,Confirmed,930.28
5251,869054,1373,2024-08-28 04:20:47,Suspicious Merchant,Low,Investigating,87.45
5252,739754,20662,2025-01-17 15:36:17,Geographic Anomaly,Medium,Confirmed,92.68
5253,803222,5825,2025-12-30 08:28:19,Unusual Transaction,Critical,Closed,863.4
5254,446077,2967,2025-05-12 05:51:45,Velocity Anomaly,Critical,Investigating,677.78
5255,7429,21455,2023-09-21 12:29:53,Unusual Transaction,High,Investigating,8817.94
5256,403143,6477,2023-05-24 16:20:14,Velocity Anomaly,Low,Investigating,2153.05
5257,931775,2822,2024-05-18 12:36:25,Suspicious Merchant,Low,False Positive,434.32
5258,154528,7978,2022-04-26 00:14:45,Suspicious Merchant,Medium,Closed,10758.33
5259,969273,22410,2023-12-14 07:44:19,High Value Transaction,High,False Positive,176.69
5260,457697,23244,2024-01-01 05:54:17,Unusual Transaction,High,Investigating,947.34
5261,269119,11131,2024-08-08 22:47:13,Possible Account Takeover,High,Confirmed,726.37
5262,376070,11916,2023-06-06 16:34:48,Suspicious Merchant,Medium,Confirmed,1608.92
5263,271516,4271,2025-09-19 03:55:29,Suspicious Merchant,Low,Open,3213.37
5264,725182,12793,2022-08-20 06:24:58,High Value Transaction,Low,False Positive,144.72
5265,746125,17749,2025-01-31 12:14:16,Velocity Anomaly,Low,Investigating,154.7
5266,22082,7301,2024-10-03 08:29:28,High Value Transaction,Medium,False Positive,683.96
5267,898185,4045,2022-12-24 05:29:41,Unusual Transaction,Low,False Positive,33.69
5268,7296,238,2024-05-17 08:01:33,Geographic Anomaly,High,False Positive,421.45
5269,113251,20057,2025-05-18 00:51:14,Geographic Anomaly,High,Closed,1214.1
5270,62544,3130,2022-05-09 15:26:20,Velocity Anomaly,Medium,Closed,278.38
5271,514775,23643,2024-11-19 08:41:54,Suspicious Merchant,Low,Investigating,683.99
5272,812671,8033,2023-01-26 23:17:34,Velocity Anomaly,Low,Closed,829.95
5273,13555,22267,2023-07-04 11:47:01,Suspicious Merchant,High,False Positive,2143.37
5274,898979,8812,2025-04-20 18:20:51,Suspicious Merchant,Medium,False Positive,1972.86
5275,328527,10042,2025-08-25 14:31:47,Geographic Anomaly,Medium,Open,407.85
5276,962547,13261,2024-03-09 20:44:47,Velocity Anomaly,High,Investigating,3082.47
5277,45191,22216,2023-04-23 15:25:59,High Value Transaction,Medium,Closed,4627.45
5278,945270,14038,2022-08-30 13:22:14,Suspicious Merchant,Medium,Investigating,2825.37
5279,103,708,2025-03-10 17:22:40,Possible Account Takeover,High,Investigating,418.93
5280,735894,22521,2024-06-15 15:24:56,Possible Account Takeover,High,Confirmed,260.79
5281,219295,23649,2025-04-07 03:01:45,High Value Transaction,High,Closed,2388.54
5282,819728,3909,2025-07-10 08:34:04,Possible Account Takeover,Medium,Confirmed,1785.83
5283,191533,8393,2022-10-13 12:44:24,Unusual Transaction,Medium,Closed,627.25
5284,31720,17233,2025-11-14 20:57:41,Suspicious Merchant,High,Confirmed,134.88
5285,495509,11344,2024-02-19 06:01:34,High Value Transaction,Medium,Investigating,3148.1
5286,921762,4859,2022-09-23 12:13:47,Velocity Anomaly,High,Confirmed,7365.75
5287,145917,338,2025-09-17 06:06:28,Suspicious Merchant,High,False Positive,4384.03
5288,198768,14166,2023-09-01 13:40:09,High Value Transaction,High,Confirmed,167.92
5289,5657,18147,2022-08-03 12:45:46,Geographic Anomaly,Medium,Confirmed,358.04
5290,371117,244,2025-01-28 23:37:46,Velocity Anomaly,Low,Investigating,537.63
5291,494335,16231,2025-07-25 08:30:54,Geographic Anomaly,Medium,Confirmed,395.38
5292,986892,1406,2025-11-05 12:24:55,Suspicious Merchant,High,False Positive,4917.2
5293,747107,15254,2023-05-22 10:16:55,Velocity Anomaly,Medium,Confirmed,577.1
5294,697983,9209,2022-07-24 08:48:46,Possible Account Takeover,Low,Open,3709.9
5295,536468,1267,2023-10-15 20:13:49,High Value Transaction,Low,Investigating,112.18
5296,658130,11791,2024-12-03 00:16:42,Suspicious Merchant,Medium,Confirmed,548.27
5297,201933,6363,2024-08-20 03:40:38,Unusual Transaction,Low,Closed,621.71
5298,653083,24265,2024-12-07 13:25:29,Velocity Anomaly,Low,Confirmed,308.32
5299,463103,12131,2025-11-10 15:39:21,Velocity Anomaly,High,Open,504.84
5300,133705,23179,2022-12-10 13:02:19,Suspicious Merchant,Low,Confirmed,1122.61
5301,273536,11469,2024-07-16 15:22:31,Suspicious Merchant,Low,False Positive,2930.66
5302,565952,16580,2023-03-04 16:02:22,Geographic Anomaly,High,False Positive,1932.94
5303,897999,3829,2023-10-10 16:44:59,Possible Account Takeover,High,Confirmed,1749.18
5304,858764,15125,2023-04-30 06:15:30,Geographic Anomaly,Medium,False Positive,385.95
5305,936066,14347,2022-04-16 19:42:53,Geographic Anomaly,Low,False Positive,1335.49
5306,13611,16190,2025-02-09 13:36:53,Possible Account Takeover,High,Investigating,557.94
5307,265291,11065,2022-12-01 20:10:34,Unusual Transaction,Medium,Investigating,1389.39
5308,76161,5488,2022-05-10 16:31:45,Geographic Anomaly,Low,False Positive,1642.02
5309,205413,4527,2023-06-04 12:57:19,Geographic Anomaly,Low,False Positive,137.48
5310,580050,21287,2025-08-06 11:35:00,Velocity Anomaly,Low,Closed,2045.36
5311,585411,22572,2024-12-21 08:54:05,Possible Account Takeover,Medium,Confirmed,170.38
5312,895658,14465,2023-07-19 11:35:04,High Value Transaction,High,False Positive,114.68
5313,959358,13049,2024-01-02 03:44:27,Unusual Transaction,High,Investigating,80.7
5314,858868,17714,2024-06-05 23:26:01,Unusual Transaction,Medium,Closed,882.18
5315,489553,23475,2022-02-09 04:52:33,Possible Account Takeover,Medium,False Positive,528.57
5316,924976,22299,2022-05-30 04:07:40,Suspicious Merchant,Medium,False Positive,2863.32
5317,927613,17538,2024-01-05 04:06:10,Suspicious Merchant,Medium,Investigating,1295.39
5318,4472,751,2022-03-14 20:19:14,Velocity Anomaly,Low,Open,193.22
5319,426416,16429,2024-01-28 01:58:03,Velocity Anomaly,High,False Positive,167.42
5320,25649,11370,2023-03-22 23:11:37,Possible Account Takeover,High,Investigating,193.5
5321,85494,19534,2025-03-27 18:54:12,Velocity Anomaly,Medium,Investigating,3064.35
5322,537693,14592,2022-03-28 21:45:39,Unusual Transaction,High,Investigating,3338.45
5323,294536,13097,2024-11-05 02:29:13,Unusual Transaction,Medium,Open,818.97
5324,959650,4451,2025-03-26 17:30:11,High Value Transaction,Medium,False Positive,791.5
5325,427074,14773,2023-06-18 07:00:09,Suspicious Merchant,Low,Confirmed,818.01
5326,694582,4738,2023-10-02 14:47:56,Possible Account Takeover,High,Confirmed,807.31
5327,610637,18216,2022-03-24 06:27:13,Geographic Anomaly,High,Confirmed,414.87
5328,364576,8299,2024-05-28 07:38:21,Suspicious Merchant,High,False Positive,474.52
5329,306415,2322,2025-06-23 22:10:08,Geographic Anomaly,Low,Closed,891.17
5330,470116,14192,2025-09-24 15:34:10,High Value Transaction,Low,Confirmed,5968.57
5331,76945,21793,2025-07-02 23:48:41,High Value Transaction,Medium,False Positive,1135.17
5332,289992,6758,2022-03-07 14:25:19,Velocity Anomaly,Medium,Confirmed,2598.8
5333,748810,15429,2024-05-10 05:48:28,High Value Transaction,Medium,False Positive,2359.11
5334,79470,18265,2022-03-28 16:49:09,High Value Transaction,Critical,False Positive,785.14
5335,207645,7889,2023-09-04 04:04:09,Geographic Anomaly,High,Confirmed,315.16
5336,629836,6463,2022-04-25 08:31:48,Velocity Anomaly,Medium,Confirmed,4947.31
5337,938037,12140,2024-04-30 14:08:35,High Value Transaction,Low,False Positive,6115.69
5338,437638,18609,2025-11-09 01:20:13,Suspicious Merchant,Low,Closed,2971.27
5339,533123,11350,2024-03-15 13:37:04,High Value Transaction,High,Closed,151.66
5340,183726,18605,2023-05-08 04:41:21,Velocity Anomaly,High,False Positive,440.43
5341,765488,15492,2025-01-21 13:23:58,Possible Account Takeover,High,Confirmed,2419.53
5342,134319,18089,2024-10-30 16:48:16,Velocity Anomaly,Medium,Investigating,2094.56
5343,802595,14807,2022-02-28 14:04:55,Geographic Anomaly,Low,False Positive,1671.18
5344,19656,17725,2024-02-29 06:10:32,Possible Account Takeover,Critical,Investigating,134.04
5345,490787,10467,2022-03-31 00:26:23,Suspicious Merchant,Critical,False Positive,530.43
5346,918426,15458,2023-08-31 14:30:54,Unusual Transaction,Medium,Confirmed,121.82
5347,917364,11691,2022-04-14 14:44:40,Velocity Anomaly,Low,Confirmed,3824.21
5348,711110,16078,2023-12-05 22:50:41,Geographic Anomaly,Medium,Confirmed,522.45
5349,430923,18262,2024-04-15 14:54:46,Suspicious Merchant,High,Closed,1502.57
5350,211548,15325,2025-05-30 11:16:19,Possible Account Takeover,High,Open,365.63
5351,333551,6023,2025-05-17 06:23:57,Suspicious Merchant,High,False Positive,488.55
5352,563878,18541,2025-08-18 16:14:09,Velocity Anomaly,Low,False Positive,7997.34
5353,29036,23000,2025-11-08 17:22:47,High Value Transaction,Low,Closed,188.61
5354,772729,14294,2023-01-02 08:15:48,Velocity Anomaly,Low,Confirmed,238.22
5355,299570,21267,2024-03-10 18:50:09,Unusual Transaction,High,False Positive,620.66
5356,397909,17041,2022-07-17 20:01:45,Velocity Anomaly,Medium,Closed,661.06
5357,315040,9176,2025-08-12 13:09:41,Possible Account Takeover,High,Confirmed,1035.11
5358,73376,931,2023-10-17 11:47:14,Possible Account Takeover,Low,False Positive,3731.8
5359,916829,12117,2023-01-11 19:54:42,Velocity Anomaly,High,Confirmed,540.64
5360,465192,12793,2023-10-05 15:28:16,Possible Account Takeover,High,Open,1325.29
5361,818784,23294,2025-11-15 08:24:08,High Value Transaction,Low,Confirmed,936.86
5362,153366,4306,2023-08-05 22:34:31,Suspicious Merchant,High,False Positive,510.76
5363,159605,4687,2023-01-29 10:57:34,Velocity Anomaly,Medium,False Positive,2160.47
5364,716141,1932,2023-12-23 04:42:48,High Value Transaction,Low,Open,1197.35
5365,185757,16927,2023-09-15 02:51:15,Suspicious Merchant,Medium,False Positive,1188.82
5366,202312,24492,2023-05-21 07:46:20,Suspicious Merchant,High,Confirmed,1273.2
5367,658217,2313,2023-07-27 03:03:26,High Value Transaction,High,False Positive,2067.82
5368,865792,12844,2022-10-27 01:50:20,Geographic Anomaly,Medium,Closed,1527.33
5369,765704,14521,2022-08-25 23:33:51,Velocity Anomaly,High,Confirmed,5792.96
5370,234432,5951,2023-12-11 12:15:25,Suspicious Merchant,High,False Positive,282.15
5371,182234,16068,2023-01-06 18:09:46,Suspicious Merchant,High,False Positive,3416.73
5372,71589,23611,2025-06-05 08:15:29,Possible Account Takeover,Medium,False Positive,707.16
5373,87346,1063,2024-05-27 08:51:58,Suspicious Merchant,Medium,Confirmed,13778.2
5374,989852,11997,2023-08-03 01:51:04,High Value Transaction,High,Confirmed,5880.25
5375,495232,22845,2022-09-09 19:58:25,Suspicious Merchant,Low,False Positive,10966.42
5376,417017,15963,2022-10-22 19:34:37,Geographic Anomaly,Medium,Confirmed,9436.63
5377,242595,11080,2025-02-27 06:07:17,Velocity Anomaly,High,Investigating,596.05
5378,562778,21835,2024-02-07 00:13:08,Velocity Anomaly,Medium,False Positive,1876.32
5379,373332,12773,2022-12-05 06:37:22,Suspicious Merchant,Critical,Confirmed,1555.04
5380,841984,574,2024-06-08 10:02:29,Unusual Transaction,Low,False Positive,2136.97
5381,772575,13169,2025-02-03 02:03:56,Unusual Transaction,Critical,Confirmed,101.81
5382,789679,13596,2023-10-10 01:28:28,High Value Transaction,Low,False Positive,209.03
5383,860621,19106,2022-02-13 23:36:39,Unusual Transaction,Low,Closed,259.67
5384,889221,17281,2025-12-22 10:08:29,High Value Transaction,Medium,Closed,1302.26
5385,717094,4757,2024-04-07 15:44:33,Possible Account Takeover,High,Confirmed,980.57
5386,467121,10680,2025-05-15 22:10:30,High Value Transaction,High,Closed,424.8
5387,174886,3936,2025-11-22 14:48:00,Unusual Transaction,Low,Confirmed,729.99
5388,220021,7597,2022-01-19 00:35:50,Suspicious Merchant,Low,Open,2315.16
5389,395029,7302,2022-06-03 10:03:33,Possible Account Takeover,Medium,False Positive,256.7
5390,551822,24797,2023-11-24 09:09:16,Unusual Transaction,Medium,Closed,120.28
5391,608526,6828,2022-12-21 03:58:57,High Value Transaction,High,Closed,3331.2
5392,568613,11732,2025-10-15 12:46:18,Geographic Anomaly,Low,Investigating,2662.9
5393,178611,14000,2025-06-16 07:54:52,Velocity Anomaly,Medium,False Positive,3325.87
5394,135137,17877,2024-05-19 15:15:16,Unusual Transaction,High,False Positive,282.74
5395,955485,2997,2022-10-08 08:22:24,High Value Transaction,Critical,Confirmed,109.28
5396,17064,14453,2023-12-27 19:15:00,Possible Account Takeover,High,False Positive,357.69
5397,755531,5450,2023-07-30 21:55:23,Unusual Transaction,Low,Confirmed,874.92
5398,206968,18538,2022-02-20 09:17:47,Unusual Transaction,Low,Investigating,306.87
5399,73088,3850,2025-10-19 18:13:31,Velocity Anomaly,Medium,False Positive,195.35
5400,293458,1725,2022-10-18 12:56:59,High Value Transaction,Medium,Confirmed,1322.35
5401,826779,18279,2022-04-04 17:40:19,Geographic Anomaly,High,Confirmed,1756.75
5402,992072,8973,2024-06-06 01:43:17,Possible Account Takeover,High,Investigating,929.96
5403,10617,11449,2024-08-24 14:58:32,High Value Transaction,Medium,False Positive,186.42
5404,381709,2342,2023-06-09 19:31:46,Possible Account Takeover,Medium,Confirmed,1956.38
5405,99548,12968,2022-09-24 16:46:03,Unusual Transaction,Medium,Confirmed,1791.8
5406,921643,4972,2022-10-30 11:35:09,Velocity Anomaly,Low,False Positive,407.61
5407,427589,2547,2024-05-03 18:37:16,Velocity Anomaly,Low,Investigating,668.52
5408,39684,17306,2025-07-25 19:19:23,Suspicious Merchant,Medium,Closed,110.62
5409,364854,1481,2023-12-19 22:41:49,Geographic Anomaly,Low,Confirmed,230.85
5410,694762,21797,2025-11-03 11:50:09,Velocity Anomaly,Low,Confirmed,223.83
5411,765649,5103,2025-06-07 08:22:06,Unusual Transaction,Low,Investigating,102.6
5412,522070,1231,2025-09-26 10:03:03,Geographic Anomaly,Low,Investigating,27.07
5413,822071,16452,2023-02-20 03:18:13,High Value Transaction,Low,Closed,930.94
5414,884052,7522,2025-04-15 00:13:13,Velocity Anomaly,High,Confirmed,2633.78
5415,758892,12371,2025-06-15 18:20:17,Geographic Anomaly,Medium,False Positive,1406.1
5416,143924,13201,2022-01-02 07:16:26,Unusual Transaction,Medium,Open,469.89
5417,118412,2170,2025-02-03 10:08:09,Suspicious Merchant,Medium,False Positive,906.62
5418,685982,3142,2025-12-23 12:54:02,Possible Account Takeover,Critical,Closed,15518.8
5419,239814,16912,2024-09-10 22:27:54,Possible Account Takeover,Low,Confirmed,1657.7
5420,978582,1204,2024-04-12 09:15:32,Unusual Transaction,Medium,False Positive,1496.47
5421,650392,14801,2024-08-13 21:12:24,Unusual Transaction,Low,Closed,1370.93
5422,929277,11283,2022-10-09 20:39:54,Possible Account Takeover,Medium,False Positive,1891.45
5423,456662,6438,2025-07-06 20:46:48,Suspicious Merchant,High,Open,1063.53
5424,317512,9486,2022-09-08 23:52:00,Geographic Anomaly,High,Confirmed,3127.01
5425,591395,7286,2023-12-06 20:37:07,Possible Account Takeover,High,Open,208.87
5426,768040,17249,2024-08-24 20:33:14,Unusual Transaction,Medium,Closed,127.25
5427,170787,17435,2023-06-13 05:49:47,Velocity Anomaly,High,False Positive,28.5
5428,847715,5989,2022-05-27 05:34:29,High Value Transaction,Low,Closed,972.81
5429,987486,24748,2024-02-10 09:15:47,Suspicious Merchant,Medium,Open,3423.71
5430,471887,2991,2025-06-09 10:38:32,Suspicious Merchant,Medium,Confirmed,116.87
5431,537479,14391,2025-10-21 15:26:19,Velocity Anomaly,Medium,Investigating,508.31
5432,778522,18623,2024-08-26 04:43:06,Velocity Anomaly,Low,Confirmed,562.41
5433,422167,14322,2022-01-22 00:02:42,Unusual Transaction,High,Investigating,1708.52
5434,22540,16000,2022-05-18 11:17:01,Possible Account Takeover,Low,Confirmed,4134.6
5435,450640,12282,2022-12-23 10:50:19,Geographic Anomaly,Low,False Positive,531.35
5436,525910,19498,2022-11-29 21:33:00,Suspicious Merchant,Medium,Investigating,865.92
5437,965513,8506,2025-03-04 12:36:56,Suspicious Merchant,Medium,Confirmed,559.85
5438,677443,19291,2022-01-02 00:29:59,Velocity Anomaly,High,Closed,5638.29
5439,196954,20081,2023-08-08 07:22:56,Possible Account Takeover,Medium,Closed,469.28
5440,424888,12251,2023-12-15 22:18:07,Suspicious Merchant,High,Confirmed,618.86
5441,317028,5590,2023-10-31 19:23:53,Geographic Anomaly,Medium,Closed,729.85
5442,378829,8317,2023-12-14 03:57:18,Velocity Anomaly,High,Confirmed,1983.0
5443,333892,11417,2024-09-12 01:45:51,Geographic Anomaly,High,Confirmed,2420.41
5444,627855,12169,2025-06-05 05:50:33,Possible Account Takeover,Medium,Closed,540.36
5445,306148,7239,2024-01-25 19:47:39,Suspicious Merchant,Medium,False Positive,277.74
5446,627604,8339,2023-03-15 19:53:27,High Value Transaction,High,Closed,8867.07
5447,831002,18323,2024-02-23 04:08:49,Suspicious Merchant,Low,False Positive,433.4
5448,254200,16827,2023-09-24 11:13:08,Possible Account Takeover,Medium,Investigating,236.53
5449,4089,7983,2023-03-23 21:16:51,Suspicious Merchant,Low,False Positive,2253.06
5450,283315,24977,2024-08-29 17:02:20,Suspicious Merchant,Low,Confirmed,112.96
5451,115663,24252,2024-02-06 19:51:02,Unusual Transaction,Low,Confirmed,309.57
5452,589981,23560,2022-10-11 23:31:56,Suspicious Merchant,Medium,Investigating,198.62
5453,8688,2205,2022-08-31 05:22:01,Suspicious Merchant,High,Confirmed,192.97
5454,2502,1912,2025-08-20 04:45:56,Geographic Anomaly,Medium,Closed,615.94
5455,816570,16151,2022-12-29 04:57:39,High Value Transaction,High,Closed,345.93
5456,218239,12950,2024-12-19 01:58:39,Geographic Anomaly,Medium,False Positive,183.46
5457,595674,17070,2025-12-16 23:52:53,Geographic Anomaly,Critical,Confirmed,265.48
5458,963042,6947,2024-04-10 11:05:03,Velocity Anomaly,Critical,False Positive,331.82
5459,816762,1578,2025-01-24 00:44:21,Unusual Transaction,High,False Positive,469.09
5460,618978,19325,2022-05-26 18:04:51,Geographic Anomaly,High,Closed,833.27
5461,993132,22714,2025-03-31 14:25:03,Possible Account Takeover,High,Investigating,959.84
5462,279756,11184,2023-07-21 12:52:18,Possible Account Takeover,High,Confirmed,295.61
5463,490347,23841,2023-10-09 03:55:49,Suspicious Merchant,Low,Closed,366.55
5464,756275,4006,2023-05-04 01:42:22,Velocity Anomaly,Medium,Closed,17.02
5465,60350,9556,2023-05-15 22:15:21,Unusual Transaction,High,Confirmed,1412.41
5466,236720,4148,2025-08-23 10:38:31,Unusual Transaction,Medium,Investigating,98.84
5467,342140,19351,2023-03-01 11:51:56,Suspicious Merchant,High,False Positive,1668.29
5468,16813,14224,2024-07-20 16:41:09,Possible Account Takeover,High,False Positive,763.57
5469,660517,16118,2025-07-13 05:03:41,High Value Transaction,Medium,False Positive,1941.99
5470,533255,5589,2022-04-04 18:12:09,Velocity Anomaly,High,Confirmed,1105.35
5471,445059,23172,2024-08-29 23:04:12,Suspicious Merchant,Low,Investigating,4638.32
5472,198975,19075,2024-09-21 11:40:56,Velocity Anomaly,Medium,Open,433.61
5473,345386,8510,2023-09-01 19:59:54,Possible Account Takeover,Medium,False Positive,3362.75
5474,845600,21851,2023-03-28 16:21:15,Possible Account Takeover,Low,Investigating,95.52
5475,778414,24998,2025-06-12 22:55:52,High Value Transaction,Medium,Investigating,527.55
5476,934651,3231,2025-04-25 21:00:59,High Value Transaction,Medium,Confirmed,959.01
5477,584273,161,2024-12-24 03:00:29,Unusual Transaction,Low,Confirmed,2080.43
5478,774106,10873,2025-11-07 08:09:09,Velocity Anomaly,High,Confirmed,804.69
5479,884786,4525,2023-03-13 20:01:46,Velocity Anomaly,Medium,Investigating,1550.51
5480,601681,18411,2023-05-07 10:52:49,Possible Account Takeover,Medium,Closed,2658.78
5481,542877,18252,2024-04-15 23:37:45,Unusual Transaction,Low,Investigating,2043.18
5482,868683,15222,2022-02-05 11:27:32,Suspicious Merchant,High,Confirmed,6275.98
5483,113984,17368,2022-06-04 01:45:16,Velocity Anomaly,High,Confirmed,1278.14
5484,261844,4280,2024-10-16 03:37:24,Unusual Transaction,Low,Closed,2296.52
5485,870569,1459,2022-09-09 09:01:18,Unusual Transaction,Low,Confirmed,81.7
5486,713243,672,2025-02-11 12:04:42,Possible Account Takeover,High,Investigating,4614.23
5487,158873,22184,2023-01-10 17:51:37,Unusual Transaction,Medium,Open,19743.27
5488,359066,12733,2022-08-06 01:13:15,High Value Transaction,Low,False Positive,811.45
5489,348184,14567,2023-01-31 16:46:38,High Value Transaction,Medium,False Positive,13688.57
5490,250260,20566,2024-01-12 19:52:36,Geographic Anomaly,Medium,Confirmed,524.32
5491,461587,4467,2022-01-01 04:02:41,Possible Account Takeover,High,Investigating,2344.86
5492,503223,6848,2024-07-07 04:07:25,Suspicious Merchant,Low,Confirmed,94.61
5493,201288,1584,2022-09-01 17:46:53,Geographic Anomaly,Medium,False Positive,6912.82
5494,734108,17377,2022-07-27 17:17:32,High Value Transaction,Low,False Positive,2255.72
5495,101004,3797,2022-09-16 18:06:33,Geographic Anomaly,Critical,Open,986.12
5496,582330,18073,2024-03-31 19:23:43,Possible Account Takeover,High,False Positive,649.6
5497,969589,9759,2025-04-02 05:54:08,Possible Account Takeover,High,Confirmed,431.42
5498,764740,10245,2023-01-23 08:58:54,Unusual Transaction,High,False Positive,1993.51
5499,617890,1607,2024-11-24 00:11:30,Velocity Anomaly,Medium,False Positive,1051.34
5500,852270,5284,2023-05-02 00:58:02,Unusual Transaction,High,Closed,238.57
5501,652852,18908,2025-02-14 01:09:12,Possible Account Takeover,Low,Confirmed,952.86
5502,844210,5301,2024-01-06 23:03:40,High Value Transaction,High,False Positive,438.84
5503,551812,1788,2025-02-19 08:06:07,Suspicious Merchant,Low,Confirmed,1789.79
5504,574939,847,2025-07-18 19:27:34,High Value Transaction,Medium,Confirmed,8029.03
5505,485886,5905,2022-05-02 04:27:23,Unusual Transaction,Medium,Open,4111.87
5506,528804,23848,2024-11-25 09:05:31,Suspicious Merchant,High,Confirmed,4438.23
5507,59004,8177,2024-01-21 06:52:04,Possible Account Takeover,High,Open,301.5
5508,695440,23980,2023-01-30 15:32:00,High Value Transaction,Medium,Closed,318.35
5509,131497,22249,2024-01-28 13:44:11,Possible Account Takeover,Medium,False Positive,420.84
5510,352804,10480,2024-03-01 23:23:02,Suspicious Merchant,High,Investigating,186.17
5511,459843,13664,2024-07-21 01:55:41,Suspicious Merchant,Low,Investigating,8234.64
5512,513071,19763,2024-02-22 08:04:09,High Value Transaction,High,Confirmed,378.25
5513,22493,7465,2024-02-27 10:05:17,Possible Account Takeover,Medium,Confirmed,55.15
5514,217134,6589,2022-02-11 05:52:03,Geographic Anomaly,Medium,Confirmed,3417.63
5515,448715,15588,2024-12-17 21:25:56,Possible Account Takeover,Low,Confirmed,1976.93
5516,848724,3436,2024-04-05 06:29:08,Suspicious Merchant,Medium,Closed,362.38
5517,464361,17589,2023-02-16 20:54:13,Possible Account Takeover,Medium,False Positive,15805.12
5518,32421,14206,2022-03-30 14:34:50,Unusual Transaction,Low,False Positive,16.24
5519,389628,16160,2023-01-17 03:36:10,Geographic Anomaly,Low,False Positive,2219.61
5520,237549,4037,2022-04-22 18:24:39,Velocity Anomaly,Medium,Open,87.41
5521,879475,6919,2023-11-07 19:05:51,Unusual Transaction,Medium,Investigating,2952.09
5522,311333,20785,2025-05-13 01:18:44,Velocity Anomaly,High,Confirmed,142.3
5523,563331,127,2022-07-11 01:33:27,High Value Transaction,Low,False Positive,763.75
5524,127689,22219,2025-03-06 05:19:17,Velocity Anomaly,Medium,Confirmed,2554.75
5525,32323,2537,2024-08-16 22:23:22,Possible Account Takeover,Medium,Investigating,2939.03
5526,895581,1113,2025-11-16 19:46:10,Velocity Anomaly,Medium,Closed,2605.91
5527,107476,3031,2022-06-06 19:57:55,Suspicious Merchant,High,Confirmed,4677.14
5528,710652,11349,2023-10-02 14:09:30,Unusual Transaction,Medium,False Positive,1422.88
5529,44203,14541,2023-05-19 11:12:15,Unusual Transaction,High,Closed,274.47
5530,53281,19372,2025-02-14 22:48:28,Velocity Anomaly,Medium,Confirmed,418.56
5531,562526,17780,2022-07-14 05:55:07,Unusual Transaction,Medium,False Positive,1636.63
5532,711590,23224,2022-06-30 03:50:50,Suspicious Merchant,Medium,False Positive,530.63
5533,12433,17374,2022-11-07 07:10:02,Unusual Transaction,High,Closed,382.63
5534,670691,10472,2024-06-12 05:00:46,Velocity Anomaly,High,Confirmed,1346.75
5535,196688,4063,2023-08-18 00:23:00,Geographic Anomaly,Medium,Closed,567.57
5536,430416,14567,2025-09-19 19:36:16,Geographic Anomaly,High,Open,285.48
5537,868194,7931,2025-10-25 03:47:00,High Value Transaction,Low,False Positive,123.4
5538,195811,1207,2022-11-23 12:51:56,Unusual Transaction,High,Confirmed,4417.85
5539,506139,19548,2025-08-21 01:28:33,Velocity Anomaly,Low,Investigating,1774.7
5540,181571,384,2024-01-22 09:11:55,Unusual Transaction,Medium,Open,3631.08
5541,213628,2577,2025-02-25 20:33:19,Possible Account Takeover,Low,Confirmed,34.66
5542,225523,24684,2024-02-23 06:36:24,Suspicious Merchant,Critical,Confirmed,399.51
5543,291189,10787,2023-05-15 00:41:28,Unusual Transaction,High,Investigating,85.61
5544,44741,14313,2025-07-23 04:52:55,Unusual Transaction,High,Investigating,4847.91
5545,92773,7965,2024-01-30 20:45:43,Geographic Anomaly,High,Confirmed,363.67
5546,890501,24637,2024-06-13 17:59:47,Suspicious Merchant,Medium,Confirmed,389.91
5547,74056,24229,2023-06-14 07:25:34,Velocity Anomaly,High,Confirmed,171.71
5548,73782,17383,2025-06-16 16:59:49,Unusual Transaction,Critical,Closed,2759.58
5549,143460,21712,2023-04-24 08:22:13,Geographic Anomaly,Medium,False Positive,59.83
5550,533394,11761,2023-04-17 05:43:35,High Value Transaction,Low,Open,281.29
5551,9862,24822,2022-03-19 19:09:43,Suspicious Merchant,High,False Positive,994.25
5552,161596,4916,2023-12-12 18:57:57,Geographic Anomaly,Critical,False Positive,42.51
5553,357642,20737,2023-11-17 18:32:41,Geographic Anomaly,High,Open,3535.43
5554,996614,4822,2024-03-12 13:14:11,Geographic Anomaly,High,Confirmed,82.84
5555,317942,17701,2023-07-03 22:59:08,Unusual Transaction,High,Confirmed,670.36
5556,967953,17849,2023-06-23 03:44:25,Unusual Transaction,High,Closed,679.79
5557,604523,5963,2023-01-19 16:56:50,High Value Transaction,High,Confirmed,406.85
5558,635290,3046,2023-01-22 15:01:04,Possible Account Takeover,High,False Positive,527.31
5559,114536,8677,2022-04-25 16:40:59,Possible Account Takeover,Medium,Confirmed,178.71
5560,469955,6303,2023-12-20 16:45:48,Possible Account Takeover,Medium,False Positive,13970.78
5561,247351,22246,2022-03-16 02:16:52,Suspicious Merchant,Medium,Confirmed,31.12
5562,593103,13215,2022-07-03 14:38:56,Suspicious Merchant,High,Confirmed,599.54
5563,472597,645,2024-06-06 19:42:20,High Value Transaction,Medium,Confirmed,176.99
5564,643741,1810,2023-07-28 03:31:59,Suspicious Merchant,Low,Closed,1992.86
5565,991050,17779,2025-01-18 12:58:50,Possible Account Takeover,Low,Open,850.94
5566,322063,3134,2024-05-22 15:54:34,Possible Account Takeover,High,Investigating,5427.64
5567,465937,13955,2023-10-10 00:15:04,Geographic Anomaly,Medium,False Positive,2088.91
5568,103840,195,2022-06-19 03:17:24,Suspicious Merchant,Medium,False Positive,265.89
5569,634419,10721,2023-02-23 02:20:43,Unusual Transaction,Low,Confirmed,2254.83
5570,231236,11926,2025-06-13 20:36:47,Unusual Transaction,Medium,Confirmed,4268.17
5571,272192,17039,2024-09-03 04:49:59,Geographic Anomaly,Low,Confirmed,553.41
5572,327889,20737,2022-11-11 21:43:01,Geographic Anomaly,Medium,Confirmed,449.66
5573,831920,5105,2025-01-13 06:28:36,Geographic Anomaly,Medium,False Positive,1265.36
5574,863310,4518,2024-11-24 09:17:47,Unusual Transaction,Medium,Open,513.52
5575,547791,11678,2025-01-23 16:28:30,Possible Account Takeover,Medium,Closed,3450.73
5576,984639,18741,2025-09-13 21:50:06,Geographic Anomaly,Medium,Confirmed,1505.15
5577,733467,11829,2025-10-25 12:30:45,High Value Transaction,High,Investigating,1215.32
5578,242936,16059,2023-12-22 07:41:25,Geographic Anomaly,Medium,False Positive,3902.02
5579,544311,1752,2025-09-17 19:55:25,Velocity Anomaly,Low,False Positive,23.55
5580,346963,24430,2025-01-09 02:59:43,Geographic Anomaly,Low,Open,828.06
5581,286954,24603,2023-01-14 07:18:13,Unusual Transaction,Medium,False Positive,1608.01
5582,257600,18218,2022-10-09 20:28:20,Suspicious Merchant,Low,False Positive,448.1
5583,700478,2440,2023-03-26 14:33:15,Geographic Anomaly,Low,Investigating,1569.83
5584,654635,21928,2023-08-19 05:27:14,Suspicious Merchant,Medium,Investigating,3598.58
5585,927982,16859,2022-11-08 11:13:23,Velocity Anomaly,Medium,Investigating,6149.34
5586,590854,20143,2025-12-28 15:06:50,High Value Transaction,Medium,False Positive,872.52
5587,337460,16542,2024-01-21 12:46:11,Suspicious Merchant,High,Confirmed,843.67
5588,450539,9301,2024-11-19 02:48:02,Possible Account Takeover,Low,False Positive,415.8
5589,907196,16950,2022-05-26 02:02:40,Geographic Anomaly,High,False Positive,1727.85
5590,856177,3799,2024-05-16 12:49:34,Velocity Anomaly,Low,False Positive,643.44
5591,854638,12309,2025-12-16 03:07:01,Velocity Anomaly,High,False Positive,253.07
5592,166621,14008,2025-11-07 19:53:59,Suspicious Merchant,Low,Confirmed,84.74
5593,971189,21754,2024-05-04 22:11:49,High Value Transaction,High,Closed,523.72
5594,950562,5655,2025-01-13 14:31:12,Unusual Transaction,Medium,False Positive,28.04
5595,475946,7044,2023-11-25 16:55:49,Geographic Anomaly,Low,Confirmed,1021.92
5596,822722,19295,2022-08-10 03:47:54,Velocity Anomaly,Medium,False Positive,3762.15
5597,60097,23566,2023-07-31 11:24:05,High Value Transaction,Low,False Positive,3974.77
5598,980900,12870,2022-11-03 01:01:52,Possible Account Takeover,High,Confirmed,680.77
5599,342564,21965,2022-03-24 22:23:04,Velocity Anomaly,High,Confirmed,1073.02
5600,312934,10911,2024-12-06 05:53:00,High Value Transaction,Low,Confirmed,139.44
5601,981327,5723,2023-02-02 05:53:23,Unusual Transaction,Medium,Closed,245.05
5602,47146,2647,2025-04-19 06:45:30,Unusual Transaction,Low,False Positive,450.19
5603,87246,24684,2023-01-02 04:04:28,Velocity Anomaly,High,Open,689.72
5604,399406,14251,2022-07-04 17:20:51,Velocity Anomaly,Medium,False Positive,2329.05
5605,166583,2385,2024-07-30 09:09:00,Suspicious Merchant,Medium,Open,338.36
5606,378174,14665,2025-06-02 10:05:37,Geographic Anomaly,Critical,Confirmed,2330.94
5607,676865,18135,2022-01-04 23:11:16,High Value Transaction,Medium,Confirmed,824.69
5608,151586,636,2024-10-01 10:49:35,Velocity Anomaly,Critical,False Positive,707.14
5609,303729,22645,2025-04-16 16:18:54,Geographic Anomaly,Medium,Closed,928.17
5610,250932,2847,2025-11-15 22:31:06,Suspicious Merchant,Low,Closed,1449.05
5611,942889,23125,2024-11-02 18:51:50,Geographic Anomaly,Medium,Open,294.15
5612,933312,12402,2024-08-23 20:01:36,Velocity Anomaly,High,False Positive,12095.52
5613,768540,2218,2023-05-27 04:57:49,Unusual Transaction,Medium,False Positive,1561.96
5614,39435,10115,2025-10-09 00:47:16,High Value Transaction,Low,Investigating,2907.95
5615,754419,24964,2024-10-14 08:26:13,High Value Transaction,Low,False Positive,2756.21
5616,847199,21094,2024-07-25 13:26:31,Unusual Transaction,High,Closed,249.78
5617,373547,10424,2024-12-17 03:16:56,Velocity Anomaly,Medium,False Positive,2975.02
5618,816117,10697,2025-05-25 11:05:24,High Value Transaction,Medium,Confirmed,854.5
5619,470055,12427,2023-07-27 13:50:08,Velocity Anomaly,Low,Closed,1974.48
5620,612697,11894,2022-10-27 01:09:32,Suspicious Merchant,High,Closed,249.6
5621,707458,15461,2023-03-24 16:05:22,Velocity Anomaly,Critical,False Positive,1614.05
5622,353382,12252,2025-11-30 13:35:57,Geographic Anomaly,Low,Confirmed,7162.66
5623,998563,2039,2022-12-21 22:51:50,Unusual Transaction,Low,False Positive,778.21
5624,328470,18471,2022-08-03 17:06:53,Velocity Anomaly,High,Confirmed,95.66
5625,336494,7571,2022-12-22 04:49:12,Suspicious Merchant,High,Confirmed,218.43
5626,871324,16203,2025-10-26 09:14:14,Possible Account Takeover,Medium,False Positive,1520.87
5627,893089,21402,2025-12-12 00:50:59,Unusual Transaction,High,Closed,483.41
5628,746902,10984,2025-01-01 09:32:33,High Value Transaction,Medium,False Positive,528.12
5629,13306,13979,2023-01-26 05:47:02,Geographic Anomaly,Low,False Positive,384.61
5630,102346,21909,2022-07-14 02:16:12,High Value Transaction,High,Confirmed,649.03
5631,874974,16739,2022-02-07 23:09:36,Suspicious Merchant,Medium,Confirmed,431.2
5632,237932,21199,2025-02-12 01:50:00,Suspicious Merchant,Critical,Closed,517.72
5633,82737,12535,2024-06-13 00:31:43,High Value Transaction,Low,False Positive,196.4
5634,719596,18495,2023-06-19 01:21:07,Unusual Transaction,Medium,False Positive,2757.28
5635,290125,12427,2025-02-04 11:35:11,High Value Transaction,High,Confirmed,645.1
5636,473512,18693,2025-01-25 14:23:53,Velocity Anomaly,Medium,False Positive,140.21
5637,432115,11417,2025-01-22 10:31:00,High Value Transaction,Medium,Closed,5892.8
5638,188833,2156,2024-05-16 22:57:11,Geographic Anomaly,High,Confirmed,569.45
5639,39084,16863,2024-02-14 02:07:13,Geographic Anomaly,Medium,Open,534.81
5640,30122,10770,2022-12-29 18:40:48,Possible Account Takeover,Medium,Confirmed,14154.14
5641,240443,22764,2023-02-19 14:07:48,Geographic Anomaly,High,Closed,217.6
5642,569987,6828,2023-03-12 03:14:12,High Value Transaction,Low,False Positive,131.37
5643,338548,13094,2024-01-29 13:04:38,Geographic Anomaly,Critical,False Positive,2268.82
5644,625034,21526,2024-12-04 15:08:35,Unusual Transaction,High,Confirmed,2953.51
5645,87072,1618,2024-06-23 04:18:27,Geographic Anomaly,Medium,False Positive,4827.55
5646,187616,22242,2023-10-13 04:09:33,Velocity Anomaly,Medium,False Positive,118.61
5647,268124,10557,2025-08-08 19:17:37,Unusual Transaction,Critical,Investigating,1955.01
5648,42033,9703,2023-01-31 03:50:51,Possible Account Takeover,Low,Closed,2196.32
5649,68699,15417,2022-08-23 18:17:32,Velocity Anomaly,Medium,Confirmed,91.31
5650,980983,24032,2023-02-13 02:37:40,High Value Transaction,Medium,Confirmed,3562.08
5651,413792,4374,2024-10-24 08:26:19,High Value Transaction,Medium,Confirmed,11767.7
5652,725467,13671,2024-05-12 22:07:36,High Value Transaction,Medium,Open,5362.1
5653,429438,8268,2022-09-28 00:11:11,Velocity Anomaly,Critical,False Positive,2879.12
5654,355143,20538,2022-03-28 21:22:40,Velocity Anomaly,High,Investigating,7545.23
5655,26529,11270,2025-08-04 16:42:25,Velocity Anomaly,Medium,False Positive,877.21
5656,83215,22075,2025-05-14 06:07:19,Unusual Transaction,Medium,Confirmed,2071.55
5657,123139,16651,2022-02-08 03:51:03,Suspicious Merchant,High,Confirmed,1266.87
5658,669289,3897,2022-12-20 12:40:29,Unusual Transaction,Low,False Positive,1944.46
5659,71687,3885,2023-08-20 15:19:07,High Value Transaction,High,False Positive,149.4
5660,440048,11429,2023-04-29 20:21:07,Suspicious Merchant,High,Investigating,1910.4
5661,584104,5455,2023-05-25 09:11:11,Geographic Anomaly,High,Closed,211.25
5662,262939,3964,2025-07-17 11:06:29,High Value Transaction,Medium,False Positive,543.22
5663,937834,6035,2023-02-24 21:16:15,Possible Account Takeover,Medium,Open,1351.17
5664,454008,14212,2024-04-03 01:21:57,Unusual Transaction,Low,Confirmed,45.16
5665,531116,20766,2022-07-07 21:54:02,Velocity Anomaly,Medium,Confirmed,123.88
5666,500286,19966,2023-12-25 08:36:11,Unusual Transaction,Medium,False Positive,592.3
5667,813901,9388,2023-03-13 06:22:57,Velocity Anomaly,High,Confirmed,215.85
5668,154301,24505,2024-05-30 17:22:51,Suspicious Merchant,High,Confirmed,2578.16
5669,35799,21190,2024-03-11 14:27:32,Possible Account Takeover,Critical,Open,1747.56
5670,487972,15020,2025-01-11 19:26:25,Suspicious Merchant,High,Confirmed,797.02
5671,501042,18762,2024-01-14 00:19:47,Possible Account Takeover,Low,False Positive,835.09
5672,947187,16722,2022-11-27 04:31:31,Unusual Transaction,Medium,False Positive,1193.44
5673,532800,23127,2025-04-01 14:13:59,Velocity Anomaly,Low,Open,686.84
5674,772754,10758,2024-09-13 01:56:20,Suspicious Merchant,Medium,Investigating,883.79
5675,900861,18264,2023-09-14 19:01:17,Possible Account Takeover,Medium,Confirmed,554.38
5676,988830,11232,2025-03-09 23:40:40,High Value Transaction,High,False Positive,1928.28
5677,831899,15027,2024-08-16 10:17:40,High Value Transaction,High,False Positive,176.76
5678,811950,21534,2025-09-11 09:38:35,Suspicious Merchant,Low,Open,546.48
5679,260512,10356,2024-01-09 11:46:31,Velocity Anomaly,Low,Confirmed,4513.59
5680,327107,4488,2022-08-09 19:18:12,Suspicious Merchant,Low,Confirmed,6879.44
5681,101150,12374,2024-11-05 04:00:57,Unusual Transaction,Low,Closed,946.43
5682,235931,17648,2024-12-29 03:18:01,Possible Account Takeover,Low,False Positive,1749.84
5683,878302,5169,2023-02-05 08:30:30,Unusual Transaction,High,Confirmed,426.15
5684,733531,3673,2024-04-10 10:11:20,High Value Transaction,High,Confirmed,455.27
5685,502698,18574,2025-04-09 06:02:44,Possible Account Takeover,Medium,Confirmed,3788.33
5686,455923,5135,2025-07-27 06:39:07,Suspicious Merchant,High,False Positive,2716.08
5687,315539,14586,2024-10-28 05:26:22,Unusual Transaction,Low,Open,470.47
5688,141900,20170,2024-06-25 07:48:52,Geographic Anomaly,Critical,Confirmed,1836.94
5689,722277,277,2022-05-14 04:51:56,Velocity Anomaly,Medium,False Positive,723.1
5690,12259,906,2024-05-03 07:02:05,Velocity Anomaly,High,Confirmed,2024.5
5691,965236,3904,2022-11-05 23:42:00,Geographic Anomaly,High,False Positive,1094.84
5692,877571,1290,2024-10-14 08:21:18,High Value Transaction,High,Confirmed,574.27
5693,808898,21480,2023-01-03 18:35:13,Possible Account Takeover,Low,False Positive,360.6
5694,557201,17883,2025-11-08 09:12:08,Velocity Anomaly,High,Open,398.86
5695,919964,12362,2024-08-02 05:44:37,Geographic Anomaly,Low,Closed,202.14
5696,498039,2385,2024-06-19 03:08:44,Suspicious Merchant,Low,Investigating,1739.5
5697,471990,13488,2023-05-13 08:29:17,Geographic Anomaly,Low,Investigating,203.34
5698,67352,19518,2023-06-09 02:41:04,High Value Transaction,High,False Positive,553.3
5699,191937,10062,2022-07-29 22:13:22,High Value Transaction,High,Closed,388.22
5700,613247,22198,2022-10-01 05:41:29,Unusual Transaction,Low,Open,562.12
5701,810059,19088,2022-06-20 22:36:13,Velocity Anomaly,Medium,Closed,1779.06
5702,167880,6822,2025-08-27 01:05:38,Unusual Transaction,Critical,Confirmed,1041.64
5703,58211,22743,2022-07-10 08:49:53,Geographic Anomaly,Medium,False Positive,3292.4
5704,489740,12974,2024-08-04 15:09:10,Possible Account Takeover,Medium,Open,2288.88
5705,67211,18973,2023-05-11 15:11:18,Possible Account Takeover,Medium,Confirmed,1035.56
5706,969418,17840,2022-09-10 13:18:58,High Value Transaction,High,Confirmed,931.89
5707,724238,12133,2022-07-25 20:28:17,Possible Account Takeover,Medium,False Positive,1295.8
5708,604268,4355,2022-12-06 07:14:59,Possible Account Takeover,High,False Positive,115.57
5709,96997,13103,2023-08-18 19:24:16,Possible Account Takeover,Medium,Confirmed,1858.27
5710,260835,11179,2025-01-21 21:35:51,Geographic Anomaly,Medium,Closed,71.36
5711,151706,23394,2024-03-01 14:22:08,Possible Account Takeover,Medium,Investigating,2337.83
5712,323553,23172,2022-02-19 23:13:27,Suspicious Merchant,Low,Investigating,39722.69
5713,439480,18551,2024-01-08 12:43:27,Possible Account Takeover,Medium,False Positive,1002.47
5714,850462,12947,2022-04-22 11:09:43,Possible Account Takeover,Low,Open,2549.52
5715,410743,12541,2022-03-09 11:05:37,Unusual Transaction,High,Confirmed,874.46
5716,366212,18899,2023-09-13 23:58:22,Geographic Anomaly,Medium,Confirmed,123.32
5717,355857,23141,2023-11-11 15:34:04,High Value Transaction,High,Confirmed,37183.08
5718,213524,10667,2025-05-07 00:52:14,Unusual Transaction,Critical,Closed,365.51
5719,497777,2860,2023-12-18 22:05:20,Velocity Anomaly,High,Confirmed,11795.25
5720,563666,22761,2022-09-04 07:06:37,Geographic Anomaly,Critical,Confirmed,3253.69
5721,74882,9400,2022-03-23 22:19:48,Suspicious Merchant,Medium,Investigating,6292.55
5722,497441,11020,2022-09-14 23:04:39,Geographic Anomaly,Low,Investigating,624.44
5723,18869,4671,2025-11-26 04:06:49,Velocity Anomaly,High,Confirmed,472.82
5724,96852,1105,2022-03-10 00:50:24,Velocity Anomaly,High,False Positive,321.33
5725,982177,20227,2022-11-29 01:28:56,Velocity Anomaly,High,False Positive,552.46
5726,153468,6095,2022-03-26 14:22:47,High Value Transaction,High,False Positive,327.0
5727,818917,7977,2024-06-22 12:02:04,Possible Account Takeover,Medium,Investigating,345.53
5728,687029,2261,2025-12-01 22:19:47,Geographic Anomaly,Low,Open,147.63
5729,76029,19995,2025-10-07 19:43:27,Possible Account Takeover,High,Closed,438.96
5730,884644,4493,2023-09-16 08:05:13,Possible Account Takeover,Low,Open,1131.19
5731,517716,14313,2024-08-17 00:22:36,Suspicious Merchant,Medium,Closed,1017.79
5732,888272,8110,2023-06-05 12:35:12,Velocity Anomaly,Medium,False Positive,133.1
5733,864779,8270,2022-03-29 23:09:25,High Value Transaction,Medium,Closed,746.45
5734,641574,17571,2022-01-08 09:10:59,Suspicious Merchant,Low,Confirmed,300.31
5735,474798,11255,2022-12-31 12:12:55,Unusual Transaction,High,Investigating,4450.4
5736,622958,21365,2025-11-07 19:43:35,High Value Transaction,High,False Positive,289.52
5737,950697,10326,2025-01-02 22:09:03,Possible Account Takeover,High,False Positive,1073.86
5738,624418,2301,2023-04-12 09:02:18,High Value Transaction,Medium,Investigating,2490.19
5739,265884,8702,2024-12-31 13:45:39,Velocity Anomaly,Critical,False Positive,240.85
5740,590860,15480,2025-01-12 16:24:50,Unusual Transaction,Low,Investigating,919.55
5741,946954,8165,2025-01-25 01:55:21,Velocity Anomaly,High,Confirmed,3637.33
5742,928503,16805,2023-09-15 20:47:52,Unusual Transaction,Low,Closed,1886.81
5743,151591,17851,2023-09-23 20:24:50,Suspicious Merchant,Medium,Investigating,901.33
5744,242631,8197,2024-12-20 23:33:05,Possible Account Takeover,Medium,Investigating,1321.17
5745,147959,23113,2025-01-16 03:22:54,Unusual Transaction,High,Open,606.09
5746,319132,16520,2024-10-24 13:57:17,Unusual Transaction,Low,Investigating,1381.84
5747,362445,8438,2024-03-31 10:32:17,Unusual Transaction,Medium,Investigating,348.53
5748,899950,17902,2023-05-15 17:14:01,High Value Transaction,Medium,Investigating,536.93
5749,608204,8854,2023-08-23 19:54:16,Suspicious Merchant,Medium,Confirmed,8992.78
5750,689346,187,2024-09-12 16:28:25,High Value Transaction,Medium,False Positive,779.12
5751,60721,24235,2022-09-27 12:01:32,Possible Account Takeover,Medium,Closed,263.89
5752,798646,18362,2024-08-22 02:29:05,Unusual Transaction,Medium,Confirmed,480.15
5753,591094,17505,2025-12-21 18:29:07,Suspicious Merchant,Low,Investigating,5043.87
5754,387252,8401,2022-12-27 04:21:32,Suspicious Merchant,Low,Investigating,327.55
5755,636947,13688,2023-06-25 12:38:47,Geographic Anomaly,Medium,False Positive,131.85
5756,351016,7795,2024-06-01 20:24:54,Possible Account Takeover,High,False Positive,168.86
5757,37429,5572,2025-04-06 15:58:54,Suspicious Merchant,Low,Closed,3220.04
5758,517079,11803,2023-05-22 20:12:00,Unusual Transaction,Low,Open,1516.37
5759,185184,12557,2023-12-11 00:06:32,Unusual Transaction,Medium,False Positive,518.65
5760,88200,10541,2023-05-17 00:24:30,Suspicious Merchant,Medium,False Positive,6985.4
5761,665879,4412,2024-11-09 01:30:42,High Value Transaction,Medium,Closed,160.91
5762,222481,551,2023-04-19 13:16:30,Possible Account Takeover,Medium,False Positive,1029.46
5763,370029,16212,2024-08-21 20:18:58,Unusual Transaction,Low,Confirmed,595.77
5764,816006,879,2022-02-20 11:44:28,Suspicious Merchant,Low,False Positive,711.4
5765,30939,13361,2022-07-31 03:40:50,Unusual Transaction,High,False Positive,3047.52
5766,916855,3046,2024-02-16 15:51:23,Suspicious Merchant,High,Confirmed,1227.79
5767,192309,610,2023-11-26 15:36:05,Possible Account Takeover,High,Investigating,1714.89
5768,459849,22956,2025-08-05 20:47:19,Suspicious Merchant,Medium,Confirmed,5543.1
5769,631568,13395,2025-04-05 05:00:30,Geographic Anomaly,High,Investigating,1587.08
5770,81085,17589,2025-10-22 07:54:36,Suspicious Merchant,High,Confirmed,1785.78
5771,865833,8483,2023-07-02 21:22:20,Suspicious Merchant,High,Closed,347.18
5772,201090,17097,2024-11-17 09:48:31,Possible Account Takeover,Medium,False Positive,5047.6
5773,895295,8440,2024-05-08 02:44:55,Suspicious Merchant,Medium,False Positive,2030.74
5774,168152,21017,2023-08-24 21:50:12,Possible Account Takeover,Medium,False Positive,1855.03
5775,693213,7703,2022-07-13 13:48:24,Geographic Anomaly,Medium,False Positive,1091.46
5776,281833,8355,2025-01-18 13:49:14,Possible Account Takeover,Medium,Closed,56.45
5777,601265,23438,2023-11-21 15:36:32,Unusual Transaction,High,False Positive,328.57
5778,813600,1844,2023-04-22 15:15:31,Possible Account Takeover,High,Confirmed,3173.84
5779,898532,5169,2025-07-02 01:38:25,Geographic Anomaly,Low,Confirmed,354.13
5780,794202,15693,2023-01-24 16:08:04,Velocity Anomaly,Low,Confirmed,1045.73
5781,107486,24954,2025-04-06 06:46:12,Suspicious Merchant,Medium,Confirmed,1039.24
5782,377328,11357,2025-03-09 05:28:16,Possible Account Takeover,Low,Confirmed,97.69
5783,304661,22519,2022-01-31 15:49:05,Suspicious Merchant,Medium,False Positive,16347.33
5784,993824,21535,2023-09-02 05:04:50,High Value Transaction,Medium,False Positive,510.88
5785,771797,11731,2022-06-19 23:36:02,Unusual Transaction,Medium,Investigating,310.91
5786,79512,6935,2022-05-25 06:39:14,Unusual Transaction,Critical,Closed,5183.95
5787,465824,23473,2025-12-03 01:24:54,High Value Transaction,Medium,Confirmed,148.57
5788,790817,6028,2023-06-22 15:21:36,High Value Transaction,Medium,False Positive,546.63
5789,202538,22804,2022-02-07 16:03:18,Possible Account Takeover,Low,False Positive,814.29
5790,793809,19364,2023-09-08 14:42:30,High Value Transaction,Medium,False Positive,96.09
5791,253315,9504,2022-10-12 12:34:28,Velocity Anomaly,Low,Confirmed,6574.66
5792,124090,24650,2024-11-17 01:47:48,Suspicious Merchant,Medium,False Positive,242.55
5793,485435,22281,2025-01-06 18:42:45,Suspicious Merchant,Low,Investigating,145.67
5794,681189,14597,2022-02-05 19:19:36,Geographic Anomaly,Medium,False Positive,22.94
5795,383865,19047,2025-12-15 14:05:09,High Value Transaction,High,Confirmed,1139.23
5796,311039,14759,2024-07-17 20:46:59,High Value Transaction,Low,False Positive,18873.72
5797,38557,7626,2022-07-02 23:45:38,Velocity Anomaly,Medium,Investigating,1572.19
5798,680358,8140,2024-01-04 10:14:03,Unusual Transaction,Medium,False Positive,63.86
5799,136937,17765,2024-03-15 02:49:48,Unusual Transaction,High,Investigating,183.8
5800,259268,18888,2024-11-27 23:19:38,Suspicious Merchant,Medium,Closed,2730.56
5801,734822,11339,2024-07-19 22:59:27,Suspicious Merchant,Medium,Closed,923.55
5802,519968,20227,2022-09-11 15:59:16,Possible Account Takeover,High,Confirmed,805.76
5803,285759,24665,2024-08-01 21:12:02,Velocity Anomaly,Medium,Confirmed,8634.52
5804,991920,627,2025-03-06 07:25:59,Geographic Anomaly,Medium,False Positive,833.73
5805,616903,17917,2024-12-02 05:55:32,Geographic Anomaly,Low,Open,1424.87
5806,869057,9657,2024-04-05 12:51:19,Velocity Anomaly,High,Open,633.5
5807,38983,8089,2023-06-22 13:56:06,Geographic Anomaly,High,Investigating,585.11
5808,218394,5882,2025-06-01 01:46:17,Unusual Transaction,Critical,False Positive,1724.11
5809,813663,17826,2024-02-26 15:10:57,Geographic Anomaly,High,Investigating,406.23
5810,132939,9646,2023-02-07 03:35:25,Geographic Anomaly,High,Confirmed,1741.62
5811,765392,365,2023-01-14 06:18:07,Velocity Anomaly,Medium,False Positive,6000.07
5812,859757,9956,2024-10-18 06:33:57,Velocity Anomaly,High,Open,311.92
5813,694043,17450,2025-05-10 09:36:38,Geographic Anomaly,Medium,Investigating,967.03
5814,504103,6661,2023-11-11 02:46:43,High Value Transaction,Medium,Closed,219.66
5815,578903,5728,2025-09-09 08:50:59,Velocity Anomaly,Medium,False Positive,6521.78
5816,953750,8560,2023-09-17 15:41:13,Possible Account Takeover,Medium,Confirmed,483.02
5817,557231,3583,2022-08-17 02:55:35,Possible Account Takeover,High,Open,561.78
5818,886273,2952,2023-02-15 20:30:16,Unusual Transaction,Medium,False Positive,638.35
5819,320821,7953,2024-03-22 15:42:33,Geographic Anomaly,Low,Investigating,764.03
5820,615534,12036,2024-08-08 12:40:52,High Value Transaction,Low,Closed,3425.31
5821,836997,17377,2023-03-10 01:19:33,Unusual Transaction,High,False Positive,368.59
5822,110208,15992,2022-11-11 07:08:45,Geographic Anomaly,High,Closed,1635.42
5823,422526,10001,2024-02-05 21:03:50,Velocity Anomaly,Medium,False Positive,1656.59
5824,345847,3450,2023-01-23 19:42:23,Possible Account Takeover,Medium,Confirmed,3208.03
5825,200270,12149,2024-01-16 15:14:18,Suspicious Merchant,Medium,False Positive,132.34
5826,687409,3423,2025-12-10 18:28:34,High Value Transaction,Low,False Positive,339.38
5827,882996,9415,2022-07-27 17:22:46,Suspicious Merchant,Medium,False Positive,3108.76
5828,814679,4325,2025-11-02 04:19:59,Possible Account Takeover,High,Open,109.77
5829,911931,12626,2023-02-05 03:35:03,Suspicious Merchant,Medium,Confirmed,1849.94
5830,612661,3961,2023-09-15 02:14:22,Velocity Anomaly,Medium,Investigating,130.53
5831,112786,7434,2025-05-04 21:25:57,Geographic Anomaly,Low,False Positive,1378.4
5832,660651,14093,2023-04-17 13:15:42,Velocity Anomaly,Medium,False Positive,1856.04
5833,98887,16519,2024-09-15 13:48:50,Suspicious Merchant,Low,Closed,516.62
5834,333282,14540,2025-06-13 07:01:12,Velocity Anomaly,Medium,False Positive,991.74
5835,581729,14834,2025-07-09 16:26:32,Possible Account Takeover,Medium,False Positive,2515.6
5836,424464,21945,2023-04-18 04:09:27,High Value Transaction,High,Confirmed,353.7
5837,703579,12544,2022-10-19 14:54:18,Velocity Anomaly,Medium,Confirmed,257.69
5838,177710,2005,2023-05-03 23:21:37,Possible Account Takeover,Medium,Closed,337.31
5839,244879,12334,2023-11-04 01:55:34,High Value Transaction,Medium,False Positive,569.93
5840,905807,22214,2025-01-08 11:24:54,Geographic Anomaly,High,False Positive,1664.4
5841,941013,86,2023-05-27 22:40:29,Suspicious Merchant,Low,Confirmed,797.16
5842,415480,16006,2023-07-29 19:24:25,Geographic Anomaly,Medium,False Positive,873.81
5843,507290,23317,2024-11-03 10:42:18,Unusual Transaction,High,Closed,3545.53
5844,80075,4299,2023-05-15 00:36:35,Possible Account Takeover,Medium,Investigating,273.86
5845,162781,13100,2024-01-17 10:07:20,High Value Transaction,Medium,False Positive,2556.17
5846,329782,11563,2025-11-27 20:16:48,Velocity Anomaly,High,Confirmed,6632.02
5847,361581,23575,2022-02-09 03:28:32,Geographic Anomaly,Medium,Investigating,1544.74
5848,811283,21071,2025-12-13 01:21:59,High Value Transaction,High,False Positive,11073.01
5849,596159,22903,2023-02-26 22:27:24,Possible Account Takeover,Medium,Investigating,1213.27
5850,77937,11211,2023-04-02 05:00:02,Unusual Transaction,Medium,Confirmed,1402.15
5851,714707,868,2022-07-29 08:23:19,Geographic Anomaly,High,False Positive,1486.4
5852,642190,1951,2022-02-13 16:01:04,Suspicious Merchant,High,False Positive,7475.26
5853,682616,406,2024-09-01 17:29:30,High Value Transaction,High,Confirmed,353.99
5854,194375,20414,2022-02-24 08:04:27,Suspicious Merchant,Low,Closed,115.27
5855,509860,4918,2025-12-17 12:14:49,High Value Transaction,Medium,Investigating,137.77
5856,935299,14331,2022-09-16 23:42:37,High Value Transaction,Medium,Closed,516.17
5857,450827,24749,2025-10-06 13:36:51,Possible Account Takeover,Low,False Positive,1702.14
5858,888607,1966,2024-01-30 08:46:59,Possible Account Takeover,Medium,Confirmed,1663.83
5859,504839,12109,2022-03-30 13:18:03,Possible Account Takeover,Medium,Investigating,950.23
5860,461573,17577,2024-12-11 03:29:39,Velocity Anomaly,Medium,Confirmed,1886.48
5861,405255,2342,2024-02-11 05:35:11,High Value Transaction,Medium,Investigating,938.82
5862,840941,5066,2025-01-30 11:29:53,Geographic Anomaly,Medium,False Positive,175.29
5863,904811,16257,2025-03-31 00:45:07,Suspicious Merchant,Critical,Confirmed,333.85
5864,798332,15385,2022-11-27 13:33:33,Possible Account Takeover,High,Confirmed,961.35
5865,997406,5597,2023-01-30 03:05:22,Possible Account Takeover,Low,False Positive,632.24
5866,857814,6493,2022-10-07 14:48:44,Suspicious Merchant,High,Investigating,145.36
5867,650770,12143,2023-06-07 12:50:54,Suspicious Merchant,Medium,False Positive,3256.97
5868,365215,4364,2025-04-15 08:15:40,High Value Transaction,High,Investigating,958.99
5869,691582,12604,2025-11-29 20:30:44,Possible Account Takeover,Medium,False Positive,756.36
5870,865836,8763,2022-02-09 20:08:56,Suspicious Merchant,Medium,False Positive,784.41
5871,638456,16244,2025-07-09 21:52:41,Velocity Anomaly,High,False Positive,48.69
5872,308365,17877,2022-02-26 10:27:13,Velocity Anomaly,Medium,Open,125.7
5873,884484,20504,2024-04-05 18:02:34,Possible Account Takeover,High,Investigating,3864.36
5874,829481,11370,2025-12-12 12:35:17,Suspicious Merchant,High,Investigating,586.25
5875,899600,7360,2022-08-06 13:47:17,High Value Transaction,Critical,Investigating,1245.69
5876,54039,20143,2023-05-01 18:27:38,High Value Transaction,Medium,Investigating,248.51
5877,272450,17644,2023-06-22 03:59:02,High Value Transaction,Low,False Positive,5073.41
5878,965588,24145,2022-11-09 23:38:01,Unusual Transaction,Medium,False Positive,2277.12
5879,836939,19783,2024-10-13 21:09:59,Possible Account Takeover,Critical,False Positive,2114.87
5880,272574,18300,2025-07-31 19:05:41,High Value Transaction,Medium,Confirmed,1673.31
5881,645550,18543,2024-06-02 17:26:56,Velocity Anomaly,Medium,False Positive,83.81
5882,53358,16174,2025-12-06 16:28:48,Suspicious Merchant,Medium,Closed,470.12
5883,237100,8201,2022-03-28 06:53:07,Geographic Anomaly,Medium,False Positive,2180.89
5884,916425,17138,2023-01-08 05:58:43,Geographic Anomaly,Low,False Positive,62.08
5885,628061,3091,2024-04-03 18:51:55,High Value Transaction,Medium,Closed,304.67
5886,223763,2295,2025-08-17 02:06:11,Geographic Anomaly,High,Closed,546.36
5887,727748,11883,2022-12-18 04:54:31,Geographic Anomaly,Low,Confirmed,4047.38
5888,240946,12842,2022-10-21 10:21:00,Unusual Transaction,High,False Positive,605.43
5889,859455,4210,2023-11-26 21:09:54,Velocity Anomaly,High,Confirmed,1955.86
5890,303511,21020,2025-11-10 19:14:00,Velocity Anomaly,Medium,False Positive,298.78
5891,248610,5393,2024-03-08 21:32:47,Unusual Transaction,Medium,Closed,563.4
5892,784608,3229,2022-08-15 03:20:28,Unusual Transaction,Medium,Confirmed,838.1
5893,73554,779,2022-12-05 10:35:17,Geographic Anomaly,Medium,False Positive,320.68
5894,136885,17963,2024-02-02 02:42:16,Possible Account Takeover,High,False Positive,5018.36
5895,494310,11926,2024-10-08 04:00:59,Suspicious Merchant,Medium,Confirmed,80.85
5896,61145,18059,2023-11-26 23:47:18,Suspicious Merchant,Medium,False Positive,1216.84
5897,482893,13649,2024-02-24 07:29:54,Geographic Anomaly,Low,Confirmed,271.49
5898,763486,3518,2025-11-09 07:34:37,Suspicious Merchant,High,Investigating,95.25
5899,65685,17044,2022-05-30 20:55:12,Unusual Transaction,Medium,Closed,1190.99
5900,898639,24433,2025-02-05 09:36:19,Velocity Anomaly,Medium,Confirmed,712.23
5901,266782,9126,2024-06-18 23:03:50,Suspicious Merchant,Low,False Positive,558.91
5902,78580,19426,2022-05-07 19:35:14,Geographic Anomaly,Critical,False Positive,503.67
5903,216950,11536,2024-03-14 07:00:51,Possible Account Takeover,Medium,Closed,709.26
5904,234251,6318,2024-06-23 04:49:33,Geographic Anomaly,Medium,Closed,597.43
5905,384308,12959,2023-12-23 00:32:10,High Value Transaction,Medium,False Positive,998.92
5906,595389,13707,2024-02-19 04:11:35,Geographic Anomaly,High,False Positive,6246.64
5907,748641,13785,2024-11-02 13:22:58,Unusual Transaction,Medium,Confirmed,91.4
5908,814402,11323,2024-05-09 17:10:21,Velocity Anomaly,High,Confirmed,1828.07
5909,974709,18416,2025-01-09 12:41:35,Velocity Anomaly,Medium,Closed,1718.52
5910,543123,2302,2025-05-05 01:17:38,Suspicious Merchant,Medium,False Positive,55.64
5911,147530,17076,2024-07-28 21:05:03,Unusual Transaction,High,Open,522.07
5912,121023,11300,2022-03-05 17:23:38,High Value Transaction,High,Investigating,657.61
5913,237925,3166,2023-09-09 08:21:44,Unusual Transaction,High,Closed,3501.1
5914,167203,6521,2025-01-29 13:50:18,Geographic Anomaly,High,False Positive,1775.72
5915,915802,18908,2025-12-15 23:29:44,Unusual Transaction,Medium,Confirmed,4784.73
5916,361956,11765,2023-05-27 11:38:43,Unusual Transaction,High,False Positive,928.41
5917,156554,2420,2024-09-20 08:31:47,High Value Transaction,Low,Confirmed,555.79
5918,589629,370,2023-02-15 02:01:02,Geographic Anomaly,High,False Positive,877.57
5919,643998,14051,2025-05-10 19:06:42,Possible Account Takeover,Medium,False Positive,2532.74
5920,534878,17770,2024-09-11 00:49:48,Possible Account Takeover,Medium,False Positive,994.46
5921,769035,23106,2025-04-06 21:40:58,Velocity Anomaly,Medium,Confirmed,2102.21
5922,289771,23633,2023-01-28 03:10:36,Suspicious Merchant,Medium,Confirmed,5154.26
5923,503820,12674,2024-01-06 12:34:03,Unusual Transaction,Low,Investigating,153.33
5924,264244,6986,2023-01-14 12:01:12,Velocity Anomaly,Medium,Closed,152.6
5925,276149,1520,2025-06-20 09:28:15,High Value Transaction,Low,Closed,811.25
5926,698190,4286,2024-06-27 21:31:43,Possible Account Takeover,Medium,False Positive,1107.01
5927,859978,10087,2023-04-28 16:58:58,Unusual Transaction,Low,Closed,1600.59
5928,376953,15627,2023-05-09 23:49:54,High Value Transaction,Low,False Positive,3730.39
5929,973220,10206,2024-01-16 02:16:38,Suspicious Merchant,Low,Investigating,312.37
5930,22849,1917,2023-04-22 07:39:07,High Value Transaction,Medium,False Positive,2007.6
5931,276424,3611,2023-12-20 21:39:11,Unusual Transaction,High,Confirmed,270.99
5932,28491,15871,2024-10-14 00:14:55,Suspicious Merchant,High,Confirmed,52.69
5933,426240,20504,2024-07-24 02:07:36,High Value Transaction,Low,Confirmed,603.12
5934,546677,24762,2025-05-01 12:07:22,Suspicious Merchant,Medium,Confirmed,298.16
5935,986921,4571,2024-10-07 13:34:48,Unusual Transaction,High,False Positive,1787.74
5936,813963,20133,2022-01-17 14:59:43,Unusual Transaction,Medium,Investigating,815.13
5937,308844,17697,2025-09-04 19:21:20,Suspicious Merchant,High,Investigating,280.98
5938,194870,13959,2024-11-14 13:02:10,Geographic Anomaly,Low,False Positive,134.4
5939,665059,2523,2022-04-15 16:03:29,Velocity Anomaly,Medium,False Positive,90.78
5940,789088,24949,2025-06-23 15:06:49,High Value Transaction,Medium,False Positive,1103.57
5941,873952,3596,2022-07-27 04:59:41,High Value Transaction,Low,Investigating,274.02
5942,397062,17897,2022-11-05 18:21:08,Geographic Anomaly,Medium,Confirmed,96.71
5943,312669,3308,2025-01-05 13:47:14,Geographic Anomaly,Medium,False Positive,1373.28
5944,251049,7376,2023-10-01 16:51:06,Geographic Anomaly,Medium,False Positive,699.79
5945,577566,10783,2025-01-28 22:53:04,Possible Account Takeover,Medium,Investigating,58.87
5946,172318,22959,2022-03-16 08:17:20,Possible Account Takeover,High,Closed,439.63
5947,208815,7024,2025-11-11 21:07:26,Suspicious Merchant,High,Investigating,263.44
5948,730063,16676,2022-08-11 16:19:46,Possible Account Takeover,Medium,Investigating,2523.37
5949,193894,9849,2022-10-23 08:42:14,Unusual Transaction,Medium,Confirmed,446.85
5950,962146,1633,2023-04-22 06:03:27,Suspicious Merchant,Medium,Confirmed,385.28
5951,59549,13056,2025-08-12 19:15:18,High Value Transaction,Medium,Closed,341.22
5952,430544,12033,2025-12-02 17:56:36,Velocity Anomaly,Low,Open,818.15
5953,8761,11477,2024-10-31 01:02:55,Unusual Transaction,Medium,Confirmed,3919.33
5954,417990,6873,2023-11-14 09:10:41,High Value Transaction,Medium,Confirmed,847.83
5955,4340,4214,2023-11-15 06:08:50,High Value Transaction,Medium,Confirmed,132.26
5956,278574,20237,2022-12-10 20:05:46,Suspicious Merchant,High,Open,694.94
5957,149902,19865,2022-09-09 14:08:38,Geographic Anomaly,High,Open,1864.06
5958,306493,11376,2023-01-04 11:56:40,Geographic Anomaly,Low,Confirmed,443.4
5959,194610,13828,2022-02-22 02:42:06,Unusual Transaction,Low,False Positive,766.95
5960,734507,6544,2024-05-14 12:39:47,Geographic Anomaly,Low,False Positive,638.6
5961,448490,6045,2022-06-29 23:28:53,High Value Transaction,High,False Positive,219.05
5962,565335,24731,2024-11-11 15:21:07,Geographic Anomaly,High,False Positive,480.34
5963,465923,23741,2025-07-24 10:17:28,Possible Account Takeover,Critical,Confirmed,3390.14
5964,504542,2304,2022-01-13 05:51:42,Geographic Anomaly,Medium,Closed,511.8
5965,349374,5055,2024-07-26 19:35:40,High Value Transaction,High,Confirmed,1025.94
5966,898360,11357,2025-12-09 18:28:48,Suspicious Merchant,Medium,Confirmed,1724.84
5967,862860,5717,2025-07-20 04:17:00,Unusual Transaction,High,False Positive,382.89
5968,869129,14467,2024-10-09 15:58:05,Velocity Anomaly,High,False Positive,348.2
5969,304002,16117,2023-03-21 01:59:14,Geographic Anomaly,Medium,Confirmed,4279.68
5970,950904,6195,2022-08-17 21:37:56,High Value Transaction,Medium,Open,1178.0
5971,978064,3585,2022-03-25 00:36:37,Velocity Anomaly,High,Open,61.85
5972,123433,15168,2022-04-15 00:22:41,Velocity Anomaly,Medium,False Positive,513.59
5973,279603,24754,2023-11-03 15:39:55,Possible Account Takeover,Low,Open,666.82
5974,454622,5922,2022-01-17 09:51:22,Velocity Anomaly,Low,False Positive,1598.6
5975,811911,21752,2025-12-15 19:47:55,Suspicious Merchant,Medium,Investigating,549.15
5976,353246,5562,2023-02-18 04:51:32,High Value Transaction,Medium,Investigating,1319.81
5977,230008,7533,2025-09-17 07:34:25,High Value Transaction,Low,Confirmed,69.37
5978,723146,24292,2023-08-02 10:13:18,Geographic Anomaly,Medium,Open,2579.19
5979,261208,18785,2023-09-04 22:01:08,Geographic Anomaly,Medium,Investigating,6868.46
5980,134540,13970,2024-06-29 07:26:52,Geographic Anomaly,Medium,False Positive,194.08
5981,924767,10604,2024-04-19 17:03:48,Suspicious Merchant,Medium,Confirmed,1412.8
5982,304090,12039,2023-04-11 05:08:48,Velocity Anomaly,Low,False Positive,981.81
5983,412599,17132,2024-03-15 20:15:10,Velocity Anomaly,Low,Open,434.98
5984,106782,662,2023-08-09 02:25:58,Possible Account Takeover,Low,Closed,5755.83
5985,548277,11817,2025-04-17 19:16:20,Suspicious Merchant,High,Closed,660.1
5986,933871,22439,2024-11-18 06:18:25,Geographic Anomaly,Medium,Open,171.0
5987,500585,11321,2023-10-26 16:08:55,Unusual Transaction,High,Closed,119.96
5988,173463,5689,2023-05-25 13:17:38,Possible Account Takeover,Medium,Investigating,67.02
5989,130479,13827,2024-07-31 01:06:21,Unusual Transaction,Critical,False Positive,1693.91
5990,600853,18165,2022-01-28 22:06:54,Velocity Anomaly,Medium,Confirmed,1908.65
5991,16039,2141,2023-11-23 09:19:14,Possible Account Takeover,Low,False Positive,667.79
5992,781740,10975,2025-09-04 09:06:02,Possible Account Takeover,Low,False Positive,121.61
5993,313904,12560,2022-08-08 10:08:03,High Value Transaction,Low,Confirmed,560.26
5994,294250,2789,2024-02-02 08:44:04,Velocity Anomaly,High,False Positive,497.96
5995,586170,23854,2023-07-06 09:04:17,Velocity Anomaly,Low,False Positive,1421.56
5996,561615,22885,2025-05-12 15:21:46,Suspicious Merchant,Low,False Positive,113.41
5997,148159,4619,2023-10-08 07:11:39,Possible Account Takeover,High,Closed,2660.31
5998,756805,21136,2025-11-29 19:01:34,Velocity Anomaly,Medium,Closed,2546.39
5999,90741,9208,2022-08-18 12:27:31,Possible Account Takeover,Low,Closed,521.43
6000,861318,12530,2022-08-23 21:15:22,Suspicious Merchant,Low,Closed,1581.85
6001,997099,2877,2023-02-23 21:18:23,Suspicious Merchant,Low,Confirmed,2502.12
6002,739684,14579,2022-09-02 14:20:54,High Value Transaction,High,Confirmed,443.64
6003,374567,17403,2024-08-28 16:18:37,Possible Account Takeover,High,Investigating,689.48
6004,420538,6454,2025-12-02 01:39:25,Velocity Anomaly,High,Closed,328.44
6005,44070,13828,2025-05-24 15:23:48,Velocity Anomaly,High,Investigating,1145.79
6006,545564,15486,2024-06-07 01:11:09,Possible Account Takeover,Medium,Confirmed,2151.61
6007,777749,24344,2022-08-21 20:41:25,Possible Account Takeover,Low,Investigating,658.02
6008,309755,19533,2023-03-30 01:10:54,Possible Account Takeover,Medium,Investigating,372.32
6009,525291,11503,2024-06-24 12:37:59,Geographic Anomaly,High,Investigating,239.3
6010,372590,22656,2023-07-17 00:52:37,Velocity Anomaly,High,False Positive,169.94
6011,497900,1321,2025-03-22 20:42:05,Suspicious Merchant,Medium,Open,244.93
6012,910632,9769,2022-04-10 23:58:49,Velocity Anomaly,Medium,False Positive,3546.1
6013,415890,6318,2025-05-07 14:13:58,Geographic Anomaly,High,False Positive,405.3
6014,697022,17914,2025-07-31 01:37:57,Possible Account Takeover,Low,False Positive,55.58
6015,312241,22053,2023-02-15 20:05:36,High Value Transaction,High,Investigating,1718.9
6016,898534,2578,2024-10-29 00:35:10,Possible Account Takeover,Low,Closed,347.98
6017,355646,21574,2024-10-21 17:12:49,Possible Account Takeover,Medium,False Positive,1284.53
6018,453074,4178,2023-03-07 03:23:26,Geographic Anomaly,Low,Open,605.26
6019,859603,20966,2022-09-08 18:30:25,Velocity Anomaly,Medium,False Positive,15868.4
6020,480908,13804,2023-12-24 15:24:57,Possible Account Takeover,Medium,False Positive,5276.87
6021,699641,10637,2025-10-16 06:48:04,Velocity Anomaly,Medium,Confirmed,421.02
6022,662185,10256,2024-01-04 19:20:09,Unusual Transaction,High,Open,4203.21
6023,189904,13379,2023-05-12 02:03:05,Suspicious Merchant,High,False Positive,444.22
6024,364208,20359,2023-03-30 15:12:20,Velocity Anomaly,High,False Positive,210.1
6025,142964,19113,2023-10-30 20:36:48,High Value Transaction,Low,Confirmed,591.2
6026,133875,18454,2023-03-12 09:21:42,Suspicious Merchant,High,False Positive,6213.95
6027,795012,7314,2022-10-11 22:55:19,High Value Transaction,Low,Confirmed,114.4
6028,620426,11309,2025-03-18 14:26:35,Possible Account Takeover,Low,False Positive,651.18
6029,911717,9864,2025-08-24 12:28:53,Suspicious Merchant,Low,Confirmed,1120.79
6030,490067,19971,2025-02-12 14:36:43,Velocity Anomaly,Medium,Confirmed,2904.63
6031,470267,20358,2024-12-18 16:51:51,Suspicious Merchant,High,Closed,460.91
6032,80305,24401,2025-05-21 09:37:48,Possible Account Takeover,Medium,False Positive,119.83
6033,831707,1397,2024-10-04 01:01:44,Geographic Anomaly,Medium,Confirmed,2742.14
6034,281959,24163,2024-09-18 23:01:59,High Value Transaction,High,Confirmed,1376.03
6035,743766,19132,2022-12-28 17:58:06,Possible Account Takeover,Medium,False Positive,640.67
6036,915485,1339,2022-07-28 08:00:05,Geographic Anomaly,High,False Positive,722.86
6037,572108,10283,2023-05-10 02:36:44,Suspicious Merchant,Low,False Positive,213.49
6038,271486,19136,2025-07-21 09:19:18,Suspicious Merchant,High,False Positive,1159.93
6039,306928,6860,2023-06-30 15:45:47,Possible Account Takeover,Low,Closed,354.37
6040,187333,18104,2022-03-24 21:19:55,Velocity Anomaly,Critical,False Positive,184.18
6041,507937,9922,2025-11-09 07:52:18,Suspicious Merchant,Medium,Investigating,423.53
6042,310879,24413,2022-08-07 22:58:55,Velocity Anomaly,High,False Positive,11632.96
6043,563510,2694,2023-04-02 15:03:18,Velocity Anomaly,Low,Confirmed,2484.64
6044,783230,23902,2022-01-01 11:04:51,Velocity Anomaly,Medium,False Positive,1036.71
6045,242672,4828,2025-08-09 12:13:06,Unusual Transaction,Low,Open,134.02
6046,39983,7182,2022-08-13 02:58:33,Geographic Anomaly,Medium,Confirmed,297.98
6047,993009,14749,2024-07-13 15:11:27,Geographic Anomaly,Medium,Confirmed,378.14
6048,9222,16892,2024-11-24 10:15:24,Suspicious Merchant,High,Investigating,237.14
6049,395765,15515,2024-05-08 06:04:49,Suspicious Merchant,Low,Confirmed,9067.04
6050,271351,22707,2023-06-12 18:12:22,Velocity Anomaly,High,False Positive,484.15
6051,694655,5418,2022-08-22 21:27:51,Unusual Transaction,Low,Confirmed,2229.58
6052,480135,14712,2022-07-04 01:07:33,Velocity Anomaly,Low,False Positive,212.98
6053,79932,24517,2024-04-13 01:49:58,Unusual Transaction,High,False Positive,177.66
6054,303818,595,2024-12-30 18:51:43,Velocity Anomaly,High,False Positive,5871.55
6055,288692,17637,2022-04-07 18:12:28,High Value Transaction,Medium,False Positive,285.75
6056,482960,14175,2025-08-01 00:17:00,High Value Transaction,Low,Investigating,1285.65
6057,941916,2322,2022-07-25 07:11:57,Possible Account Takeover,Medium,Investigating,172.98
6058,852685,11346,2024-01-29 19:54:20,Velocity Anomaly,Medium,False Positive,619.66
6059,389299,11654,2022-10-11 19:47:35,Suspicious Merchant,Medium,False Positive,5461.14
6060,624854,20781,2024-02-06 12:34:10,Geographic Anomaly,Medium,False Positive,3817.9
6061,179716,11741,2022-01-23 02:26:10,Possible Account Takeover,Medium,False Positive,3252.1
6062,86881,1309,2022-02-09 19:40:11,Suspicious Merchant,Low,Open,2459.63
6063,644281,19124,2022-01-21 13:33:02,High Value Transaction,High,False Positive,1541.7
6064,95242,19706,2023-01-15 00:26:42,Velocity Anomaly,High,Open,478.53
6065,111190,21761,2024-07-20 23:20:05,Possible Account Takeover,Low,Closed,2471.52
6066,104427,5135,2025-07-22 22:50:04,Velocity Anomaly,Medium,Investigating,138.77
6067,979039,21936,2024-10-24 07:45:00,High Value Transaction,Low,False Positive,88.8
6068,554973,4114,2025-12-22 21:42:37,Possible Account Takeover,High,Open,958.85
6069,526764,20608,2022-12-19 05:53:25,High Value Transaction,Medium,Closed,197.75
6070,123033,4872,2023-06-09 03:02:21,Unusual Transaction,Low,Closed,88.33
6071,853604,13324,2023-06-28 21:10:10,High Value Transaction,Low,Investigating,702.04
6072,87957,16898,2024-09-28 09:31:22,Velocity Anomaly,Low,Confirmed,2678.64
6073,463020,4372,2023-06-14 12:02:36,Geographic Anomaly,Medium,Open,1283.09
6074,870342,16563,2024-01-22 15:50:07,High Value Transaction,High,False Positive,254.48
6075,256664,17214,2023-04-12 17:45:07,Suspicious Merchant,Low,Confirmed,130.69
6076,885704,12127,2022-09-17 15:12:16,Geographic Anomaly,Low,False Positive,4544.97
6077,459815,17556,2024-12-31 16:50:17,Unusual Transaction,Medium,Open,2721.25
6078,485491,12234,2022-12-02 13:45:46,Possible Account Takeover,Low,False Positive,159.09
6079,29873,9794,2023-08-15 20:45:13,Possible Account Takeover,Medium,False Positive,16314.16
6080,477003,11020,2025-09-06 10:25:42,Geographic Anomaly,Medium,False Positive,1304.28
6081,284111,3655,2022-10-14 03:46:19,Possible Account Takeover,High,False Positive,272.09
6082,964307,6454,2024-01-31 06:05:01,High Value Transaction,Critical,Open,2472.19
6083,732964,22685,2024-01-03 22:11:41,Geographic Anomaly,High,False Positive,956.59
6084,313275,2643,2025-04-13 07:47:07,Velocity Anomaly,Medium,False Positive,630.0
6085,548486,18421,2025-11-04 18:10:03,High Value Transaction,High,False Positive,998.04
6086,667384,21359,2025-03-11 10:45:25,High Value Transaction,Critical,Investigating,721.32
6087,592233,3958,2024-01-28 10:08:45,High Value Transaction,Low,False Positive,1914.31
6088,306429,3591,2023-09-14 23:49:09,Velocity Anomaly,Low,Closed,10198.13
6089,528061,4359,2025-12-28 21:55:14,Unusual Transaction,Low,Closed,199.85
6090,94076,9635,2024-05-17 15:51:07,Suspicious Merchant,Medium,False Positive,226.58
6091,402443,16361,2023-07-06 02:11:10,Possible Account Takeover,High,Confirmed,2184.78
6092,506110,15400,2025-12-11 20:45:13,Geographic Anomaly,Medium,Confirmed,863.02
6093,691918,623,2024-02-06 00:27:45,Unusual Transaction,Medium,Open,216.75
6094,980070,722,2022-05-23 18:47:40,Geographic Anomaly,Medium,Confirmed,356.57
6095,35991,13725,2025-10-16 23:49:37,Possible Account Takeover,Low,Investigating,39.09
6096,514701,19169,2025-06-06 02:01:42,Velocity Anomaly,Medium,Confirmed,2437.52
6097,410208,24031,2024-05-09 10:13:18,High Value Transaction,Low,Closed,346.69
6098,829460,16338,2025-11-10 07:19:10,High Value Transaction,Low,Closed,1213.52
6099,88173,6385,2023-03-27 06:10:30,Velocity Anomaly,High,Closed,171.07
6100,449256,22537,2022-10-15 15:56:45,Unusual Transaction,High,Investigating,433.85
6101,367068,16284,2024-01-15 12:44:27,Unusual Transaction,High,Closed,99.28
6102,668606,24433,2022-01-11 02:18:10,Geographic Anomaly,High,Investigating,597.02
6103,625100,5518,2024-08-15 09:04:24,Velocity Anomaly,High,False Positive,116.48
6104,637834,23453,2022-03-08 13:52:56,Unusual Transaction,High,False Positive,1075.32
6105,117967,15849,2024-12-12 21:54:25,Velocity Anomaly,High,Confirmed,1557.34
6106,273850,23992,2023-12-21 17:51:54,Possible Account Takeover,High,Closed,1115.28
6107,809033,19606,2025-12-16 22:44:24,High Value Transaction,Medium,Confirmed,67333.93
6108,926184,7319,2025-07-27 18:11:38,High Value Transaction,Medium,False Positive,817.0
6109,855745,16921,2022-12-29 21:44:46,High Value Transaction,High,Open,3018.3
6110,722794,7101,2024-08-24 22:23:24,Velocity Anomaly,Medium,Closed,247.6
6111,899827,2840,2023-02-15 03:57:11,Velocity Anomaly,Medium,Confirmed,9669.73
6112,111443,16423,2025-04-23 02:46:30,Geographic Anomaly,Medium,False Positive,897.68
6113,520438,1199,2023-02-24 15:26:54,High Value Transaction,Medium,False Positive,2226.01
6114,670916,4201,2022-03-22 16:22:03,Geographic Anomaly,Critical,False Positive,25754.07
6115,459970,8935,2025-12-08 06:56:24,High Value Transaction,Medium,False Positive,448.34
6116,893048,6181,2025-03-07 16:41:07,Geographic Anomaly,Medium,Confirmed,555.63
6117,362307,13636,2023-01-26 23:36:13,Geographic Anomaly,Low,False Positive,148.82
6118,608410,10082,2024-07-28 08:51:46,Possible Account Takeover,High,Closed,2748.53
6119,931675,18678,2025-10-09 15:26:13,Geographic Anomaly,Medium,False Positive,416.13
6120,616994,8093,2024-07-18 06:38:14,Velocity Anomaly,Medium,Investigating,973.09
6121,986814,17426,2022-07-03 17:00:08,Geographic Anomaly,High,Open,604.5
6122,159173,24323,2023-04-18 05:45:14,High Value Transaction,Medium,Confirmed,5577.14
6123,846433,13523,2025-03-03 21:23:51,Geographic Anomaly,Low,False Positive,282.73
6124,911635,6960,2022-04-06 15:25:51,Unusual Transaction,Low,Confirmed,155.01
6125,983869,10058,2022-04-28 19:11:04,Suspicious Merchant,High,False Positive,240.31
6126,619818,11415,2023-08-05 02:33:15,High Value Transaction,Medium,Closed,2171.31
6127,922377,976,2025-04-06 01:46:17,Unusual Transaction,Low,Confirmed,693.73
6128,415442,9963,2023-07-21 05:22:54,High Value Transaction,Low,Investigating,360.87
6129,702516,2483,2025-09-27 03:42:59,Velocity Anomaly,Low,Closed,3885.38
6130,934935,16007,2022-11-14 10:09:06,Suspicious Merchant,Medium,Confirmed,2091.31
6131,452761,14736,2024-01-19 13:13:05,Suspicious Merchant,Low,Confirmed,452.82
6132,403979,15825,2025-08-05 13:08:20,Velocity Anomaly,Low,Confirmed,437.5
6133,750985,15029,2023-10-24 16:25:15,Suspicious Merchant,Medium,Confirmed,1204.83
6134,360692,18897,2025-01-14 13:54:38,Velocity Anomaly,High,False Positive,2504.8
6135,783374,21201,2023-07-03 19:43:52,Unusual Transaction,High,Confirmed,112.81
6136,727880,2679,2024-09-11 02:02:38,Possible Account Takeover,Medium,Confirmed,356.22
6137,776715,9221,2024-03-14 03:32:37,High Value Transaction,High,False Positive,538.6
6138,505964,14602,2022-09-06 05:33:50,Velocity Anomaly,Medium,Investigating,233.11
6139,960760,10166,2025-10-02 15:58:26,High Value Transaction,Critical,Investigating,846.69
6140,261500,5341,2022-07-10 06:10:37,Unusual Transaction,Low,False Positive,33.39
6141,4466,1508,2024-01-25 17:31:02,Possible Account Takeover,Medium,Closed,489.8
6142,92198,747,2025-06-24 12:47:11,Unusual Transaction,Medium,Investigating,318.0
6143,731377,11252,2022-09-27 08:22:27,Suspicious Merchant,Low,Investigating,4145.36
6144,968051,9963,2022-12-26 08:08:51,High Value Transaction,High,False Positive,1270.3
6145,44991,13078,2023-07-24 15:02:32,Possible Account Takeover,Medium,False Positive,213.15
6146,499666,4178,2025-09-19 14:40:19,Suspicious Merchant,Medium,Confirmed,596.69
6147,652291,7385,2023-10-14 01:06:32,Possible Account Takeover,Medium,Open,1165.16
6148,697024,19078,2024-12-13 17:11:35,Suspicious Merchant,Low,Open,365.48
6149,77817,19960,2022-08-06 06:22:10,Unusual Transaction,Medium,False Positive,18156.51
6150,481769,20993,2022-07-21 11:06:36,Velocity Anomaly,Medium,Confirmed,4346.38
6151,973409,24550,2022-08-16 09:56:00,High Value Transaction,High,Closed,1105.96
6152,580661,15712,2025-04-01 03:53:32,Geographic Anomaly,High,False Positive,311.52
6153,755933,17053,2022-12-30 19:53:23,Geographic Anomaly,Low,False Positive,686.6
6154,833827,18381,2024-11-06 15:39:14,Unusual Transaction,Medium,Closed,1450.69
6155,372624,904,2024-05-02 16:55:06,High Value Transaction,High,Investigating,1864.76
6156,230052,3382,2023-10-10 16:59:43,High Value Transaction,Low,False Positive,217.64
6157,352902,22921,2024-11-22 03:15:26,Unusual Transaction,Medium,Open,1017.62
6158,608443,12880,2025-05-06 11:00:22,High Value Transaction,High,Confirmed,634.69
6159,621890,1052,2023-05-03 10:24:57,Velocity Anomaly,Medium,Investigating,1355.06
6160,606483,604,2024-08-02 07:04:09,Unusual Transaction,Low,Investigating,2580.67
6161,766466,15358,2024-09-09 04:35:49,Velocity Anomaly,Medium,Closed,15.73
6162,712165,5831,2023-06-12 03:14:22,High Value Transaction,Medium,False Positive,281.59
6163,118219,13270,2024-04-29 03:28:39,Unusual Transaction,Critical,Closed,253.36
6164,933099,2845,2025-04-13 11:15:15,High Value Transaction,Low,Confirmed,825.56
6165,322115,23598,2025-03-31 21:52:05,Unusual Transaction,Critical,False Positive,107.19
6166,96909,18682,2023-04-01 03:28:36,High Value Transaction,Medium,Open,259.33
6167,105631,7494,2024-04-11 01:34:18,Velocity Anomaly,Low,Confirmed,327.53
6168,68533,9411,2022-10-07 04:06:25,Velocity Anomaly,Medium,False Positive,11537.56
6169,178166,15236,2022-12-31 00:39:14,High Value Transaction,Medium,Open,163.02
6170,150088,11575,2025-11-27 20:11:58,Unusual Transaction,Low,False Positive,1187.56
6171,827776,15074,2022-06-24 05:55:48,Geographic Anomaly,Medium,Confirmed,1287.0
6172,700589,9604,2025-02-27 21:27:19,Velocity Anomaly,High,Confirmed,4699.25
6173,703653,7775,2024-05-13 06:55:30,Velocity Anomaly,Critical,False Positive,244.4
6174,298738,22965,2025-03-08 15:54:52,Suspicious Merchant,Medium,Closed,177.25
6175,658038,23922,2025-01-18 01:11:33,Geographic Anomaly,Low,Open,1112.32
6176,863878,1835,2023-04-25 18:24:23,High Value Transaction,High,False Positive,159.77
6177,279560,5611,2022-10-07 07:54:10,Unusual Transaction,Medium,False Positive,298.3
6178,853410,3585,2023-12-05 11:43:42,Suspicious Merchant,Low,Open,2343.01
6179,131980,3851,2023-03-22 04:44:14,High Value Transaction,High,False Positive,1196.04
6180,458194,7145,2022-08-30 14:32:49,Possible Account Takeover,Low,Confirmed,450.1
6181,493296,11669,2023-07-30 22:09:42,Velocity Anomaly,Medium,Investigating,2624.44
6182,802628,15464,2023-01-06 19:23:53,Possible Account Takeover,Medium,Investigating,949.1
6183,611042,6048,2024-01-20 11:40:44,Velocity Anomaly,Medium,False Positive,2178.55
6184,812529,11120,2024-09-12 15:03:01,Velocity Anomaly,Low,Investigating,2099.25
6185,960730,1047,2022-04-20 13:56:17,Possible Account Takeover,High,Confirmed,2109.46
6186,508346,22227,2025-07-03 09:47:08,Possible Account Takeover,Critical,Investigating,173.41
6187,383818,21806,2023-10-21 02:16:11,High Value Transaction,Medium,Investigating,703.07
6188,136767,2227,2024-09-24 07:47:03,Suspicious Merchant,Medium,Investigating,2759.61
6189,197693,3293,2022-05-22 20:54:09,Suspicious Merchant,Low,Confirmed,1419.8
6190,132474,1143,2025-10-05 03:22:33,Possible Account Takeover,High,Investigating,2068.43
6191,837806,18551,2024-03-23 12:10:09,High Value Transaction,Critical,Open,119.19
6192,585325,8072,2024-04-05 21:27:12,Suspicious Merchant,High,False Positive,179.19
6193,972998,9313,2024-07-15 15:29:02,High Value Transaction,Medium,False Positive,289.41
6194,100414,16488,2025-07-20 06:03:28,High Value Transaction,Critical,Investigating,3463.88
6195,801532,12587,2022-09-03 13:13:16,Velocity Anomaly,Low,Confirmed,844.03
6196,598342,8418,2023-07-24 07:00:15,Suspicious Merchant,Medium,Open,76.73
6197,99512,7868,2022-12-31 10:33:00,Suspicious Merchant,Medium,False Positive,370.1
6198,481049,8191,2022-12-15 02:18:43,Velocity Anomaly,Medium,Confirmed,95.69
6199,811624,24833,2022-02-21 14:17:51,Possible Account Takeover,High,Investigating,816.15
6200,175861,21944,2023-05-24 11:50:52,Velocity Anomaly,High,Investigating,57.78
6201,399152,17172,2025-02-13 00:02:31,Suspicious Merchant,Low,Confirmed,659.01
6202,964424,20646,2024-11-19 23:29:18,Suspicious Merchant,Medium,False Positive,4330.03
6203,301341,21275,2025-08-10 22:08:00,Possible Account Takeover,Medium,Investigating,615.89
6204,469168,4176,2024-12-11 04:23:32,Velocity Anomaly,Medium,Investigating,165.98
6205,745121,18102,2022-11-24 16:52:49,Unusual Transaction,Medium,False Positive,27.77
6206,751417,5183,2022-05-12 12:07:02,Unusual Transaction,Low,False Positive,3827.94
6207,597162,5421,2025-07-26 17:31:16,Possible Account Takeover,High,Open,1869.93
6208,747739,14962,2022-03-17 05:10:36,Velocity Anomaly,High,Confirmed,126.53
6209,990647,22146,2022-10-24 00:45:42,Velocity Anomaly,High,Confirmed,136.25
6210,794484,22726,2024-05-22 08:29:58,High Value Transaction,Critical,Investigating,796.72
6211,968383,11681,2025-03-16 10:46:56,Suspicious Merchant,High,Confirmed,1494.85
6212,861933,22455,2024-05-02 07:38:21,Geographic Anomaly,Low,Open,1796.05
6213,924274,17616,2022-03-29 22:51:49,Possible Account Takeover,High,False Positive,1587.2
6214,650484,8359,2025-08-26 08:50:56,Geographic Anomaly,Medium,Closed,287.18
6215,468863,7983,2025-01-20 16:34:47,Geographic Anomaly,High,False Positive,313.49
6216,589910,4225,2024-04-13 13:09:51,Possible Account Takeover,Medium,Confirmed,112.87
6217,354020,16153,2024-06-26 11:22:13,Velocity Anomaly,High,False Positive,6679.46
6218,195388,8646,2022-10-01 04:46:55,Possible Account Takeover,Medium,False Positive,637.13
6219,608244,16873,2023-06-23 15:13:43,Geographic Anomaly,Low,False Positive,319.62
6220,977382,14358,2022-09-20 20:54:38,Suspicious Merchant,Medium,False Positive,433.63
6221,851643,18610,2024-08-04 19:58:05,Suspicious Merchant,Low,False Positive,4591.65
6222,290784,3051,2022-02-01 21:36:59,Suspicious Merchant,Critical,Investigating,108.07
6223,948017,15791,2025-06-24 19:58:46,Velocity Anomaly,Medium,Confirmed,312.95
6224,950643,5552,2024-08-02 03:13:44,Unusual Transaction,Medium,Confirmed,800.94
6225,934327,4788,2024-10-18 19:50:50,Possible Account Takeover,High,Open,1512.96
6226,826715,24729,2022-05-23 01:57:29,Suspicious Merchant,Medium,Confirmed,922.52
6227,693028,21935,2025-12-10 10:49:37,Possible Account Takeover,Medium,Confirmed,76.65
6228,442480,22819,2023-07-05 22:55:29,Suspicious Merchant,Medium,False Positive,421.25
6229,78713,5565,2025-11-04 22:43:51,Velocity Anomaly,Medium,Closed,3595.68
6230,473412,23425,2023-10-11 00:47:23,Unusual Transaction,High,Investigating,1219.02
6231,378064,23494,2023-02-15 01:13:45,Unusual Transaction,High,Investigating,1131.19
6232,385154,1106,2022-03-12 11:22:16,Suspicious Merchant,Critical,Closed,3991.0
6233,559116,3411,2024-01-16 12:09:03,Velocity Anomaly,Low,Closed,488.41
6234,423721,19459,2025-04-16 12:07:59,High Value Transaction,Medium,Confirmed,2040.47
6235,171725,4372,2023-06-20 22:19:57,Possible Account Takeover,Low,Investigating,11248.96
6236,876069,15613,2022-09-16 06:09:16,Possible Account Takeover,High,Confirmed,23075.76
6237,993788,4790,2022-10-20 11:51:38,Geographic Anomaly,Low,Investigating,2324.63
6238,737725,11948,2023-02-18 02:09:55,Velocity Anomaly,Low,Closed,836.71
6239,182114,21765,2024-09-07 17:35:47,Geographic Anomaly,Medium,False Positive,2701.55
6240,951784,10563,2024-08-30 18:10:29,Suspicious Merchant,Medium,Investigating,783.09
6241,46694,18803,2025-12-19 15:43:49,Geographic Anomaly,High,Closed,1336.27
6242,61776,22462,2022-05-24 18:43:13,Unusual Transaction,Medium,False Positive,339.31
6243,14138,7930,2023-07-23 02:11:08,Possible Account Takeover,Medium,Closed,4267.49
6244,408273,23800,2022-08-19 19:42:31,Geographic Anomaly,Medium,Closed,801.62
6245,716987,19193,2023-06-17 03:03:27,Unusual Transaction,High,Open,354.42
6246,139692,24716,2022-06-05 23:04:26,Velocity Anomaly,Medium,Investigating,619.66
6247,243830,17438,2024-02-19 23:52:02,Geographic Anomaly,Medium,False Positive,7327.66
6248,31076,22584,2025-10-08 14:55:28,Suspicious Merchant,Medium,Closed,47.14
6249,900152,14197,2023-09-29 06:52:03,Suspicious Merchant,Low,Closed,2504.43
6250,291608,19939,2023-12-02 04:00:32,Suspicious Merchant,High,False Positive,1583.56
6251,6993,3884,2023-12-22 17:22:42,Possible Account Takeover,Low,Investigating,3082.97
6252,673231,15247,2025-01-24 03:34:09,Geographic Anomaly,High,Investigating,1100.24
6253,335052,18294,2025-02-04 02:45:49,Velocity Anomaly,Medium,False Positive,65.75
6254,554535,20407,2025-03-01 09:15:10,Geographic Anomaly,High,False Positive,366.09
6255,967354,345,2024-12-06 23:19:19,Possible Account Takeover,High,False Positive,1182.38
6256,377204,12237,2024-02-01 07:07:11,Unusual Transaction,Medium,Confirmed,1064.2
6257,855326,10467,2022-06-28 07:17:55,Possible Account Takeover,High,False Positive,61.31
6258,307122,15133,2023-09-21 18:27:46,Suspicious Merchant,Medium,Closed,2702.15
6259,920151,18450,2025-05-19 23:35:15,Unusual Transaction,Medium,Confirmed,541.56
6260,427457,650,2024-06-20 20:03:55,Suspicious Merchant,Medium,Investigating,581.68
6261,493655,7409,2024-02-28 03:11:54,High Value Transaction,Medium,False Positive,10505.51
6262,594054,16752,2022-06-16 18:12:03,Possible Account Takeover,High,Closed,796.7
6263,389292,1669,2023-05-11 04:06:40,Possible Account Takeover,Low,Confirmed,432.32
6264,892320,14527,2025-05-23 20:13:52,Velocity Anomaly,High,Confirmed,446.08
6265,370074,8099,2022-09-23 15:20:51,Geographic Anomaly,Medium,Investigating,602.84
6266,62177,22293,2024-03-14 18:52:46,Unusual Transaction,Medium,Confirmed,171.07
6267,177639,112,2024-01-03 04:46:03,Unusual Transaction,High,Investigating,1400.24
6268,321145,10394,2025-12-21 17:38:35,Velocity Anomaly,High,False Positive,3333.76
6269,712679,4125,2022-03-02 22:49:03,Velocity Anomaly,Medium,Confirmed,2618.6
6270,887988,9392,2025-09-21 08:34:02,Geographic Anomaly,High,False Positive,47.71
6271,578587,267,2022-09-27 06:53:11,Suspicious Merchant,High,Open,3085.12
6272,714936,10555,2024-06-01 03:47:24,Geographic Anomaly,Low,Investigating,3420.55
6273,879236,4902,2023-11-15 14:33:23,Possible Account Takeover,Medium,False Positive,522.54
6274,326849,8578,2022-12-22 03:15:22,Suspicious Merchant,Medium,False Positive,867.69
6275,923653,12826,2025-07-03 11:42:39,High Value Transaction,Low,Confirmed,1774.37
6276,431605,6564,2024-12-01 08:52:28,Geographic Anomaly,Low,False Positive,1139.73
6277,904931,4736,2025-04-19 09:32:56,Velocity Anomaly,Medium,Investigating,3599.94
6278,309691,14358,2023-08-31 05:37:20,Suspicious Merchant,Medium,Confirmed,121.09
6279,727333,6445,2022-10-30 08:46:15,Geographic Anomaly,High,False Positive,391.49
6280,110034,24652,2025-05-15 14:13:57,Unusual Transaction,High,Closed,73.21
6281,978856,6925,2024-10-15 05:25:56,High Value Transaction,Medium,Confirmed,598.83
6282,707570,14090,2024-02-10 22:54:09,Possible Account Takeover,Low,Confirmed,631.6
6283,45426,17577,2025-09-21 00:28:18,Unusual Transaction,Medium,False Positive,997.29
6284,634463,20602,2025-09-20 01:15:43,Unusual Transaction,Medium,Confirmed,17710.85
6285,874546,1927,2022-10-09 18:48:33,High Value Transaction,Medium,False Positive,625.57
6286,980472,19256,2022-12-08 06:42:34,Possible Account Takeover,Low,Investigating,6236.9
6287,273419,21483,2023-06-07 02:30:44,Velocity Anomaly,Medium,False Positive,400.8
6288,357595,7928,2024-05-04 17:49:59,Suspicious Merchant,High,Confirmed,780.03
6289,640743,12790,2025-10-11 18:22:54,Possible Account Takeover,High,Closed,633.05
6290,143882,14905,2023-08-14 10:00:56,Geographic Anomaly,High,Confirmed,1674.94
6291,269639,3385,2022-05-31 12:20:56,Unusual Transaction,High,Closed,96.55
6292,186556,9836,2023-02-07 09:35:12,Geographic Anomaly,Low,Confirmed,3081.03
6293,562546,2734,2022-02-16 02:25:25,Velocity Anomaly,Low,Investigating,473.65
6294,702105,13721,2023-06-14 16:32:50,Geographic Anomaly,High,Investigating,12977.19
6295,560302,3457,2025-08-11 21:21:11,Possible Account Takeover,High,Closed,1371.52
6296,232456,13394,2022-08-03 10:59:59,Geographic Anomaly,Medium,Confirmed,349.96
6297,194192,5486,2023-07-28 02:56:57,Velocity Anomaly,Low,Confirmed,424.87
6298,96008,6386,2025-02-16 08:21:31,Velocity Anomaly,Medium,Investigating,88.55
6299,543584,19322,2023-01-29 12:24:58,Velocity Anomaly,Low,Closed,1640.24
6300,599216,15150,2022-08-05 22:30:51,Possible Account Takeover,Low,Investigating,1557.72
6301,490901,2440,2024-10-13 08:24:20,Velocity Anomaly,Medium,Investigating,91.09
6302,314034,5179,2024-11-08 11:57:46,Unusual Transaction,Medium,Closed,457.94
6303,635992,8927,2022-09-12 22:39:17,Velocity Anomaly,Low,Closed,975.7
6304,489488,1716,2023-05-20 11:34:02,Geographic Anomaly,Low,Investigating,240.35
6305,167447,11537,2022-12-09 11:24:07,Suspicious Merchant,High,Closed,232.6
6306,918612,8962,2024-08-09 16:01:00,Geographic Anomaly,Medium,Investigating,1312.81
6307,15302,7952,2022-10-29 00:56:31,Suspicious Merchant,Medium,Open,1002.75
6308,468950,8729,2024-05-15 01:54:44,Geographic Anomaly,Medium,False Positive,929.28
6309,54468,9965,2022-10-03 12:57:41,Possible Account Takeover,Critical,False Positive,135.39
6310,475879,21449,2024-08-30 18:57:55,Geographic Anomaly,Low,Confirmed,179.21
6311,747757,1240,2023-01-28 05:24:09,Possible Account Takeover,Low,Open,550.01
6312,166399,19355,2024-02-06 21:27:55,Possible Account Takeover,Medium,Investigating,1043.16
6313,46695,4531,2022-04-15 15:39:12,Velocity Anomaly,Low,False Positive,90.1
6314,275438,15689,2022-06-23 14:14:39,Unusual Transaction,Medium,Closed,2261.27
6315,791228,2648,2024-12-07 21:33:35,Suspicious Merchant,Medium,Confirmed,7384.78
6316,733942,17839,2023-12-05 03:08:33,Velocity Anomaly,Critical,False Positive,698.16
6317,488420,915,2024-05-06 17:59:30,Velocity Anomaly,High,Investigating,8131.54
6318,468453,6816,2024-05-06 14:15:57,Possible Account Takeover,High,False Positive,1518.23
6319,743876,23974,2024-03-28 11:15:37,Possible Account Takeover,Low,Open,1489.3
6320,274098,242,2023-03-09 19:24:48,Suspicious Merchant,High,False Positive,4011.18
6321,335401,19248,2022-04-06 10:51:46,Geographic Anomaly,Low,Confirmed,84.17
6322,128023,1447,2022-10-29 11:21:02,Geographic Anomaly,Medium,Closed,69.58
6323,843621,17370,2024-12-30 10:46:54,Velocity Anomaly,High,Confirmed,44.47
6324,90040,6087,2025-07-20 19:26:50,High Value Transaction,Low,Confirmed,967.19
6325,673097,17060,2022-09-25 17:14:06,High Value Transaction,Medium,False Positive,60.6
6326,643065,7917,2025-01-14 06:05:24,Geographic Anomaly,Low,Confirmed,825.75
6327,642142,9567,2022-12-12 11:29:41,High Value Transaction,Medium,Investigating,1153.87
6328,985234,3490,2025-11-27 21:38:15,Geographic Anomaly,High,False Positive,7698.65
6329,453970,18457,2023-10-30 07:29:06,Possible Account Takeover,Low,False Positive,591.89
6330,765152,17080,2022-02-16 09:27:11,Velocity Anomaly,Low,Confirmed,186.81
6331,764255,18333,2022-11-11 04:07:07,Unusual Transaction,Medium,Investigating,201.71
6332,979101,6058,2024-03-26 23:18:10,Velocity Anomaly,High,Confirmed,1529.8
6333,954939,9769,2023-01-11 08:02:46,Geographic Anomaly,Low,Closed,793.72
6334,420173,7672,2024-10-18 02:22:14,Geographic Anomaly,Medium,Open,295.4
6335,562313,21404,2022-03-19 06:45:20,Velocity Anomaly,High,Confirmed,2955.15
6336,345142,27,2022-05-04 03:36:59,Suspicious Merchant,Low,False Positive,901.14
6337,574133,23892,2024-02-05 15:01:34,Geographic Anomaly,Medium,Open,200.69
6338,66928,13180,2024-12-13 21:12:49,High Value Transaction,High,Confirmed,387.72
6339,842365,2069,2024-09-04 01:51:24,High Value Transaction,Medium,Closed,2203.97
6340,825584,11472,2022-04-08 12:47:30,Geographic Anomaly,High,Open,173.36
6341,521791,21914,2025-07-07 05:11:20,Geographic Anomaly,Low,False Positive,706.44
6342,802786,24656,2022-05-20 10:37:55,Suspicious Merchant,High,False Positive,2873.05
6343,516082,19492,2024-10-09 18:17:34,High Value Transaction,High,Confirmed,274.99
6344,920452,18742,2022-05-26 06:57:32,Geographic Anomaly,Low,Investigating,746.21
6345,202897,11894,2022-07-19 06:56:11,Geographic Anomaly,Low,Closed,167.6
6346,698184,16875,2025-12-14 11:38:06,Suspicious Merchant,Critical,False Positive,1983.38
6347,487711,21753,2023-01-22 21:01:38,Suspicious Merchant,Medium,Investigating,1660.54
6348,106862,9131,2023-05-10 00:16:45,Velocity Anomaly,Medium,Investigating,12867.54
6349,19533,1308,2025-09-11 02:37:52,Suspicious Merchant,Medium,False Positive,116.25
6350,39954,3396,2023-03-03 03:45:05,Unusual Transaction,High,Confirmed,255.35
6351,451989,20969,2025-12-21 22:55:28,High Value Transaction,High,False Positive,1244.03
6352,671824,1360,2024-01-28 17:35:01,Velocity Anomaly,Low,Closed,517.39
6353,953547,4043,2025-07-02 06:04:19,Unusual Transaction,Low,Confirmed,2378.46
6354,950777,2045,2022-12-02 15:04:23,Geographic Anomaly,High,Closed,1343.57
6355,440589,18632,2025-03-02 02:02:32,Geographic Anomaly,High,False Positive,1079.68
6356,318118,770,2022-04-18 15:35:58,Velocity Anomaly,Medium,Investigating,5222.8
6357,857689,9647,2024-03-03 17:26:44,Suspicious Merchant,Critical,False Positive,3112.39
6358,285033,8573,2025-11-07 19:11:49,Geographic Anomaly,High,False Positive,1153.69
6359,721965,23350,2023-11-18 23:17:48,Possible Account Takeover,Low,Investigating,190.28
6360,546532,5846,2023-09-24 13:16:08,Velocity Anomaly,High,Confirmed,938.65
6361,60880,14544,2022-04-18 16:06:50,Unusual Transaction,Medium,False Positive,787.55
6362,188505,299,2025-09-26 02:36:56,Velocity Anomaly,Low,False Positive,1842.3
6363,793799,17308,2025-01-12 23:34:29,High Value Transaction,Medium,Closed,477.35
6364,490253,260,2025-09-15 09:36:29,Suspicious Merchant,High,Closed,172.06
6365,960313,20237,2022-07-12 23:46:44,Suspicious Merchant,Critical,Investigating,1726.5
6366,163035,18374,2025-06-13 17:35:59,Velocity Anomaly,Medium,False Positive,502.65
6367,625803,16270,2022-10-21 03:31:10,Geographic Anomaly,Low,Open,8438.36
6368,427520,1719,2024-04-24 20:33:51,Geographic Anomaly,Medium,Investigating,777.06
6369,864830,16787,2023-08-18 16:18:30,Possible Account Takeover,High,Investigating,50.2
6370,631622,2803,2025-10-03 04:28:55,Possible Account Takeover,High,False Positive,36454.7
6371,91166,21275,2025-08-24 22:43:33,Suspicious Merchant,Medium,Investigating,2338.04
6372,160061,22299,2022-07-27 04:13:36,Possible Account Takeover,Medium,Confirmed,5115.14
6373,496835,19780,2022-02-28 04:22:01,Unusual Transaction,Low,Investigating,3679.52
6374,267853,22061,2022-05-29 19:32:23,Possible Account Takeover,Medium,Confirmed,721.91
6375,434126,5782,2025-03-08 18:27:00,Unusual Transaction,Medium,Closed,452.84
6376,461579,10933,2023-01-29 22:08:52,Possible Account Takeover,High,Closed,132.82
6377,3677,24980,2022-07-24 19:43:19,Suspicious Merchant,Low,False Positive,512.87
6378,97461,4448,2025-12-15 06:20:48,Suspicious Merchant,High,False Positive,550.6
6379,691539,24675,2024-01-26 19:54:51,Unusual Transaction,Medium,False Positive,704.03
6380,213826,7126,2023-08-21 05:14:41,Velocity Anomaly,Medium,False Positive,1917.7
6381,830634,1878,2023-07-30 16:54:34,Suspicious Merchant,Medium,False Positive,2114.23
6382,327901,23442,2024-07-29 00:40:42,Velocity Anomaly,Medium,Open,12586.86
6383,212787,6116,2022-03-07 18:06:23,Geographic Anomaly,Medium,Confirmed,379.29
6384,376765,20101,2025-02-02 10:26:32,Unusual Transaction,High,Confirmed,1191.99
6385,638241,5914,2023-12-22 06:42:48,Suspicious Merchant,Medium,Confirmed,156.75
6386,723689,22831,2025-09-29 04:13:33,High Value Transaction,High,Confirmed,125.59
6387,491459,21450,2022-11-15 15:20:30,Geographic Anomaly,Medium,False Positive,6940.08
6388,900542,12275,2022-02-19 06:33:29,Velocity Anomaly,Medium,False Positive,426.21
6389,880394,14433,2022-01-18 23:18:46,Suspicious Merchant,Medium,Open,362.47
6390,778641,16938,2023-08-03 19:54:26,Unusual Transaction,Critical,Confirmed,1614.49
6391,282855,22915,2024-12-01 16:37:10,Possible Account Takeover,Medium,False Positive,750.6
6392,152746,6595,2024-02-19 19:06:25,High Value Transaction,Low,Investigating,163.03
6393,340405,1991,2024-03-03 06:12:54,Velocity Anomaly,High,Open,266.2
6394,432492,6658,2023-12-08 02:12:04,Geographic Anomaly,Low,False Positive,437.64
6395,119390,22139,2025-09-05 19:29:24,Unusual Transaction,High,Confirmed,2085.71
6396,202102,4091,2024-11-09 20:33:16,High Value Transaction,Low,Closed,93.32
6397,797596,7479,2025-06-30 08:33:15,Unusual Transaction,High,False Positive,326.72
6398,599184,24329,2023-02-25 20:12:19,Suspicious Merchant,Low,Closed,478.77
6399,830123,12544,2025-04-26 08:02:49,Possible Account Takeover,High,Open,1543.25
6400,5034,2123,2023-05-17 11:39:08,Geographic Anomaly,Medium,Investigating,1154.52
6401,824533,20133,2023-07-03 18:38:08,Unusual Transaction,Medium,Confirmed,3831.25
6402,394637,20977,2022-11-17 22:35:18,Velocity Anomaly,Low,Investigating,1669.59
6403,760231,1733,2022-11-08 21:01:00,Suspicious Merchant,Medium,Confirmed,25.44
6404,273809,18678,2023-09-24 04:29:43,Suspicious Merchant,High,False Positive,1084.22
6405,188599,7690,2024-11-06 14:13:01,Geographic Anomaly,Medium,Closed,2984.02
6406,428609,14889,2024-10-28 07:15:07,Suspicious Merchant,Low,Closed,3880.76
6407,706104,3041,2023-10-13 20:38:51,Velocity Anomaly,Medium,Confirmed,1284.49
6408,868738,17179,2025-09-30 14:17:42,Unusual Transaction,Medium,False Positive,1998.7
6409,100757,15720,2022-09-26 06:21:13,Geographic Anomaly,Low,Investigating,331.36
6410,462223,5241,2023-06-10 16:20:52,Suspicious Merchant,Low,Confirmed,512.53
6411,564878,5506,2023-04-30 15:45:23,Suspicious Merchant,High,Closed,1376.36
6412,760931,4993,2025-11-27 07:06:13,Velocity Anomaly,Critical,Open,1962.41
6413,297142,22342,2024-08-13 01:48:53,Possible Account Takeover,Low,False Positive,1372.61
6414,545414,22989,2022-03-10 20:55:00,Possible Account Takeover,High,Closed,205.54
6415,957271,16294,2023-10-09 12:47:05,Suspicious Merchant,Low,Investigating,2431.1
6416,486716,7533,2024-03-20 03:09:17,Unusual Transaction,Medium,Closed,172.36
6417,353075,16955,2024-01-03 04:26:12,Geographic Anomaly,Medium,Open,383.72
6418,860950,4004,2022-08-23 06:47:22,Suspicious Merchant,Medium,Closed,1429.51
6419,771672,12619,2023-09-10 03:28:44,High Value Transaction,Medium,Confirmed,317.82
6420,120948,17911,2023-03-26 12:22:50,Geographic Anomaly,High,Investigating,230.17
6421,303128,1872,2025-12-02 23:16:48,Possible Account Takeover,High,Investigating,816.15
6422,111165,3111,2023-08-07 05:53:50,Suspicious Merchant,Low,False Positive,982.98
6423,648589,6944,2022-05-02 00:47:52,Velocity Anomaly,Medium,Closed,2349.29
6424,876804,10864,2024-04-07 02:24:48,High Value Transaction,Critical,False Positive,9111.99
6425,37518,7784,2023-07-13 15:58:37,Suspicious Merchant,Medium,Closed,886.81
6426,830307,24231,2023-03-14 13:42:45,Unusual Transaction,High,False Positive,1599.11
6427,22050,414,2022-10-04 15:41:55,High Value Transaction,Medium,Open,477.36
6428,729599,22262,2025-04-08 14:58:28,Suspicious Merchant,Medium,False Positive,777.18
6429,786440,21898,2023-10-11 17:11:15,Unusual Transaction,Low,Confirmed,4068.42
6430,610948,13596,2023-02-25 20:03:32,High Value Transaction,High,Confirmed,1050.49
6431,831119,20649,2024-01-01 21:13:49,Unusual Transaction,High,Open,5063.48
6432,163241,23080,2023-10-24 10:25:06,Unusual Transaction,Medium,Confirmed,353.04
6433,531422,12217,2022-01-08 15:18:05,High Value Transaction,High,False Positive,693.06
6434,692762,5245,2022-02-03 21:45:10,High Value Transaction,Medium,Investigating,1164.27
6435,506672,4766,2022-08-28 00:22:07,Unusual Transaction,Low,False Positive,720.84
6436,997103,1342,2022-07-31 08:20:08,Possible Account Takeover,High,Closed,2612.9
6437,619363,10708,2025-09-21 05:48:40,High Value Transaction,Medium,Open,631.1
6438,964877,15950,2022-05-12 10:22:46,Suspicious Merchant,Medium,False Positive,354.13
6439,427934,12556,2023-09-10 00:38:43,Geographic Anomaly,Medium,False Positive,2796.53
6440,207067,3544,2025-04-01 15:12:39,Velocity Anomaly,Critical,Open,330.39
6441,659244,3585,2022-11-06 05:51:40,Unusual Transaction,High,False Positive,389.26
6442,675521,23707,2025-05-21 14:06:03,Unusual Transaction,High,Investigating,192.5
6443,607337,15781,2023-01-24 20:45:38,Velocity Anomaly,Low,Confirmed,154.74
6444,299367,1841,2023-09-29 17:58:29,Possible Account Takeover,High,Open,155.18
6445,293369,194,2024-10-15 21:53:12,Velocity Anomaly,Low,False Positive,833.81
6446,309094,2967,2025-09-12 03:29:02,High Value Transaction,Critical,Confirmed,621.03
6447,101916,22299,2025-05-26 18:39:03,Velocity Anomaly,Low,Confirmed,1509.47
6448,354175,3755,2025-02-02 07:56:44,Unusual Transaction,Medium,Investigating,13419.72
6449,859645,11259,2022-01-20 21:41:35,Velocity Anomaly,Medium,False Positive,185.36
6450,227364,8908,2025-02-26 21:04:06,Geographic Anomaly,High,Closed,2962.15
6451,169877,1602,2022-05-10 20:29:34,Suspicious Merchant,High,False Positive,615.59
6452,653020,14045,2022-01-15 08:31:10,High Value Transaction,Medium,Investigating,6775.93
6453,400659,17908,2024-04-15 03:47:15,Velocity Anomaly,Medium,Open,1596.84
6454,629826,19001,2024-04-16 06:06:06,Unusual Transaction,High,Closed,710.74
6455,906720,22706,2022-09-30 10:18:37,Suspicious Merchant,Low,Open,2690.72
6456,265736,2215,2022-10-26 17:00:21,High Value Transaction,High,Open,1842.34
6457,405902,17734,2025-12-13 04:36:04,Unusual Transaction,High,Confirmed,934.32
6458,157628,10495,2025-12-02 18:19:52,Possible Account Takeover,Low,False Positive,252.99
6459,648454,22824,2024-05-30 19:00:07,Geographic Anomaly,Low,Confirmed,508.19
6460,323331,17974,2023-09-07 18:55:40,Possible Account Takeover,Medium,Open,1214.43
6461,357942,17140,2023-10-10 19:19:45,Geographic Anomaly,Low,False Positive,605.03
6462,124416,13866,2024-02-07 21:00:19,Velocity Anomaly,Medium,False Positive,393.25
6463,208179,2894,2024-06-28 09:05:48,High Value Transaction,High,False Positive,1435.97
6464,956119,22068,2024-06-03 13:09:59,Velocity Anomaly,Medium,Investigating,1799.17
6465,93028,16429,2024-03-28 01:44:11,Geographic Anomaly,Low,False Positive,738.78
6466,450955,8394,2023-07-04 04:39:34,Geographic Anomaly,High,Confirmed,82.78
6467,115463,8761,2022-01-21 19:51:15,Geographic Anomaly,High,False Positive,408.19
6468,9238,952,2024-06-19 07:40:25,Suspicious Merchant,High,False Positive,192.14
6469,488878,22824,2022-03-15 22:35:51,Unusual Transaction,Low,Confirmed,568.73
6470,573186,11739,2024-09-20 01:10:05,High Value Transaction,High,Confirmed,473.89
6471,14081,20388,2023-09-09 02:30:09,Velocity Anomaly,High,Open,293.41
6472,566251,6031,2024-06-22 21:07:16,Velocity Anomaly,Medium,Confirmed,1741.94
6473,121292,19144,2024-01-10 11:04:42,Possible Account Takeover,Medium,Confirmed,388.36
6474,271415,1758,2024-01-05 16:34:17,Geographic Anomaly,Low,False Positive,1085.53
6475,716639,22590,2025-06-30 14:41:27,Geographic Anomaly,High,Open,3392.49
6476,822809,20852,2025-05-12 17:21:37,Geographic Anomaly,Medium,Closed,691.95
6477,496450,9900,2023-02-04 05:48:48,Velocity Anomaly,High,Confirmed,110.44
6478,240742,3445,2022-05-17 11:04:03,Possible Account Takeover,High,Confirmed,149.95
6479,873888,15924,2022-02-20 04:53:02,Unusual Transaction,Medium,Open,248.71
6480,519884,20170,2025-06-27 02:02:12,Suspicious Merchant,Medium,False Positive,3627.43
6481,791223,16495,2025-02-01 12:28:23,High Value Transaction,Low,False Positive,503.53
6482,111330,1911,2024-12-20 21:05:49,Unusual Transaction,Medium,Closed,4781.92
6483,543279,19216,2022-09-02 07:09:53,Velocity Anomaly,High,Confirmed,669.19
6484,478870,23323,2025-11-07 14:10:34,Suspicious Merchant,High,Confirmed,335.77
6485,640901,5957,2024-11-07 07:59:09,Suspicious Merchant,Medium,False Positive,198.33
6486,12293,8693,2024-09-13 11:22:44,Suspicious Merchant,High,False Positive,11743.15
6487,324484,3405,2024-01-30 04:57:10,Geographic Anomaly,Low,Closed,181.09
6488,150202,8628,2022-11-07 01:07:28,High Value Transaction,Medium,Investigating,1292.35
6489,869543,21355,2025-11-19 21:37:46,Velocity Anomaly,Medium,False Positive,340.73
6490,434298,5076,2023-05-30 23:34:46,Velocity Anomaly,Medium,Open,163.33
6491,416665,654,2025-11-08 06:08:32,Suspicious Merchant,Critical,Confirmed,1456.55
6492,589228,16326,2024-10-30 00:56:24,Velocity Anomaly,High,Investigating,645.88
6493,158472,180,2022-06-16 03:13:17,High Value Transaction,Medium,False Positive,85.17
6494,836141,7545,2022-06-21 07:32:45,High Value Transaction,Medium,False Positive,1496.82
6495,87489,9776,2025-10-01 19:06:54,Possible Account Takeover,Low,Open,1034.45
6496,365057,9252,2024-09-25 04:13:45,Possible Account Takeover,Medium,Confirmed,336.19
6497,947637,14035,2022-07-13 14:48:52,Unusual Transaction,High,Confirmed,488.31
6498,909402,5633,2023-01-03 06:39:29,High Value Transaction,High,Investigating,514.63
6499,239444,20680,2024-03-02 11:08:16,High Value Transaction,High,Open,3505.16
6500,513479,11379,2023-05-13 20:46:36,High Value Transaction,Medium,Confirmed,6842.47
6501,753783,7785,2024-11-20 23:15:45,Possible Account Takeover,Medium,False Positive,1552.84
6502,769252,6743,2025-04-18 21:44:12,Suspicious Merchant,Low,Confirmed,5827.81
6503,480125,19132,2025-01-23 11:23:00,Suspicious Merchant,Low,Confirmed,257.65
6504,816398,23394,2025-09-09 09:13:59,Velocity Anomaly,Medium,Closed,4809.64
6505,824663,23370,2024-03-03 02:36:06,Suspicious Merchant,Medium,Open,74.86
6506,69745,10984,2023-02-25 09:30:03,Geographic Anomaly,Medium,False Positive,3053.33
6507,659118,3073,2023-08-17 20:04:59,Possible Account Takeover,Medium,Confirmed,1994.79
6508,338856,19604,2025-07-03 07:11:25,High Value Transaction,High,Closed,1707.5
6509,305818,1668,2023-11-25 12:00:32,Suspicious Merchant,Medium,Confirmed,2109.0
6510,265230,4740,2022-04-12 15:17:58,Possible Account Takeover,High,False Positive,551.3
6511,904131,20801,2022-07-20 22:24:07,Suspicious Merchant,Low,Open,1458.97
6512,869552,7167,2025-05-19 18:44:17,Unusual Transaction,Medium,Closed,603.63
6513,699250,6362,2025-11-06 20:56:15,High Value Transaction,High,Confirmed,503.16
6514,561696,3041,2023-11-14 11:48:33,Unusual Transaction,Medium,False Positive,360.36
6515,300417,15008,2024-12-15 19:58:07,High Value Transaction,High,Investigating,1944.54
6516,235764,9853,2024-05-28 00:42:58,Possible Account Takeover,Low,Closed,1607.09
6517,96354,5243,2024-06-28 04:16:47,Velocity Anomaly,Medium,False Positive,712.18
6518,331442,18303,2025-04-27 16:40:19,Suspicious Merchant,Medium,Open,2101.75
6519,820812,22389,2023-07-15 06:56:42,Suspicious Merchant,High,Investigating,1177.84
6520,194978,352,2023-09-24 11:16:39,Geographic Anomaly,High,Confirmed,4488.36
6521,464415,4246,2022-03-04 11:38:14,Unusual Transaction,High,Investigating,5988.99
6522,654593,23139,2023-06-07 01:55:11,Suspicious Merchant,High,Confirmed,3227.09
6523,194420,13809,2022-06-14 16:17:50,Possible Account Takeover,Medium,Closed,6789.19
6524,819509,5585,2024-10-14 10:11:58,Velocity Anomaly,Medium,False Positive,927.24
6525,170779,2890,2022-08-18 11:02:05,Possible Account Takeover,Medium,Closed,30386.87
6526,638303,18391,2022-06-23 14:05:55,Unusual Transaction,Medium,Confirmed,2491.29
6527,904965,16516,2025-08-27 18:23:33,Geographic Anomaly,Critical,False Positive,118.41
6528,351360,3297,2022-12-02 11:07:20,Suspicious Merchant,Low,Confirmed,344.39
6529,281364,20970,2024-05-12 02:12:15,Possible Account Takeover,Medium,Confirmed,410.62
6530,602925,13078,2023-04-20 16:11:32,High Value Transaction,Medium,False Positive,1502.76
6531,905185,14195,2025-06-05 20:35:42,Velocity Anomaly,High,Confirmed,2081.24
6532,483504,6452,2024-09-02 21:32:48,Possible Account Takeover,High,Closed,225.66
6533,889487,7436,2024-11-09 10:42:56,Velocity Anomaly,Medium,Confirmed,422.18
6534,996344,11948,2022-01-03 20:23:40,Suspicious Merchant,Low,False Positive,259.57
6535,533989,5936,2025-04-17 19:49:58,High Value Transaction,Medium,False Positive,319.91
6536,238970,16605,2024-03-22 04:23:22,Geographic Anomaly,Medium,Confirmed,300.25
6537,931386,12148,2025-02-22 05:05:24,Geographic Anomaly,Critical,Confirmed,10593.71
6538,915635,8060,2024-04-17 19:02:00,High Value Transaction,Medium,Confirmed,243.26
6539,716177,115,2025-11-15 10:44:46,Velocity Anomaly,Medium,Investigating,6136.86
6540,56845,17522,2022-04-11 07:06:23,Suspicious Merchant,Medium,False Positive,9759.96
6541,467504,3016,2022-01-02 11:56:06,Possible Account Takeover,Medium,Closed,512.19
6542,842028,1292,2024-07-29 05:07:24,High Value Transaction,High,Investigating,7184.3
6543,714581,16138,2023-09-21 01:44:07,Unusual Transaction,Low,Closed,158.8
6544,937640,21712,2022-12-06 14:15:09,Velocity Anomaly,Medium,Investigating,5229.2
6545,324832,23124,2023-05-31 18:24:04,Geographic Anomaly,Critical,False Positive,247.26
6546,797886,20651,2025-09-02 12:47:38,High Value Transaction,Low,Confirmed,252.15
6547,227120,11211,2025-04-15 08:44:34,Geographic Anomaly,High,Investigating,5981.58
6548,700625,11020,2022-03-24 21:10:16,Velocity Anomaly,Medium,Open,1333.01
6549,28168,4318,2025-07-25 14:18:34,Geographic Anomaly,Medium,Confirmed,77.62
6550,76754,8587,2024-11-29 19:41:02,High Value Transaction,Low,Open,480.94
6551,666131,395,2022-04-23 22:06:34,Velocity Anomaly,Medium,Investigating,518.23
6552,7413,22850,2025-05-26 17:40:28,Unusual Transaction,Medium,Investigating,704.57
6553,300891,4016,2025-04-10 01:38:22,High Value Transaction,Low,Open,148.38
6554,107241,18028,2024-05-19 13:40:10,Possible Account Takeover,Medium,Investigating,1583.67
6555,860415,14326,2023-03-30 16:48:05,Suspicious Merchant,Low,False Positive,1085.58
6556,352906,18150,2022-03-26 14:32:21,High Value Transaction,High,False Positive,73.0
6557,950038,20080,2025-06-16 07:13:03,Velocity Anomaly,High,Investigating,425.32
6558,105448,15078,2025-11-21 10:00:34,Suspicious Merchant,Low,Open,1056.87
6559,65056,3371,2025-08-26 09:39:23,High Value Transaction,Low,False Positive,383.73
6560,437602,2414,2025-01-22 18:13:30,Unusual Transaction,High,Open,2215.64
6561,922925,10156,2022-07-27 10:00:36,Unusual Transaction,Medium,False Positive,193.54
6562,527637,900,2023-11-08 03:22:18,Possible Account Takeover,Low,Investigating,2085.61
6563,689507,8528,2025-03-16 13:15:16,Geographic Anomaly,Medium,Investigating,3993.1
6564,579955,1013,2023-03-13 20:07:14,Suspicious Merchant,Low,Investigating,360.59
6565,544768,23606,2025-08-01 14:27:32,Velocity Anomaly,Low,Investigating,830.27
6566,786,19972,2025-04-08 00:08:24,Velocity Anomaly,High,False Positive,856.38
6567,18565,9217,2024-04-05 04:27:03,Geographic Anomaly,High,Investigating,2720.04
6568,878895,23261,2024-06-22 15:21:47,Unusual Transaction,High,Closed,3694.59
6569,986420,345,2025-02-03 21:28:06,Unusual Transaction,Low,Confirmed,6376.33
6570,747379,22306,2025-09-14 01:57:09,High Value Transaction,Low,Closed,684.53
6571,852849,19353,2025-03-27 05:17:22,Possible Account Takeover,High,Investigating,797.77
6572,128614,21423,2022-11-07 05:48:58,Suspicious Merchant,Low,Investigating,7785.96
6573,139434,13089,2022-12-06 01:57:59,Possible Account Takeover,Medium,False Positive,4875.65
6574,915885,13608,2024-09-24 16:57:30,Possible Account Takeover,Medium,Open,131.83
6575,701723,14439,2025-05-04 01:53:42,High Value Transaction,Medium,False Positive,437.76
6576,875341,9377,2022-04-23 23:52:41,Possible Account Takeover,Medium,Confirmed,4108.75
6577,543381,24996,2025-02-24 21:21:51,Geographic Anomaly,Medium,False Positive,1998.58
6578,723516,18985,2023-09-30 16:20:15,High Value Transaction,High,Investigating,3022.7
6579,31333,7969,2023-10-31 04:03:17,Geographic Anomaly,Medium,False Positive,7155.49
6580,618302,14105,2024-04-14 20:57:23,High Value Transaction,Low,False Positive,824.88
6581,518910,19979,2025-11-04 09:24:06,Possible Account Takeover,High,False Positive,311.43
6582,386385,553,2023-01-17 06:41:16,Geographic Anomaly,Low,Confirmed,273.19
6583,333166,175,2024-06-20 04:32:03,Geographic Anomaly,Medium,Closed,522.72
6584,51719,11439,2024-11-15 15:57:10,Geographic Anomaly,Medium,Closed,137.39
6585,481621,20552,2024-07-16 10:25:43,High Value Transaction,Medium,Closed,3408.07
6586,965604,13840,2025-03-18 15:50:01,Velocity Anomaly,Medium,False Positive,339.37
6587,721951,18916,2025-01-21 02:49:44,Possible Account Takeover,High,Confirmed,78.75
6588,302099,13375,2024-11-21 10:04:34,Geographic Anomaly,High,Open,571.21
6589,229759,16297,2022-10-18 23:42:34,Suspicious Merchant,Medium,Closed,2517.12
6590,208539,17327,2025-07-12 23:52:14,Velocity Anomaly,Low,Closed,245.26
6591,953604,2434,2025-03-19 17:33:54,Suspicious Merchant,Medium,Open,4499.14
6592,21118,14569,2022-04-01 14:31:30,Possible Account Takeover,Medium,Confirmed,354.99
6593,53799,5966,2025-01-11 08:49:45,Possible Account Takeover,Medium,Closed,1193.79
6594,153937,11818,2025-09-30 05:28:36,Geographic Anomaly,Medium,Open,243.95
6595,335370,9021,2025-06-27 07:25:30,Geographic Anomaly,Medium,Investigating,613.37
6596,215242,8578,2025-09-05 18:39:23,High Value Transaction,Low,Closed,49.37
6597,909497,10168,2024-03-27 14:14:18,Velocity Anomaly,Medium,False Positive,3429.59
6598,288713,7041,2025-12-16 21:36:07,Velocity Anomaly,Medium,Closed,5842.55
6599,761160,22709,2024-04-15 20:20:47,Geographic Anomaly,Medium,Investigating,5425.04
6600,180915,6664,2024-10-16 12:46:02,Possible Account Takeover,Critical,Investigating,319.45
6601,13640,5988,2024-07-05 23:19:54,Geographic Anomaly,Medium,False Positive,849.67
6602,334783,21503,2024-12-06 21:42:50,Possible Account Takeover,High,False Positive,118.88
6603,843207,17048,2025-04-30 12:57:00,Possible Account Takeover,High,Confirmed,753.65
6604,915727,19223,2022-09-16 12:15:15,Geographic Anomaly,High,Closed,1136.13
6605,672820,4578,2022-07-07 14:07:25,Unusual Transaction,Low,Closed,2835.55
6606,328196,4983,2024-06-02 15:22:12,Velocity Anomaly,High,Confirmed,350.93
6607,982865,19500,2022-04-02 00:43:49,Suspicious Merchant,Low,Investigating,988.77
6608,868760,6192,2023-08-13 18:34:43,Possible Account Takeover,Low,Investigating,4194.97
6609,950083,20551,2024-04-10 21:15:05,Possible Account Takeover,Medium,Confirmed,2049.3
6610,24924,6459,2024-12-02 05:22:43,Unusual Transaction,Low,Investigating,1694.05
6611,224892,7825,2023-01-09 22:49:40,Suspicious Merchant,Low,Confirmed,5439.75
6612,835349,20659,2024-11-28 22:52:08,High Value Transaction,Medium,Confirmed,1728.84
6613,463152,6971,2024-12-07 23:56:44,Unusual Transaction,Low,Closed,3844.93
6614,261190,13174,2025-09-29 12:41:57,Suspicious Merchant,High,Confirmed,3791.84
6615,957063,18556,2025-12-13 05:50:01,Unusual Transaction,Low,False Positive,213.43
6616,340852,17598,2023-12-01 19:52:11,Possible Account Takeover,Medium,False Positive,216.44
6617,212222,1860,2025-02-02 17:58:31,Velocity Anomaly,Critical,False Positive,1144.69
6618,269555,12796,2022-03-10 11:16:12,Unusual Transaction,Medium,Closed,237.68
6619,390034,21317,2024-02-16 09:22:51,High Value Transaction,Medium,False Positive,52.48
6620,39724,7556,2023-10-03 13:42:52,Geographic Anomaly,Critical,Closed,8611.09
6621,821419,24515,2022-09-20 11:00:00,Suspicious Merchant,Low,Investigating,1098.55
6622,476788,18690,2022-11-08 06:32:32,Unusual Transaction,Medium,False Positive,345.93
6623,324609,16858,2022-11-22 18:25:58,Unusual Transaction,High,False Positive,920.11
6624,465697,7303,2024-05-29 10:15:59,High Value Transaction,High,Closed,227.12
6625,208214,2313,2024-12-23 17:04:56,Velocity Anomaly,Medium,Investigating,255.94
6626,139624,21311,2025-06-03 21:11:42,Unusual Transaction,Low,Investigating,421.34
6627,883088,19372,2022-12-23 20:20:01,Unusual Transaction,High,False Positive,283.08
6628,540881,10206,2022-10-07 01:44:02,Velocity Anomaly,Low,Investigating,909.27
6629,115390,1027,2022-03-30 23:07:22,High Value Transaction,Medium,False Positive,100.23
6630,500289,14441,2024-07-05 13:56:03,Suspicious Merchant,Medium,Closed,1268.85
6631,606342,1453,2024-11-15 16:08:28,Suspicious Merchant,Medium,Closed,733.48
6632,980327,17984,2022-06-25 15:57:19,Unusual Transaction,High,Investigating,669.94
6633,558177,19291,2024-08-21 11:16:42,Velocity Anomaly,High,Investigating,310.89
6634,332957,17369,2023-11-27 10:36:52,Unusual Transaction,High,False Positive,768.63
6635,45419,16795,2023-11-30 14:38:56,Geographic Anomaly,Low,False Positive,933.64
6636,638950,4263,2023-02-22 06:13:25,Suspicious Merchant,Medium,False Positive,507.83
6637,283769,21899,2025-06-07 14:00:11,Possible Account Takeover,High,False Positive,1313.01
6638,754667,19894,2024-01-01 01:47:16,Geographic Anomaly,Medium,False Positive,68.66
6639,829974,359,2024-03-06 20:19:22,Unusual Transaction,High,Investigating,175.77
6640,343656,12696,2024-05-05 17:53:37,High Value Transaction,High,False Positive,214.53
6641,535599,15172,2023-01-08 20:05:14,Suspicious Merchant,Medium,Open,5014.94
6642,883513,6638,2022-08-01 04:19:40,Possible Account Takeover,Low,Open,303.89
6643,923119,1108,2025-09-20 22:39:19,Geographic Anomaly,High,False Positive,923.72
6644,164288,22833,2024-09-12 10:13:49,Suspicious Merchant,High,False Positive,499.43
6645,408174,4725,2023-02-18 18:10:57,Velocity Anomaly,Medium,False Positive,337.76
6646,916805,1432,2024-01-30 00:29:45,High Value Transaction,High,Confirmed,75.82
6647,746109,3326,2025-01-04 07:38:15,Geographic Anomaly,Medium,Open,646.53
6648,821462,7906,2024-07-18 17:30:51,Velocity Anomaly,Medium,Confirmed,3889.08
6649,160576,13403,2024-11-06 15:07:42,Unusual Transaction,Medium,False Positive,4132.04
6650,654444,5359,2024-10-26 09:53:31,Velocity Anomaly,High,Investigating,5189.83
6651,262341,2482,2025-03-03 12:32:48,Geographic Anomaly,High,False Positive,870.48
6652,176594,2557,2023-04-23 18:09:44,Geographic Anomaly,Low,False Positive,580.3
6653,89930,23357,2025-06-17 08:46:46,Unusual Transaction,Medium,Confirmed,209.46
6654,230242,24070,2025-12-02 01:11:03,Velocity Anomaly,High,Closed,8818.37
6655,344846,18122,2024-10-27 18:49:47,Velocity Anomaly,Low,Closed,53.07
6656,193320,15798,2024-09-05 17:50:47,Unusual Transaction,Medium,Closed,754.02
6657,599590,12895,2024-05-15 21:07:01,Velocity Anomaly,Low,False Positive,1215.08
6658,739086,24806,2022-03-21 18:44:40,Suspicious Merchant,Low,Confirmed,284.75
6659,429822,23287,2025-01-28 18:45:11,Unusual Transaction,High,Confirmed,582.33
6660,865211,18174,2025-03-17 10:24:04,High Value Transaction,High,False Positive,1215.4
6661,12942,10686,2022-03-10 22:24:06,Geographic Anomaly,Low,Investigating,51.12
6662,581723,1618,2024-05-20 13:55:17,High Value Transaction,Low,False Positive,460.38
6663,549315,5272,2025-07-14 08:37:59,Suspicious Merchant,Low,False Positive,248.65
6664,671663,15058,2025-03-19 14:46:44,Suspicious Merchant,Medium,Open,650.06
6665,857382,19558,2023-06-11 13:26:11,Possible Account Takeover,Low,False Positive,1178.89
6666,769155,23438,2022-09-01 20:19:28,Possible Account Takeover,Medium,Open,7195.78
6667,354250,10059,2025-07-14 06:23:36,Possible Account Takeover,High,Open,129.77
6668,378840,2671,2022-12-16 15:02:12,Unusual Transaction,High,Closed,396.42
6669,131622,21195,2022-09-08 10:09:57,Velocity Anomaly,Medium,Confirmed,290.23
6670,403726,17577,2023-05-04 11:53:55,Suspicious Merchant,High,False Positive,873.09
6671,674110,1694,2022-06-23 08:48:24,High Value Transaction,High,Confirmed,939.46
6672,924660,2399,2023-08-01 19:41:03,High Value Transaction,Medium,False Positive,42.03
6673,269000,187,2023-11-29 17:09:49,High Value Transaction,Medium,Investigating,1127.7
6674,53208,13268,2025-11-13 23:30:11,High Value Transaction,Medium,False Positive,11076.73
6675,867075,2004,2024-11-08 23:01:28,Possible Account Takeover,Low,False Positive,1280.38
6676,528100,5031,2023-12-07 18:55:41,High Value Transaction,High,Closed,3717.99
6677,396423,3454,2022-12-17 23:44:52,Velocity Anomaly,High,Investigating,1020.98
6678,441983,21048,2023-11-02 09:01:41,Possible Account Takeover,Medium,False Positive,1020.59
6679,277693,18698,2025-01-08 07:18:10,High Value Transaction,High,False Positive,609.4
6680,858087,21146,2023-02-25 03:45:04,Unusual Transaction,High,Investigating,1025.56
6681,678851,17432,2023-03-25 00:53:09,Geographic Anomaly,Low,Open,449.94
6682,948518,3283,2024-07-29 07:27:59,Geographic Anomaly,Low,False Positive,1660.03
6683,444970,22851,2024-10-02 18:07:23,Geographic Anomaly,High,False Positive,2552.28
6684,546586,7608,2025-02-22 21:12:17,Possible Account Takeover,High,Confirmed,5941.7
6685,879303,10066,2024-07-09 20:33:01,High Value Transaction,High,Investigating,987.26
6686,223037,24980,2025-06-02 02:40:27,Suspicious Merchant,High,False Positive,1105.01
6687,177771,4796,2025-11-16 19:50:39,Suspicious Merchant,Medium,Confirmed,2748.47
6688,242033,5933,2023-04-02 13:52:58,Suspicious Merchant,Low,False Positive,181.42
6689,53824,21503,2024-10-21 01:38:30,Possible Account Takeover,Medium,Confirmed,506.06
6690,140738,12350,2022-06-02 04:12:23,Velocity Anomaly,Low,False Positive,445.03
6691,597452,21755,2024-11-14 04:22:14,Unusual Transaction,High,False Positive,4573.6
6692,832856,15717,2023-10-05 04:32:41,Unusual Transaction,Critical,False Positive,908.28
6693,434603,8796,2023-05-23 13:29:56,Geographic Anomaly,High,False Positive,4001.27
6694,189075,11312,2022-04-03 19:25:27,Geographic Anomaly,Medium,Investigating,1145.79
6695,497885,1402,2023-05-09 03:34:57,Suspicious Merchant,Medium,Confirmed,1656.07
6696,145836,14091,2025-03-19 15:16:35,Suspicious Merchant,Low,Open,767.05
6697,527941,21068,2022-04-27 22:21:35,Geographic Anomaly,Medium,Confirmed,2185.67
6698,149700,20678,2022-09-01 11:26:17,High Value Transaction,High,Closed,672.68
6699,274484,12079,2024-04-03 09:55:21,Velocity Anomaly,Medium,False Positive,81.78
6700,29333,8971,2024-12-07 04:51:21,Velocity Anomaly,High,Investigating,32.97
6701,624400,44,2025-07-10 00:44:59,Velocity Anomaly,High,Confirmed,1128.78
6702,69211,17579,2025-09-17 14:30:03,Velocity Anomaly,Low,Open,11351.02
6703,162894,6454,2022-04-21 19:32:01,Geographic Anomaly,Low,Investigating,2303.51
6704,906989,7991,2022-08-03 07:21:28,Unusual Transaction,High,Confirmed,595.76
6705,129164,18013,2023-08-04 06:58:06,Geographic Anomaly,Low,Confirmed,854.53
6706,766730,19436,2024-09-16 11:16:02,Velocity Anomaly,High,Investigating,773.86
6707,576954,23404,2025-12-23 21:45:26,Geographic Anomaly,Medium,Investigating,180.51
6708,471297,9907,2022-08-20 10:29:06,Velocity Anomaly,Low,False Positive,1046.82
6709,956652,7090,2022-09-23 03:00:00,Possible Account Takeover,Medium,False Positive,776.87
6710,295888,21831,2023-05-29 00:49:12,Suspicious Merchant,Medium,False Positive,588.79
6711,219553,15704,2025-04-24 10:06:38,Unusual Transaction,High,Investigating,213.51
6712,83240,4938,2022-01-22 09:10:44,Possible Account Takeover,Low,False Positive,1998.14
6713,738445,11636,2025-08-11 00:24:41,High Value Transaction,High,False Positive,1884.01
6714,654292,10565,2025-12-30 08:17:22,Geographic Anomaly,High,Confirmed,321.73
6715,171388,3115,2025-12-15 14:47:33,High Value Transaction,High,Confirmed,693.31
6716,398938,4304,2023-11-23 13:12:24,Geographic Anomaly,Low,Confirmed,1340.31
6717,943744,5782,2023-11-01 17:10:21,Suspicious Merchant,Medium,Confirmed,1018.58
6718,307234,17982,2025-06-13 23:24:14,Possible Account Takeover,Medium,Open,1584.77
6719,444072,24213,2023-12-11 13:54:56,Suspicious Merchant,Medium,False Positive,8409.98
6720,546830,24698,2023-05-02 00:36:16,Velocity Anomaly,High,Investigating,143.05
6721,807492,19921,2024-05-09 16:05:17,Suspicious Merchant,Medium,Confirmed,6307.86
6722,770068,4211,2024-05-20 15:30:52,Suspicious Merchant,High,Confirmed,1375.52
6723,160796,13344,2024-04-16 02:28:11,Velocity Anomaly,Low,False Positive,7760.31
6724,979241,2152,2024-09-03 21:59:42,Geographic Anomaly,High,Closed,2242.4
6725,532288,18107,2023-04-22 14:03:09,Velocity Anomaly,Low,Closed,630.99
6726,716706,10201,2023-09-03 07:16:06,Possible Account Takeover,High,Open,77.41
6727,817710,16762,2024-07-12 03:19:07,Suspicious Merchant,High,Confirmed,483.65
6728,759499,2752,2022-05-30 17:48:05,Velocity Anomaly,Medium,False Positive,2306.6
6729,179128,19559,2024-06-15 04:33:03,Suspicious Merchant,Medium,Confirmed,3112.49
6730,931089,7744,2022-12-26 22:49:24,Possible Account Takeover,High,False Positive,296.09
6731,930516,21615,2024-07-25 12:44:40,High Value Transaction,Low,Closed,1212.64
6732,814000,12653,2025-05-28 17:33:52,Possible Account Takeover,Medium,False Positive,285.69
6733,912012,566,2023-02-08 17:29:35,Unusual Transaction,Medium,Investigating,340.52
6734,48601,9497,2024-09-10 03:23:04,Unusual Transaction,High,False Positive,356.26
6735,354740,2176,2022-03-04 06:47:17,Unusual Transaction,High,Closed,3245.63
6736,172556,21378,2022-05-12 05:36:03,Suspicious Merchant,High,False Positive,1797.12
6737,621842,4872,2022-07-14 08:06:36,Geographic Anomaly,High,Confirmed,780.83
6738,287783,823,2025-02-12 03:16:41,Geographic Anomaly,High,Closed,267.73
6739,192843,21486,2024-05-04 04:33:20,Geographic Anomaly,Medium,Closed,327.6
6740,661461,12747,2022-12-23 06:54:45,Suspicious Merchant,Medium,Closed,128.68
6741,80395,23203,2023-09-07 18:50:42,Possible Account Takeover,Medium,Confirmed,5301.94
6742,302318,18156,2024-11-08 16:39:39,Geographic Anomaly,High,False Positive,206.06
6743,327602,12414,2022-09-30 16:03:30,High Value Transaction,High,False Positive,1804.58
6744,425598,19351,2022-02-19 22:22:15,Unusual Transaction,Medium,Investigating,1302.3
6745,768203,17223,2022-07-15 15:02:52,Possible Account Takeover,High,False Positive,616.08
6746,809570,19104,2022-03-16 04:45:15,Unusual Transaction,Medium,False Positive,1236.13
6747,166254,2887,2025-08-02 23:35:42,Geographic Anomaly,High,Closed,87.7
6748,180436,7164,2022-04-13 21:24:48,Possible Account Takeover,Medium,Closed,137.39
6749,298958,22161,2025-07-25 08:27:56,Velocity Anomaly,Medium,Investigating,296.87
6750,821853,12448,2025-05-26 00:57:22,High Value Transaction,Medium,Confirmed,68.19
6751,133319,11478,2024-10-07 01:14:17,Geographic Anomaly,High,Confirmed,1049.99
6752,902757,21294,2024-07-05 17:36:28,Geographic Anomaly,Medium,Closed,631.51
6753,197334,2988,2024-04-12 22:29:24,High Value Transaction,Medium,Open,1097.92
6754,637286,4285,2025-07-24 17:21:30,High Value Transaction,High,False Positive,5945.97
6755,670477,23455,2022-03-01 16:59:40,Velocity Anomaly,High,False Positive,587.91
6756,414264,5858,2025-04-06 14:55:23,Geographic Anomaly,High,Closed,1673.45
6757,886987,6849,2022-06-12 06:39:31,Suspicious Merchant,Medium,Confirmed,436.53
6758,264362,7911,2022-05-12 09:54:58,Geographic Anomaly,Critical,False Positive,200.19
6759,642359,22375,2025-01-07 11:38:03,Unusual Transaction,Medium,Closed,983.13
6760,755463,15038,2025-09-27 14:34:04,Possible Account Takeover,High,False Positive,360.07
6761,14361,15638,2022-05-30 13:32:42,Possible Account Takeover,High,Open,432.2
6762,37108,10333,2025-01-07 02:10:35,Unusual Transaction,Low,Investigating,826.83
6763,856345,1366,2024-09-23 14:32:22,Possible Account Takeover,Low,False Positive,741.77
6764,679272,7156,2025-12-26 06:25:07,High Value Transaction,High,Confirmed,3416.31
6765,255700,7685,2022-02-12 17:17:55,Possible Account Takeover,Medium,False Positive,172.36
6766,355095,13184,2022-09-01 04:32:10,Possible Account Takeover,High,False Positive,1661.3
6767,191452,6950,2022-03-23 15:27:19,Unusual Transaction,Medium,Closed,169.39
6768,274594,16649,2022-03-20 23:55:56,Velocity Anomaly,Medium,Confirmed,1485.45
6769,944738,8675,2023-10-19 04:09:43,Possible Account Takeover,Medium,False Positive,3809.17
6770,825531,21496,2023-06-28 00:25:00,Suspicious Merchant,High,Open,340.35
6771,154133,11216,2025-12-18 12:43:20,Possible Account Takeover,Medium,Confirmed,1234.83
6772,334123,8888,2025-01-12 09:59:03,Velocity Anomaly,High,Investigating,813.37
6773,653607,18675,2023-11-21 09:17:49,Unusual Transaction,Medium,False Positive,367.63
6774,107710,11264,2023-01-24 00:56:47,Velocity Anomaly,High,False Positive,678.8
6775,432940,21335,2023-09-08 15:49:26,Unusual Transaction,Low,Investigating,8185.41
6776,163820,24810,2022-12-16 19:04:32,High Value Transaction,Low,Confirmed,417.82
6777,521040,5724,2025-06-07 17:30:44,Unusual Transaction,High,False Positive,3218.22
6778,127094,16326,2022-10-07 23:10:15,High Value Transaction,Medium,False Positive,2474.59
6779,308491,13358,2023-02-16 21:07:25,High Value Transaction,Low,False Positive,10386.21
6780,141709,6262,2024-03-08 01:17:24,Unusual Transaction,High,Closed,569.15
6781,393128,5733,2022-09-07 15:32:31,Suspicious Merchant,Medium,Closed,1046.69
6782,427662,8373,2023-06-13 16:24:44,Geographic Anomaly,Medium,Confirmed,345.81
6783,371488,19339,2022-05-09 16:29:16,Unusual Transaction,Low,Confirmed,23955.28
6784,592551,10532,2022-10-30 06:08:50,Possible Account Takeover,Medium,False Positive,1276.32
6785,791856,8916,2025-02-11 08:14:43,Suspicious Merchant,Medium,False Positive,223.73
6786,728705,1775,2022-03-10 19:26:48,Suspicious Merchant,Medium,Confirmed,240.68
6787,497239,10336,2024-07-11 16:01:19,Possible Account Takeover,High,False Positive,2524.24
6788,630075,413,2022-10-14 18:47:53,Geographic Anomaly,Medium,Open,3682.95
6789,218204,18676,2023-09-28 06:54:34,Suspicious Merchant,High,Closed,570.45
6790,849030,11871,2022-08-17 08:04:47,High Value Transaction,Low,False Positive,1179.74
6791,868490,2077,2023-03-24 03:50:29,Geographic Anomaly,Medium,Confirmed,432.27
6792,21407,4759,2025-06-05 12:02:18,Possible Account Takeover,Low,Confirmed,1546.36
6793,781285,16470,2023-04-07 22:04:10,Geographic Anomaly,High,Investigating,1173.92
6794,855817,4654,2024-10-02 02:58:09,Unusual Transaction,Medium,False Positive,418.85
6795,874637,3291,2025-09-16 14:33:50,Geographic Anomaly,High,False Positive,582.03
6796,876225,16018,2023-07-21 16:24:46,High Value Transaction,Medium,False Positive,1266.87
6797,809409,20783,2023-04-11 18:33:44,Unusual Transaction,High,Investigating,92.73
6798,113312,10367,2023-06-25 00:39:53,Velocity Anomaly,Medium,Confirmed,197.28
6799,41358,12937,2024-06-15 12:47:15,Possible Account Takeover,Low,Confirmed,5006.04
6800,284661,3857,2023-07-11 04:08:09,Possible Account Takeover,Medium,Confirmed,434.51
6801,272778,20499,2022-10-01 21:16:01,Geographic Anomaly,Medium,Confirmed,377.23
6802,910851,15463,2025-01-29 23:21:13,Suspicious Merchant,Medium,Investigating,747.12
6803,306389,14908,2024-09-06 00:24:07,Unusual Transaction,Low,Confirmed,1188.19
6804,699514,13401,2022-10-17 05:46:08,Velocity Anomaly,High,False Positive,475.43
6805,352400,20029,2025-10-09 02:16:26,Unusual Transaction,Medium,Closed,607.32
6806,179964,10598,2025-03-04 11:28:45,Possible Account Takeover,Medium,Confirmed,781.18
6807,365802,9604,2024-04-28 07:17:40,Unusual Transaction,Medium,False Positive,2625.99
6808,610593,17010,2025-02-14 09:09:39,Velocity Anomaly,Medium,Investigating,3383.25
6809,824664,20653,2022-11-22 20:55:59,Suspicious Merchant,Low,False Positive,102.05
6810,749094,16691,2022-06-02 13:32:45,Geographic Anomaly,Low,Closed,310.69
6811,482310,11184,2025-06-28 16:43:12,High Value Transaction,High,Open,4231.14
6812,806884,15941,2023-04-29 07:49:04,Unusual Transaction,Medium,Confirmed,4994.81
6813,926205,19572,2022-03-05 14:11:58,High Value Transaction,Medium,Investigating,8726.91
6814,856782,18156,2025-06-03 14:32:49,Possible Account Takeover,Low,False Positive,3078.28
6815,23842,10924,2022-07-02 15:12:58,Geographic Anomaly,Medium,False Positive,36883.61
6816,62917,5947,2024-12-30 00:06:42,Geographic Anomaly,Low,Open,620.46
6817,417465,9011,2025-11-15 07:54:21,Unusual Transaction,Medium,Open,846.42
6818,103009,4786,2023-06-06 16:23:29,Suspicious Merchant,Medium,Closed,311.6
6819,922275,21545,2022-08-15 12:37:58,Geographic Anomaly,Medium,Confirmed,418.24
6820,412791,3883,2025-05-29 17:39:34,Unusual Transaction,Critical,Confirmed,1251.48
6821,287986,21486,2022-07-31 09:48:16,Unusual Transaction,Medium,Closed,1460.95
6822,436461,7736,2025-07-29 07:14:42,High Value Transaction,Medium,Confirmed,789.56
6823,440982,14071,2024-04-04 18:09:22,Geographic Anomaly,Medium,Closed,112.21
6824,676512,13075,2022-11-16 10:22:07,Unusual Transaction,Low,Closed,2380.35
6825,821786,23320,2022-08-23 03:54:33,High Value Transaction,High,Investigating,1565.75
6826,825325,6869,2022-10-20 12:35:13,Velocity Anomaly,Medium,False Positive,376.82
6827,636137,14344,2025-11-14 16:25:02,High Value Transaction,Low,False Positive,391.58
6828,955482,5540,2025-01-12 13:24:21,High Value Transaction,High,Closed,499.44
6829,235486,15988,2023-07-12 11:46:46,Unusual Transaction,Low,Confirmed,338.32
6830,740839,14442,2024-02-07 02:26:03,Possible Account Takeover,Critical,False Positive,182.24
6831,232575,14572,2023-05-09 14:38:43,Possible Account Takeover,High,Closed,1669.37
6832,875659,14407,2025-01-27 23:42:04,Suspicious Merchant,Medium,False Positive,987.24
6833,890958,24643,2022-01-15 12:15:26,Possible Account Takeover,Low,Closed,2803.04
6834,874857,3423,2025-07-28 03:15:05,High Value Transaction,Low,False Positive,107.61
6835,471234,3132,2025-03-22 01:49:38,Suspicious Merchant,Medium,Closed,4024.14
6836,285287,1636,2022-11-11 22:18:08,Unusual Transaction,Low,Investigating,97.36
6837,540804,19970,2025-05-01 12:39:17,Geographic Anomaly,Medium,False Positive,7037.28
6838,809994,16316,2023-08-19 22:17:14,High Value Transaction,High,False Positive,421.57
6839,847972,24455,2023-08-11 06:50:25,High Value Transaction,Medium,Confirmed,189.07
6840,936421,21561,2023-03-16 10:21:22,Suspicious Merchant,High,Open,99.91
6841,246454,7283,2025-09-22 17:08:17,Unusual Transaction,High,False Positive,1579.84
6842,297776,10870,2022-11-03 17:49:51,Velocity Anomaly,High,Open,1195.18
6843,833902,8398,2024-08-18 13:02:54,High Value Transaction,Low,Confirmed,2188.55
6844,61991,496,2022-08-08 01:00:52,Velocity Anomaly,Medium,Confirmed,11447.7
6845,511569,15809,2023-02-26 17:13:44,Velocity Anomaly,High,Closed,544.43
6846,866761,11479,2022-01-24 05:30:42,Possible Account Takeover,High,Confirmed,1497.98
6847,192943,18,2024-11-09 03:51:19,Unusual Transaction,High,False Positive,471.71
6848,857810,9147,2022-08-17 15:24:43,Velocity Anomaly,High,Open,1518.9
6849,417717,23179,2023-10-05 03:38:45,Unusual Transaction,Low,False Positive,2888.06
6850,826634,11956,2025-09-09 08:06:35,Possible Account Takeover,Medium,False Positive,2333.11
6851,897061,8823,2022-04-20 10:04:37,Unusual Transaction,Low,False Positive,6247.0
6852,480656,16302,2023-07-07 06:53:29,High Value Transaction,Medium,False Positive,919.43
6853,741606,1209,2024-06-12 17:15:56,Velocity Anomaly,Medium,False Positive,733.05
6854,393117,1586,2024-08-14 22:52:49,Unusual Transaction,High,False Positive,183.63
6855,186135,17023,2023-08-05 08:03:52,Geographic Anomaly,High,Confirmed,281.8
6856,626152,24349,2025-07-15 21:53:29,Unusual Transaction,High,False Positive,1383.4
6857,19876,24095,2023-05-27 13:30:01,Velocity Anomaly,Medium,Confirmed,341.57
6858,420233,1611,2025-08-22 20:09:42,Possible Account Takeover,Low,Open,78.67
6859,462366,13404,2022-01-10 11:00:19,Possible Account Takeover,High,Closed,831.14
6860,435426,21963,2023-04-29 05:50:57,Velocity Anomaly,Low,Closed,1069.46
6861,711401,7600,2025-10-26 16:56:26,High Value Transaction,Low,Confirmed,154.2
6862,243869,8425,2022-11-20 12:29:11,High Value Transaction,Low,Closed,238.12
6863,524383,2860,2022-02-16 11:32:44,Possible Account Takeover,Medium,False Positive,232.68
6864,626432,22063,2023-02-25 12:26:44,Possible Account Takeover,Low,Confirmed,328.97
6865,501222,14902,2025-05-26 13:31:37,Velocity Anomaly,High,Confirmed,3535.74
6866,675419,5772,2024-10-07 21:32:21,High Value Transaction,Critical,Closed,4410.84
6867,833118,22655,2022-12-12 11:25:28,Possible Account Takeover,Critical,False Positive,11294.65
6868,830490,2978,2025-11-24 00:42:53,High Value Transaction,Low,Confirmed,489.08
6869,264375,24630,2024-09-10 13:27:12,Possible Account Takeover,High,False Positive,34896.11
6870,442653,9998,2023-10-17 20:27:16,Unusual Transaction,Critical,False Positive,2576.74
6871,629136,15647,2022-03-04 20:32:30,Geographic Anomaly,High,False Positive,3927.22
6872,702430,9887,2023-01-09 23:39:03,Suspicious Merchant,High,False Positive,1825.17
6873,440023,17383,2024-09-09 14:42:26,Unusual Transaction,High,False Positive,197.5
6874,215164,12833,2024-07-07 21:48:36,Suspicious Merchant,Low,False Positive,54.74
6875,14268,13463,2022-11-01 20:38:44,Possible Account Takeover,High,Closed,565.25
6876,150450,24759,2025-12-16 11:37:15,Geographic Anomaly,Low,Closed,596.23
6877,552697,1714,2024-07-29 18:53:53,Geographic Anomaly,Medium,False Positive,180.95
6878,286281,2980,2024-03-11 14:00:07,Possible Account Takeover,Critical,Closed,36699.27
6879,204158,21672,2022-02-11 11:29:50,Possible Account Takeover,Medium,Closed,931.18
6880,698365,713,2024-08-16 08:56:39,High Value Transaction,Low,Confirmed,141.23
6881,257209,4898,2022-03-24 03:14:24,Possible Account Takeover,Critical,Closed,718.63
6882,795383,3117,2023-02-16 16:20:06,Velocity Anomaly,Critical,Open,619.51
6883,638879,18996,2024-08-19 11:08:19,Possible Account Takeover,Low,Confirmed,324.25
6884,537835,13946,2023-07-13 15:45:39,Velocity Anomaly,High,False Positive,489.63
6885,519768,16096,2025-04-23 06:02:10,Possible Account Takeover,Medium,False Positive,705.4
6886,687720,9341,2024-06-25 13:56:06,High Value Transaction,Medium,False Positive,1610.21
6887,439175,23526,2025-02-13 01:57:04,Velocity Anomaly,Medium,False Positive,83.59
6888,740475,7589,2023-02-04 08:59:58,Unusual Transaction,Low,Investigating,813.0
6889,602302,1959,2024-02-10 15:39:50,Velocity Anomaly,Medium,Closed,2466.63
6890,578037,16840,2022-06-20 21:36:31,High Value Transaction,Low,Confirmed,1917.61
6891,345061,9541,2023-12-31 10:01:55,Suspicious Merchant,High,Closed,126.54
6892,1249,20394,2025-11-01 13:23:58,Velocity Anomaly,High,Confirmed,420.84
6893,732217,16420,2022-09-27 00:47:27,Possible Account Takeover,High,False Positive,1088.95
6894,7991,12146,2022-02-28 21:37:38,Possible Account Takeover,High,Confirmed,621.1
6895,762265,22584,2023-08-19 21:16:31,Suspicious Merchant,Low,False Positive,137.61
6896,462037,12115,2025-02-22 20:43:10,High Value Transaction,High,Investigating,590.0
6897,811341,9941,2025-06-01 23:29:20,Geographic Anomaly,High,Confirmed,1420.91
6898,77090,12591,2024-02-09 02:23:09,Possible Account Takeover,Medium,Open,535.71
6899,518504,22884,2025-02-12 15:22:41,Unusual Transaction,Low,False Positive,418.24
6900,171953,3073,2023-11-10 21:44:05,High Value Transaction,High,Closed,381.87
6901,553537,8540,2025-06-02 04:56:55,Velocity Anomaly,High,Open,204.15
6902,155953,15435,2022-12-26 06:10:16,Velocity Anomaly,High,False Positive,701.11
6903,736439,24502,2024-10-24 08:02:29,Unusual Transaction,Low,False Positive,255.32
6904,843871,1387,2023-02-20 02:27:54,Possible Account Takeover,Low,Investigating,1254.81
6905,729340,14668,2025-07-10 18:10:29,High Value Transaction,Medium,Confirmed,956.16
6906,45537,2045,2023-07-06 21:38:03,Unusual Transaction,Medium,Investigating,937.6
6907,864714,24673,2025-02-18 13:14:44,Possible Account Takeover,Low,Confirmed,473.79
6908,358648,10571,2022-11-29 09:49:15,High Value Transaction,Medium,Investigating,851.8
6909,295038,5154,2025-02-20 09:03:58,Velocity Anomaly,Medium,Confirmed,2151.02
6910,986422,23882,2022-10-14 21:13:31,High Value Transaction,High,Confirmed,143.59
6911,379856,11841,2025-01-26 03:52:02,Suspicious Merchant,Medium,False Positive,11283.23
6912,21296,11353,2025-07-08 03:00:49,Geographic Anomaly,Medium,False Positive,355.23
6913,674334,15915,2024-03-25 21:47:55,High Value Transaction,High,False Positive,846.0
6914,795519,2779,2022-03-26 19:57:23,Geographic Anomaly,Critical,False Positive,1805.81
6915,552167,6914,2022-04-17 16:06:15,High Value Transaction,Low,Confirmed,341.85
6916,773642,15682,2024-02-13 21:29:43,Geographic Anomaly,Medium,Confirmed,3195.49
6917,950489,11185,2024-12-01 21:45:31,Suspicious Merchant,High,Confirmed,2317.64
6918,585151,24134,2024-05-27 11:22:47,Velocity Anomaly,Medium,False Positive,311.4
6919,562049,19270,2024-08-11 02:33:17,Possible Account Takeover,High,Closed,599.43
6920,647606,10383,2024-03-23 18:04:06,Geographic Anomaly,Medium,Confirmed,6093.39
6921,305204,9095,2022-05-29 03:54:23,Suspicious Merchant,Medium,Confirmed,2791.74
6922,790519,16874,2022-04-12 00:45:09,Geographic Anomaly,High,False Positive,1394.8
6923,297786,5012,2023-12-11 07:01:08,Velocity Anomaly,High,False Positive,938.12
6924,387626,11868,2025-12-03 01:41:55,Geographic Anomaly,Medium,Confirmed,646.08
6925,929981,16257,2023-01-05 16:01:37,Suspicious Merchant,Low,Confirmed,260.95
6926,974789,16185,2025-10-16 10:27:49,Suspicious Merchant,Critical,Closed,422.3
6927,990042,19007,2024-12-26 04:43:28,Unusual Transaction,Medium,Open,1593.49
6928,183734,8316,2022-01-06 04:22:17,Velocity Anomaly,Medium,False Positive,450.66
6929,725284,15755,2022-11-03 07:32:08,Unusual Transaction,High,Closed,548.25
6930,939255,942,2024-05-27 05:28:23,Velocity Anomaly,Medium,Closed,471.75
6931,364747,12759,2025-04-21 00:40:59,Geographic Anomaly,High,Open,1792.96
6932,890285,13903,2023-04-02 22:08:55,Suspicious Merchant,Critical,Confirmed,187.92
6933,627676,10427,2022-11-28 18:02:13,Unusual Transaction,Medium,Confirmed,657.27
6934,956604,23098,2022-11-03 09:28:59,Geographic Anomaly,Medium,False Positive,156.2
6935,151891,11048,2023-01-27 01:29:40,Suspicious Merchant,High,False Positive,58.31
6936,536720,3330,2024-01-07 03:06:00,Velocity Anomaly,Low,Closed,667.55
6937,10957,19012,2023-12-07 22:29:46,Suspicious Merchant,Low,False Positive,7196.29
6938,330810,21942,2025-03-14 11:59:36,Geographic Anomaly,High,False Positive,606.95
6939,206042,23462,2024-02-27 23:18:01,Unusual Transaction,High,Confirmed,975.83
6940,485155,12273,2023-10-26 20:06:30,Unusual Transaction,Critical,Investigating,546.58
6941,956022,12935,2025-07-12 21:08:28,Suspicious Merchant,Low,Confirmed,5699.04
6942,566030,23205,2022-02-05 23:10:25,Geographic Anomaly,Low,Investigating,531.51
6943,806893,6597,2022-12-09 12:14:38,High Value Transaction,Low,False Positive,2316.05
6944,613594,18019,2024-01-26 01:57:28,Velocity Anomaly,High,False Positive,2155.89
6945,918843,10054,2025-06-04 23:17:49,Velocity Anomaly,Medium,Confirmed,1290.8
6946,444269,1128,2022-12-25 03:23:21,Geographic Anomaly,Medium,Confirmed,4525.19
6947,87497,13606,2023-01-27 02:53:55,High Value Transaction,Low,Investigating,890.24
6948,182612,1254,2025-05-22 14:19:07,Unusual Transaction,Medium,Investigating,433.79
6949,116224,15125,2022-05-11 07:24:19,Possible Account Takeover,Medium,Closed,799.42
6950,732669,8430,2023-08-16 12:56:07,Possible Account Takeover,Low,Closed,215.49
6951,74658,22028,2023-01-26 15:09:27,Geographic Anomaly,High,Open,7235.01
6952,349659,9351,2022-11-12 21:23:10,High Value Transaction,Low,False Positive,2004.81
6953,517620,8383,2025-08-22 01:44:11,High Value Transaction,High,Confirmed,1030.76
6954,507504,4941,2025-03-04 18:03:09,Velocity Anomaly,High,Confirmed,275.44
6955,530747,10605,2024-04-19 03:39:44,Unusual Transaction,Medium,False Positive,11737.01
6956,889967,10028,2023-05-21 14:55:56,Suspicious Merchant,Low,Confirmed,2423.13
6957,68299,10701,2023-07-12 03:49:08,High Value Transaction,Medium,Open,147.97
6958,866738,2605,2022-02-27 03:57:50,Suspicious Merchant,High,Investigating,2886.51
6959,227133,1981,2023-06-18 06:35:42,Possible Account Takeover,Medium,Investigating,774.41
6960,754606,19897,2025-10-22 00:49:13,Suspicious Merchant,High,Open,459.9
6961,552912,20062,2025-03-03 08:50:03,Unusual Transaction,Critical,Confirmed,51.7
6962,186840,6003,2025-03-03 07:32:29,Unusual Transaction,Critical,Confirmed,214.06
6963,549143,16361,2023-10-27 11:58:33,Suspicious Merchant,Medium,False Positive,739.66
6964,560543,520,2025-12-16 20:52:29,Geographic Anomaly,High,Confirmed,824.97
6965,397291,61,2022-06-27 13:35:22,High Value Transaction,Critical,Investigating,77.9
6966,638137,22884,2025-07-09 18:46:29,Geographic Anomaly,Medium,Investigating,644.1
6967,537093,10437,2023-03-06 08:39:34,Suspicious Merchant,Medium,Closed,34.49
6968,484979,14040,2024-10-03 05:44:26,High Value Transaction,Low,Investigating,12123.58
6969,510871,21671,2022-01-24 03:00:22,Velocity Anomaly,Low,Closed,321.17
6970,343354,9964,2025-06-20 20:07:14,Geographic Anomaly,High,Confirmed,197.21
6971,55465,20526,2023-10-17 14:33:48,Geographic Anomaly,Medium,Closed,8151.87
6972,262503,3936,2025-06-22 01:59:07,Suspicious Merchant,High,Confirmed,6613.96
6973,620974,19233,2024-12-24 14:26:31,Possible Account Takeover,High,Investigating,2043.76
6974,790089,510,2025-08-05 13:19:18,Suspicious Merchant,High,False Positive,1548.87
6975,311615,21793,2022-07-18 03:39:15,Geographic Anomaly,Medium,False Positive,213.41
6976,475691,19915,2025-07-24 10:16:07,High Value Transaction,Low,False Positive,400.01
6977,79060,4287,2025-09-08 13:55:56,Possible Account Takeover,High,Confirmed,371.96
6978,742448,778,2024-12-14 03:11:12,Suspicious Merchant,Medium,Open,144.8
6979,492232,19087,2024-08-23 23:21:56,Suspicious Merchant,Medium,False Positive,233.56
6980,24841,15429,2022-08-26 00:10:12,Geographic Anomaly,Low,Closed,771.58
6981,327404,17592,2023-04-03 00:52:35,Geographic Anomaly,High,Closed,99.53
6982,70215,22035,2025-11-13 03:09:05,Velocity Anomaly,High,False Positive,655.75
6983,959106,16719,2025-06-18 20:31:03,Suspicious Merchant,Medium,Open,108.3
6984,89443,2997,2025-08-10 07:17:34,Geographic Anomaly,Medium,Investigating,1508.69
6985,665722,4493,2024-01-09 16:18:17,Unusual Transaction,High,False Positive,772.55
6986,495197,5959,2024-12-15 15:58:24,Possible Account Takeover,Medium,False Positive,21937.62
6987,700341,18447,2025-06-02 06:29:12,Unusual Transaction,Low,Closed,1700.86
6988,361245,7288,2023-04-13 06:29:32,Possible Account Takeover,High,False Positive,127.98
6989,784438,2296,2024-04-04 10:31:40,Suspicious Merchant,Low,Closed,3448.82
6990,479868,22869,2023-06-01 11:42:01,Velocity Anomaly,Medium,False Positive,812.72
6991,501530,14736,2022-10-09 11:45:37,Geographic Anomaly,Medium,False Positive,2920.49
6992,946405,12851,2025-12-01 21:49:16,Geographic Anomaly,Medium,False Positive,2875.68
6993,636851,17622,2024-09-24 08:38:00,Geographic Anomaly,Low,Investigating,675.6
6994,297289,14642,2025-11-04 00:41:30,Suspicious Merchant,Medium,False Positive,209.45
6995,284220,47,2022-12-12 03:13:04,Possible Account Takeover,Medium,Closed,469.26
6996,76764,16875,2025-06-26 05:20:10,Geographic Anomaly,Medium,Investigating,181.79
6997,962097,18461,2022-09-01 09:00:31,Unusual Transaction,High,False Positive,367.98
6998,306761,12053,2025-05-26 04:44:01,Geographic Anomaly,Critical,Confirmed,4105.89
6999,227579,10031,2023-10-21 07:08:00,Suspicious Merchant,Low,False Positive,3072.42
7000,55924,14491,2024-12-19 06:16:16,Velocity Anomaly,High,False Positive,5804.0
7001,512976,22995,2023-12-26 10:47:09,Unusual Transaction,Medium,Closed,2722.6
7002,464495,19650,2025-01-10 03:09:05,Geographic Anomaly,Medium,False Positive,2305.96
7003,403606,1077,2023-11-23 13:08:46,Geographic Anomaly,Medium,Confirmed,1039.65
7004,375487,4294,2024-02-17 10:51:23,High Value Transaction,Medium,Open,162.02
7005,390606,6840,2022-01-29 10:39:52,Possible Account Takeover,High,False Positive,1620.95
7006,66912,10500,2023-11-15 01:25:30,Unusual Transaction,Medium,Confirmed,581.35
7007,861101,3905,2025-10-20 16:57:09,High Value Transaction,Medium,False Positive,1629.71
7008,290620,12869,2025-08-22 07:48:17,Velocity Anomaly,High,Investigating,5644.9
7009,706032,12068,2025-11-20 14:39:33,Possible Account Takeover,Low,Closed,483.35
7010,612563,19078,2025-03-12 17:18:39,Unusual Transaction,Low,Confirmed,351.74
7011,761738,10996,2025-06-12 03:53:54,Geographic Anomaly,Low,Closed,114.09
7012,756905,15868,2025-02-28 12:46:38,Unusual Transaction,Low,False Positive,2905.71
7013,904149,23769,2025-02-11 12:46:52,Geographic Anomaly,Medium,Investigating,2783.53
7014,62320,22950,2025-09-19 21:51:26,Possible Account Takeover,Medium,False Positive,1316.99
7015,678304,8801,2022-05-02 13:47:05,Geographic Anomaly,Medium,Closed,57.27
7016,491264,11611,2023-07-08 21:26:43,Velocity Anomaly,Low,False Positive,435.49
7017,390423,23147,2023-07-17 05:09:52,Suspicious Merchant,High,Confirmed,508.26
7018,247012,24269,2023-06-04 02:54:52,Geographic Anomaly,High,Closed,7850.47
7019,632697,17264,2022-06-11 11:03:54,Velocity Anomaly,Critical,Confirmed,2357.05
7020,456246,17690,2022-11-21 01:34:41,Suspicious Merchant,High,Confirmed,824.64
7021,830147,20099,2023-07-30 21:36:29,Possible Account Takeover,High,False Positive,218.97
7022,32460,10569,2023-11-02 17:57:08,Possible Account Takeover,High,Investigating,789.92
7023,251964,10967,2024-05-10 10:43:12,Unusual Transaction,Medium,False Positive,907.88
7024,611333,15658,2023-03-30 06:32:04,Velocity Anomaly,Low,False Positive,548.73
7025,710063,12675,2024-10-07 12:24:31,Velocity Anomaly,Medium,False Positive,1137.87
7026,587117,16179,2024-04-10 13:55:46,High Value Transaction,Low,Investigating,439.27
7027,7536,3302,2023-05-14 15:21:15,High Value Transaction,High,False Positive,1775.81
7028,850360,22252,2025-05-08 22:31:54,Suspicious Merchant,Medium,False Positive,937.11
7029,132270,3291,2024-08-07 07:17:35,Suspicious Merchant,High,False Positive,161.57
7030,738531,17146,2025-06-21 22:43:45,High Value Transaction,Low,False Positive,3364.68
7031,851852,13139,2024-02-19 09:52:05,Suspicious Merchant,Medium,Investigating,295.77
7032,98655,12078,2023-03-24 01:18:53,Geographic Anomaly,Medium,False Positive,3435.72
7033,383474,1144,2024-06-20 11:58:19,High Value Transaction,Medium,False Positive,357.94
7034,501331,7942,2023-03-15 19:46:16,Velocity Anomaly,Medium,False Positive,840.36
7035,660661,9613,2022-12-12 01:19:43,Geographic Anomaly,Low,False Positive,314.19
7036,666199,4670,2024-12-05 03:59:40,Suspicious Merchant,Medium,Confirmed,3154.28
7037,108255,9018,2023-01-23 18:10:59,Possible Account Takeover,Medium,Confirmed,7075.18
7038,2593,8702,2023-11-22 01:32:25,Unusual Transaction,High,False Positive,1536.19
7039,829857,4784,2023-10-22 14:46:26,High Value Transaction,Medium,Confirmed,5490.47
7040,973967,1133,2023-12-08 03:30:04,Possible Account Takeover,Medium,Confirmed,230.64
7041,148812,8128,2024-03-13 01:37:52,Suspicious Merchant,Critical,False Positive,245.51
7042,699155,15158,2022-11-27 02:18:23,Velocity Anomaly,Medium,False Positive,2177.79
7043,26910,13284,2025-05-15 07:49:12,Unusual Transaction,Medium,Open,1157.21
7044,640401,3799,2023-04-29 19:51:05,Possible Account Takeover,Medium,Closed,22111.29
7045,25672,3679,2025-07-30 04:25:29,Unusual Transaction,High,Open,7907.36
7046,783006,7041,2024-06-13 08:32:26,High Value Transaction,Medium,False Positive,4021.78
7047,664059,24665,2022-06-12 04:27:07,Suspicious Merchant,Medium,False Positive,179.22
7048,953552,14728,2024-02-09 04:15:40,Velocity Anomaly,High,Investigating,113.04
7049,630566,9654,2024-11-03 12:32:55,Suspicious Merchant,Low,Closed,10487.07
7050,334041,22082,2022-09-04 00:10:08,Unusual Transaction,High,Confirmed,135.83
7051,749164,18468,2023-04-06 20:29:41,Possible Account Takeover,Medium,Investigating,620.33
7052,257225,10014,2024-06-06 02:16:01,High Value Transaction,Medium,False Positive,3416.36
7053,189147,3404,2023-06-26 11:42:47,High Value Transaction,High,False Positive,233.09
7054,839201,6329,2025-04-27 06:44:53,Suspicious Merchant,Medium,Closed,3046.72
7055,121188,6655,2022-09-22 05:26:09,Possible Account Takeover,High,Confirmed,20330.45
7056,854743,23387,2023-09-23 12:50:58,Possible Account Takeover,Critical,Confirmed,632.77
7057,673422,11438,2024-11-22 12:53:46,Unusual Transaction,Medium,Open,191.84
7058,881048,10943,2025-08-23 00:56:43,Suspicious Merchant,High,False Positive,2489.88
7059,594067,17826,2023-06-04 20:16:56,Suspicious Merchant,Low,False Positive,1984.39
7060,792108,14648,2025-02-21 18:23:53,Geographic Anomaly,High,Closed,1015.6
7061,404789,18427,2022-08-01 05:04:46,Suspicious Merchant,Medium,False Positive,2672.6
7062,559674,16356,2022-03-28 09:19:25,High Value Transaction,Medium,Closed,2209.75
7063,226595,24145,2024-11-25 05:17:56,Unusual Transaction,Low,Closed,64.76
7064,753157,16649,2022-10-28 15:33:39,Possible Account Takeover,Medium,Confirmed,423.68
7065,811816,4466,2024-02-21 02:25:54,Suspicious Merchant,Low,Investigating,1216.01
7066,929761,13319,2023-02-08 23:29:14,Unusual Transaction,High,Investigating,2187.78
7067,384971,5728,2025-01-28 08:35:01,Suspicious Merchant,High,Confirmed,3569.6
7068,899798,13488,2022-10-19 04:09:09,Possible Account Takeover,Low,False Positive,1029.45
7069,667278,22801,2025-04-05 21:16:37,Velocity Anomaly,Low,Investigating,304.42
7070,662010,15103,2022-06-27 19:54:59,Possible Account Takeover,High,Confirmed,186.72
7071,159423,21104,2022-02-09 05:37:20,Possible Account Takeover,Medium,Confirmed,280.57
7072,315858,17776,2025-09-25 22:09:30,Possible Account Takeover,Low,Open,6590.99
7073,569790,23126,2024-03-13 16:18:38,Suspicious Merchant,Medium,Confirmed,682.55
7074,902663,20429,2025-05-12 15:41:04,Geographic Anomaly,Medium,Investigating,365.05
7075,507356,19389,2025-06-12 11:58:01,Possible Account Takeover,Low,Confirmed,20.88
7076,419266,24230,2025-04-20 16:17:49,High Value Transaction,High,Investigating,1283.9
7077,354899,20843,2023-12-13 12:47:20,High Value Transaction,Medium,False Positive,2095.91
7078,246846,402,2023-04-05 22:15:57,Unusual Transaction,Low,Open,1152.76
7079,168129,7109,2023-10-22 12:20:07,Geographic Anomaly,High,Closed,1162.96
7080,292544,14191,2023-07-05 05:48:59,Unusual Transaction,Medium,False Positive,952.06
7081,278388,23801,2025-06-19 15:13:14,High Value Transaction,Medium,Confirmed,584.85
7082,858681,23925,2023-09-21 14:13:10,High Value Transaction,Low,False Positive,725.08
7083,871961,8131,2024-10-23 12:06:33,Velocity Anomaly,Low,Confirmed,193.49
7084,332765,8918,2023-12-16 01:38:55,Possible Account Takeover,Medium,Investigating,8547.53
7085,218937,23837,2024-05-18 10:28:40,High Value Transaction,Low,False Positive,2140.51
7086,173959,19556,2025-09-07 22:32:03,Suspicious Merchant,Medium,Closed,5721.9
7087,715262,13510,2025-01-25 09:44:52,Suspicious Merchant,Low,Closed,2149.4
7088,769101,7633,2022-02-13 11:10:59,Unusual Transaction,High,False Positive,216.26
7089,213461,13512,2023-06-14 09:17:29,Unusual Transaction,High,Confirmed,169.03
7090,41451,19326,2025-10-16 13:55:33,Possible Account Takeover,Medium,Confirmed,2391.43
7091,25449,2726,2025-05-05 00:51:11,Possible Account Takeover,High,False Positive,5652.08
7092,527612,10436,2023-09-12 12:02:10,Velocity Anomaly,High,False Positive,1225.23
7093,508737,10873,2025-02-02 04:47:29,Geographic Anomaly,Medium,Confirmed,56.25
7094,438388,2767,2023-10-01 03:18:11,Unusual Transaction,Medium,Closed,714.21
7095,338037,13946,2023-01-05 04:05:32,Possible Account Takeover,Medium,Confirmed,321.44
7096,650252,19875,2025-08-30 18:01:14,Unusual Transaction,High,False Positive,1718.2
7097,701139,17643,2025-06-23 23:47:28,Possible Account Takeover,Low,Closed,412.94
7098,899620,7961,2023-07-11 10:15:24,High Value Transaction,Medium,Closed,21639.58
7099,871930,1625,2025-04-07 07:24:38,Unusual Transaction,Medium,False Positive,299.13
7100,184862,16760,2025-06-02 15:41:20,High Value Transaction,High,Confirmed,1337.02
7101,820548,1228,2025-03-17 14:01:43,Unusual Transaction,High,Investigating,3634.24
7102,553703,18321,2025-11-25 05:36:19,Geographic Anomaly,Medium,Open,5358.0
7103,221744,20435,2022-03-05 08:28:48,Velocity Anomaly,Low,False Positive,97.93
7104,840365,13502,2022-12-11 16:36:21,Suspicious Merchant,Critical,False Positive,440.41
7105,850774,20602,2023-05-17 20:28:53,Suspicious Merchant,Low,False Positive,404.91
7106,47372,4757,2022-06-11 05:57:01,Suspicious Merchant,Low,Confirmed,2203.65
7107,621128,18961,2025-09-30 17:47:07,High Value Transaction,Medium,Confirmed,95.58
7108,718195,10194,2024-03-11 00:46:30,Possible Account Takeover,High,False Positive,148.51
7109,831822,21434,2022-05-19 13:07:13,Suspicious Merchant,High,Closed,1624.49
7110,747783,6654,2022-05-21 12:19:12,Geographic Anomaly,High,Open,312.22
7111,817692,24145,2025-02-19 18:19:02,Suspicious Merchant,Low,False Positive,339.36
7112,687608,6647,2024-04-01 03:14:22,Unusual Transaction,Medium,Confirmed,2432.04
7113,590676,17519,2023-01-25 00:59:04,High Value Transaction,Medium,False Positive,41.05
7114,618828,8622,2023-08-05 07:52:23,Unusual Transaction,High,Closed,273.38
7115,444511,21483,2024-05-21 12:37:59,Unusual Transaction,Medium,Confirmed,287.57
7116,569511,20660,2023-07-17 00:56:47,Unusual Transaction,Low,Open,6495.76
7117,786119,7655,2024-02-14 03:21:36,Velocity Anomaly,High,Investigating,979.2
7118,428379,7701,2022-02-23 05:27:23,Velocity Anomaly,Medium,Investigating,121.27
7119,957541,14607,2024-01-15 22:48:54,Possible Account Takeover,Medium,False Positive,422.5
7120,511947,14191,2022-12-14 04:22:14,High Value Transaction,High,Open,9033.73
7121,537281,20614,2025-06-08 20:09:08,Geographic Anomaly,Medium,Open,3642.35
7122,441092,7164,2025-10-16 14:29:27,Geographic Anomaly,Low,False Positive,1514.93
7123,568830,2474,2025-11-05 15:32:45,Geographic Anomaly,Medium,False Positive,382.63
7124,336556,23309,2024-11-18 01:56:53,Unusual Transaction,Medium,Confirmed,1006.18
7125,789065,4008,2024-04-19 18:42:52,Velocity Anomaly,Low,False Positive,396.96
7126,429123,5732,2022-08-28 02:40:50,High Value Transaction,High,False Positive,1271.01
7127,480875,9711,2025-12-12 15:46:58,Unusual Transaction,Low,Investigating,4326.89
7128,63991,21219,2023-10-02 20:10:42,Velocity Anomaly,High,False Positive,434.99
7129,250853,11543,2022-09-28 18:01:44,Velocity Anomaly,Low,False Positive,79.55
7130,162859,3005,2024-01-18 03:55:36,Suspicious Merchant,Medium,Confirmed,3410.78
7131,495372,16656,2024-05-07 01:41:04,Suspicious Merchant,Medium,False Positive,148.82
7132,304519,23424,2023-10-29 12:24:26,High Value Transaction,High,False Positive,1009.23
7133,169004,24549,2025-06-18 02:55:48,High Value Transaction,Medium,False Positive,173.89
7134,963823,10402,2022-01-18 23:27:41,High Value Transaction,High,False Positive,113.05
7135,459827,13316,2024-11-30 23:46:30,Unusual Transaction,High,False Positive,12438.0
7136,397615,11991,2022-07-03 16:07:30,Possible Account Takeover,High,False Positive,569.55
7137,799906,3287,2022-03-16 22:39:05,High Value Transaction,High,False Positive,273.93
7138,102540,941,2024-02-21 03:05:51,Suspicious Merchant,Low,Confirmed,1711.78
7139,55707,13720,2025-01-18 03:12:46,Possible Account Takeover,High,Investigating,1610.03
7140,93676,11977,2025-04-14 04:37:04,Unusual Transaction,High,Confirmed,551.34
7141,983916,16954,2023-08-09 22:14:48,Possible Account Takeover,Critical,Investigating,4648.02
7142,759046,20432,2025-12-25 01:24:37,Geographic Anomaly,Low,Confirmed,921.32
7143,950433,15416,2023-12-25 14:39:27,Possible Account Takeover,Medium,Confirmed,261.74
7144,887101,13816,2023-12-27 12:41:47,High Value Transaction,Low,Closed,3913.1
7145,519881,18320,2025-03-19 05:33:51,Unusual Transaction,Medium,Closed,6711.92
7146,546867,7707,2022-06-20 17:35:11,High Value Transaction,High,False Positive,346.96
7147,289245,13707,2025-05-21 17:26:46,Suspicious Merchant,Critical,Closed,1890.44
7148,789099,17537,2022-09-23 04:33:23,Geographic Anomaly,Medium,Closed,610.27
7149,607446,2229,2025-03-28 02:37:19,Suspicious Merchant,High,Closed,629.04
7150,53563,14192,2025-01-05 08:22:45,High Value Transaction,Low,Open,647.26
7151,484519,20507,2025-08-18 23:12:46,High Value Transaction,Low,Confirmed,1876.67
7152,164234,14364,2024-01-02 09:50:41,High Value Transaction,Medium,False Positive,1150.88
7153,266987,1633,2023-07-17 10:02:28,Velocity Anomaly,Medium,Investigating,766.95
7154,213517,745,2023-10-07 14:09:11,Geographic Anomaly,High,False Positive,10584.14
7155,73637,7443,2023-09-03 02:21:39,High Value Transaction,Medium,Investigating,687.66
7156,452709,5235,2024-12-09 06:01:38,High Value Transaction,Medium,Confirmed,366.77
7157,240863,13276,2023-01-01 09:20:28,Suspicious Merchant,Medium,Open,684.06
7158,719153,22333,2022-12-27 19:07:08,Suspicious Merchant,Medium,False Positive,676.57
7159,2726,24184,2022-10-19 16:41:32,High Value Transaction,High,False Positive,847.6
7160,930942,20601,2024-05-07 17:34:57,Unusual Transaction,Medium,False Positive,2496.22
7161,179679,12608,2025-12-22 15:04:17,Velocity Anomaly,Medium,Confirmed,1010.18
7162,146325,6454,2022-12-04 22:57:41,Suspicious Merchant,High,False Positive,946.26
7163,94478,8458,2024-12-23 08:22:54,Unusual Transaction,Medium,False Positive,830.72
7164,402657,9133,2024-08-22 08:51:33,Velocity Anomaly,High,False Positive,221.65
7165,361146,9004,2022-02-05 02:31:59,High Value Transaction,Low,Confirmed,378.23
7166,327946,18226,2022-10-25 02:20:43,Geographic Anomaly,Low,Open,1001.6
7167,957848,10967,2023-11-30 17:03:09,Possible Account Takeover,Critical,Open,248.76
7168,283012,24235,2024-05-19 10:47:19,Possible Account Takeover,High,False Positive,423.01
7169,304700,21379,2025-11-20 14:00:37,High Value Transaction,Medium,Confirmed,662.79
7170,487126,5159,2022-07-13 15:44:44,Suspicious Merchant,Medium,Investigating,323.78
7171,24318,5395,2022-08-09 04:04:10,Unusual Transaction,High,Investigating,1554.34
7172,174290,19636,2023-10-30 09:35:36,Geographic Anomaly,Low,False Positive,3005.58
7173,10036,17229,2023-09-15 11:14:55,Velocity Anomaly,Low,False Positive,183.26
7174,15276,18845,2025-04-02 12:05:35,High Value Transaction,Medium,False Positive,463.04
7175,464618,3682,2024-11-02 02:16:30,Geographic Anomaly,Low,False Positive,172.49
7176,250328,13725,2024-05-05 19:14:09,Geographic Anomaly,Low,Investigating,495.18
7177,640039,24688,2023-05-18 01:07:50,Suspicious Merchant,High,Confirmed,659.26
7178,492572,22053,2023-04-06 09:01:55,Velocity Anomaly,Low,Confirmed,789.31
7179,94474,20427,2023-07-13 15:36:40,Geographic Anomaly,High,Confirmed,957.67
7180,998861,22298,2022-01-16 03:43:50,Suspicious Merchant,Medium,Closed,3504.16
7181,241952,3088,2023-08-02 00:07:28,Unusual Transaction,Medium,False Positive,10893.77
7182,966291,8540,2023-02-10 01:53:34,Suspicious Merchant,High,False Positive,55.85
7183,904701,18271,2025-06-02 15:43:23,Unusual Transaction,Medium,Investigating,1201.28
7184,186123,12250,2025-03-11 10:40:33,Unusual Transaction,Low,Confirmed,650.43
7185,889909,13168,2024-06-22 20:29:51,Geographic Anomaly,Low,Investigating,4043.5
7186,727005,9265,2024-12-10 19:06:31,Suspicious Merchant,High,False Positive,4503.35
7187,715908,16222,2022-06-20 11:51:58,Unusual Transaction,Low,Confirmed,1889.94
7188,502891,7633,2022-05-23 14:32:21,Velocity Anomaly,Low,Confirmed,883.44
7189,884288,19618,2024-06-13 14:45:02,Geographic Anomaly,Critical,False Positive,429.75
7190,962574,824,2024-05-16 02:11:27,Suspicious Merchant,Critical,Closed,2467.86
7191,515166,10856,2022-08-01 08:27:02,Suspicious Merchant,Medium,Investigating,587.11
7192,33081,16814,2022-11-07 18:03:55,Possible Account Takeover,Low,Open,1083.15
7193,108653,12864,2025-06-30 22:59:58,Suspicious Merchant,High,Investigating,1276.94
7194,925191,20769,2025-06-03 08:20:30,Geographic Anomaly,High,False Positive,134.01
7195,61420,10064,2023-04-29 09:14:25,Velocity Anomaly,Low,Investigating,164.52
7196,390865,10981,2025-08-15 14:36:12,Suspicious Merchant,Low,False Positive,3858.35
7197,281283,8259,2024-07-04 10:31:53,Possible Account Takeover,High,False Positive,1828.62
7198,571616,6213,2023-02-13 05:46:14,Geographic Anomaly,High,Confirmed,100.24
7199,482054,20913,2024-04-12 14:43:21,Unusual Transaction,High,Open,182.75
7200,64904,18645,2022-05-01 12:44:17,High Value Transaction,Low,Confirmed,2748.25
7201,305340,5756,2022-09-02 09:30:34,High Value Transaction,Medium,Investigating,283.3
7202,231249,16158,2025-06-12 20:51:48,Unusual Transaction,Medium,Investigating,653.18
7203,861602,9575,2024-04-20 17:49:03,Suspicious Merchant,Low,False Positive,144.73
7204,51943,6726,2024-11-06 08:25:17,High Value Transaction,Low,False Positive,828.74
7205,560785,2395,2023-02-16 23:16:42,High Value Transaction,Medium,Open,199.06
7206,567902,13106,2022-03-29 09:45:12,Unusual Transaction,Medium,False Positive,1216.2
7207,131409,11304,2022-12-12 15:01:26,Suspicious Merchant,Medium,Investigating,703.34
7208,200965,2017,2024-08-12 07:10:47,Suspicious Merchant,High,False Positive,734.6
7209,214732,14367,2023-04-28 02:35:59,Unusual Transaction,High,False Positive,1973.24
7210,571341,4292,2025-05-11 02:42:25,Suspicious Merchant,High,False Positive,93.72
7211,319381,8687,2022-11-07 16:19:25,Suspicious Merchant,High,Confirmed,1613.34
7212,153152,2217,2024-01-26 13:12:52,Geographic Anomaly,Medium,False Positive,1598.47
7213,703140,8208,2024-03-15 14:08:49,Geographic Anomaly,Medium,False Positive,176.86
7214,63823,21115,2025-01-15 08:48:35,Unusual Transaction,Medium,Open,3062.23
7215,304290,14678,2025-04-27 22:31:09,Velocity Anomaly,Low,False Positive,761.19
7216,659254,21114,2023-03-03 02:37:46,High Value Transaction,High,False Positive,650.62
7217,574492,12888,2025-03-05 23:30:13,Geographic Anomaly,Low,Confirmed,442.26
7218,922384,12765,2022-11-09 20:25:32,High Value Transaction,Medium,Confirmed,2369.64
7219,773288,11902,2024-12-17 17:03:50,Possible Account Takeover,Medium,False Positive,1361.29
7220,88712,14014,2022-07-25 04:59:18,Unusual Transaction,Medium,Open,436.27
7221,606103,16970,2024-12-20 08:30:01,Velocity Anomaly,High,Confirmed,588.52
7222,551394,7293,2023-12-14 01:50:57,Possible Account Takeover,Medium,Confirmed,175.77
7223,795950,21468,2022-12-16 15:19:13,Possible Account Takeover,Low,Open,636.48
7224,728481,21964,2025-02-07 06:58:13,Suspicious Merchant,Low,Investigating,712.74
7225,271886,14544,2025-03-26 13:41:11,Possible Account Takeover,High,Confirmed,1134.33
7226,272363,17235,2025-01-24 21:04:04,Unusual Transaction,Medium,Investigating,229.32
7227,465770,18451,2022-11-25 08:19:44,Geographic Anomaly,Medium,False Positive,306.38
7228,681325,15112,2023-05-20 15:29:57,Unusual Transaction,Medium,Confirmed,8026.19
7229,191295,426,2025-05-10 03:27:36,Geographic Anomaly,Low,Open,10452.18
7230,435043,17690,2024-05-06 10:52:44,Possible Account Takeover,Medium,Confirmed,260.93
7231,480930,3223,2023-10-10 19:48:36,Possible Account Takeover,High,Open,2743.68
7232,171227,5028,2023-01-10 08:17:10,Velocity Anomaly,High,Confirmed,6213.71
7233,830017,16403,2022-03-13 07:08:04,Geographic Anomaly,High,Confirmed,84.39
7234,785597,5767,2022-03-07 13:37:11,Possible Account Takeover,Low,False Positive,2265.59
7235,290998,18167,2022-07-01 09:48:04,Suspicious Merchant,Medium,Confirmed,1578.59
7236,599359,6941,2025-05-10 03:59:56,High Value Transaction,Low,Confirmed,93.49
7237,481119,6829,2022-12-17 06:59:48,Velocity Anomaly,Low,False Positive,17.15
7238,904821,23835,2022-01-23 02:23:16,Unusual Transaction,Medium,Confirmed,356.12
7239,683131,23904,2024-03-04 17:28:03,Velocity Anomaly,Medium,False Positive,874.53
7240,144352,2935,2025-04-18 12:42:55,High Value Transaction,High,False Positive,511.9
7241,375834,18266,2024-10-17 04:43:53,Geographic Anomaly,High,Investigating,3269.6
7242,759036,20592,2025-02-04 16:49:04,Unusual Transaction,High,Closed,454.51
7243,577654,8394,2023-12-20 04:48:17,Unusual Transaction,High,Closed,1514.49
7244,766007,14129,2023-12-03 03:07:21,Geographic Anomaly,Low,Confirmed,169.03
7245,344976,1378,2022-06-18 12:38:20,Velocity Anomaly,Medium,Closed,956.06
7246,15104,3131,2022-09-11 15:48:54,Possible Account Takeover,Medium,False Positive,846.59
7247,455504,4112,2023-03-13 13:49:25,Velocity Anomaly,Medium,Closed,606.94
7248,376121,15638,2023-03-31 07:18:26,High Value Transaction,Low,False Positive,155.02
7249,391562,9023,2024-09-29 10:20:51,Suspicious Merchant,Low,False Positive,1766.55
7250,627624,16348,2024-01-07 13:47:25,Possible Account Takeover,Medium,Open,50.42
7251,711498,4609,2023-04-25 08:28:41,Velocity Anomaly,High,Confirmed,1244.16
7252,666649,3785,2024-08-08 07:29:18,Suspicious Merchant,High,Investigating,1514.78
7253,47933,21831,2023-08-03 08:17:08,Suspicious Merchant,Medium,Confirmed,4060.19
7254,837120,4603,2023-06-07 20:11:24,Geographic Anomaly,Medium,Closed,1066.0
7255,425873,21130,2023-03-28 13:46:55,High Value Transaction,Medium,Open,158.77
7256,959934,14901,2024-02-21 06:49:33,High Value Transaction,High,False Positive,187.87
7257,50512,1774,2024-02-17 17:50:02,High Value Transaction,Low,Investigating,206.89
7258,938055,10977,2022-07-20 11:03:09,Possible Account Takeover,High,Open,7972.65
7259,806552,3933,2024-12-30 23:42:30,Unusual Transaction,Medium,False Positive,745.92
7260,431178,4438,2023-12-15 23:39:48,Possible Account Takeover,Low,Investigating,1255.34
7261,225959,13500,2025-01-24 16:00:52,Velocity Anomaly,Low,Closed,2038.66
7262,873584,2553,2024-02-26 22:44:10,Suspicious Merchant,Low,Investigating,69.86
7263,810740,2455,2024-11-16 15:47:35,Suspicious Merchant,Medium,Investigating,275.66
7264,396330,15847,2025-08-27 15:36:36,Unusual Transaction,High,Open,1182.97
7265,736964,2616,2025-09-04 04:53:19,Velocity Anomaly,Medium,Confirmed,274.61
7266,489951,13089,2023-04-21 01:48:36,Unusual Transaction,Medium,Open,105.09
7267,202148,23379,2023-04-10 18:06:08,Suspicious Merchant,High,Confirmed,1580.62
7268,651647,11850,2022-10-14 10:56:13,Possible Account Takeover,Low,False Positive,77.72
7269,87437,5215,2023-09-13 06:48:45,High Value Transaction,Low,Open,1274.89
7270,419301,8245,2025-07-30 08:34:32,Suspicious Merchant,Medium,Investigating,2372.92
7271,428155,23175,2022-12-09 14:33:29,Geographic Anomaly,High,False Positive,427.17
7272,835516,13495,2025-05-30 16:33:29,High Value Transaction,Medium,Confirmed,1256.48
7273,5061,2592,2022-01-11 09:07:40,Suspicious Merchant,Medium,Confirmed,462.4
7274,649310,20918,2022-02-12 04:23:13,Possible Account Takeover,Critical,False Positive,686.05
7275,530873,12110,2025-09-22 03:22:21,Unusual Transaction,High,False Positive,146.62
7276,584354,8893,2023-10-10 00:32:48,High Value Transaction,Low,False Positive,687.22
7277,640694,4167,2023-05-11 14:39:47,Possible Account Takeover,High,False Positive,194.34
7278,53936,9016,2023-07-20 15:57:49,Velocity Anomaly,Low,Investigating,2371.33
7279,374598,14010,2025-09-05 05:15:27,Geographic Anomaly,High,Open,190.34
7280,193903,24145,2022-02-09 06:43:34,High Value Transaction,Low,Confirmed,1637.28
7281,218675,2801,2022-03-19 13:03:30,Unusual Transaction,High,Closed,10420.42
7282,512258,8039,2024-01-20 19:06:56,Velocity Anomaly,Medium,Open,1091.01
7283,165397,8313,2024-06-26 12:12:52,Possible Account Takeover,High,False Positive,675.64
7284,137087,20681,2024-01-23 22:37:31,Geographic Anomaly,Medium,False Positive,814.37
7285,545592,17755,2025-05-19 17:08:56,Unusual Transaction,Medium,Confirmed,1069.17
7286,147626,14279,2022-12-07 09:40:42,Possible Account Takeover,Medium,Confirmed,525.58
7287,416036,9271,2025-05-13 17:51:15,Possible Account Takeover,High,Confirmed,130.87
7288,532875,2572,2025-04-24 19:32:55,High Value Transaction,High,Open,337.11
7289,693025,1602,2024-11-12 21:27:17,High Value Transaction,Low,Confirmed,2132.93
7290,599139,6656,2022-07-09 23:27:35,Unusual Transaction,High,Open,3564.75
7291,101298,17561,2022-01-30 12:15:55,Suspicious Merchant,Medium,False Positive,744.92
7292,125188,23677,2023-08-12 21:23:01,Suspicious Merchant,High,Closed,84.54
7293,959232,4620,2025-12-09 11:58:31,Possible Account Takeover,High,False Positive,66.05
7294,614659,8208,2024-02-23 21:57:52,High Value Transaction,Low,False Positive,217.45
7295,790040,11943,2025-01-06 16:11:33,Geographic Anomaly,Critical,Confirmed,1678.41
7296,581272,1489,2025-04-15 13:06:11,Geographic Anomaly,Medium,Investigating,10690.53
7297,986689,4402,2024-02-21 00:57:48,Possible Account Takeover,Low,Open,233.95
7298,282497,23934,2023-07-04 08:46:57,High Value Transaction,High,Confirmed,630.16
7299,25867,4337,2025-10-01 20:38:33,Unusual Transaction,High,False Positive,549.02
7300,681129,10415,2022-02-11 03:13:13,Unusual Transaction,Low,Closed,659.61
7301,287595,6221,2025-02-11 06:34:12,Unusual Transaction,Low,Confirmed,918.54
7302,54321,5210,2024-09-13 19:59:36,Geographic Anomaly,High,Confirmed,1095.14
7303,858197,24081,2022-12-14 00:10:51,High Value Transaction,Low,Confirmed,1465.65
7304,709965,3652,2025-12-13 19:21:33,High Value Transaction,High,Confirmed,665.97
7305,589026,110,2024-08-31 05:54:41,Geographic Anomaly,High,False Positive,1725.11
7306,170538,23175,2022-05-06 11:00:19,Unusual Transaction,Medium,False Positive,4374.4
7307,20160,16700,2023-05-24 18:59:47,Unusual Transaction,Medium,False Positive,861.37
7308,866990,260,2024-09-03 11:03:03,Possible Account Takeover,Medium,False Positive,986.6
7309,775981,5870,2022-11-05 16:36:33,Suspicious Merchant,Medium,Confirmed,116.05
7310,944670,20711,2024-01-16 07:53:54,Velocity Anomaly,High,Closed,170.3
7311,718692,19378,2022-01-04 23:05:32,Suspicious Merchant,Critical,False Positive,215.87
7312,898909,273,2025-12-19 08:33:05,High Value Transaction,Medium,Confirmed,1200.15
7313,931039,1868,2022-12-01 21:18:31,High Value Transaction,Medium,Confirmed,399.13
7314,438121,8728,2022-06-20 16:00:29,High Value Transaction,Low,False Positive,1464.37
7315,979501,17338,2023-03-04 09:15:53,Suspicious Merchant,High,Confirmed,385.02
7316,228352,13070,2022-07-07 14:52:36,Velocity Anomaly,High,False Positive,467.53
7317,833679,7880,2025-09-09 14:45:20,Possible Account Takeover,High,Confirmed,1148.35
7318,59643,157,2023-07-04 09:15:07,Suspicious Merchant,Low,False Positive,655.4
7319,800144,13684,2022-05-14 22:01:19,Velocity Anomaly,High,False Positive,1074.06
7320,244425,16980,2022-11-17 08:18:00,Unusual Transaction,Medium,False Positive,168.24
7321,739297,15742,2023-03-24 17:47:51,Unusual Transaction,High,Closed,216.42
7322,253405,7521,2025-04-15 12:44:14,High Value Transaction,High,Closed,1593.87
7323,528433,2390,2022-03-23 15:19:07,Geographic Anomaly,High,False Positive,102.62
7324,78867,18667,2023-02-20 13:04:50,High Value Transaction,Medium,Open,620.41
7325,520212,8795,2025-03-11 22:52:00,Geographic Anomaly,Medium,Confirmed,1231.84
7326,398448,4334,2022-06-10 16:53:30,Velocity Anomaly,Low,Confirmed,325.33
7327,394740,8944,2023-05-17 10:58:59,Unusual Transaction,High,Investigating,606.73
7328,461639,8029,2025-06-05 14:23:36,Suspicious Merchant,Low,Closed,321.56
7329,324677,8084,2024-08-09 20:08:51,Geographic Anomaly,Medium,Closed,1386.21
7330,597778,11681,2024-03-23 03:40:52,Velocity Anomaly,Low,Confirmed,1708.68
7331,566432,10236,2025-11-20 03:18:52,Unusual Transaction,High,Investigating,1741.64
7332,630043,15685,2022-06-28 00:31:51,Suspicious Merchant,Medium,Open,2442.75
7333,601056,3799,2025-10-20 22:16:33,Geographic Anomaly,High,Confirmed,588.77
7334,800655,7263,2023-02-03 22:51:04,High Value Transaction,High,Open,421.51
7335,758149,394,2025-08-22 08:42:02,High Value Transaction,High,False Positive,198.63
7336,731979,15340,2024-03-20 10:33:26,High Value Transaction,Low,False Positive,5309.97
7337,13904,15982,2023-12-27 03:37:30,Velocity Anomaly,High,Closed,3081.72
7338,419015,15955,2023-08-09 09:19:47,High Value Transaction,Medium,Investigating,947.56
7339,281679,123,2023-07-29 05:42:32,Possible Account Takeover,Low,Confirmed,954.85
7340,466601,10267,2023-03-27 08:13:33,Unusual Transaction,Low,Closed,162.35
7341,445302,20123,2022-10-13 10:06:34,Velocity Anomaly,Medium,Confirmed,1280.26
7342,585822,21788,2024-04-30 12:40:51,Suspicious Merchant,Low,Open,280.87
7343,460809,14762,2024-11-08 09:06:53,High Value Transaction,Medium,Investigating,935.86
7344,319706,1546,2022-10-27 00:37:40,Unusual Transaction,Low,False Positive,664.94
7345,723291,23450,2022-09-28 12:36:44,Geographic Anomaly,Medium,False Positive,41.84
7346,700919,4626,2025-11-19 00:05:51,High Value Transaction,Low,Closed,1593.91
7347,928887,8552,2022-05-05 13:03:49,Unusual Transaction,Medium,Investigating,104.01
7348,767061,8018,2023-06-05 19:51:32,Possible Account Takeover,High,False Positive,2739.73
7349,228181,10253,2023-12-24 11:59:59,Geographic Anomaly,Medium,False Positive,4721.68
7350,654861,12208,2023-04-16 10:12:41,Possible Account Takeover,Medium,Investigating,1134.18
7351,267681,4326,2025-07-17 01:19:02,Suspicious Merchant,Medium,Closed,178.81
7352,125261,220,2022-12-19 15:17:59,Unusual Transaction,Low,False Positive,1712.13
7353,950257,19509,2022-12-27 01:38:27,Possible Account Takeover,Low,Closed,336.48
7354,674669,8847,2022-07-24 01:05:29,Suspicious Merchant,Low,Closed,3500.18
7355,174138,6867,2024-11-22 19:45:20,Unusual Transaction,Critical,Confirmed,5295.5
7356,398237,24224,2024-04-10 03:22:48,Unusual Transaction,High,False Positive,314.66
7357,882892,7275,2023-07-14 03:24:07,Possible Account Takeover,High,Confirmed,285.77
7358,188796,4292,2024-04-17 19:54:59,Unusual Transaction,Critical,False Positive,2166.62
7359,67951,23271,2022-09-03 21:22:50,High Value Transaction,High,False Positive,210.71
7360,152157,6358,2024-06-11 08:48:53,Unusual Transaction,High,False Positive,1216.28
7361,117722,10967,2025-09-20 16:15:04,Velocity Anomaly,High,Open,611.45
7362,477713,14931,2025-01-28 10:56:52,Suspicious Merchant,Medium,False Positive,763.28
7363,218087,1690,2022-03-23 12:14:15,Unusual Transaction,Low,Confirmed,2057.76
7364,450874,15009,2023-12-02 17:22:41,Velocity Anomaly,Medium,Investigating,637.55
7365,252363,4079,2024-01-21 14:34:50,Unusual Transaction,Medium,False Positive,422.69
7366,933352,10981,2023-05-08 13:05:05,Unusual Transaction,Critical,Open,444.81
7367,674774,14362,2022-07-25 18:44:06,Possible Account Takeover,Medium,Investigating,1312.61
7368,619906,13870,2024-12-16 18:06:41,High Value Transaction,High,Investigating,416.09
7369,161290,1906,2023-03-14 15:29:33,Suspicious Merchant,Medium,Confirmed,1110.91
7370,473374,14976,2025-08-05 14:12:41,High Value Transaction,Low,Confirmed,463.42
7371,377726,13954,2025-05-09 08:58:18,Geographic Anomaly,Medium,False Positive,697.3
7372,336624,5580,2022-10-09 16:01:50,Possible Account Takeover,Medium,False Positive,9749.87
7373,57975,3822,2023-03-29 02:19:05,Possible Account Takeover,Medium,Confirmed,1665.1
7374,848547,21973,2024-08-12 03:27:02,High Value Transaction,Medium,Confirmed,337.7
7375,620164,15113,2022-10-12 14:34:06,Possible Account Takeover,Low,Investigating,172.13
7376,283332,16634,2023-02-12 22:46:39,High Value Transaction,Medium,False Positive,3579.09
7377,769861,23656,2023-05-19 01:18:22,Possible Account Takeover,Medium,Confirmed,1766.59
7378,800272,14778,2022-08-23 15:37:45,Unusual Transaction,Medium,Investigating,385.18
7379,626062,17024,2023-04-01 07:24:50,High Value Transaction,Medium,Investigating,350.13
7380,668554,9549,2023-04-10 19:28:54,High Value Transaction,Low,Confirmed,974.77
7381,36250,22831,2025-04-26 04:43:02,Velocity Anomaly,Low,False Positive,5696.01
7382,778012,20908,2024-04-02 16:22:14,Possible Account Takeover,Medium,Open,617.54
7383,886750,10314,2022-01-01 11:46:09,Possible Account Takeover,Medium,Confirmed,392.48
7384,130255,20508,2025-03-21 04:26:37,High Value Transaction,Medium,Investigating,13701.86
7385,547880,23640,2024-01-06 03:17:09,Unusual Transaction,High,Closed,2517.76
7386,420174,1987,2024-07-23 12:08:19,Unusual Transaction,Low,False Positive,734.79
7387,206623,6621,2023-07-26 00:42:20,Suspicious Merchant,Low,Investigating,870.78
7388,818427,8732,2024-04-29 16:38:47,Unusual Transaction,Medium,Investigating,150.46
7389,701564,18472,2024-04-08 18:03:08,Possible Account Takeover,Medium,Closed,5365.6
7390,139903,16494,2022-08-10 07:38:33,Velocity Anomaly,Medium,Investigating,218.61
7391,860579,13590,2022-01-07 12:21:14,High Value Transaction,High,Closed,1147.84
7392,910350,22773,2023-08-31 10:34:36,Geographic Anomaly,High,Confirmed,1994.95
7393,353106,24105,2023-07-14 19:12:31,Velocity Anomaly,Low,Open,164.69
7394,814766,3048,2025-11-21 05:13:37,Geographic Anomaly,High,False Positive,1231.3
7395,204986,5122,2022-03-25 13:26:11,Velocity Anomaly,Low,False Positive,131.59
7396,786187,5302,2023-05-30 21:48:06,Unusual Transaction,Medium,Closed,3991.89
7397,368257,1243,2023-02-03 02:40:40,Possible Account Takeover,High,False Positive,386.91
7398,682812,11120,2024-01-01 07:19:44,Geographic Anomaly,High,Confirmed,123.05
7399,571555,14568,2025-10-26 12:10:12,Velocity Anomaly,Medium,False Positive,244.77
7400,811753,15373,2022-08-08 15:01:22,Possible Account Takeover,Medium,False Positive,751.57
7401,101285,21457,2024-12-23 07:33:27,Geographic Anomaly,Medium,False Positive,6945.93
7402,603845,17422,2022-03-14 12:27:16,High Value Transaction,Low,Confirmed,922.28
7403,421435,23835,2023-12-11 16:46:36,Velocity Anomaly,Low,Investigating,80.76
7404,617917,15851,2023-11-03 23:10:12,High Value Transaction,Medium,Confirmed,832.75
7405,791921,20902,2023-03-19 05:24:06,Unusual Transaction,Medium,False Positive,695.52
7406,681344,4299,2022-12-03 09:29:44,High Value Transaction,High,Confirmed,2767.79
7407,519149,9548,2023-05-02 17:31:41,High Value Transaction,Low,Confirmed,350.77
7408,984123,4708,2022-10-13 11:42:08,Suspicious Merchant,High,False Positive,695.64
7409,611116,9244,2023-02-10 18:17:25,Velocity Anomaly,Low,Open,436.95
7410,695051,19279,2022-12-13 05:11:46,Unusual Transaction,High,False Positive,1039.94
7411,521278,20852,2024-09-29 23:07:09,High Value Transaction,Medium,Closed,2167.96
7412,476840,6769,2023-07-02 02:49:21,Possible Account Takeover,Medium,Confirmed,5369.32
7413,476067,16685,2023-02-20 18:21:31,Geographic Anomaly,High,Confirmed,1277.01
7414,342832,24729,2023-08-08 01:59:40,High Value Transaction,Medium,Confirmed,716.8
7415,142846,2423,2024-12-03 14:26:00,Unusual Transaction,Low,False Positive,1900.12
7416,608357,11332,2024-04-09 08:57:50,High Value Transaction,Medium,False Positive,344.43
7417,859368,6601,2024-01-13 09:46:34,Geographic Anomaly,Low,Open,429.09
7418,870009,23896,2024-05-04 17:59:30,Unusual Transaction,Medium,Open,1913.39
7419,159078,21929,2022-06-20 18:17:28,Velocity Anomaly,Medium,False Positive,157.3
7420,166110,4465,2023-09-15 00:26:46,Unusual Transaction,High,Confirmed,167.6
7421,310013,19234,2023-11-03 01:51:49,Velocity Anomaly,Medium,False Positive,221.54
7422,426893,18460,2025-11-22 07:24:43,Unusual Transaction,Low,False Positive,6275.05
7423,618385,2125,2025-11-03 01:20:32,Geographic Anomaly,High,False Positive,6459.13
7424,972478,10641,2025-06-16 22:46:43,Geographic Anomaly,Medium,Closed,1213.75
7425,771173,1736,2022-08-03 21:26:48,Unusual Transaction,Medium,Open,576.29
7426,304523,5966,2022-04-15 03:38:37,High Value Transaction,Medium,Investigating,656.33
7427,487174,20680,2023-08-12 12:31:43,Geographic Anomaly,Medium,False Positive,7182.56
7428,209485,17501,2023-03-16 11:38:00,Velocity Anomaly,Medium,Open,1202.11
7429,153588,13357,2025-11-22 12:15:24,Velocity Anomaly,Medium,False Positive,66.88
7430,899968,13374,2025-05-09 17:51:08,Possible Account Takeover,Low,Closed,2926.92
7431,152237,11985,2024-02-16 10:22:42,Suspicious Merchant,Critical,Closed,2016.4
7432,490179,17372,2025-09-27 02:14:07,Suspicious Merchant,High,False Positive,70.12
7433,848847,12909,2025-12-12 14:38:53,Suspicious Merchant,Medium,Closed,4927.77
7434,856342,16979,2024-08-24 21:41:04,Velocity Anomaly,High,Investigating,75.11
7435,714702,11678,2022-04-12 20:36:32,Possible Account Takeover,Medium,Confirmed,17886.2
7436,570556,12006,2024-07-27 02:47:37,Suspicious Merchant,Low,Confirmed,1212.86
7437,377493,14505,2023-04-05 22:56:42,Suspicious Merchant,Low,Confirmed,465.86
7438,956331,23795,2023-05-31 14:46:57,Unusual Transaction,Low,Open,1243.11
7439,215466,13411,2024-10-13 19:53:19,Unusual Transaction,High,Closed,337.84
7440,453239,19616,2022-02-16 20:37:00,Unusual Transaction,Medium,False Positive,363.68
7441,206260,3979,2023-02-16 08:29:37,High Value Transaction,Medium,False Positive,499.8
7442,977662,3544,2023-08-14 07:13:20,Suspicious Merchant,Low,Investigating,725.73
7443,547181,13067,2022-06-18 07:17:27,High Value Transaction,Medium,Confirmed,6703.0
7444,459819,15505,2022-07-23 00:08:15,Possible Account Takeover,Medium,Closed,484.07
7445,226842,8879,2023-09-02 10:03:42,Velocity Anomaly,High,False Positive,1009.13
7446,391815,20082,2022-02-17 08:36:44,Suspicious Merchant,Critical,False Positive,461.84
7447,743619,3558,2023-01-28 00:51:57,Velocity Anomaly,Medium,Closed,1260.54
7448,863807,18098,2024-02-14 19:28:08,Unusual Transaction,Medium,False Positive,5085.28
7449,75054,12800,2022-01-17 21:42:41,Suspicious Merchant,Medium,False Positive,1321.72
7450,555063,20733,2022-08-31 21:20:25,Geographic Anomaly,High,Confirmed,410.0
7451,929121,19905,2023-11-16 23:24:47,High Value Transaction,Low,Confirmed,354.33
7452,230815,6595,2022-06-22 07:28:31,High Value Transaction,Medium,False Positive,475.81
7453,71529,5773,2022-07-01 18:12:10,Suspicious Merchant,High,Confirmed,1051.26
7454,820572,18303,2023-02-11 14:59:39,Unusual Transaction,Low,False Positive,1456.06
7455,291778,12771,2025-01-19 03:57:18,High Value Transaction,Medium,Confirmed,9035.93
7456,16557,24632,2024-03-31 20:15:42,Unusual Transaction,Medium,Investigating,1038.23
7457,888273,8341,2025-02-18 16:16:49,Possible Account Takeover,Low,Confirmed,578.24
7458,130360,22921,2022-10-13 21:22:01,Velocity Anomaly,Medium,Investigating,1092.97
7459,410448,20608,2023-08-16 02:14:58,Geographic Anomaly,Medium,Closed,1451.93
7460,813380,19166,2023-09-02 00:06:08,Velocity Anomaly,Medium,Confirmed,62.63
7461,809225,1520,2022-05-23 01:03:58,Velocity Anomaly,Low,False Positive,1636.64
7462,376389,11742,2025-11-14 02:17:17,Possible Account Takeover,High,Confirmed,669.33
7463,884626,3974,2022-02-22 23:32:04,High Value Transaction,Low,Confirmed,607.55
7464,55866,22286,2022-07-13 12:01:45,Geographic Anomaly,High,Confirmed,96.1
7465,205507,10119,2025-03-31 20:33:17,High Value Transaction,Low,Closed,1958.13
7466,876462,18974,2023-07-27 14:44:35,Suspicious Merchant,Medium,Confirmed,147.17
7467,706219,13056,2022-07-10 00:53:37,Velocity Anomaly,Low,False Positive,3494.96
7468,64885,24358,2023-05-16 03:15:20,Suspicious Merchant,Low,Investigating,993.0
7469,82789,2667,2025-01-23 01:24:35,Unusual Transaction,Low,Open,4060.12
7470,439260,6745,2023-03-07 04:32:57,Velocity Anomaly,Medium,False Positive,2096.01
7471,521901,3071,2022-02-13 05:06:28,High Value Transaction,Medium,False Positive,3116.56
7472,93882,1243,2025-06-21 11:45:34,Velocity Anomaly,Low,False Positive,5724.86
7473,920899,8703,2024-09-06 06:58:06,Unusual Transaction,Critical,Confirmed,809.63
7474,50214,3191,2023-09-13 03:24:07,Possible Account Takeover,Medium,Open,9099.03
7475,665964,19236,2022-03-07 03:56:32,Suspicious Merchant,Medium,Confirmed,1654.07
7476,988592,18484,2022-06-19 23:55:04,Suspicious Merchant,Low,Closed,671.48
7477,449709,6919,2025-04-21 08:52:51,High Value Transaction,Medium,Investigating,166.79
7478,663157,182,2025-01-01 23:27:25,Velocity Anomaly,High,Closed,1033.51
7479,161816,5061,2024-12-14 23:45:43,High Value Transaction,Medium,Confirmed,798.43
7480,838095,16462,2023-11-06 04:03:51,Possible Account Takeover,Medium,False Positive,1049.28
7481,934986,16436,2025-06-22 18:50:40,Velocity Anomaly,Low,Open,3936.57
7482,479391,24887,2025-09-27 18:43:24,Velocity Anomaly,High,Confirmed,1050.02
7483,748459,14310,2022-05-17 12:11:16,High Value Transaction,Low,Investigating,2137.1
7484,224928,10892,2024-12-06 03:26:02,High Value Transaction,Medium,Open,99.1
7485,17000,24737,2024-07-30 23:21:48,Unusual Transaction,Low,Closed,520.11
7486,63716,7798,2024-08-17 13:13:45,Possible Account Takeover,Medium,False Positive,269.41
7487,557952,14912,2022-04-12 16:47:52,Unusual Transaction,Low,False Positive,260.5
7488,696030,18783,2022-09-02 15:44:39,Suspicious Merchant,High,Open,39.74
7489,101874,15919,2025-10-02 17:58:10,Velocity Anomaly,High,Closed,1996.66
7490,423163,12817,2022-02-28 00:15:03,High Value Transaction,Medium,Confirmed,3806.66
7491,104496,18313,2023-10-23 18:16:57,Velocity Anomaly,Low,Closed,111.67
7492,336692,24492,2023-04-23 02:42:26,Velocity Anomaly,Medium,Open,1948.57
7493,389820,16814,2022-07-21 14:10:09,Geographic Anomaly,Medium,Confirmed,386.78
7494,60222,5248,2023-05-09 15:41:07,Suspicious Merchant,Medium,Closed,1564.89
7495,574615,7412,2023-04-28 15:12:23,Geographic Anomaly,Low,Confirmed,203.1
7496,421946,14992,2025-08-05 16:51:20,Velocity Anomaly,Critical,Closed,1867.93
7497,621572,14327,2022-08-29 11:33:57,High Value Transaction,Medium,Confirmed,7484.22
7498,439124,3875,2024-12-25 17:25:17,Velocity Anomaly,High,False Positive,72.9
7499,177397,3105,2022-02-28 00:16:33,Suspicious Merchant,Low,Closed,658.01
7500,334244,50,2023-06-27 08:18:20,Geographic Anomaly,Low,False Positive,6643.32
7501,5029,6571,2023-05-17 23:27:09,High Value Transaction,Low,False Positive,16221.78
7502,637670,19687,2025-05-15 15:17:54,Velocity Anomaly,High,Investigating,1515.87
7503,895469,11234,2023-08-05 05:11:03,Possible Account Takeover,Medium,Investigating,131.73
7504,875509,11359,2024-01-29 14:31:28,Suspicious Merchant,High,Investigating,969.62
7505,221535,23475,2023-07-03 19:18:56,Suspicious Merchant,High,Confirmed,8914.05
7506,120612,12414,2023-02-09 06:29:56,Possible Account Takeover,High,False Positive,174.4
7507,481956,23004,2022-05-03 23:52:55,Velocity Anomaly,High,Confirmed,162.86
7508,765562,4945,2024-03-10 16:16:01,Suspicious Merchant,High,False Positive,2918.43
7509,691139,3909,2025-07-26 20:54:15,High Value Transaction,High,False Positive,1607.12
7510,217380,7614,2025-11-19 08:48:24,Velocity Anomaly,Medium,Investigating,696.89
7511,189663,18079,2024-04-08 19:36:41,Velocity Anomaly,High,Closed,422.81
7512,840900,6277,2024-10-18 09:39:21,Geographic Anomaly,High,Closed,40.76
7513,291004,12834,2022-09-17 14:58:10,Suspicious Merchant,Medium,Open,5372.62
7514,914825,13883,2023-09-13 08:24:23,Suspicious Merchant,High,Open,198.26
7515,925216,20982,2024-10-28 12:29:44,Possible Account Takeover,Low,Open,101.13
7516,774698,5329,2023-11-19 19:48:29,Geographic Anomaly,Medium,False Positive,14665.72
7517,187116,17101,2022-04-07 05:33:30,Geographic Anomaly,Low,Investigating,611.7
7518,984253,12059,2023-02-23 14:48:16,Suspicious Merchant,Low,False Positive,150.61
7519,223711,2404,2022-08-21 16:28:28,Velocity Anomaly,High,Confirmed,418.39
7520,963927,20172,2024-03-25 22:19:58,Geographic Anomaly,High,False Positive,190.08
7521,478506,8059,2024-12-07 18:06:20,Possible Account Takeover,High,False Positive,9391.15
7522,113109,15588,2023-01-30 01:34:34,Geographic Anomaly,Critical,Closed,203.45
7523,141339,19661,2025-08-01 13:37:12,Possible Account Takeover,Low,Confirmed,3717.53
7524,82089,20548,2023-01-29 07:23:16,Geographic Anomaly,Low,Investigating,4225.84
7525,517572,7669,2025-05-30 07:56:59,Possible Account Takeover,Medium,Open,66.61
7526,538564,7316,2022-01-01 12:59:17,Geographic Anomaly,High,Confirmed,15863.87
7527,233072,15592,2023-03-24 13:33:43,Geographic Anomaly,Low,Confirmed,1416.3
7528,450235,16698,2022-08-08 08:06:09,High Value Transaction,Critical,Closed,2079.81
7529,835430,23614,2024-01-28 05:58:53,Possible Account Takeover,Medium,False Positive,659.16
7530,881761,23080,2023-03-06 19:54:23,Possible Account Takeover,Critical,Investigating,218.74
7531,212046,13308,2025-08-05 19:15:38,Possible Account Takeover,Medium,False Positive,176.01
7532,696677,16303,2023-06-07 20:23:27,Unusual Transaction,Medium,Investigating,410.78
7533,235856,54,2025-04-18 17:26:29,Geographic Anomaly,High,Open,670.34
7534,79261,18740,2023-07-09 20:12:11,Possible Account Takeover,High,False Positive,673.88
7535,39610,21372,2024-10-27 21:44:08,Suspicious Merchant,Low,Closed,24.52
7536,126286,8811,2022-04-20 05:09:03,Unusual Transaction,High,Open,2863.35
7537,515956,10945,2024-10-10 05:16:57,High Value Transaction,High,False Positive,2867.43
7538,873028,21331,2025-03-30 00:58:46,Possible Account Takeover,Low,Closed,5902.66
7539,310084,24473,2022-09-21 16:36:35,Possible Account Takeover,Low,Investigating,655.66
7540,259550,2177,2025-05-09 09:07:42,Unusual Transaction,Medium,Confirmed,368.99
7541,734453,17229,2023-03-06 13:01:56,Geographic Anomaly,Medium,False Positive,305.63
7542,164021,23701,2022-01-25 18:46:00,Suspicious Merchant,High,False Positive,453.14
7543,863109,8790,2024-08-28 04:11:39,High Value Transaction,Low,Confirmed,1005.97
7544,109646,13498,2025-08-16 22:51:15,Possible Account Takeover,Medium,Investigating,5152.66
7545,804707,19944,2024-09-12 01:10:17,Geographic Anomaly,Medium,False Positive,1921.62
7546,161297,18046,2025-03-18 07:08:37,Suspicious Merchant,Low,False Positive,846.83
7547,896155,18590,2023-02-19 17:10:18,Suspicious Merchant,Medium,False Positive,775.96
7548,459872,24127,2025-11-12 20:33:33,High Value Transaction,Low,Investigating,872.22
7549,966696,12023,2023-11-11 13:11:20,Velocity Anomaly,Low,False Positive,251.2
7550,481402,23905,2023-03-24 09:05:50,Suspicious Merchant,Medium,False Positive,2648.92
7551,717020,5258,2025-03-16 10:24:09,Velocity Anomaly,Critical,Closed,831.57
7552,176928,5472,2023-09-24 01:15:40,Suspicious Merchant,Low,Closed,791.69
7553,161135,4808,2024-11-07 00:08:57,High Value Transaction,Medium,False Positive,80.85
7554,919633,8951,2025-10-29 00:33:28,Unusual Transaction,Medium,Closed,1593.28
7555,188351,13733,2024-09-30 08:40:49,High Value Transaction,Medium,Closed,4484.28
7556,609931,14731,2023-08-30 22:17:02,High Value Transaction,Medium,False Positive,194.97
7557,913644,10706,2024-12-04 22:37:02,Unusual Transaction,High,False Positive,1865.24
7558,691445,3344,2025-01-03 13:20:43,Unusual Transaction,Low,False Positive,459.59
7559,782535,16224,2025-06-07 23:09:57,Geographic Anomaly,Critical,False Positive,3909.73
7560,845785,13390,2023-11-16 10:04:51,Suspicious Merchant,Low,Open,3982.75
7561,503992,20256,2025-11-27 15:03:27,Geographic Anomaly,High,Confirmed,4697.29
7562,500564,21767,2022-06-20 08:19:07,Unusual Transaction,High,Investigating,629.64
7563,868669,7510,2025-08-30 13:05:49,Velocity Anomaly,Medium,Confirmed,8509.61
7564,666154,3091,2023-09-15 06:08:43,Velocity Anomaly,Low,Open,190.6
7565,152808,9062,2022-12-28 05:09:04,High Value Transaction,Medium,Closed,437.61
7566,297690,3829,2023-03-11 07:15:34,Possible Account Takeover,Medium,Confirmed,98.1
7567,777903,22619,2025-09-17 02:41:59,High Value Transaction,High,Investigating,982.04
7568,211620,13411,2025-10-15 13:26:12,High Value Transaction,Medium,False Positive,1455.07
7569,680786,12163,2024-02-26 01:08:04,Possible Account Takeover,Medium,Investigating,173.29
7570,3266,13919,2023-11-09 00:06:13,Suspicious Merchant,High,False Positive,344.41
7571,678179,19041,2023-07-17 15:15:09,Unusual Transaction,Critical,Confirmed,1158.57
7572,581907,13847,2023-10-28 04:19:22,Velocity Anomaly,Medium,Confirmed,3324.16
7573,826891,14192,2024-10-01 00:07:31,High Value Transaction,High,Closed,1532.11
7574,956410,12027,2024-08-13 17:58:37,Possible Account Takeover,Medium,False Positive,756.14
7575,335395,2724,2025-10-18 22:12:08,Geographic Anomaly,High,Closed,199.17
7576,771594,645,2022-06-23 12:36:41,High Value Transaction,High,Confirmed,2223.91
7577,602219,9842,2022-01-17 12:51:45,Velocity Anomaly,High,Confirmed,252.53
7578,685781,3112,2023-08-27 03:03:04,Unusual Transaction,Medium,False Positive,1159.15
7579,791772,4379,2024-02-28 23:24:49,High Value Transaction,Medium,Open,1520.11
7580,296017,1191,2022-01-10 23:01:44,High Value Transaction,Medium,Investigating,5867.0
7581,983131,12110,2025-02-17 20:55:26,Suspicious Merchant,Medium,Investigating,1347.06
7582,31825,6647,2025-02-25 18:43:31,Possible Account Takeover,Medium,False Positive,520.23
7583,675078,2881,2024-08-11 01:59:07,Geographic Anomaly,High,False Positive,7780.78
7584,387773,3687,2022-01-01 17:01:16,Geographic Anomaly,Medium,Investigating,1129.18
7585,428894,1803,2025-10-05 07:51:03,Unusual Transaction,Low,Confirmed,526.13
7586,59841,4890,2024-02-27 21:41:25,Velocity Anomaly,High,Closed,1235.49
7587,683684,18988,2022-12-26 15:38:52,Unusual Transaction,High,Open,5368.37
7588,175673,8420,2023-10-28 20:24:23,High Value Transaction,Medium,False Positive,433.6
7589,110733,6915,2023-04-04 11:39:07,High Value Transaction,Low,False Positive,1935.29
7590,306788,12698,2022-05-15 07:30:13,Geographic Anomaly,High,False Positive,347.24
7591,99377,3509,2022-05-28 21:12:50,Velocity Anomaly,High,Confirmed,3149.52
7592,910314,1370,2024-11-28 05:46:23,Possible Account Takeover,Low,Closed,234.27
7593,172133,19974,2023-12-28 22:24:54,Velocity Anomaly,Low,Confirmed,339.31
7594,289673,17705,2023-02-17 23:26:16,High Value Transaction,Medium,Confirmed,1559.91
7595,68404,17468,2024-11-21 00:17:51,Possible Account Takeover,High,Confirmed,1251.56
7596,452159,23583,2023-02-18 02:08:50,Velocity Anomaly,Low,Confirmed,220.52
7597,237915,19467,2022-08-07 19:40:31,Velocity Anomaly,Medium,Investigating,79.21
7598,179966,9964,2022-10-31 00:00:46,Possible Account Takeover,Medium,Closed,96.02
7599,671357,6746,2023-11-21 06:30:42,High Value Transaction,High,Investigating,9996.08
7600,455391,9123,2024-11-03 22:19:04,Velocity Anomaly,Medium,Closed,229.39
7601,53568,8207,2023-07-13 11:45:02,Possible Account Takeover,Medium,Confirmed,14223.11
7602,103869,13709,2025-05-26 03:03:34,Suspicious Merchant,Critical,Confirmed,2681.38
7603,32485,15351,2024-12-09 21:20:56,Suspicious Merchant,Medium,Investigating,636.95
7604,255970,15862,2024-01-08 08:11:42,High Value Transaction,Medium,False Positive,307.22
7605,497459,12042,2023-08-29 19:47:49,Possible Account Takeover,High,False Positive,620.89
7606,338894,10254,2023-02-17 18:49:15,Suspicious Merchant,Medium,Closed,570.95
7607,985405,9709,2023-08-26 21:14:13,Possible Account Takeover,High,False Positive,82.76
7608,952299,14163,2022-08-01 23:18:01,Velocity Anomaly,Low,Confirmed,1198.85
7609,254996,6458,2025-06-15 03:08:27,High Value Transaction,Low,Open,4344.85
7610,905304,1677,2024-06-13 16:34:20,Suspicious Merchant,High,Closed,2118.62
7611,376202,3396,2023-12-30 22:04:10,Velocity Anomaly,Medium,Closed,2154.23
7612,521765,8405,2023-12-27 00:16:21,Unusual Transaction,High,Confirmed,1717.31
7613,155905,8214,2023-12-07 16:28:28,Unusual Transaction,Low,Open,835.9
7614,635485,5634,2025-10-12 15:44:41,High Value Transaction,Low,False Positive,44.85
7615,845861,787,2025-12-18 13:14:20,Suspicious Merchant,High,False Positive,690.16
7616,124943,11328,2025-02-26 21:59:29,Suspicious Merchant,Medium,False Positive,4381.75
7617,509808,19686,2024-11-07 18:42:08,Suspicious Merchant,Medium,Confirmed,241.58
7618,204447,5590,2023-11-30 14:22:10,Possible Account Takeover,Low,Closed,2012.71
7619,856533,10690,2024-02-07 07:38:26,Velocity Anomaly,Medium,Investigating,941.62
7620,237579,3620,2023-05-11 17:14:32,Suspicious Merchant,High,Confirmed,316.42
7621,294458,16958,2023-09-23 07:17:01,Velocity Anomaly,High,Open,87.3
7622,258808,6934,2022-12-04 11:11:34,High Value Transaction,High,Investigating,545.03
7623,829357,11289,2025-02-23 20:18:37,Suspicious Merchant,High,Closed,272.97
7624,458368,3387,2023-03-01 22:16:59,High Value Transaction,Medium,False Positive,285.07
7625,178081,5404,2024-10-25 21:56:17,Suspicious Merchant,Medium,False Positive,493.85
7626,866303,20937,2022-03-01 19:08:34,Unusual Transaction,High,Confirmed,377.94
7627,200422,7635,2022-01-07 07:44:13,Geographic Anomaly,Low,False Positive,95.94
7628,912068,10047,2024-12-10 12:55:16,High Value Transaction,Low,False Positive,686.28
7629,576701,7032,2022-10-14 22:11:50,Suspicious Merchant,High,Open,809.91
7630,134135,7479,2023-03-29 03:43:39,Geographic Anomaly,Low,Closed,402.25
7631,827580,6107,2022-07-02 15:23:28,High Value Transaction,Low,Investigating,467.45
7632,949631,6437,2023-09-03 06:53:07,Possible Account Takeover,Medium,Confirmed,1234.76
7633,687646,1027,2022-10-28 04:30:47,Suspicious Merchant,High,Confirmed,96.32
7634,716482,3922,2025-10-24 15:51:03,Possible Account Takeover,Medium,Open,549.08
7635,303258,23958,2024-12-17 01:51:23,Unusual Transaction,Medium,Open,8586.63
7636,972904,4455,2023-06-14 05:13:00,Suspicious Merchant,Critical,False Positive,1363.47
7637,125784,4260,2022-08-18 08:50:48,Unusual Transaction,High,Confirmed,1919.67
7638,89177,3044,2023-04-14 14:21:07,Geographic Anomaly,High,Confirmed,498.6
7639,611036,6745,2022-02-13 13:38:03,High Value Transaction,Low,False Positive,337.32
7640,398585,6462,2025-10-12 10:00:32,Velocity Anomaly,Low,Confirmed,2793.61
7641,410681,4030,2023-04-30 22:42:55,Unusual Transaction,Medium,False Positive,430.48
7642,530102,19469,2024-05-11 10:45:29,Velocity Anomaly,Low,Closed,135.3
7643,259137,24729,2025-10-14 06:08:32,Velocity Anomaly,Low,Open,1276.3
7644,347745,7426,2025-12-13 16:30:35,High Value Transaction,Low,False Positive,811.05
7645,265419,5159,2022-11-29 12:50:07,Geographic Anomaly,Medium,Confirmed,630.82
7646,994714,2712,2023-09-27 02:19:50,High Value Transaction,High,False Positive,588.13
7647,982279,549,2023-01-28 03:50:42,Suspicious Merchant,High,Confirmed,99.37
7648,552864,20723,2022-04-19 07:33:02,Unusual Transaction,Low,Confirmed,269.57
7649,771933,13784,2023-05-24 00:01:37,Velocity Anomaly,Medium,Open,574.69
7650,685475,14290,2023-06-18 13:17:09,High Value Transaction,Low,False Positive,695.67
7651,776021,19405,2022-05-13 19:10:10,High Value Transaction,Medium,Investigating,278.24
7652,382633,9960,2023-04-30 05:22:47,High Value Transaction,Medium,Investigating,51.47
7653,954171,22760,2024-01-02 05:34:30,Unusual Transaction,Medium,Closed,532.16
7654,788430,21430,2025-07-19 03:19:59,Geographic Anomaly,High,Confirmed,73.21
7655,578049,22479,2025-02-04 19:59:14,High Value Transaction,High,False Positive,7779.66
7656,911871,11142,2025-12-12 01:07:23,Unusual Transaction,Medium,Confirmed,7270.7
7657,736996,18791,2025-01-04 14:12:33,Velocity Anomaly,High,Closed,3983.8
7658,755341,8811,2022-08-18 02:56:41,Suspicious Merchant,High,Confirmed,627.12
7659,541160,8883,2025-04-03 03:09:05,Possible Account Takeover,High,Confirmed,312.03
7660,541421,2632,2022-09-09 16:06:13,Unusual Transaction,Medium,False Positive,2316.06
7661,598735,6145,2025-03-08 03:57:32,Possible Account Takeover,Medium,Closed,1417.61
7662,45420,15902,2023-11-22 19:43:27,High Value Transaction,High,False Positive,572.66
7663,265887,13493,2025-08-18 23:42:13,High Value Transaction,Low,Confirmed,511.46
7664,709954,7661,2025-03-18 17:47:18,Unusual Transaction,High,False Positive,510.38
7665,913145,850,2024-05-20 23:16:01,Possible Account Takeover,High,False Positive,89.59
7666,510555,24121,2025-07-26 20:53:53,High Value Transaction,High,Closed,198.71
7667,596215,5042,2025-07-08 14:31:13,Velocity Anomaly,Low,Closed,169.87
7668,658710,22370,2022-05-13 13:02:15,Geographic Anomaly,Medium,False Positive,242.23
7669,160825,20729,2022-01-21 16:30:13,Geographic Anomaly,High,False Positive,2383.29
7670,262161,18223,2024-06-17 23:58:04,High Value Transaction,Critical,False Positive,342.23
7671,492002,22578,2023-07-15 17:00:29,Possible Account Takeover,Medium,False Positive,763.05
7672,371329,2158,2023-09-19 04:20:22,Suspicious Merchant,High,Investigating,1600.33
7673,59464,7672,2023-12-14 17:36:41,High Value Transaction,High,Open,700.81
7674,235086,10216,2023-02-11 17:20:35,Suspicious Merchant,Low,Open,1479.41
7675,179661,11882,2023-07-21 11:28:32,Suspicious Merchant,High,Closed,2469.82
7676,556223,16193,2025-10-19 09:53:28,Possible Account Takeover,Medium,Investigating,896.08
7677,115532,1882,2025-10-03 19:42:15,Suspicious Merchant,Medium,Open,263.26
7678,177642,7835,2022-01-05 19:18:47,Velocity Anomaly,Medium,Confirmed,2070.18
7679,144551,11861,2023-09-02 22:20:45,Possible Account Takeover,High,False Positive,294.93
7680,735356,15665,2025-01-23 20:25:47,High Value Transaction,High,Closed,1170.06
7681,551159,22357,2023-12-28 15:09:13,Velocity Anomaly,Medium,False Positive,1580.32
7682,952453,11754,2022-05-03 06:10:53,Unusual Transaction,High,Confirmed,1073.12
7683,283414,635,2023-03-29 14:19:36,Geographic Anomaly,High,Closed,160.9
7684,181220,8816,2025-07-01 13:48:06,High Value Transaction,High,Open,413.17
7685,906794,20911,2023-03-16 09:45:27,High Value Transaction,Medium,Closed,1008.54
7686,446862,24533,2023-01-28 22:16:40,High Value Transaction,Low,Open,763.26
7687,681048,13104,2023-09-13 04:01:48,Velocity Anomaly,Medium,False Positive,300.08
7688,8301,854,2022-07-15 13:22:33,Unusual Transaction,High,Open,292.21
7689,12609,4369,2022-10-02 03:52:17,Possible Account Takeover,Low,Closed,24.5
7690,423244,11724,2022-07-28 12:28:30,Unusual Transaction,Critical,Investigating,1307.69
7691,248292,10315,2022-03-18 07:13:02,Velocity Anomaly,High,Open,407.06
7692,12984,11531,2023-12-29 01:55:21,High Value Transaction,High,Closed,77.25
7693,696707,2014,2022-09-13 21:20:15,Geographic Anomaly,High,Open,2087.94
7694,221536,2312,2024-11-03 19:02:54,High Value Transaction,Medium,False Positive,23570.22
7695,319932,11174,2024-02-17 13:37:33,Possible Account Takeover,High,False Positive,4069.19
7696,899147,24770,2022-03-10 06:39:04,Suspicious Merchant,Medium,False Positive,576.19
7697,464068,2426,2024-03-29 16:36:17,Geographic Anomaly,High,Confirmed,399.25
7698,959302,15658,2023-02-14 23:06:21,High Value Transaction,High,Closed,957.92
7699,909872,13723,2025-02-17 21:07:26,Geographic Anomaly,High,Closed,1300.56
7700,921111,16476,2024-08-04 16:34:35,Suspicious Merchant,High,Confirmed,58.68
7701,162014,12711,2022-07-04 14:58:27,Unusual Transaction,Low,Investigating,1840.72
7702,842570,16936,2023-05-17 21:33:55,Velocity Anomaly,Low,Confirmed,426.98
7703,518877,21476,2025-02-03 20:07:10,High Value Transaction,High,Investigating,1992.73
7704,36277,1327,2022-10-16 00:17:19,Possible Account Takeover,Medium,False Positive,179.19
7705,255083,13466,2023-06-11 07:22:00,Unusual Transaction,Medium,Closed,1015.8
7706,115403,9348,2024-08-18 11:57:01,High Value Transaction,Medium,False Positive,3499.76
7707,527922,17825,2024-05-01 09:44:47,Unusual Transaction,Low,False Positive,183.22
7708,893424,19017,2024-01-02 23:01:21,Possible Account Takeover,Low,Confirmed,862.27
7709,239643,10421,2024-03-31 15:47:23,High Value Transaction,High,Confirmed,268.11
7710,293004,19127,2022-08-10 22:22:13,Suspicious Merchant,Medium,False Positive,4055.66
7711,212156,1520,2022-10-20 10:37:33,Suspicious Merchant,Medium,False Positive,1477.9
7712,109619,9604,2024-03-14 19:12:32,Possible Account Takeover,High,False Positive,198.59
7713,742709,5162,2024-03-09 11:42:09,Geographic Anomaly,Low,Open,614.78
7714,946799,14524,2024-10-09 20:01:12,Possible Account Takeover,Medium,False Positive,285.34
7715,6451,5516,2025-12-02 23:18:21,Geographic Anomaly,High,Confirmed,117.79
7716,205194,22120,2025-05-31 08:20:39,High Value Transaction,High,Investigating,9576.63
7717,788575,16361,2024-11-02 14:44:21,Geographic Anomaly,Medium,False Positive,100.75
7718,461033,21063,2025-08-27 23:17:47,High Value Transaction,Critical,Confirmed,524.92
7719,931048,22031,2025-11-08 07:49:49,High Value Transaction,High,Closed,2975.0
7720,822776,5584,2024-01-12 01:07:05,Velocity Anomaly,Low,Confirmed,913.47
7721,465336,20821,2023-12-14 10:30:19,High Value Transaction,Low,False Positive,2884.54
7722,615800,17614,2024-09-24 23:40:00,Geographic Anomaly,High,False Positive,201.1
7723,814472,23704,2023-06-25 00:41:09,Velocity Anomaly,Medium,Confirmed,2519.14
7724,484465,15710,2022-12-07 07:24:07,Velocity Anomaly,Low,False Positive,610.96
7725,380250,12117,2024-09-09 21:48:47,High Value Transaction,High,False Positive,828.91
7726,324829,2366,2024-01-04 05:40:46,Possible Account Takeover,Medium,Closed,164.52
7727,986446,11965,2023-04-22 09:57:31,Possible Account Takeover,Medium,Confirmed,324.99
7728,731118,12046,2022-03-04 04:23:19,Suspicious Merchant,Low,Investigating,3776.14
7729,245080,1706,2023-01-19 19:46:11,Velocity Anomaly,High,Confirmed,256.25
7730,577541,16759,2024-10-23 14:55:52,High Value Transaction,Medium,False Positive,5756.7
7731,111251,17133,2024-08-27 06:14:07,Possible Account Takeover,Low,Confirmed,487.24
7732,403658,474,2024-03-02 07:59:08,High Value Transaction,Medium,Confirmed,540.82
7733,392311,11395,2022-11-14 21:06:17,High Value Transaction,Medium,Open,756.89
7734,972682,9742,2024-12-23 15:07:53,Velocity Anomaly,High,Confirmed,168.36
7735,769974,10648,2023-05-13 09:27:30,Suspicious Merchant,High,False Positive,137.28
7736,909070,22520,2022-08-28 09:07:19,Velocity Anomaly,Medium,Investigating,140.95
7737,316094,23940,2025-11-22 00:42:07,Unusual Transaction,High,Confirmed,5039.5
7738,302045,6464,2023-04-26 20:49:20,Possible Account Takeover,High,Open,7440.8
7739,370658,12527,2025-06-26 12:01:47,Possible Account Takeover,High,False Positive,907.62
7740,965091,10994,2023-11-12 04:39:45,Possible Account Takeover,Medium,Closed,4109.97
7741,677933,10892,2022-01-07 10:37:55,Geographic Anomaly,Low,False Positive,1151.2
7742,265819,6454,2022-11-14 14:15:51,High Value Transaction,High,Open,227.33
7743,133523,21667,2024-12-06 04:43:00,Velocity Anomaly,Low,Investigating,520.36
7744,592842,24783,2024-06-07 10:49:03,Possible Account Takeover,Low,Confirmed,5333.75
7745,553700,2729,2022-11-23 16:14:22,Unusual Transaction,Medium,False Positive,9187.2
7746,184906,15825,2024-04-19 17:58:50,Possible Account Takeover,Critical,Confirmed,2365.59
7747,936125,4822,2025-04-04 04:04:09,Suspicious Merchant,Low,Closed,396.97
7748,129722,3417,2025-08-17 07:46:52,High Value Transaction,Medium,Closed,391.07
7749,819291,8040,2024-09-29 09:03:36,High Value Transaction,Medium,Investigating,2397.64
7750,459957,6366,2024-09-04 21:38:52,Velocity Anomaly,High,Investigating,190.7
7751,159950,24262,2024-08-16 14:46:26,Geographic Anomaly,Medium,Confirmed,2256.98
7752,993334,3338,2024-04-07 17:59:55,Velocity Anomaly,Low,Confirmed,678.74
7753,116867,402,2023-05-24 10:39:54,Possible Account Takeover,Medium,False Positive,517.57
7754,276746,4560,2022-06-28 01:35:40,Suspicious Merchant,Medium,False Positive,160.2
7755,825632,10907,2023-09-12 04:26:02,Unusual Transaction,Low,Investigating,345.09
7756,195459,24162,2022-04-23 12:02:42,Velocity Anomaly,Low,False Positive,1155.67
7757,552049,17544,2023-07-14 19:32:24,Geographic Anomaly,High,False Positive,572.74
7758,549463,14743,2024-02-05 10:42:29,Velocity Anomaly,Medium,Closed,272.46
7759,174426,896,2022-04-23 15:48:21,High Value Transaction,High,False Positive,51.1
7760,530824,19575,2023-08-06 17:30:42,Possible Account Takeover,Low,False Positive,920.3
7761,903715,20250,2022-08-07 03:51:50,Possible Account Takeover,Medium,Investigating,3359.38
7762,489202,17602,2023-02-04 22:46:31,Possible Account Takeover,Medium,False Positive,197.24
7763,3351,11088,2025-10-08 18:28:33,Possible Account Takeover,Low,Open,1664.21
7764,158646,5163,2025-01-14 19:16:44,Possible Account Takeover,Medium,False Positive,561.44
7765,168199,7963,2023-12-22 12:26:00,Possible Account Takeover,Low,Open,245.03
7766,358764,21301,2025-09-04 18:15:07,Unusual Transaction,High,Investigating,409.64
7767,401993,24170,2022-10-26 02:23:42,Geographic Anomaly,Medium,Investigating,785.76
7768,85777,12117,2024-12-18 08:43:54,Possible Account Takeover,Medium,Open,3585.44
7769,343884,7122,2024-04-02 23:16:43,Geographic Anomaly,Low,Confirmed,1124.69
7770,644941,2717,2025-02-25 17:24:01,Suspicious Merchant,Medium,Closed,2270.87
7771,369627,17745,2025-08-06 09:54:19,Possible Account Takeover,Medium,Confirmed,674.9
7772,756960,7998,2023-03-30 00:25:49,Velocity Anomaly,Medium,False Positive,4327.29
7773,265757,8369,2023-07-29 00:19:51,Possible Account Takeover,Low,Investigating,1054.87
7774,780126,6840,2024-08-21 20:13:35,High Value Transaction,Low,Confirmed,2587.31
7775,92683,16764,2023-04-19 23:34:07,Unusual Transaction,Medium,Investigating,700.56
7776,359005,5228,2025-08-23 08:19:34,Velocity Anomaly,Medium,Investigating,430.84
7777,180817,19340,2022-08-11 14:29:08,Velocity Anomaly,Low,Open,1513.7
7778,596573,19838,2025-09-29 08:52:56,High Value Transaction,Medium,Confirmed,6289.53
7779,730834,1582,2023-07-25 15:26:45,Possible Account Takeover,Medium,Open,721.78
7780,310425,11495,2025-10-09 19:14:43,Unusual Transaction,Medium,Closed,443.4
7781,487975,20869,2025-11-13 21:38:54,Velocity Anomaly,Medium,Confirmed,304.46
7782,293199,23939,2023-04-12 01:32:26,Unusual Transaction,Medium,False Positive,715.81
7783,252078,24797,2025-02-02 15:13:28,Velocity Anomaly,Low,Closed,40.05
7784,36306,3682,2024-05-24 13:18:32,Possible Account Takeover,Low,False Positive,4377.06
7785,845564,5243,2022-07-10 23:02:21,Suspicious Merchant,Medium,Closed,398.89
7786,44736,604,2025-09-29 09:35:47,Velocity Anomaly,Medium,Investigating,4919.4
7787,650975,17239,2022-12-02 04:30:38,Suspicious Merchant,Medium,False Positive,85.3
7788,101493,7212,2023-12-22 04:07:51,Velocity Anomaly,High,Confirmed,925.7
7789,258360,10819,2025-03-02 11:28:34,Geographic Anomaly,High,Confirmed,343.73
7790,49639,3112,2023-05-18 17:14:19,Possible Account Takeover,Low,False Positive,1212.01
7791,69404,6710,2023-11-14 15:53:29,High Value Transaction,High,Closed,146.63
7792,921987,24347,2024-12-14 11:42:38,Suspicious Merchant,Medium,Closed,5072.19
7793,336381,10104,2022-04-29 14:40:23,High Value Transaction,Medium,Open,35.51
7794,8020,15681,2022-05-21 09:02:06,Possible Account Takeover,Critical,Confirmed,1408.77
7795,424,4899,2025-12-12 08:33:20,High Value Transaction,High,False Positive,1325.83
7796,314462,9528,2025-08-09 17:43:22,Possible Account Takeover,Critical,False Positive,4800.66
7797,661956,13473,2024-05-12 00:17:38,High Value Transaction,Low,Open,21777.66
7798,365274,902,2023-01-25 04:20:31,Suspicious Merchant,Low,Confirmed,348.24
7799,185802,24472,2023-09-06 02:47:20,Geographic Anomaly,Medium,False Positive,510.34
7800,780113,4532,2025-12-06 09:53:03,High Value Transaction,Medium,False Positive,162.05
7801,701483,16875,2024-03-04 01:34:33,Suspicious Merchant,Low,Confirmed,1180.86
7802,777181,9939,2023-10-11 04:08:29,Velocity Anomaly,High,False Positive,165.89
7803,824882,20096,2022-07-18 06:21:42,Possible Account Takeover,Medium,False Positive,851.65
7804,443081,12659,2024-11-09 15:00:05,Unusual Transaction,Medium,Closed,62.14
7805,2602,14422,2023-03-23 18:30:47,Unusual Transaction,Medium,False Positive,998.66
7806,163863,2564,2022-08-04 21:26:40,Possible Account Takeover,Medium,Confirmed,887.02
7807,316375,345,2025-09-05 03:20:57,Geographic Anomaly,Low,Closed,1517.5
7808,943202,3591,2024-05-30 05:24:44,High Value Transaction,Critical,Open,1052.44
7809,418821,1122,2022-02-23 04:02:18,Geographic Anomaly,Medium,Closed,788.49
7810,82741,11179,2025-04-21 10:45:38,Unusual Transaction,Low,False Positive,9391.78
7811,607507,16869,2024-08-29 22:39:12,Suspicious Merchant,High,Closed,225.4
7812,724623,18704,2023-05-26 20:09:50,Possible Account Takeover,Critical,Confirmed,1552.81
7813,620504,2569,2025-01-13 21:26:48,Possible Account Takeover,High,False Positive,1849.22
7814,527622,3083,2024-06-25 03:35:38,Geographic Anomaly,High,False Positive,756.41
7815,200010,8585,2024-11-30 19:36:14,Suspicious Merchant,Medium,False Positive,200.36
7816,221580,7787,2023-06-12 00:31:32,Geographic Anomaly,High,Investigating,393.52
7817,69886,6799,2023-02-01 00:29:25,High Value Transaction,Low,Confirmed,519.13
7818,626178,12921,2023-05-18 12:40:24,Velocity Anomaly,High,False Positive,2716.7
7819,24712,3813,2023-04-07 10:12:36,Suspicious Merchant,High,Confirmed,403.65
7820,954671,3555,2025-01-04 03:48:36,Velocity Anomaly,Low,False Positive,129.0
7821,219282,22943,2023-07-08 20:59:04,High Value Transaction,Medium,Confirmed,453.37
7822,329043,8999,2023-11-23 03:04:50,Velocity Anomaly,Medium,Closed,1532.59
7823,587739,9606,2024-01-26 09:29:50,Unusual Transaction,High,Confirmed,68.58
7824,898187,21432,2022-01-15 06:06:51,Velocity Anomaly,Low,Open,713.7
7825,577208,8039,2025-12-07 04:21:17,High Value Transaction,High,Open,1854.64
7826,942522,6493,2024-06-16 14:01:06,Velocity Anomaly,Low,False Positive,7958.65
7827,546600,8324,2023-05-07 21:30:31,Possible Account Takeover,Medium,False Positive,1896.11
7828,644807,21558,2024-09-20 16:45:45,Geographic Anomaly,High,False Positive,186.02
7829,238750,21627,2023-10-29 08:08:36,Unusual Transaction,Medium,False Positive,590.41
7830,937041,5857,2025-08-30 20:11:49,Possible Account Takeover,Medium,Confirmed,1962.03
7831,481908,6143,2022-07-12 01:24:18,Possible Account Takeover,Low,Closed,411.8
7832,205935,22214,2024-02-25 06:43:57,High Value Transaction,High,Closed,2049.22
7833,241933,21830,2024-06-26 02:15:51,Geographic Anomaly,Critical,Open,374.94
7834,433451,5085,2024-05-16 19:20:15,Geographic Anomaly,High,Closed,29.82
7835,971312,7668,2024-03-23 07:10:21,Suspicious Merchant,High,False Positive,512.46
7836,394774,10574,2023-06-28 18:00:36,Unusual Transaction,Low,False Positive,3788.82
7837,901873,4231,2022-01-04 18:22:28,High Value Transaction,Low,False Positive,989.8
7838,526625,3018,2022-04-12 11:24:50,Unusual Transaction,Low,False Positive,379.67
7839,737182,23693,2025-04-30 22:21:34,Suspicious Merchant,Medium,Closed,1016.19
7840,591486,4752,2024-08-08 17:46:24,Velocity Anomaly,Low,False Positive,1804.43
7841,313844,948,2022-11-21 07:52:34,Possible Account Takeover,Low,Investigating,1482.12
7842,860867,18246,2025-08-15 13:34:01,Unusual Transaction,Medium,False Positive,1615.48
7843,323160,15946,2025-10-04 03:30:38,Possible Account Takeover,Medium,Open,1092.36
7844,685363,17754,2022-03-17 15:48:12,High Value Transaction,High,False Positive,309.01
7845,279071,3457,2025-11-16 19:06:22,Velocity Anomaly,High,False Positive,780.62
7846,628696,22675,2023-07-04 07:55:27,High Value Transaction,Medium,Confirmed,372.25
7847,753916,17236,2023-11-30 14:16:09,Velocity Anomaly,High,Open,13412.23
7848,804834,1376,2025-04-18 16:04:29,Velocity Anomaly,High,False Positive,250.16
7849,883794,14028,2022-12-23 13:25:21,Possible Account Takeover,Medium,Confirmed,876.12
7850,165244,20159,2024-11-23 21:31:04,High Value Transaction,Low,Investigating,1518.67
7851,97282,2849,2025-11-08 15:23:54,High Value Transaction,Low,False Positive,1100.6
7852,700582,7597,2022-09-26 21:46:43,Unusual Transaction,Medium,Closed,933.9
7853,830305,22750,2024-11-05 17:09:36,High Value Transaction,High,False Positive,499.03
7854,601035,23672,2022-09-10 22:16:38,Unusual Transaction,High,Confirmed,1114.55
7855,154124,8284,2025-01-18 17:00:21,Geographic Anomaly,Critical,False Positive,5670.18
7856,184961,15394,2025-08-16 18:14:01,Geographic Anomaly,Low,Investigating,163.72
7857,715045,12116,2025-10-12 09:02:28,Geographic Anomaly,Critical,False Positive,427.46
7858,103964,340,2023-06-29 22:04:53,Suspicious Merchant,Medium,False Positive,1314.6
7859,911483,16271,2023-06-03 17:34:06,High Value Transaction,High,Closed,1416.11
7860,611690,22827,2022-10-31 08:53:41,Suspicious Merchant,Low,Closed,1727.86
7861,641849,14381,2025-10-12 10:06:09,High Value Transaction,Low,Confirmed,3575.62
7862,601847,8317,2025-05-06 23:40:53,Unusual Transaction,Medium,Closed,101.08
7863,243715,19996,2025-06-10 13:50:45,Suspicious Merchant,High,Closed,1205.11
7864,692857,23203,2022-03-25 09:23:38,Suspicious Merchant,Low,False Positive,23124.21
7865,779022,13056,2023-06-29 01:30:41,Suspicious Merchant,Low,Confirmed,2073.69
7866,231293,15344,2023-11-04 10:31:56,Velocity Anomaly,High,False Positive,295.11
7867,509977,16370,2023-12-26 07:28:21,Unusual Transaction,High,Confirmed,144.32
7868,517643,11727,2023-06-14 21:10:08,Geographic Anomaly,Low,False Positive,163.24
7869,819413,19072,2022-12-03 22:51:54,Unusual Transaction,High,Open,452.01
7870,949525,3743,2022-08-14 14:01:05,Velocity Anomaly,Medium,False Positive,3917.94
7871,69154,2728,2022-01-20 07:20:43,High Value Transaction,Medium,Closed,6916.44
7872,128164,17364,2025-11-28 01:33:01,Unusual Transaction,Medium,Investigating,2434.73
7873,688471,16342,2025-07-17 19:57:48,Suspicious Merchant,Medium,False Positive,2493.35
7874,306497,22716,2023-12-06 10:54:09,Geographic Anomaly,Medium,Confirmed,388.24
7875,666842,11334,2023-06-09 09:58:54,Geographic Anomaly,Medium,False Positive,1408.55
7876,806276,648,2024-04-14 13:20:19,High Value Transaction,Medium,False Positive,6187.25
7877,880614,16889,2024-07-07 00:09:36,Unusual Transaction,High,Investigating,1171.48
7878,141136,23958,2024-12-31 14:27:19,Velocity Anomaly,High,False Positive,1886.69
7879,350825,17654,2024-04-26 13:51:31,High Value Transaction,Medium,Closed,332.21
7880,112104,5277,2023-02-26 16:32:38,Unusual Transaction,Low,Confirmed,3586.02
7881,54904,23454,2025-04-16 22:27:56,Possible Account Takeover,Medium,False Positive,372.48
7882,976711,21596,2022-07-06 14:32:48,Geographic Anomaly,High,False Positive,102.13
7883,252521,22804,2023-07-06 13:14:12,Velocity Anomaly,Medium,Confirmed,84.67
7884,977726,21331,2024-12-28 00:05:32,Suspicious Merchant,Medium,Closed,304.42
7885,692818,9228,2023-11-27 10:26:00,Velocity Anomaly,Low,False Positive,1201.54
7886,35407,14140,2022-10-14 12:28:08,Suspicious Merchant,Medium,Confirmed,1282.17
7887,231663,18556,2023-10-18 13:53:24,Velocity Anomaly,Medium,Investigating,360.9
7888,956249,16121,2022-01-26 20:26:47,Geographic Anomaly,High,Confirmed,604.18
7889,990103,19339,2024-09-22 21:37:15,Suspicious Merchant,High,False Positive,589.51
7890,771768,1066,2023-10-22 18:26:21,Unusual Transaction,Medium,False Positive,733.43
7891,220323,11298,2024-08-10 15:44:06,Suspicious Merchant,Medium,False Positive,504.26
7892,688510,9299,2022-09-18 06:15:54,High Value Transaction,High,False Positive,1241.67
7893,503428,22293,2023-10-20 03:15:33,Unusual Transaction,Medium,Confirmed,1264.11
7894,846111,20550,2024-01-25 15:06:51,High Value Transaction,Medium,False Positive,2757.86
7895,20733,23142,2024-02-23 18:38:56,Velocity Anomaly,High,Closed,221.16
7896,775507,10603,2022-06-03 02:32:35,Unusual Transaction,High,Closed,246.65
7897,920105,22044,2023-08-22 09:40:41,Velocity Anomaly,Low,Confirmed,2896.54
7898,389176,15445,2024-01-13 17:30:06,Possible Account Takeover,Medium,False Positive,312.77
7899,711096,23255,2024-09-14 12:55:22,Velocity Anomaly,High,Confirmed,7497.05
7900,135223,15006,2025-04-03 02:36:57,Velocity Anomaly,Critical,Investigating,3197.37
7901,811342,23890,2024-10-14 11:05:57,High Value Transaction,High,False Positive,249.25
7902,5586,5082,2025-03-26 05:29:11,Suspicious Merchant,Critical,Confirmed,351.68
7903,491431,6218,2024-07-29 04:39:35,Possible Account Takeover,Medium,Investigating,177.66
7904,894199,9075,2024-02-29 06:05:14,Velocity Anomaly,Medium,False Positive,1954.83
7905,822293,14728,2024-02-11 07:46:02,Velocity Anomaly,Medium,Closed,1701.5
7906,771627,4887,2025-05-03 11:00:35,Possible Account Takeover,Low,Closed,13113.01
7907,608569,14265,2025-08-23 23:53:01,Possible Account Takeover,Medium,False Positive,2528.71
7908,863891,24234,2022-04-09 15:44:57,Unusual Transaction,Medium,Confirmed,3605.95
7909,927846,6026,2022-02-16 19:58:45,High Value Transaction,High,Investigating,2896.75
7910,304117,10340,2025-01-16 00:42:04,Possible Account Takeover,High,False Positive,845.45
7911,991326,5102,2022-07-20 08:41:33,Possible Account Takeover,Medium,Closed,481.11
7912,315268,2033,2025-12-19 21:10:00,Geographic Anomaly,Medium,Closed,279.59
7913,419114,9296,2023-06-14 02:27:15,Suspicious Merchant,Low,False Positive,331.19
7914,68016,18323,2025-03-15 19:56:33,Possible Account Takeover,Medium,Open,77.68
7915,42467,20815,2023-12-21 05:52:44,High Value Transaction,High,Confirmed,1356.31
7916,185213,285,2024-07-18 06:18:29,Suspicious Merchant,Medium,Confirmed,11961.26
7917,102613,6812,2023-09-13 08:34:38,Suspicious Merchant,Medium,Closed,402.81
7918,701510,21216,2023-04-24 03:01:03,Velocity Anomaly,Medium,Open,1396.18
7919,51804,1816,2022-05-25 22:32:23,Velocity Anomaly,High,False Positive,2116.39
7920,94642,19516,2023-05-07 00:53:01,Velocity Anomaly,High,Investigating,144.89
7921,856156,17795,2023-12-05 02:32:20,Velocity Anomaly,High,False Positive,745.19
7922,353637,7182,2024-06-18 08:24:57,Geographic Anomaly,Medium,False Positive,2397.34
7923,717997,7363,2025-06-28 23:30:50,Possible Account Takeover,Medium,False Positive,170.73
7924,568383,11100,2025-11-25 17:54:30,Velocity Anomaly,Low,False Positive,1338.97
7925,758292,3335,2024-05-02 10:42:53,Unusual Transaction,Low,False Positive,1671.97
7926,918223,19234,2023-07-11 05:43:32,Velocity Anomaly,Low,Investigating,314.38
7927,542707,14286,2022-12-27 17:43:28,Possible Account Takeover,Low,Confirmed,1789.27
7928,593082,1402,2022-10-16 09:54:47,Velocity Anomaly,Low,Closed,908.93
7929,18476,18551,2022-12-11 21:05:43,Geographic Anomaly,Low,Confirmed,1030.67
7930,667835,7216,2025-05-24 06:15:02,High Value Transaction,Low,Open,265.86
7931,392099,7633,2025-05-22 05:35:06,High Value Transaction,Medium,Confirmed,592.25
7932,489092,8724,2023-08-24 15:32:19,Possible Account Takeover,Critical,Confirmed,170.0
7933,564040,9013,2022-11-02 12:48:33,High Value Transaction,High,Confirmed,130.11
7934,510755,21978,2022-02-15 21:52:26,High Value Transaction,Low,False Positive,4530.4
7935,798720,23300,2023-09-04 12:41:18,Unusual Transaction,Medium,Closed,42.99
7936,771522,20954,2022-05-19 08:47:27,Possible Account Takeover,High,False Positive,4804.1
7937,64251,24122,2024-10-11 21:43:00,Possible Account Takeover,Low,Open,453.83
7938,24468,13550,2024-01-30 21:01:46,High Value Transaction,High,False Positive,2230.1
7939,947795,22760,2023-07-31 07:27:28,High Value Transaction,Medium,False Positive,286.81
7940,563064,12260,2024-05-16 10:57:25,High Value Transaction,High,Closed,2043.52
7941,572024,6454,2022-03-26 21:18:34,Suspicious Merchant,High,Confirmed,330.34
7942,955116,15648,2025-06-01 06:39:02,Geographic Anomaly,High,Confirmed,14146.96
7943,173602,21966,2023-05-09 22:03:41,Velocity Anomaly,High,False Positive,2766.0
7944,492330,18075,2023-05-25 06:09:18,Geographic Anomaly,Low,False Positive,717.95
7945,971864,20060,2022-05-10 05:39:34,Possible Account Takeover,Low,False Positive,1493.36
7946,375154,9661,2025-11-27 07:55:08,Unusual Transaction,Medium,Investigating,784.09
7947,966874,16904,2023-11-09 17:32:18,Velocity Anomaly,Low,False Positive,701.71
7948,290219,4929,2025-08-15 09:07:46,Unusual Transaction,Low,Open,3197.41
7949,604323,13774,2023-05-24 20:55:05,Suspicious Merchant,Medium,Investigating,1451.2
7950,556270,4040,2024-09-13 17:34:12,Possible Account Takeover,High,Confirmed,531.2
7951,176028,7952,2024-12-02 20:35:03,Suspicious Merchant,Low,Confirmed,2654.15
7952,374247,7194,2023-01-29 19:07:11,Possible Account Takeover,Medium,Confirmed,251.69
7953,113426,10274,2022-09-08 04:08:25,Unusual Transaction,Medium,Confirmed,210.35
7954,767499,11926,2024-07-09 12:52:24,Unusual Transaction,Medium,Open,1374.24
7955,46786,18010,2023-10-21 17:24:11,Unusual Transaction,Low,Investigating,233.86
7956,783965,8165,2023-04-29 21:57:03,Possible Account Takeover,Critical,Investigating,2153.24
7957,430338,11878,2024-08-24 01:28:59,High Value Transaction,Medium,Confirmed,1083.66
7958,875724,10998,2025-12-07 15:33:05,Unusual Transaction,Medium,Investigating,616.86
7959,137989,17408,2025-08-12 14:46:42,Suspicious Merchant,Low,Confirmed,5863.82
7960,5160,7037,2023-09-29 11:21:18,Velocity Anomaly,Medium,Confirmed,410.32
7961,232109,18529,2025-06-03 07:28:55,Possible Account Takeover,High,Investigating,2799.71
7962,601342,11428,2023-10-18 23:49:00,Suspicious Merchant,Low,Investigating,175.2
7963,395859,24079,2025-04-17 14:38:31,Geographic Anomaly,Medium,False Positive,91.56
7964,752472,18278,2025-06-20 13:45:09,Geographic Anomaly,Low,False Positive,294.08
7965,858565,18773,2024-12-05 05:26:29,Velocity Anomaly,Critical,Closed,6953.78
7966,941660,17726,2024-11-03 17:35:43,High Value Transaction,Low,False Positive,415.81
7967,989490,5265,2025-12-08 00:46:24,Unusual Transaction,High,Closed,2284.49
7968,678100,11181,2023-07-09 08:05:56,Possible Account Takeover,Medium,Confirmed,889.48
7969,206433,17369,2024-06-05 09:06:51,Suspicious Merchant,Medium,False Positive,64.58
7970,183812,19127,2023-03-27 18:03:01,Unusual Transaction,High,False Positive,347.94
7971,578648,14012,2024-11-20 14:27:13,Suspicious Merchant,Low,Closed,517.63
7972,576559,9854,2023-01-17 07:21:26,Possible Account Takeover,Medium,Confirmed,85.03
7973,510644,17036,2024-10-10 10:50:46,Geographic Anomaly,Medium,Closed,497.12
7974,677408,24301,2025-10-24 16:06:01,Unusual Transaction,Low,False Positive,2077.67
7975,337678,24122,2022-03-03 03:51:49,Velocity Anomaly,High,False Positive,5236.23
7976,886605,16621,2024-08-21 03:36:19,High Value Transaction,Low,Closed,9005.41
7977,542773,18735,2022-11-20 02:23:03,Velocity Anomaly,High,Closed,1642.82
7978,454189,17295,2024-08-27 10:01:27,High Value Transaction,Medium,False Positive,4381.75
7979,956040,18379,2023-03-29 23:36:29,Suspicious Merchant,Low,Confirmed,1639.23
7980,997751,12917,2023-07-26 05:51:52,Unusual Transaction,High,Confirmed,1445.86
7981,554934,7797,2022-11-20 20:20:40,Unusual Transaction,Medium,Confirmed,537.41
7982,629928,12094,2023-01-06 17:54:58,High Value Transaction,Medium,Open,1487.08
7983,828507,7021,2022-02-16 03:44:45,Geographic Anomaly,Medium,Open,332.72
7984,558402,18952,2023-06-22 16:28:49,Possible Account Takeover,Low,False Positive,121.69
7985,21472,3009,2022-07-11 02:50:36,Velocity Anomaly,High,False Positive,421.82
7986,111071,10641,2025-09-27 03:51:30,Suspicious Merchant,Medium,Open,438.42
7987,976430,24616,2022-10-13 08:37:34,Velocity Anomaly,Low,False Positive,402.78
7988,755127,10939,2022-05-17 13:10:31,Velocity Anomaly,High,Confirmed,1223.57
7989,156848,12719,2024-11-15 18:31:47,Suspicious Merchant,Low,Closed,110.49
7990,30768,15511,2024-11-07 17:42:39,Suspicious Merchant,Medium,Investigating,187.31
7991,546969,17862,2022-09-23 07:24:07,Unusual Transaction,Medium,False Positive,202.68
7992,31380,19146,2022-03-03 21:01:43,Velocity Anomaly,High,Closed,555.0
7993,283112,15413,2025-08-31 11:06:44,Possible Account Takeover,Critical,Confirmed,189.32
7994,729688,6550,2022-11-01 19:13:05,Possible Account Takeover,High,False Positive,2226.17
7995,595463,4739,2022-02-15 01:43:04,High Value Transaction,Medium,Closed,566.98
7996,978821,9178,2022-08-30 18:06:50,Suspicious Merchant,Medium,Investigating,1423.99
7997,828447,22990,2025-07-27 09:32:16,Unusual Transaction,Medium,Closed,691.69
7998,385554,16826,2023-04-22 09:45:11,Possible Account Takeover,Medium,False Positive,157.65
7999,73904,9764,2024-02-18 13:33:49,Geographic Anomaly,Critical,Investigating,59.98
8000,534951,19877,2023-02-14 00:47:25,Unusual Transaction,Low,Confirmed,1289.82
8001,516418,23772,2022-05-03 18:29:37,Unusual Transaction,Medium,False Positive,185.04
8002,181198,3505,2022-11-02 01:18:57,Possible Account Takeover,High,Closed,492.32
8003,84955,19972,2025-11-14 04:20:51,Geographic Anomaly,High,Investigating,1525.29
8004,224354,8652,2023-12-08 20:07:59,High Value Transaction,Low,False Positive,218.31
8005,678792,24958,2023-09-28 13:23:48,Possible Account Takeover,Low,Confirmed,345.19
8006,289277,9217,2023-08-18 02:23:04,Geographic Anomaly,Medium,False Positive,1319.46
8007,687034,11650,2025-05-16 11:44:32,Unusual Transaction,Medium,False Positive,381.33
8008,224229,15698,2025-01-17 04:16:48,Geographic Anomaly,Medium,False Positive,993.33
8009,38052,3684,2024-05-17 15:56:38,Unusual Transaction,Medium,False Positive,906.18
8010,410562,22885,2023-06-15 11:25:49,Possible Account Takeover,Critical,Closed,3411.12
8011,803840,19273,2024-05-12 20:16:51,Suspicious Merchant,Medium,Confirmed,303.61
8012,180524,22308,2024-08-05 02:25:23,Possible Account Takeover,Medium,False Positive,887.2
8013,921576,21569,2022-11-28 02:00:25,Velocity Anomaly,Medium,Investigating,2825.35
8014,818430,9606,2025-08-07 12:27:53,Velocity Anomaly,Low,False Positive,930.28
8015,658794,19537,2022-10-10 03:31:44,Velocity Anomaly,Low,False Positive,423.2
8016,676284,15757,2024-04-09 22:35:02,Possible Account Takeover,High,Confirmed,962.73
8017,181433,2350,2023-03-01 16:52:12,High Value Transaction,High,False Positive,1759.13
8018,483150,24409,2024-07-02 11:40:56,Possible Account Takeover,Low,False Positive,997.53
8019,419435,24497,2024-08-09 20:11:24,Suspicious Merchant,High,Closed,154.68
8020,607376,14072,2024-05-30 03:59:36,Geographic Anomaly,Low,Investigating,1033.97
8021,452451,24832,2022-03-30 10:29:35,Possible Account Takeover,Medium,Investigating,1248.76
8022,275183,11138,2024-01-06 02:54:16,Possible Account Takeover,Low,False Positive,165.26
8023,851724,14057,2024-12-06 08:40:04,Unusual Transaction,High,False Positive,1116.91
8024,707156,18244,2023-11-27 17:10:29,Unusual Transaction,Low,Confirmed,937.08
8025,258311,19830,2024-03-18 18:50:28,Unusual Transaction,Medium,Closed,5837.06
8026,283609,2787,2022-11-27 05:23:22,Possible Account Takeover,High,False Positive,190.43
8027,539953,1403,2022-01-21 14:46:32,High Value Transaction,Low,Closed,661.76
8028,183003,22709,2023-05-13 08:04:56,Geographic Anomaly,Medium,False Positive,9702.36
8029,412322,376,2022-04-24 06:23:08,Geographic Anomaly,Low,Investigating,1133.68
8030,539906,23770,2022-10-31 01:40:25,Suspicious Merchant,High,Confirmed,634.47
8031,417467,22057,2023-12-08 18:05:48,High Value Transaction,Medium,Closed,1274.49
8032,467355,9112,2023-02-07 08:14:07,High Value Transaction,Medium,Confirmed,646.03
8033,654208,8419,2023-06-02 01:12:03,Geographic Anomaly,High,Closed,700.25
8034,177109,13927,2024-05-10 01:21:39,Velocity Anomaly,Medium,False Positive,2086.77
8035,396133,14707,2024-03-15 00:54:58,Unusual Transaction,Low,Confirmed,647.45
8036,103219,19397,2023-01-11 21:12:47,Unusual Transaction,High,False Positive,429.02
8037,505352,14476,2024-10-19 21:05:50,Geographic Anomaly,High,False Positive,1578.99
8038,713175,3991,2024-03-18 17:34:09,High Value Transaction,Critical,False Positive,2101.07
8039,297975,4110,2024-02-08 22:29:42,Suspicious Merchant,Low,Open,1648.55
8040,742747,1339,2022-06-09 12:33:47,Velocity Anomaly,Medium,Closed,2241.27
8041,500378,12896,2025-10-06 04:14:31,Geographic Anomaly,High,False Positive,4464.8
8042,118647,21888,2022-10-24 22:51:17,Unusual Transaction,High,Closed,2014.72
8043,253205,1736,2025-02-12 14:29:02,Possible Account Takeover,Medium,False Positive,242.97
8044,46047,15091,2024-08-30 02:08:56,High Value Transaction,Medium,Confirmed,2295.07
8045,177770,13300,2023-04-28 12:25:33,Possible Account Takeover,Medium,False Positive,9523.12
8046,485559,9305,2023-05-17 17:38:38,Suspicious Merchant,Low,False Positive,159.48
8047,648696,186,2025-06-20 08:43:47,Geographic Anomaly,High,Confirmed,950.17
8048,262906,11884,2022-01-19 14:32:27,Unusual Transaction,Low,Closed,12664.86
8049,527907,4895,2025-04-24 16:27:59,Velocity Anomaly,Medium,Confirmed,1231.78
8050,423417,19864,2022-01-28 00:44:03,Possible Account Takeover,Medium,Closed,153.33
8051,975199,21557,2024-05-16 22:19:44,Velocity Anomaly,Medium,Closed,2059.38
8052,177025,23576,2025-05-17 16:51:02,Suspicious Merchant,Medium,False Positive,988.71
8053,868925,17354,2024-09-07 13:01:32,Unusual Transaction,High,Confirmed,1617.88
8054,126238,13043,2023-10-18 15:48:17,Possible Account Takeover,Medium,False Positive,1996.88
8055,438920,20098,2023-06-21 02:07:35,Suspicious Merchant,Medium,False Positive,980.34
8056,757284,9342,2025-01-20 22:33:57,Velocity Anomaly,Medium,False Positive,456.5
8057,123279,24170,2025-12-07 03:55:18,Velocity Anomaly,High,False Positive,1904.38
8058,974989,13935,2022-04-14 03:42:08,Possible Account Takeover,Critical,False Positive,634.98
8059,885854,6135,2025-10-07 00:56:06,Unusual Transaction,Medium,False Positive,200.5
8060,12787,12950,2024-08-28 08:11:34,Velocity Anomaly,High,False Positive,244.3
8061,718965,4342,2025-08-25 08:51:10,Geographic Anomaly,Medium,Investigating,1409.99
8062,691854,18134,2022-08-22 16:26:41,Suspicious Merchant,Medium,Investigating,818.56
8063,344833,11198,2025-09-26 01:04:05,Possible Account Takeover,Critical,Closed,768.9
8064,374210,21477,2025-12-24 20:17:37,High Value Transaction,Medium,False Positive,776.16
8065,114159,2501,2023-09-17 09:08:11,High Value Transaction,Low,Open,2201.32
8066,333417,12393,2022-06-24 22:58:21,Unusual Transaction,Critical,Closed,1571.3
8067,728987,6523,2023-06-06 10:59:51,Geographic Anomaly,High,Open,401.28
8068,75704,3389,2025-04-07 08:11:42,Velocity Anomaly,Medium,Confirmed,3830.49
8069,858833,1907,2023-01-06 20:38:22,High Value Transaction,Critical,Open,2878.67
8070,168250,5712,2023-10-17 10:21:43,Unusual Transaction,Medium,Closed,660.25
8071,540470,3506,2022-04-12 23:46:33,Suspicious Merchant,Medium,Closed,1943.04
8072,977284,20574,2025-07-14 10:24:10,Geographic Anomaly,Medium,False Positive,327.84
8073,436384,11606,2022-04-28 19:17:27,Geographic Anomaly,Medium,Confirmed,726.31
8074,548954,3384,2025-09-03 01:34:17,Unusual Transaction,High,False Positive,542.94
8075,206159,23892,2022-02-15 23:57:07,Unusual Transaction,Low,False Positive,1435.08
8076,941459,23453,2025-12-07 19:29:14,Velocity Anomaly,Low,Investigating,1705.15
8077,187615,17054,2025-01-27 00:30:24,Unusual Transaction,Medium,Confirmed,976.93
8078,737199,11813,2023-02-04 21:33:21,Velocity Anomaly,Medium,False Positive,211.5
8079,551736,12528,2023-12-24 05:16:04,Velocity Anomaly,Low,Confirmed,326.91
8080,401404,1274,2023-04-28 12:41:21,Possible Account Takeover,Critical,Open,514.46
8081,683302,16130,2023-08-15 16:35:59,Geographic Anomaly,Medium,False Positive,7769.21
8082,582020,11401,2025-06-08 03:05:43,Suspicious Merchant,Low,False Positive,107.39
8083,833862,17985,2023-06-27 06:40:21,Geographic Anomaly,Medium,Closed,4675.2
8084,269976,23524,2025-10-03 00:39:49,Geographic Anomaly,High,Open,141.12
8085,194571,162,2023-01-09 04:19:01,Possible Account Takeover,Medium,False Positive,703.06
8086,581453,18876,2023-07-26 04:46:50,Velocity Anomaly,Low,Confirmed,981.64
8087,826654,20443,2022-09-17 11:10:16,Velocity Anomaly,Low,Investigating,349.24
8088,124654,18727,2023-10-05 14:09:04,Unusual Transaction,Medium,False Positive,6352.21
8089,298011,16937,2022-05-21 17:30:10,Possible Account Takeover,Medium,Investigating,1684.0
8090,682302,13716,2022-10-04 18:30:50,Unusual Transaction,High,Confirmed,695.23
8091,538435,23162,2023-06-27 21:19:29,Possible Account Takeover,High,False Positive,864.19
8092,52111,18717,2023-04-15 06:47:05,Unusual Transaction,Low,Confirmed,1241.16
8093,540981,1079,2024-10-30 11:02:00,High Value Transaction,High,Closed,896.36
8094,940606,23790,2022-03-20 17:03:54,Geographic Anomaly,High,Confirmed,88.8
8095,251488,16082,2022-05-09 08:42:01,Geographic Anomaly,High,Confirmed,197.1
8096,399707,11229,2024-05-15 12:56:16,Suspicious Merchant,Critical,Confirmed,2637.66
8097,578411,19095,2025-04-20 13:27:19,Velocity Anomaly,High,Investigating,204.13
8098,821866,5624,2022-04-28 01:54:05,Suspicious Merchant,Medium,Closed,264.13
8099,286357,11023,2024-01-19 23:41:58,High Value Transaction,Medium,False Positive,1216.93
8100,243087,3754,2025-09-12 04:57:41,Suspicious Merchant,Medium,Confirmed,2266.49
8101,807972,18107,2022-09-27 13:15:59,Geographic Anomaly,High,False Positive,2129.82
8102,84953,9836,2025-09-06 21:12:56,Velocity Anomaly,Medium,Closed,1373.58
8103,723894,10951,2025-10-17 15:53:01,High Value Transaction,Low,Open,1233.87
8104,962347,11816,2025-12-09 18:30:00,Geographic Anomaly,Low,Confirmed,146.51
8105,86748,19995,2023-08-14 06:13:27,Unusual Transaction,High,Investigating,179.83
8106,428570,4481,2023-10-12 04:10:49,Possible Account Takeover,High,Closed,12312.82
8107,185235,7696,2023-10-23 02:22:01,High Value Transaction,Medium,Investigating,6781.6
8108,100801,13883,2025-11-06 07:51:01,Velocity Anomaly,Medium,Confirmed,912.61
8109,264556,511,2022-12-11 17:56:11,Suspicious Merchant,High,False Positive,262.26
8110,558681,819,2024-09-17 12:49:55,Suspicious Merchant,Low,False Positive,319.71
8111,602823,11632,2022-11-18 16:10:35,High Value Transaction,Medium,False Positive,190.16
8112,378706,8648,2023-04-22 01:34:27,Velocity Anomaly,Medium,Confirmed,324.37
8113,783799,16217,2025-12-23 23:30:13,High Value Transaction,Critical,False Positive,2232.37
8114,400289,24966,2025-12-30 13:02:59,Velocity Anomaly,Medium,Closed,1657.38
8115,66798,12093,2022-03-11 10:30:27,Suspicious Merchant,Medium,Confirmed,2486.28
8116,935665,24561,2022-10-27 02:33:39,Geographic Anomaly,High,Investigating,5773.76
8117,870116,3462,2022-08-07 09:45:43,Unusual Transaction,Medium,False Positive,1875.15
8118,851487,3257,2023-05-21 11:56:46,Geographic Anomaly,Low,False Positive,3232.56
8119,788404,196,2022-12-11 12:33:07,Unusual Transaction,Medium,Confirmed,174.47
8120,289380,7004,2022-07-21 17:53:33,Suspicious Merchant,High,Investigating,1319.07
8121,280822,8453,2022-11-05 10:08:13,Geographic Anomaly,Medium,False Positive,164.14
8122,533420,2211,2024-04-27 06:02:23,Geographic Anomaly,High,False Positive,541.08
8123,597344,9489,2023-06-24 17:00:30,High Value Transaction,Critical,Closed,2627.16
8124,858078,17225,2025-11-12 05:29:17,Possible Account Takeover,High,False Positive,2089.52
8125,246877,15016,2024-08-15 23:13:44,Suspicious Merchant,High,Investigating,1075.25
8126,215839,2064,2022-11-10 05:09:08,Velocity Anomaly,High,False Positive,642.04
8127,900711,1616,2025-07-07 11:14:29,Suspicious Merchant,High,Investigating,465.19
8128,832476,13138,2022-06-16 11:38:19,Velocity Anomaly,Critical,Closed,302.21
8129,188885,22303,2022-01-24 19:03:08,Velocity Anomaly,Critical,False Positive,990.52
8130,113866,17328,2025-06-25 09:13:53,Unusual Transaction,Medium,False Positive,260.29
8131,701861,4878,2022-03-13 16:32:19,Velocity Anomaly,Medium,False Positive,854.11
8132,846226,22428,2023-09-29 19:00:46,Velocity Anomaly,Low,Investigating,923.52
8133,82017,2777,2022-01-28 17:42:10,High Value Transaction,Medium,Open,406.26
8134,113552,2513,2022-02-22 15:45:43,Geographic Anomaly,High,Confirmed,2011.82
8135,151561,21522,2023-03-21 02:41:04,Suspicious Merchant,High,False Positive,1758.93
8136,752778,10356,2023-07-24 16:31:05,Suspicious Merchant,Medium,Confirmed,1946.09
8137,205222,21083,2023-04-08 06:58:52,Velocity Anomaly,Medium,Investigating,2303.74
8138,263460,20222,2023-01-21 04:58:48,Possible Account Takeover,Medium,False Positive,1570.5
8139,936926,1169,2022-06-17 13:35:05,Suspicious Merchant,Medium,Investigating,6658.65
8140,385584,3974,2022-07-27 02:20:53,Velocity Anomaly,High,False Positive,38.47
8141,187024,10713,2022-03-15 14:16:18,Unusual Transaction,Medium,Confirmed,50.39
8142,733708,15363,2025-04-16 13:52:28,Unusual Transaction,Low,Confirmed,7433.9
8143,603479,11005,2024-01-15 18:51:25,Unusual Transaction,Medium,Confirmed,680.64
8144,403682,11751,2023-01-26 07:16:03,Velocity Anomaly,Low,Closed,2608.42
8145,821590,16875,2022-08-23 22:57:48,High Value Transaction,Critical,Open,788.38
8146,749191,17650,2022-03-23 05:25:34,Possible Account Takeover,Medium,Investigating,2433.98
8147,680905,10790,2024-10-29 01:58:00,Velocity Anomaly,High,False Positive,193.41
8148,958750,9913,2024-06-10 14:27:00,High Value Transaction,Low,Closed,1518.79
8149,703397,19869,2025-09-11 12:38:50,High Value Transaction,Low,Open,1278.55
8150,957229,11766,2024-07-21 09:25:41,Suspicious Merchant,Medium,False Positive,455.96
8151,396943,22923,2024-10-19 12:31:18,Velocity Anomaly,High,False Positive,5202.76
8152,537150,17179,2025-03-23 03:40:02,Velocity Anomaly,Medium,False Positive,752.48
8153,500839,3048,2022-07-21 05:38:54,High Value Transaction,Low,Confirmed,1469.61
8154,366595,8626,2023-03-10 14:59:55,High Value Transaction,Low,Confirmed,268.6
8155,473038,24577,2022-02-27 23:05:07,High Value Transaction,Medium,Confirmed,889.79
8156,136580,8025,2024-11-11 06:47:08,Suspicious Merchant,Low,False Positive,1006.34
8157,664900,9867,2022-10-07 23:39:04,Velocity Anomaly,Medium,Open,1269.7
8158,218746,6105,2022-12-14 12:46:32,High Value Transaction,High,False Positive,940.42
8159,698107,18440,2024-10-29 06:11:14,Unusual Transaction,Low,Confirmed,739.84
8160,675512,17951,2023-10-09 09:31:58,Velocity Anomaly,Low,Confirmed,283.61
8161,927370,19963,2024-01-20 15:30:51,Suspicious Merchant,Low,False Positive,310.1
8162,40631,17048,2024-12-10 23:09:54,Unusual Transaction,Critical,Closed,1641.39
8163,237653,18261,2025-05-06 18:49:42,Geographic Anomaly,Medium,False Positive,142.73
8164,550466,14915,2023-06-08 21:47:54,Velocity Anomaly,High,Investigating,2291.94
8165,958642,24094,2024-02-04 00:57:27,Geographic Anomaly,Medium,Open,656.0
8166,853174,1638,2024-08-14 15:02:41,High Value Transaction,High,False Positive,557.34
8167,529445,8444,2025-03-30 07:52:28,Suspicious Merchant,Low,False Positive,1700.46
8168,614069,20152,2025-08-10 18:47:57,High Value Transaction,Medium,False Positive,3718.57
8169,88241,8711,2024-06-11 09:12:20,Suspicious Merchant,High,Confirmed,784.64
8170,555440,2370,2025-02-03 18:47:38,Possible Account Takeover,High,False Positive,873.22
8171,325264,20581,2025-09-25 01:33:05,High Value Transaction,High,Closed,1597.43
8172,903702,14382,2022-01-31 17:24:46,Geographic Anomaly,High,Open,5478.64
8173,581493,9116,2023-07-01 00:34:45,Suspicious Merchant,Low,False Positive,620.21
8174,94349,19731,2022-07-13 02:53:55,High Value Transaction,Medium,Open,955.43
8175,986723,17622,2022-04-30 01:32:24,Velocity Anomaly,Medium,Confirmed,14.9
8176,650848,17028,2023-10-24 13:37:31,Suspicious Merchant,High,Confirmed,859.05
8177,517578,3658,2024-02-18 04:52:08,Suspicious Merchant,Medium,False Positive,579.77
8178,444558,2220,2025-06-14 06:34:13,High Value Transaction,High,Confirmed,1032.33
8179,262436,2927,2022-04-03 15:54:13,Possible Account Takeover,Medium,False Positive,435.9
8180,672027,4209,2023-04-12 01:02:06,High Value Transaction,High,Confirmed,117.75
8181,171410,9551,2022-02-14 22:32:54,Geographic Anomaly,Medium,Confirmed,166.96
8182,7774,20643,2023-04-25 16:11:07,Geographic Anomaly,Medium,Investigating,670.54
8183,88227,24431,2025-08-17 15:18:19,Suspicious Merchant,High,False Positive,35618.92
8184,974167,15086,2023-05-31 01:52:48,Suspicious Merchant,Medium,Open,4613.54
8185,513510,24396,2023-02-25 09:17:06,High Value Transaction,High,Confirmed,215.88
8186,23894,23795,2024-04-06 21:28:50,Geographic Anomaly,High,Confirmed,1821.94
8187,851991,12188,2022-07-27 05:18:16,Geographic Anomaly,Medium,Investigating,758.59
8188,987001,13652,2022-05-25 23:53:55,Possible Account Takeover,High,Open,581.82
8189,763564,14567,2024-04-28 04:14:15,Velocity Anomaly,High,Investigating,268.77
8190,827393,17241,2023-12-09 01:09:36,Possible Account Takeover,Medium,Confirmed,499.24
8191,180197,7052,2024-11-04 16:08:36,Unusual Transaction,Low,False Positive,61.23
8192,988291,12515,2025-05-30 01:27:40,Possible Account Takeover,Medium,Confirmed,2936.72
8193,482409,11816,2023-10-08 20:06:27,High Value Transaction,High,False Positive,450.52
8194,468262,2619,2023-11-18 12:02:43,Velocity Anomaly,High,Confirmed,115.37
8195,598614,6698,2023-08-14 01:06:55,High Value Transaction,Medium,Confirmed,1115.47
8196,349295,15794,2025-03-18 08:27:33,Unusual Transaction,Low,False Positive,502.82
8197,562155,11606,2025-08-19 19:05:09,Velocity Anomaly,Medium,False Positive,38.3
8198,720133,19263,2022-05-18 09:41:47,Suspicious Merchant,Low,Closed,434.97
8199,701354,22285,2025-04-24 11:30:39,Geographic Anomaly,High,Confirmed,3247.92
8200,405824,11351,2023-10-11 20:01:50,Possible Account Takeover,High,False Positive,971.61
8201,924609,6711,2024-06-08 08:58:09,High Value Transaction,Medium,False Positive,60.59
8202,986080,2623,2025-01-27 07:48:35,Unusual Transaction,High,Closed,1876.05
8203,623852,9849,2022-07-03 01:43:11,Geographic Anomaly,Medium,Closed,1228.0
8204,114774,6923,2023-05-19 03:59:39,Possible Account Takeover,Medium,Open,512.77
8205,693624,24307,2022-06-28 07:58:41,Geographic Anomaly,Low,Open,620.2
8206,990300,24827,2024-07-09 09:43:55,Possible Account Takeover,Medium,False Positive,522.42
8207,868558,14038,2024-12-22 04:10:47,Suspicious Merchant,High,Confirmed,1039.27
8208,23658,11307,2024-10-24 07:18:52,Velocity Anomaly,Low,False Positive,35345.1
8209,236716,4004,2022-11-21 02:04:15,Geographic Anomaly,Medium,Open,500.22
8210,669851,2087,2024-03-10 08:54:44,Geographic Anomaly,Medium,False Positive,695.07
8211,771837,10770,2022-02-25 04:58:43,Geographic Anomaly,Low,Investigating,2836.75
8212,313134,20198,2025-11-28 09:54:21,Velocity Anomaly,Medium,Confirmed,2674.13
8213,134260,17167,2024-02-13 21:34:07,Unusual Transaction,Low,Closed,671.16
8214,487799,19263,2022-04-03 17:28:05,Possible Account Takeover,High,Open,340.59
8215,900990,6110,2022-09-06 22:24:35,Suspicious Merchant,High,Confirmed,995.0
8216,418355,24321,2023-01-26 12:39:42,Geographic Anomaly,Medium,Open,3576.32
8217,174966,12983,2023-07-01 08:41:02,Velocity Anomaly,High,Closed,1450.19
8218,910906,2826,2024-02-05 09:04:57,Unusual Transaction,Low,False Positive,590.48
8219,339380,6962,2025-02-08 07:28:08,Possible Account Takeover,Medium,False Positive,1576.41
8220,147352,8080,2024-12-31 17:34:29,Velocity Anomaly,Medium,False Positive,142.23
8221,533230,15960,2024-04-11 15:48:32,Suspicious Merchant,Low,Confirmed,5031.06
8222,253110,3005,2022-05-27 21:41:16,Suspicious Merchant,High,Open,534.21
8223,832438,5401,2023-06-13 23:45:20,Possible Account Takeover,Low,Confirmed,3265.96
8224,729289,19396,2024-08-12 07:37:41,Geographic Anomaly,High,False Positive,1188.7
8225,545713,14382,2022-08-06 09:34:48,Suspicious Merchant,Medium,False Positive,103.42
8226,860883,23275,2023-06-01 20:48:49,Unusual Transaction,Low,Investigating,2834.31
8227,773303,11818,2023-12-03 18:59:30,Velocity Anomaly,High,Investigating,162.18
8228,209499,17735,2025-04-01 13:39:39,Unusual Transaction,Medium,Investigating,167.97
8229,984797,15612,2022-12-09 06:07:29,Geographic Anomaly,Medium,Confirmed,2153.1
8230,817181,24275,2025-07-01 18:19:15,Unusual Transaction,Medium,Investigating,13288.3
8231,677294,4637,2024-08-12 21:36:48,Unusual Transaction,Low,Investigating,164.38
8232,607585,7826,2024-10-07 13:13:55,High Value Transaction,High,Open,7482.47
8233,243444,24865,2025-11-11 06:12:33,Unusual Transaction,Medium,Closed,9536.51
8234,356715,15903,2023-08-10 22:35:40,Possible Account Takeover,Low,Investigating,8808.4
8235,487139,11556,2023-03-26 14:12:11,Velocity Anomaly,High,False Positive,5484.66
8236,30806,12881,2025-07-01 09:35:07,High Value Transaction,Medium,Confirmed,852.01
8237,952936,4359,2022-08-21 04:30:54,Velocity Anomaly,Low,False Positive,4207.66
8238,686859,2603,2025-03-29 21:42:08,Velocity Anomaly,Medium,Open,238.11
8239,844369,3428,2023-09-30 02:45:13,Geographic Anomaly,Medium,False Positive,855.29
8240,756087,10377,2023-12-21 17:28:24,Geographic Anomaly,Low,Confirmed,2247.35
8241,738236,22498,2023-07-06 08:58:45,High Value Transaction,Medium,Open,1931.26
8242,864796,20632,2022-02-02 18:17:38,Suspicious Merchant,High,Closed,240.54
8243,163733,9493,2025-03-11 12:37:21,Geographic Anomaly,Low,False Positive,1711.28
8244,66466,4427,2025-02-07 11:19:18,Geographic Anomaly,Medium,Investigating,1224.73
8245,348036,122,2023-05-15 14:51:22,Geographic Anomaly,Medium,Confirmed,1288.92
8246,556742,22855,2024-03-18 02:37:32,Velocity Anomaly,Medium,Confirmed,1138.64
8247,153527,4662,2024-01-18 23:58:41,High Value Transaction,High,False Positive,129.96
8248,695552,1087,2022-05-02 06:56:33,Velocity Anomaly,Medium,False Positive,230.02
8249,140326,19846,2024-03-25 01:51:57,Possible Account Takeover,Low,Open,1099.97
8250,24158,9097,2025-04-28 18:49:21,Velocity Anomaly,Medium,Investigating,645.3
8251,446443,16937,2024-01-30 15:21:35,Possible Account Takeover,Low,Confirmed,620.28
8252,968389,1772,2023-09-06 11:07:06,Unusual Transaction,High,Confirmed,346.16
8253,254934,11636,2025-05-29 18:56:15,Unusual Transaction,Low,False Positive,84.55
8254,805443,16353,2023-03-09 13:30:36,Possible Account Takeover,Medium,False Positive,8500.5
8255,999026,12533,2023-03-12 00:49:08,Possible Account Takeover,Medium,False Positive,175.13
8256,23620,23305,2023-06-06 17:24:40,Velocity Anomaly,Medium,Confirmed,2514.68
8257,835496,8139,2025-10-11 05:13:23,Possible Account Takeover,Medium,Closed,1776.32
8258,280628,20459,2024-05-18 12:30:24,High Value Transaction,Low,Open,256.33
8259,472253,7393,2024-05-22 05:14:48,Unusual Transaction,High,False Positive,385.16
8260,904985,10121,2023-07-27 19:23:13,Unusual Transaction,Medium,Closed,1865.55
8261,523937,19023,2022-09-25 22:29:59,Suspicious Merchant,High,False Positive,2549.02
8262,266544,828,2025-04-17 04:56:49,Possible Account Takeover,Medium,Confirmed,1536.57
8263,586768,6400,2022-03-17 15:06:29,Geographic Anomaly,High,Investigating,910.78
8264,480503,9622,2025-09-04 16:07:23,Geographic Anomaly,Low,False Positive,3372.84
8265,706526,22853,2025-06-10 03:31:48,Possible Account Takeover,High,Confirmed,2024.91
8266,814976,15715,2025-12-05 23:21:44,High Value Transaction,Medium,False Positive,1286.84
8267,34431,17073,2022-07-15 06:19:09,Geographic Anomaly,Medium,Investigating,976.61
8268,860095,4437,2022-09-24 16:59:28,Suspicious Merchant,High,Open,986.45
8269,894797,11961,2022-10-15 03:58:36,Possible Account Takeover,Medium,Confirmed,1079.95
8270,208747,18916,2025-05-24 19:45:01,High Value Transaction,Medium,Confirmed,2013.11
8271,379116,23141,2022-12-06 11:55:29,High Value Transaction,Low,Closed,700.44
8272,846212,17468,2024-05-16 02:23:59,Velocity Anomaly,Low,Closed,427.6
8273,511702,24941,2022-07-16 09:25:33,High Value Transaction,Medium,False Positive,3283.79
8274,532826,9858,2024-02-09 21:25:42,Geographic Anomaly,Low,Open,250.93
8275,594606,17609,2024-11-19 14:34:16,Geographic Anomaly,Medium,Investigating,3000.13
8276,710723,2805,2022-10-18 20:50:51,Possible Account Takeover,Low,False Positive,214.56
8277,666572,21107,2023-08-30 15:15:34,Possible Account Takeover,Low,Investigating,446.07
8278,761689,17290,2022-09-09 20:13:30,High Value Transaction,Medium,False Positive,288.56
8279,778599,8846,2023-01-24 20:19:39,Suspicious Merchant,Medium,Open,344.87
8280,926976,24670,2024-06-06 09:39:47,Unusual Transaction,High,False Positive,2952.6
8281,46802,15197,2022-06-22 20:28:49,Velocity Anomaly,Medium,False Positive,1541.08
8282,324452,22973,2023-11-28 19:55:35,Unusual Transaction,High,Confirmed,1124.92
8283,376629,19144,2024-07-03 15:11:45,High Value Transaction,High,False Positive,48.41
8284,542551,4013,2024-02-29 22:20:40,High Value Transaction,High,False Positive,315.67
8285,513763,10776,2022-03-03 23:05:02,Unusual Transaction,High,False Positive,2277.11
8286,830315,3094,2023-12-03 15:25:13,Velocity Anomaly,High,Confirmed,6009.02
8287,489102,4961,2024-11-18 18:57:37,Unusual Transaction,Medium,Confirmed,368.46
8288,862032,22576,2025-06-10 00:15:24,Possible Account Takeover,Low,Closed,141.06
8289,772979,4490,2025-06-21 23:00:22,Geographic Anomaly,Low,False Positive,461.34
8290,323680,13587,2024-06-26 00:51:30,Suspicious Merchant,Critical,False Positive,469.42
8291,558407,3705,2025-08-20 22:47:07,Possible Account Takeover,Critical,False Positive,1120.89
8292,416126,22278,2025-09-29 06:18:43,Geographic Anomaly,High,Investigating,880.47
8293,538511,3805,2024-05-01 19:28:23,Suspicious Merchant,High,Closed,450.3
8294,419836,21831,2024-01-17 01:27:36,Suspicious Merchant,High,Investigating,2696.23
8295,68974,17939,2023-08-23 08:06:18,Suspicious Merchant,Medium,Closed,455.38
8296,973474,7813,2023-10-05 15:29:10,High Value Transaction,Medium,Investigating,2514.79
8297,805503,7277,2022-12-19 18:11:09,Suspicious Merchant,Medium,Confirmed,4093.54
8298,521954,23650,2023-04-21 00:57:50,Velocity Anomaly,Medium,Confirmed,6376.07
8299,311121,5260,2023-06-28 23:07:23,Unusual Transaction,Low,Closed,589.64
8300,431947,902,2025-05-24 07:39:07,Velocity Anomaly,Medium,Closed,441.24
8301,487013,9045,2024-05-27 19:22:13,Unusual Transaction,High,False Positive,635.56
8302,773144,839,2023-05-02 05:53:09,Possible Account Takeover,Medium,Confirmed,1988.06
8303,657331,8192,2024-11-23 01:37:46,Possible Account Takeover,High,Open,1936.31
8304,150751,20532,2023-01-02 05:29:15,Unusual Transaction,Medium,False Positive,3926.9
8305,478322,5300,2024-10-31 00:10:23,Velocity Anomaly,Low,Confirmed,624.54
8306,564694,19372,2023-09-16 13:23:31,Unusual Transaction,High,False Positive,592.42
8307,689769,17982,2025-02-17 09:10:39,Suspicious Merchant,High,False Positive,5486.7
8308,256337,10320,2025-08-04 19:44:18,High Value Transaction,Low,Confirmed,159.94
8309,393208,9144,2025-10-14 16:39:05,Possible Account Takeover,Medium,False Positive,413.04
8310,423340,7107,2025-08-05 13:10:25,High Value Transaction,Medium,False Positive,1278.57
8311,674848,3973,2022-02-10 13:26:53,Suspicious Merchant,High,Closed,238.21
8312,159904,2089,2023-11-14 05:09:35,Suspicious Merchant,Medium,False Positive,1411.34
8313,137733,5511,2023-10-20 02:04:16,Possible Account Takeover,Low,False Positive,615.11
8314,778880,6464,2022-05-03 03:56:51,Possible Account Takeover,Medium,Confirmed,167.68
8315,441537,3071,2023-09-03 04:01:16,Suspicious Merchant,High,Open,130.83
8316,624086,1694,2022-04-04 15:26:17,Geographic Anomaly,High,Investigating,322.92
8317,613052,21142,2023-05-05 00:14:56,High Value Transaction,High,Investigating,376.84
8318,768307,21981,2022-02-22 17:22:31,High Value Transaction,Medium,Investigating,175.82
8319,162309,19799,2023-11-23 15:25:43,Geographic Anomaly,High,Open,346.39
8320,929312,9806,2022-06-15 23:30:17,Velocity Anomaly,High,Closed,1842.82
8321,2224,8801,2024-11-13 05:15:52,High Value Transaction,High,False Positive,128.42
8322,87580,1146,2022-09-10 08:25:13,Unusual Transaction,Medium,Confirmed,1200.3
8323,37680,21182,2025-04-25 16:05:09,Suspicious Merchant,High,Confirmed,2854.31
8324,570960,3584,2022-06-12 23:45:02,Suspicious Merchant,Medium,Confirmed,1574.44
8325,937338,16617,2024-07-10 21:10:15,Geographic Anomaly,High,Open,1941.67
8326,224605,7168,2024-12-26 06:38:54,High Value Transaction,Medium,Confirmed,1860.24
8327,592089,9539,2023-10-29 01:03:08,Velocity Anomaly,Low,Closed,355.32
8328,660041,17218,2024-06-19 01:42:21,High Value Transaction,Medium,False Positive,1415.1
8329,215533,22235,2025-05-09 14:47:37,Suspicious Merchant,Medium,False Positive,806.7
8330,743034,14196,2024-09-02 10:14:21,Possible Account Takeover,Medium,Confirmed,3587.3
8331,890377,12961,2023-12-23 01:10:57,Unusual Transaction,Medium,Confirmed,203.42
8332,113327,15325,2023-01-08 05:50:28,Geographic Anomaly,Medium,Confirmed,483.61
8333,514523,12701,2025-02-06 17:47:41,Possible Account Takeover,High,False Positive,529.6
8334,240466,1506,2025-02-02 00:17:13,Velocity Anomaly,Low,False Positive,3480.98
8335,768483,10387,2023-08-15 11:03:07,Possible Account Takeover,Medium,Investigating,72.5
8336,595401,1330,2025-10-01 10:06:19,Possible Account Takeover,High,False Positive,394.32
8337,826188,23777,2022-05-28 22:23:15,Velocity Anomaly,Medium,Confirmed,1239.62
8338,463745,13364,2022-05-20 21:48:38,Possible Account Takeover,Medium,False Positive,401.83
8339,142577,16463,2024-11-07 16:49:33,Geographic Anomaly,Medium,False Positive,1417.2
8340,68170,9482,2023-10-01 04:56:51,Suspicious Merchant,Medium,Confirmed,3124.76
8341,55998,12251,2024-01-22 08:40:48,High Value Transaction,Low,False Positive,517.17
8342,81811,23443,2022-04-14 16:17:15,Possible Account Takeover,Medium,Investigating,1286.98
8343,673771,14933,2022-06-07 03:07:11,Geographic Anomaly,Critical,Confirmed,1905.08
8344,843567,3018,2024-01-17 08:01:57,High Value Transaction,Medium,Confirmed,1335.45
8345,622325,9708,2022-10-15 14:06:03,High Value Transaction,Low,Open,2313.24
8346,276628,16989,2024-09-19 16:49:09,Possible Account Takeover,High,Investigating,656.27
8347,63528,2605,2023-04-08 05:21:10,Geographic Anomaly,Medium,False Positive,359.08
8348,301783,14027,2024-06-24 10:53:32,Suspicious Merchant,Low,Investigating,470.3
8349,614788,15136,2025-07-03 04:50:20,Possible Account Takeover,High,Investigating,1703.15
8350,348785,13538,2024-09-21 02:13:28,Velocity Anomaly,Low,False Positive,607.32
8351,411309,20741,2024-02-23 10:11:35,High Value Transaction,High,Closed,66.68
8352,580013,17262,2025-12-18 10:01:10,Possible Account Takeover,Medium,False Positive,463.12
8353,93815,17831,2022-11-21 16:58:14,High Value Transaction,High,Closed,842.44
8354,539698,21285,2022-12-09 22:13:51,Geographic Anomaly,Medium,False Positive,2801.99
8355,275612,3357,2025-08-23 14:36:23,Unusual Transaction,Medium,Confirmed,244.36
8356,747590,17577,2023-08-20 19:42:40,Possible Account Takeover,High,False Positive,1408.61
8357,852874,13661,2022-09-23 20:43:40,Suspicious Merchant,Critical,Confirmed,682.36
8358,518431,19887,2022-10-29 00:30:28,Possible Account Takeover,High,Open,2389.91
8359,746111,17198,2022-06-08 04:33:29,High Value Transaction,Medium,Confirmed,248.89
8360,889871,3866,2022-01-18 18:02:10,Geographic Anomaly,Critical,Confirmed,44.97
8361,366976,16698,2023-08-10 02:38:08,Velocity Anomaly,Medium,False Positive,5891.44
8362,802789,16901,2023-01-30 16:08:03,Suspicious Merchant,Low,False Positive,1467.62
8363,915078,17946,2022-03-21 22:38:05,Geographic Anomaly,Low,Investigating,213.58
8364,365718,15640,2025-03-24 14:38:43,Possible Account Takeover,High,Closed,702.75
8365,593726,22047,2024-12-11 22:47:04,Velocity Anomaly,High,False Positive,1377.63
8366,303713,4906,2024-04-25 07:17:43,Geographic Anomaly,Medium,Confirmed,10047.12
8367,634623,19066,2023-08-16 21:41:38,Unusual Transaction,High,Closed,571.37
8368,35332,18685,2023-08-08 13:52:23,Suspicious Merchant,High,Open,231.2
8369,982426,18901,2023-09-01 15:33:15,High Value Transaction,Medium,False Positive,98.19
8370,301624,13412,2023-07-24 06:03:39,Geographic Anomaly,Low,Confirmed,1169.38
8371,901308,7654,2024-08-15 22:29:15,Geographic Anomaly,High,False Positive,224.63
8372,526877,9299,2025-11-28 14:07:27,Unusual Transaction,Low,Closed,1613.2
8373,141624,9911,2022-05-01 13:22:23,Possible Account Takeover,Medium,False Positive,4613.6
8374,187278,17405,2023-03-23 14:04:37,Suspicious Merchant,Medium,Open,34.59
8375,957433,5833,2025-03-18 09:58:05,Suspicious Merchant,Medium,Open,1851.89
8376,29447,7510,2025-12-11 06:31:08,High Value Transaction,Medium,Confirmed,1125.89
8377,409555,14493,2025-01-12 03:11:27,Geographic Anomaly,Low,False Positive,7964.45
8378,83703,77,2023-11-13 09:16:59,Velocity Anomaly,High,Confirmed,566.48
8379,494518,10029,2024-07-15 17:19:52,Geographic Anomaly,Medium,Confirmed,455.54
8380,760478,19436,2022-04-18 15:50:52,High Value Transaction,High,False Positive,7513.02
8381,276371,5107,2022-12-01 02:21:22,Geographic Anomaly,High,Investigating,902.3
8382,602723,1202,2024-11-01 03:12:22,Unusual Transaction,High,False Positive,4084.33
8383,560762,21805,2025-12-13 02:33:37,Geographic Anomaly,High,Confirmed,2501.97
8384,530113,4279,2022-12-14 19:57:10,Geographic Anomaly,Low,Open,3656.53
8385,409545,6626,2023-12-13 02:25:19,Velocity Anomaly,Low,Investigating,135.12
8386,977228,14045,2025-02-07 02:23:15,Unusual Transaction,Low,Closed,434.78
8387,346260,7671,2022-08-21 15:26:25,Unusual Transaction,High,Confirmed,1319.82
8388,970638,1953,2022-07-15 23:16:48,Geographic Anomaly,Critical,Confirmed,438.34
8389,330366,4495,2024-07-16 16:29:53,Suspicious Merchant,Medium,False Positive,300.71
8390,558923,14105,2024-05-21 11:08:12,Velocity Anomaly,High,False Positive,6445.18
8391,843270,4872,2022-02-03 16:49:25,Geographic Anomaly,Low,Confirmed,316.44
8392,739399,20963,2023-08-05 12:43:52,Geographic Anomaly,Low,False Positive,2156.04
8393,652504,23908,2022-03-12 10:29:10,High Value Transaction,High,Confirmed,3890.75
8394,981129,2320,2025-10-14 13:42:21,High Value Transaction,Low,Investigating,1112.4
8395,646480,8246,2025-07-22 09:07:27,Suspicious Merchant,Medium,False Positive,56.49
8396,206887,17745,2025-12-03 01:17:22,Velocity Anomaly,High,Investigating,2602.99
8397,357170,17952,2025-07-15 03:50:08,Possible Account Takeover,High,Closed,90.09
8398,321239,3702,2023-01-28 05:15:20,High Value Transaction,Medium,Open,5218.88
8399,274284,14878,2022-11-12 02:13:09,Possible Account Takeover,Medium,False Positive,2507.54
8400,257944,22062,2025-06-09 03:43:31,Unusual Transaction,Medium,Confirmed,271.11
8401,965650,18275,2025-01-25 04:54:36,High Value Transaction,Low,False Positive,5143.46
8402,148853,10286,2022-03-29 08:41:10,High Value Transaction,High,Open,1342.49
8403,430327,4306,2022-07-16 07:27:08,Velocity Anomaly,Low,Closed,408.98
8404,188366,24307,2025-10-15 20:51:30,Suspicious Merchant,Low,Investigating,7745.53
8405,752251,5043,2025-07-10 22:51:26,Possible Account Takeover,Medium,False Positive,532.12
8406,356276,13460,2022-04-17 18:14:07,High Value Transaction,High,False Positive,647.67
8407,272123,11895,2023-10-03 07:58:21,High Value Transaction,Low,Confirmed,167.3
8408,54489,20928,2023-04-23 09:52:02,Velocity Anomaly,Low,Confirmed,169.73
8409,688524,10989,2022-04-14 20:00:19,Velocity Anomaly,Low,False Positive,795.52
8410,986271,24241,2025-11-30 00:47:36,Suspicious Merchant,Medium,Investigating,930.12
8411,781452,15107,2022-08-06 01:22:42,Possible Account Takeover,Medium,False Positive,963.4
8412,825526,19709,2024-01-20 17:33:25,Unusual Transaction,Low,Confirmed,136.46
8413,404586,22300,2024-03-07 14:56:47,Suspicious Merchant,High,Closed,631.45
8414,954526,952,2025-02-12 01:20:26,Unusual Transaction,High,False Positive,1763.58
8415,746212,23876,2023-10-01 08:25:48,Geographic Anomaly,High,Investigating,1133.0
8416,487429,18917,2025-04-11 05:57:51,High Value Transaction,Medium,Confirmed,4122.45
8417,908845,9578,2024-09-03 03:51:23,Possible Account Takeover,Medium,Open,553.33
8418,415593,20416,2022-06-04 06:23:24,Suspicious Merchant,Medium,Confirmed,419.91
8419,828902,21235,2025-05-14 00:04:14,High Value Transaction,Medium,Confirmed,732.36
8420,140117,22075,2025-06-10 20:00:44,Possible Account Takeover,Low,Closed,1999.59
8421,823269,22395,2022-02-15 18:37:58,Possible Account Takeover,High,False Positive,1235.1
8422,784467,1582,2023-01-11 07:18:19,Possible Account Takeover,Medium,Open,3428.75
8423,258534,10407,2022-10-14 14:29:25,High Value Transaction,Low,False Positive,851.49
8424,473545,1640,2023-06-23 04:24:45,Suspicious Merchant,Medium,Investigating,104.91
8425,857805,22422,2022-09-05 14:28:02,Velocity Anomaly,Low,Confirmed,524.88
8426,509150,6742,2022-08-30 18:54:44,High Value Transaction,High,Open,1049.93
8427,251456,9628,2024-07-26 00:14:43,Possible Account Takeover,Low,False Positive,174.3
8428,633392,17145,2024-02-05 02:21:11,Suspicious Merchant,High,Closed,1447.89
8429,1886,5460,2025-06-24 20:45:16,Geographic Anomaly,Medium,Investigating,1729.27
8430,546181,12992,2025-03-26 01:25:31,Unusual Transaction,High,Confirmed,83.01
8431,629120,9377,2023-05-03 19:30:45,Possible Account Takeover,Medium,Investigating,794.0
8432,901205,19565,2025-10-25 14:34:43,Geographic Anomaly,High,Closed,639.05
8433,556931,8642,2024-08-02 06:57:30,Velocity Anomaly,Low,Open,1507.38
8434,309220,12850,2022-08-29 19:45:25,Possible Account Takeover,Medium,False Positive,785.13
8435,316354,5172,2024-08-04 23:52:09,Geographic Anomaly,Low,Closed,1173.64
8436,471245,17804,2022-03-20 13:16:02,Possible Account Takeover,Medium,Investigating,602.43
8437,707813,15924,2023-03-27 13:54:03,High Value Transaction,Medium,False Positive,301.62
8438,361120,22122,2023-07-18 22:53:01,Suspicious Merchant,Medium,Open,1797.28
8439,980833,21220,2024-09-03 03:15:35,Geographic Anomaly,Medium,False Positive,1557.46
8440,541719,9563,2024-03-26 23:47:48,Suspicious Merchant,Low,Confirmed,5958.04
8441,551645,10966,2024-02-17 06:30:55,High Value Transaction,High,Closed,206.6
8442,668699,18543,2023-11-15 12:06:39,High Value Transaction,Medium,Closed,11093.16
8443,810980,19252,2023-02-16 03:11:56,Suspicious Merchant,Low,False Positive,343.84
8444,833141,19231,2025-11-01 02:55:16,Geographic Anomaly,High,Confirmed,688.79
8445,58131,3423,2024-11-25 12:43:11,Suspicious Merchant,Critical,False Positive,850.25
8446,833114,16128,2023-11-26 08:05:31,Suspicious Merchant,High,Investigating,725.62
8447,97331,6654,2022-09-04 04:10:18,Unusual Transaction,High,Confirmed,20.16
8448,629877,19590,2022-12-31 04:39:35,Geographic Anomaly,Low,Open,462.1
8449,970245,11906,2022-05-07 04:54:42,Unusual Transaction,Critical,False Positive,469.78
8450,760177,6123,2024-04-18 05:10:10,Possible Account Takeover,Medium,False Positive,212.62
8451,24011,5472,2022-10-13 22:18:13,Suspicious Merchant,Low,Closed,1263.27
8452,198854,5012,2024-01-03 15:43:30,Possible Account Takeover,High,False Positive,913.66
8453,108766,17617,2023-01-30 17:21:55,Geographic Anomaly,Low,False Positive,530.33
8454,163368,17425,2023-09-21 17:22:01,Suspicious Merchant,Medium,Closed,113.48
8455,525232,18261,2025-05-12 06:35:25,Possible Account Takeover,Low,Closed,5608.72
8456,429099,16911,2024-04-27 16:34:15,Velocity Anomaly,Medium,Confirmed,2933.12
8457,752932,11170,2024-02-25 01:30:03,High Value Transaction,Medium,Investigating,126.06
8458,622303,4384,2025-03-17 20:45:56,Suspicious Merchant,Medium,Confirmed,298.62
8459,471034,4568,2024-05-03 11:45:20,High Value Transaction,Low,False Positive,1638.88
8460,495749,6389,2023-05-29 00:50:37,Unusual Transaction,Medium,False Positive,365.24
8461,806077,5890,2025-01-04 15:08:58,Possible Account Takeover,Medium,Closed,334.03
8462,761948,18235,2024-09-29 12:06:43,Unusual Transaction,Medium,Closed,4851.41
8463,932325,13298,2024-06-05 08:54:30,Suspicious Merchant,High,Confirmed,938.13
8464,49325,15016,2022-03-06 12:51:14,High Value Transaction,Medium,Investigating,192.12
8465,817729,4622,2022-02-26 19:43:15,High Value Transaction,High,Investigating,300.73
8466,199086,8990,2024-11-15 17:50:33,Possible Account Takeover,Low,Investigating,899.47
8467,66129,21912,2022-11-13 08:14:48,Suspicious Merchant,Medium,Confirmed,617.11
8468,583934,1586,2023-01-13 12:29:30,Velocity Anomaly,Low,Closed,6686.82
8469,248577,12141,2022-09-01 03:13:38,Velocity Anomaly,Medium,Confirmed,312.56
8470,410482,24148,2024-05-02 13:55:36,Possible Account Takeover,Low,False Positive,769.02
8471,172373,23308,2025-01-06 18:19:20,Suspicious Merchant,Medium,Investigating,759.32
8472,563906,4972,2024-01-23 23:03:03,Possible Account Takeover,Medium,Confirmed,2752.91
8473,23878,2990,2024-04-14 12:18:39,Suspicious Merchant,Low,Closed,1006.93
8474,682885,23349,2024-11-03 17:49:19,Unusual Transaction,Medium,False Positive,1874.24
8475,383602,3918,2023-05-22 02:31:34,Possible Account Takeover,Critical,Open,772.54
8476,157179,5673,2023-07-20 17:02:19,Suspicious Merchant,Low,Closed,500.55
8477,864357,4840,2025-11-26 20:55:27,Velocity Anomaly,High,Confirmed,493.73
8478,351085,7448,2022-12-08 18:38:14,Suspicious Merchant,High,False Positive,407.91
8479,413054,5487,2022-10-06 14:16:39,Suspicious Merchant,Medium,Investigating,10679.51
8480,855005,6704,2022-03-01 03:47:18,Possible Account Takeover,High,False Positive,565.24
8481,477162,5804,2023-01-19 04:48:18,Unusual Transaction,Critical,Open,505.2
8482,533532,24213,2025-04-06 04:19:30,Unusual Transaction,Medium,False Positive,1045.46
8483,7151,16655,2023-01-09 04:31:00,Unusual Transaction,High,False Positive,586.69
8484,896714,15247,2024-07-11 02:21:31,Unusual Transaction,High,Investigating,182.57
8485,766791,8476,2024-01-29 16:47:41,Geographic Anomaly,Medium,Closed,332.98
8486,463893,46,2022-01-11 04:04:08,Possible Account Takeover,Medium,Open,395.82
8487,587262,2196,2023-09-07 21:53:09,High Value Transaction,High,Closed,950.95
8488,567942,18005,2022-01-01 19:51:23,Possible Account Takeover,High,Confirmed,72.94
8489,364073,17161,2025-11-06 06:25:01,Geographic Anomaly,Low,False Positive,1024.32
8490,669326,10973,2024-04-29 21:48:14,Unusual Transaction,Low,False Positive,833.06
8491,523726,5801,2023-09-05 17:54:40,Geographic Anomaly,High,Investigating,466.82
8492,49551,9679,2024-12-28 02:49:08,Velocity Anomaly,Low,Confirmed,1405.76
8493,79870,4790,2023-02-03 01:17:10,Velocity Anomaly,High,False Positive,714.3
8494,483201,12371,2023-01-05 14:34:40,Possible Account Takeover,Low,False Positive,2080.36
8495,524252,10433,2025-10-21 22:49:10,Possible Account Takeover,Low,Closed,865.79
8496,703784,2361,2023-02-05 04:27:38,High Value Transaction,Low,Open,584.59
8497,508484,11869,2024-08-23 08:21:29,High Value Transaction,Medium,Confirmed,801.38
8498,167793,9337,2025-11-09 22:48:16,Velocity Anomaly,Low,False Positive,1073.16
8499,660430,7898,2024-05-01 07:32:14,Unusual Transaction,Medium,False Positive,56.2
8500,784935,17974,2022-10-15 15:09:23,Geographic Anomaly,Medium,Closed,547.25
8501,607993,17464,2025-08-30 02:47:25,High Value Transaction,Medium,Open,602.18
8502,582743,16438,2023-07-12 11:03:22,Suspicious Merchant,High,Confirmed,353.67
8503,7687,20562,2024-02-18 10:47:29,High Value Transaction,Medium,False Positive,2296.54
8504,908724,809,2024-01-26 12:59:18,Unusual Transaction,Medium,Investigating,5320.91
8505,326546,1813,2022-11-01 00:28:16,Unusual Transaction,Medium,False Positive,1433.7
8506,230684,24095,2023-05-29 05:02:39,Possible Account Takeover,Medium,Open,4071.1
8507,809137,16567,2023-12-21 20:12:44,Geographic Anomaly,Critical,Confirmed,1448.0
8508,653753,3749,2024-06-24 12:04:03,Unusual Transaction,High,False Positive,917.52
8509,120368,14840,2022-04-17 23:25:14,High Value Transaction,Medium,Confirmed,10471.21
8510,463583,15033,2024-01-01 22:58:41,High Value Transaction,High,Open,214.32
8511,369269,1496,2024-07-19 20:15:12,Velocity Anomaly,Medium,Closed,420.1
8512,144290,10182,2024-10-24 09:48:40,Unusual Transaction,Low,Closed,194.91
8513,537825,24391,2025-11-26 20:49:32,Suspicious Merchant,Medium,Closed,67.84
8514,988980,9560,2024-08-20 03:48:35,Possible Account Takeover,High,Closed,212.65
8515,73654,1815,2023-01-28 15:32:13,Geographic Anomaly,Medium,Investigating,657.01
8516,890477,12049,2023-12-09 10:23:27,Suspicious Merchant,High,Investigating,1669.78
8517,571311,20643,2023-12-26 20:19:09,Possible Account Takeover,Medium,Open,233.54
8518,111009,580,2022-05-31 09:37:06,High Value Transaction,Medium,Closed,3972.04
8519,99360,17924,2022-07-30 21:55:36,Suspicious Merchant,Critical,False Positive,608.54
8520,161364,5344,2024-02-11 21:33:01,Possible Account Takeover,Medium,False Positive,99.24
8521,939149,24510,2025-04-03 20:24:59,High Value Transaction,High,Closed,2905.06
8522,589327,4502,2023-10-24 08:57:22,High Value Transaction,High,False Positive,1904.74
8523,728353,23625,2025-01-12 02:42:40,High Value Transaction,High,Investigating,138.74
8524,863931,2708,2024-02-25 22:51:48,High Value Transaction,Low,Investigating,305.95
8525,309901,19166,2025-06-10 19:36:42,High Value Transaction,Medium,Investigating,2566.11
8526,646382,24731,2025-04-23 18:02:41,Velocity Anomaly,High,Confirmed,2460.6
8527,702723,1587,2024-01-25 03:05:08,Suspicious Merchant,Medium,Confirmed,12699.64
8528,983932,15951,2023-05-14 16:04:04,Possible Account Takeover,Medium,False Positive,2419.75
8529,792658,19449,2024-09-05 22:40:33,Velocity Anomaly,Low,Investigating,666.11
8530,201513,21020,2023-11-13 06:41:34,Velocity Anomaly,Medium,False Positive,696.12
8531,143594,24008,2024-10-30 22:32:33,Unusual Transaction,Medium,Confirmed,81.43
8532,281020,23705,2025-02-06 12:36:53,Unusual Transaction,Medium,Closed,1861.59
8533,272367,8760,2025-03-03 15:34:00,Unusual Transaction,Low,False Positive,5107.39
8534,99160,16986,2024-05-11 00:36:22,Geographic Anomaly,Low,Closed,2535.23
8535,975074,7184,2024-10-03 10:24:11,Unusual Transaction,Low,Confirmed,1996.22
8536,468117,18948,2024-09-11 02:34:31,Possible Account Takeover,High,Investigating,262.46
8537,516200,12836,2024-03-11 15:20:34,Velocity Anomaly,High,False Positive,1020.78
8538,964962,13031,2024-09-15 16:26:18,Possible Account Takeover,Low,Investigating,320.11
8539,416785,13372,2025-07-01 16:32:30,Suspicious Merchant,Low,Confirmed,694.95
8540,259913,15149,2023-09-16 01:05:03,Unusual Transaction,Medium,Confirmed,443.63
8541,136269,16160,2024-02-07 03:07:15,Geographic Anomaly,Medium,Confirmed,2470.79
8542,471804,11284,2022-09-28 06:52:38,Suspicious Merchant,High,Closed,258.57
8543,23963,1445,2024-05-30 10:26:40,Geographic Anomaly,High,Confirmed,514.67
8544,685758,16965,2023-09-14 08:17:13,Suspicious Merchant,High,Closed,866.17
8545,79602,16414,2025-03-13 11:03:34,Velocity Anomaly,Medium,Investigating,576.23
8546,471336,11184,2023-07-31 04:32:23,Possible Account Takeover,Medium,Investigating,105.14
8547,440836,3517,2022-02-22 00:38:39,High Value Transaction,Medium,False Positive,847.62
8548,87382,12737,2023-12-24 05:31:40,Possible Account Takeover,Low,False Positive,157.66
8549,270399,13127,2025-12-02 00:08:15,Unusual Transaction,Low,False Positive,7240.99
8550,890289,2650,2024-10-25 21:10:12,High Value Transaction,Low,False Positive,1175.27
8551,714563,23112,2022-11-25 11:51:31,Geographic Anomaly,Medium,Confirmed,1715.53
8552,941989,16949,2025-02-08 06:06:35,Velocity Anomaly,Low,Open,246.23
8553,201137,1197,2023-08-10 00:33:25,Velocity Anomaly,Low,Investigating,931.73
8554,94579,24747,2025-12-30 04:22:41,Geographic Anomaly,Medium,Confirmed,708.32
8555,633871,20571,2025-06-18 10:12:14,Unusual Transaction,Critical,Closed,2304.31
8556,464547,7195,2024-09-22 21:34:53,Geographic Anomaly,Low,Closed,1296.41
8557,528651,9109,2024-01-18 01:50:36,Suspicious Merchant,Medium,Investigating,1773.92
8558,891391,957,2023-09-03 13:10:58,Unusual Transaction,Low,False Positive,259.79
8559,159072,23101,2024-06-30 22:23:58,High Value Transaction,High,False Positive,1038.48
8560,45903,13606,2023-07-03 07:42:09,Geographic Anomaly,Medium,Open,1634.9
8561,477030,23482,2022-04-26 08:44:56,Unusual Transaction,High,Confirmed,183.48
8562,616265,14035,2025-06-05 23:50:16,High Value Transaction,Medium,Confirmed,1894.14
8563,754575,22728,2025-03-08 12:45:15,Geographic Anomaly,High,False Positive,6184.27
8564,657242,13788,2024-08-17 23:29:07,Velocity Anomaly,Low,Confirmed,1567.5
8565,570059,9493,2023-07-25 19:07:54,Geographic Anomaly,Medium,Closed,2818.19
8566,593290,18077,2024-04-21 02:22:16,Possible Account Takeover,Low,Confirmed,1308.11
8567,757880,4304,2022-04-22 21:02:57,Geographic Anomaly,Medium,Investigating,5844.6
8568,226931,23236,2023-01-10 08:26:55,Possible Account Takeover,High,Confirmed,3795.72
8569,73315,3142,2024-06-01 14:56:43,High Value Transaction,Medium,False Positive,1312.58
8570,604895,16909,2023-09-24 00:07:46,Geographic Anomaly,Medium,False Positive,991.63
8571,437366,19590,2023-11-26 12:17:48,High Value Transaction,Critical,False Positive,973.87
8572,242074,7803,2024-08-25 01:10:58,High Value Transaction,Medium,Confirmed,160.88
8573,578567,5254,2024-11-11 06:04:25,Unusual Transaction,Critical,Confirmed,190.29
8574,534252,4168,2022-12-16 10:16:52,High Value Transaction,Low,Confirmed,909.3
8575,92213,7395,2022-10-20 09:10:26,High Value Transaction,High,Investigating,1334.05
8576,868343,22943,2024-12-10 21:54:55,Geographic Anomaly,Low,False Positive,2831.45
8577,729322,2808,2025-09-06 02:12:24,Geographic Anomaly,Medium,Confirmed,1087.73
8578,935051,17038,2024-09-05 18:01:14,Velocity Anomaly,Medium,Confirmed,2405.31
8579,329029,8619,2023-02-15 04:48:45,Unusual Transaction,Medium,Confirmed,358.41
8580,739830,24946,2024-08-28 15:00:39,High Value Transaction,Medium,Confirmed,861.54
8581,448766,18897,2022-12-13 12:42:28,Unusual Transaction,Medium,False Positive,141.45
8582,630347,730,2025-02-21 00:36:22,Possible Account Takeover,Critical,False Positive,111.39
8583,625412,8502,2025-03-20 17:15:54,High Value Transaction,Critical,False Positive,335.05
8584,887119,3181,2024-09-16 22:50:10,Unusual Transaction,Critical,False Positive,257.89
8585,296364,19995,2024-07-12 17:27:16,Velocity Anomaly,Critical,Confirmed,4313.82
8586,490041,24319,2023-09-21 19:01:25,Velocity Anomaly,High,False Positive,6621.37
8587,408988,17371,2024-12-15 04:49:29,High Value Transaction,Critical,Open,358.63
8588,819985,9017,2022-01-25 02:46:46,Possible Account Takeover,High,False Positive,1286.79
8589,31496,8090,2022-01-20 17:46:42,Velocity Anomaly,Medium,False Positive,673.38
8590,614730,18246,2023-08-20 10:36:46,Velocity Anomaly,High,False Positive,1209.77
8591,454294,22027,2025-04-01 08:08:24,Possible Account Takeover,High,Open,186.63
8592,138550,23216,2023-05-02 15:52:46,Unusual Transaction,High,Closed,8253.64
8593,216499,16869,2022-07-08 07:04:17,Velocity Anomaly,Medium,False Positive,1388.78
8594,688574,2867,2022-04-23 06:19:23,Geographic Anomaly,Low,False Positive,1814.28
8595,720206,12881,2024-08-19 00:25:33,Suspicious Merchant,High,Open,10776.52
8596,195348,20894,2023-11-11 18:10:45,Suspicious Merchant,Critical,Confirmed,2225.21
8597,692136,5490,2022-04-25 17:49:39,Velocity Anomaly,Medium,Open,1455.19
8598,187856,4177,2022-05-12 17:44:59,Unusual Transaction,Low,Confirmed,656.34
8599,17898,18469,2023-08-30 09:48:39,Unusual Transaction,Medium,False Positive,1251.05
8600,273318,2234,2023-10-01 16:00:30,High Value Transaction,Medium,Closed,1683.65
8601,264483,17889,2023-12-21 05:27:04,Geographic Anomaly,Medium,Confirmed,28.25
8602,476732,16364,2022-02-02 00:16:35,Unusual Transaction,Medium,False Positive,454.78
8603,282615,6647,2023-12-13 10:20:00,Possible Account Takeover,Critical,Investigating,2034.27
8604,976263,3436,2025-02-21 04:42:04,Geographic Anomaly,High,Confirmed,1040.52
8605,337260,11748,2024-09-05 03:14:58,Suspicious Merchant,Medium,Closed,4940.2
8606,190236,3840,2022-09-25 14:36:33,Geographic Anomaly,High,False Positive,241.71
8607,917553,4199,2025-06-28 10:30:46,Possible Account Takeover,Medium,False Positive,161.55
8608,622686,11727,2024-07-28 14:17:41,Velocity Anomaly,Low,Confirmed,676.43
8609,992076,12543,2024-10-21 03:56:08,Possible Account Takeover,Medium,Confirmed,601.58
8610,966588,11743,2024-04-29 11:47:12,Possible Account Takeover,High,Investigating,653.43
8611,238795,23655,2023-08-31 14:35:09,Velocity Anomaly,High,Confirmed,886.16
8612,391216,21264,2023-03-14 00:38:03,Velocity Anomaly,High,Investigating,4311.0
8613,903528,15123,2024-06-16 18:01:56,Velocity Anomaly,Medium,False Positive,608.9
8614,929164,17101,2022-04-26 17:45:46,Velocity Anomaly,Low,Open,1693.7
8615,304597,19988,2023-03-09 08:18:18,Velocity Anomaly,Low,Investigating,737.08
8616,557093,3531,2022-02-20 21:48:14,Possible Account Takeover,High,False Positive,363.77
8617,660281,2402,2022-03-31 14:19:09,High Value Transaction,High,Closed,5366.07
8618,417322,4275,2023-03-04 17:34:40,High Value Transaction,Medium,Closed,1061.31
8619,787335,5213,2023-01-23 08:25:20,Unusual Transaction,Medium,False Positive,120.23
8620,564381,16455,2025-02-22 15:21:25,High Value Transaction,Critical,Investigating,890.64
8621,561983,10922,2025-07-07 18:36:56,Suspicious Merchant,High,Confirmed,170.46
8622,949367,9156,2022-05-05 22:32:14,High Value Transaction,Low,Closed,198.72
8623,86250,9547,2022-07-16 14:42:29,Possible Account Takeover,High,Closed,11148.08
8624,874913,24476,2025-08-04 22:01:25,Velocity Anomaly,Medium,False Positive,87.08
8625,188027,22584,2022-09-21 01:39:16,Velocity Anomaly,Low,Confirmed,823.03
8626,874916,8223,2025-01-28 02:30:03,Possible Account Takeover,Medium,Investigating,1008.56
8627,290423,14311,2023-09-20 23:39:54,Suspicious Merchant,Low,Closed,66.75
8628,390536,14798,2023-02-27 21:57:51,High Value Transaction,Medium,Investigating,5330.98
8629,655698,11086,2024-12-28 15:15:31,Possible Account Takeover,Medium,False Positive,1816.51
8630,417691,24195,2025-04-01 00:23:00,Unusual Transaction,Medium,Closed,128.61
8631,538204,11871,2023-12-25 01:29:48,Velocity Anomaly,Medium,False Positive,789.83
8632,751910,16651,2022-05-19 22:39:18,Geographic Anomaly,Medium,Confirmed,206.71
8633,603524,19292,2024-07-05 10:35:57,Unusual Transaction,Low,Confirmed,333.17
8634,343926,612,2023-10-19 06:23:50,Suspicious Merchant,High,Open,68.57
8635,821330,2873,2024-06-28 08:02:57,Unusual Transaction,Medium,False Positive,118.69
8636,931001,2776,2025-07-22 22:41:50,Possible Account Takeover,Medium,False Positive,519.08
8637,251415,5540,2024-04-13 10:36:59,High Value Transaction,Critical,Investigating,5693.1
8638,42180,24806,2025-11-16 12:02:22,Velocity Anomaly,Medium,Investigating,5685.78
8639,787316,11928,2024-08-19 01:45:33,Suspicious Merchant,Medium,Open,415.72
8640,128687,1818,2023-06-19 08:09:17,Suspicious Merchant,Medium,Closed,336.58
8641,804670,20467,2025-11-09 14:23:27,Geographic Anomaly,High,False Positive,387.74
8642,397616,14371,2025-01-04 23:28:42,Unusual Transaction,High,Confirmed,50.76
8643,22876,565,2024-12-30 05:15:28,Geographic Anomaly,Low,Closed,521.79
8644,308246,2298,2024-02-24 08:43:08,High Value Transaction,High,False Positive,3913.39
8645,547814,10276,2023-03-03 23:15:59,High Value Transaction,Low,False Positive,271.74
8646,170943,20586,2022-01-24 04:35:20,Geographic Anomaly,Critical,False Positive,3251.11
8647,761055,10631,2024-06-19 09:26:24,Velocity Anomaly,Medium,False Positive,138.61
8648,512294,5237,2024-09-02 20:15:15,High Value Transaction,High,Investigating,2730.5
8649,22480,17051,2025-08-21 19:05:00,Geographic Anomaly,Medium,False Positive,2135.86
8650,325051,13456,2024-08-03 14:13:58,Unusual Transaction,Medium,False Positive,1813.38
8651,967078,13920,2023-10-25 21:24:43,Geographic Anomaly,Critical,Open,443.62
8652,401212,15597,2022-09-10 18:43:59,Geographic Anomaly,High,Investigating,3855.32
8653,836135,15161,2025-02-12 01:04:24,Possible Account Takeover,Low,Investigating,126.27
8654,843799,15786,2025-07-05 02:47:22,High Value Transaction,Medium,Confirmed,1483.91
8655,34588,14881,2023-02-24 14:52:46,Velocity Anomaly,Medium,Investigating,80.85
8656,807246,1516,2022-05-23 09:09:36,Velocity Anomaly,Medium,False Positive,548.96
8657,782446,16128,2024-02-19 15:46:45,Possible Account Takeover,Medium,Confirmed,2440.25
8658,441203,17886,2025-04-26 06:25:54,Suspicious Merchant,Medium,Investigating,1715.98
8659,716675,14834,2024-08-10 06:30:22,Velocity Anomaly,Medium,Closed,954.06
8660,94973,14128,2022-05-07 09:15:37,Geographic Anomaly,Low,False Positive,5175.51
8661,606683,880,2024-03-18 04:32:02,Possible Account Takeover,Medium,Investigating,3566.81
8662,751259,6823,2025-11-16 14:18:15,Unusual Transaction,Medium,Confirmed,781.98
8663,416721,16014,2025-05-28 09:25:16,High Value Transaction,Medium,False Positive,245.7
8664,595384,9992,2022-12-27 12:36:52,High Value Transaction,High,False Positive,206.9
8665,972585,7423,2023-06-01 01:08:30,High Value Transaction,Low,Investigating,1393.72
8666,576000,24549,2024-06-05 01:31:10,Geographic Anomaly,Medium,Closed,1659.65
8667,61078,5438,2025-10-25 02:35:51,Unusual Transaction,Medium,False Positive,518.76
8668,544313,16930,2023-03-12 10:54:28,Possible Account Takeover,Medium,Closed,235.1
8669,127088,10417,2023-07-18 05:06:52,Possible Account Takeover,High,Investigating,583.18
8670,31122,7911,2023-08-06 09:24:14,High Value Transaction,Medium,Investigating,13145.5
8671,474282,17560,2024-11-11 04:20:36,Unusual Transaction,Low,Confirmed,940.35
8672,703955,4210,2022-01-25 11:51:02,Unusual Transaction,High,Open,778.48
8673,110784,11488,2024-12-01 11:06:58,Unusual Transaction,Critical,Open,3477.94
8674,862708,24503,2024-07-11 03:10:39,Velocity Anomaly,Low,Investigating,1231.47
8675,447941,9131,2022-06-05 08:15:49,Velocity Anomaly,Medium,False Positive,414.38
8676,937387,24909,2024-05-24 10:36:59,High Value Transaction,Medium,Open,188.4
8677,492950,13667,2022-04-28 11:46:32,Unusual Transaction,Medium,Open,3479.64
8678,136046,418,2022-07-22 13:50:37,Suspicious Merchant,Medium,Closed,683.7
8679,367635,9117,2024-11-29 23:49:55,Unusual Transaction,Medium,Open,1619.14
8680,356079,18808,2023-09-15 13:19:44,Possible Account Takeover,Low,False Positive,5986.21
8681,16093,13954,2022-09-28 18:26:29,Possible Account Takeover,High,False Positive,427.9
8682,405887,6320,2023-07-05 23:39:12,High Value Transaction,Medium,Closed,1087.15
8683,904983,17595,2023-04-21 17:37:40,Suspicious Merchant,Medium,Closed,587.84
8684,71268,1137,2025-09-20 01:07:38,Unusual Transaction,High,Confirmed,3118.82
8685,656091,182,2024-05-13 12:02:53,Suspicious Merchant,Low,Closed,2044.53
8686,18507,1364,2023-10-16 01:40:14,High Value Transaction,Medium,Confirmed,510.67
8687,886266,18974,2022-09-10 11:41:30,Possible Account Takeover,Medium,False Positive,885.87
8688,500416,12116,2023-10-15 09:52:28,Possible Account Takeover,Medium,Confirmed,602.86
8689,19152,9551,2025-06-28 22:31:12,Velocity Anomaly,Medium,False Positive,113.49
8690,587475,20487,2023-11-21 12:31:44,High Value Transaction,Low,False Positive,503.14
8691,202747,21208,2025-03-23 05:52:32,High Value Transaction,Low,False Positive,1541.89
8692,990079,6461,2024-04-27 17:41:57,Unusual Transaction,Low,False Positive,1013.39
8693,252111,19296,2025-06-02 23:43:45,Unusual Transaction,Critical,Investigating,354.49
8694,798287,3220,2025-05-06 01:29:32,Velocity Anomaly,Low,Confirmed,2810.83
8695,684947,2926,2023-08-27 12:54:00,Geographic Anomaly,Low,False Positive,1126.33
8696,384359,17489,2025-03-22 09:26:21,Suspicious Merchant,Critical,Investigating,356.51
8697,158479,14003,2023-03-07 09:17:22,Geographic Anomaly,Medium,Confirmed,1093.06
8698,443805,15725,2024-08-05 03:02:36,Geographic Anomaly,Medium,False Positive,359.59
8699,410139,8449,2022-02-12 08:43:44,High Value Transaction,Low,Closed,1794.97
8700,631716,16042,2025-11-02 02:48:33,Suspicious Merchant,High,Open,1331.41
8701,32337,17658,2024-08-10 15:48:54,High Value Transaction,Low,False Positive,1128.72
8702,151126,21116,2024-12-30 00:10:04,Suspicious Merchant,High,Open,73.1
8703,476831,10244,2022-04-11 09:50:27,Possible Account Takeover,Critical,Confirmed,201.1
8704,379204,8692,2025-11-03 00:27:54,High Value Transaction,Medium,Investigating,3281.69
8705,958635,4969,2025-03-30 12:59:35,High Value Transaction,Low,False Positive,1023.72
8706,141726,19094,2024-08-04 00:32:19,High Value Transaction,Medium,False Positive,1188.02
8707,43708,17907,2022-08-17 08:14:47,Velocity Anomaly,Medium,Investigating,311.67
8708,357970,23510,2024-04-10 13:01:32,High Value Transaction,Medium,False Positive,351.66
8709,968333,10635,2024-08-12 07:54:45,Unusual Transaction,Medium,Confirmed,1105.75
8710,419236,11501,2024-01-13 23:27:45,Unusual Transaction,High,Confirmed,2649.75
8711,997850,23320,2025-02-11 21:09:45,Suspicious Merchant,Medium,False Positive,7124.21
8712,3822,7959,2023-12-20 08:48:43,Possible Account Takeover,Critical,Confirmed,56.29
8713,397116,24324,2022-08-03 07:04:15,Velocity Anomaly,High,Investigating,2377.5
8714,807473,14980,2023-01-01 07:26:42,Suspicious Merchant,Medium,False Positive,478.86
8715,453225,22747,2022-01-02 01:55:08,Unusual Transaction,High,False Positive,225.46
8716,825420,13404,2024-04-07 21:56:26,Velocity Anomaly,Low,False Positive,231.93
8717,817077,2358,2025-08-18 05:49:43,Velocity Anomaly,High,Confirmed,946.36
8718,908374,2043,2025-03-12 00:58:12,Possible Account Takeover,Low,Investigating,430.56
8719,300788,11814,2022-09-15 17:19:02,Velocity Anomaly,Medium,False Positive,21.19
8720,218065,747,2024-09-30 08:47:45,High Value Transaction,High,Confirmed,235.92
8721,951737,2500,2024-11-25 09:34:28,Velocity Anomaly,Medium,False Positive,8451.78
8722,603145,1753,2024-01-19 03:42:01,Possible Account Takeover,High,False Positive,1357.18
8723,200777,16533,2024-04-24 18:21:41,Suspicious Merchant,Medium,False Positive,8810.89
8724,579731,5213,2025-06-23 04:00:07,Possible Account Takeover,Medium,Confirmed,3924.1
8725,933708,6238,2024-06-05 14:21:38,Possible Account Takeover,Medium,Closed,240.02
8726,560587,4326,2023-07-16 21:40:26,Unusual Transaction,High,False Positive,1334.36
8727,152653,24292,2023-12-21 18:15:31,High Value Transaction,Low,False Positive,461.04
8728,43158,15462,2023-06-20 16:08:39,Unusual Transaction,High,False Positive,12475.29
8729,443829,21978,2025-08-15 01:36:52,Suspicious Merchant,High,Open,171.55
8730,31861,14812,2022-01-22 07:33:40,Geographic Anomaly,High,Confirmed,83.13
8731,447388,6094,2022-05-10 09:28:43,Suspicious Merchant,High,Closed,104.34
8732,2792,5693,2022-12-15 11:47:28,High Value Transaction,Medium,Investigating,4399.97
8733,238851,11826,2024-05-14 06:25:45,Velocity Anomaly,High,Confirmed,903.2
8734,228447,19128,2024-08-08 19:07:38,Possible Account Takeover,High,Confirmed,3996.38
8735,821432,901,2024-05-26 18:20:58,Geographic Anomaly,High,Confirmed,10494.35
8736,151347,1854,2023-04-05 06:07:17,High Value Transaction,Low,False Positive,768.64
8737,740507,5283,2024-09-22 23:25:02,Unusual Transaction,Medium,Closed,755.71
8738,4331,16110,2022-11-27 02:43:21,Possible Account Takeover,Medium,Confirmed,261.87
8739,108618,8535,2023-05-20 13:06:31,Suspicious Merchant,Medium,False Positive,7631.87
8740,322277,15104,2023-09-11 15:55:40,Unusual Transaction,Medium,False Positive,651.84
8741,413009,6841,2023-06-22 10:20:17,High Value Transaction,Low,False Positive,688.94
8742,796308,9794,2024-05-20 17:55:13,High Value Transaction,Medium,Open,1329.05
8743,178060,21156,2023-12-02 14:58:56,Suspicious Merchant,Medium,False Positive,1960.61
8744,236937,4198,2023-05-07 19:07:12,Geographic Anomaly,Low,Closed,483.26
8745,301709,20866,2022-01-20 19:18:20,Suspicious Merchant,Medium,Confirmed,6572.22
8746,25129,21878,2025-06-20 10:41:52,Velocity Anomaly,High,False Positive,1908.21
8747,117608,9279,2022-01-31 13:54:42,Unusual Transaction,Medium,Closed,1689.31
8748,456043,2740,2022-07-03 10:43:01,Geographic Anomaly,Low,False Positive,1091.28
8749,981696,1223,2022-09-15 22:48:59,Possible Account Takeover,Low,False Positive,152.68
8750,45960,17203,2024-07-27 23:55:53,Velocity Anomaly,Medium,Closed,4103.67
8751,909992,904,2024-12-26 00:28:38,Geographic Anomaly,High,Investigating,275.47
8752,785533,4490,2022-03-14 19:59:43,Unusual Transaction,High,False Positive,16620.66
8753,30175,10652,2024-11-26 23:51:16,High Value Transaction,Low,Confirmed,591.31
8754,37588,21330,2025-10-19 21:38:57,Possible Account Takeover,Medium,Confirmed,1030.82
8755,545241,6661,2025-11-22 10:33:59,Suspicious Merchant,High,False Positive,421.6
8756,380644,16203,2025-01-06 10:38:49,Unusual Transaction,Low,Open,380.69
8757,49359,21483,2024-12-22 11:27:11,Velocity Anomaly,Medium,Confirmed,647.78
8758,242177,3544,2022-08-25 02:44:56,Velocity Anomaly,Medium,Investigating,82.09
8759,203873,12043,2022-02-25 05:22:00,High Value Transaction,Low,Investigating,1097.56
8760,912264,16957,2025-11-04 13:12:22,High Value Transaction,Low,Confirmed,661.22
8761,255007,22485,2024-05-18 09:02:34,Possible Account Takeover,Medium,False Positive,1381.13
8762,990942,7591,2024-06-03 18:05:44,Suspicious Merchant,Low,Investigating,2483.84
8763,180334,1611,2024-12-18 14:47:59,Possible Account Takeover,Low,False Positive,508.26
8764,93948,8768,2025-06-11 01:28:35,High Value Transaction,Medium,False Positive,311.31
8765,481012,3676,2022-10-26 10:49:20,High Value Transaction,Low,Investigating,646.06
8766,545558,12150,2022-06-11 18:15:26,Velocity Anomaly,Medium,Closed,94.13
8767,902864,6280,2022-11-21 19:10:10,High Value Transaction,Low,Closed,539.66
8768,277263,5544,2022-03-27 00:47:08,Geographic Anomaly,Medium,Confirmed,1982.12
8769,961321,10606,2023-10-04 03:52:36,Unusual Transaction,High,Closed,1224.07
8770,571060,2844,2022-06-16 05:39:06,High Value Transaction,Medium,False Positive,47.9
8771,79730,2312,2025-03-05 04:18:16,Possible Account Takeover,Medium,Confirmed,686.26
8772,138015,10621,2022-08-19 01:44:18,Suspicious Merchant,Low,False Positive,1664.94
8773,358769,22134,2023-07-06 17:09:56,Suspicious Merchant,Medium,False Positive,450.53
8774,779327,12995,2023-09-06 21:30:53,Suspicious Merchant,Low,False Positive,1373.58
8775,438722,7815,2022-06-01 16:21:15,Geographic Anomaly,Low,False Positive,261.16
8776,576511,9995,2025-03-23 15:50:51,Possible Account Takeover,High,Confirmed,1005.05
8777,163309,17234,2022-04-28 22:17:07,Geographic Anomaly,High,Closed,440.65
8778,889013,7886,2025-12-22 01:43:25,High Value Transaction,Medium,Closed,1715.02
8779,753275,4316,2025-06-02 23:29:20,Unusual Transaction,Low,False Positive,516.67
8780,150195,10917,2024-04-01 15:06:15,Suspicious Merchant,High,Open,394.72
8781,331538,5589,2025-10-01 21:45:00,Possible Account Takeover,Low,False Positive,478.82
8782,992131,16949,2023-08-13 18:09:37,Suspicious Merchant,High,False Positive,3066.8
8783,747220,7089,2025-05-07 22:04:46,Geographic Anomaly,Medium,Closed,584.12
8784,242605,18023,2023-01-19 05:45:44,Velocity Anomaly,Medium,Closed,5141.29
8785,292230,10737,2022-01-05 05:10:30,High Value Transaction,Medium,Closed,60.25
8786,196710,17239,2025-08-04 21:21:36,Unusual Transaction,Critical,Confirmed,529.2
8787,401645,15665,2024-03-28 18:44:54,High Value Transaction,High,Closed,489.8
8788,213484,9832,2024-12-14 06:20:47,Velocity Anomaly,Medium,Open,298.21
8789,146516,8619,2025-10-04 23:31:22,Unusual Transaction,High,Confirmed,468.66
8790,13149,15368,2023-02-19 13:35:26,Velocity Anomaly,Medium,Investigating,1326.2
8791,878566,22567,2025-01-25 05:40:38,High Value Transaction,High,Closed,6204.88
8792,475328,11532,2025-10-16 10:54:44,Geographic Anomaly,High,Closed,1078.85
8793,737820,4295,2025-11-09 21:32:14,High Value Transaction,Low,Confirmed,384.88
8794,770047,20473,2025-08-03 07:03:15,High Value Transaction,Medium,Confirmed,478.99
8795,121641,9099,2024-12-17 23:49:45,High Value Transaction,Critical,Closed,490.69
8796,649467,7055,2024-01-03 12:36:33,Possible Account Takeover,High,False Positive,54.89
8797,845908,11091,2022-01-23 06:35:26,Velocity Anomaly,Low,Confirmed,2367.27
8798,522277,20256,2023-03-04 02:56:29,Velocity Anomaly,Low,False Positive,860.28
8799,727454,23547,2025-02-11 22:16:46,Suspicious Merchant,Critical,False Positive,6402.19
8800,97096,5201,2023-08-21 07:21:15,Velocity Anomaly,Medium,Closed,550.47
8801,179082,18602,2023-07-30 05:24:47,Suspicious Merchant,Medium,Confirmed,143.65
8802,73889,7688,2024-10-26 06:47:27,Possible Account Takeover,Low,Investigating,1348.33
8803,543510,18082,2022-09-14 11:29:56,Geographic Anomaly,High,Investigating,77.95
8804,882101,14521,2025-09-10 15:20:33,Suspicious Merchant,Low,Open,27149.97
8805,612419,12433,2022-04-05 16:38:06,High Value Transaction,Low,False Positive,2058.43
8806,922596,19180,2022-06-04 00:32:00,Geographic Anomaly,Low,Closed,2473.12
8807,258086,24390,2025-11-24 19:02:00,Possible Account Takeover,High,False Positive,1125.45
8808,781629,9351,2025-02-11 02:08:17,Velocity Anomaly,High,Closed,1212.12
8809,757177,8741,2024-08-30 13:33:44,Suspicious Merchant,High,Closed,815.35
8810,826270,18059,2022-01-12 09:47:46,High Value Transaction,Medium,Confirmed,637.13
8811,236331,5560,2025-05-24 12:11:17,Unusual Transaction,High,Confirmed,3387.95
8812,171534,5684,2025-09-11 20:37:39,Unusual Transaction,High,False Positive,463.01
8813,986624,18117,2025-08-28 04:58:59,Geographic Anomaly,High,Investigating,852.01
8814,687256,17470,2025-06-20 05:47:36,Velocity Anomaly,Critical,False Positive,235.96
8815,594550,22488,2023-11-19 05:07:41,Unusual Transaction,Medium,Confirmed,3503.06
8816,945377,8945,2025-08-17 06:19:33,Geographic Anomaly,Medium,False Positive,6755.04
8817,719053,10502,2023-06-04 00:40:06,Possible Account Takeover,High,False Positive,422.82
8818,502587,20676,2022-04-21 13:33:40,Geographic Anomaly,High,Confirmed,292.01
8819,573807,19195,2023-10-09 07:46:06,Geographic Anomaly,Medium,False Positive,2440.89
8820,522454,15250,2024-09-15 07:30:45,Geographic Anomaly,Low,Confirmed,580.91
8821,663098,8548,2025-09-24 00:46:12,High Value Transaction,High,Investigating,973.39
8822,961975,24233,2022-07-13 20:44:23,Geographic Anomaly,Medium,False Positive,1373.99
8823,611774,23151,2022-03-18 18:41:06,Suspicious Merchant,Low,Confirmed,2397.24
8824,464273,20901,2024-01-11 06:17:28,Geographic Anomaly,High,Closed,22.47
8825,239204,20096,2025-10-17 10:14:30,High Value Transaction,Medium,Investigating,3088.95
8826,724844,15015,2023-08-13 11:53:22,High Value Transaction,Medium,False Positive,1602.35
8827,68131,614,2025-10-05 01:44:04,Possible Account Takeover,High,False Positive,1502.63
8828,896127,19995,2025-02-19 17:17:09,Velocity Anomaly,Medium,Investigating,463.61
8829,201022,7828,2024-01-01 15:46:54,Unusual Transaction,Low,Confirmed,50.78
8830,706578,6243,2025-03-13 12:34:31,Unusual Transaction,Medium,False Positive,103.94
8831,2780,17047,2025-09-01 05:01:06,Geographic Anomaly,Low,Confirmed,8119.91
8832,489415,4752,2025-12-02 01:00:40,Possible Account Takeover,Low,Investigating,665.72
8833,842154,2988,2024-04-14 09:51:29,Geographic Anomaly,Low,False Positive,1094.8
8834,965459,13596,2022-06-29 10:51:15,Unusual Transaction,Low,Investigating,121.52
8835,421748,5754,2023-10-18 08:28:08,High Value Transaction,Medium,False Positive,2862.39
8836,448176,651,2024-12-01 16:28:30,Velocity Anomaly,Medium,False Positive,375.64
8837,275289,7519,2022-11-14 03:19:42,Possible Account Takeover,High,Investigating,624.81
8838,336428,24780,2024-03-20 13:56:05,High Value Transaction,Medium,Confirmed,369.13
8839,89747,3132,2023-02-19 12:27:07,Velocity Anomaly,High,Confirmed,1952.55
8840,513551,2370,2024-01-08 22:43:36,Possible Account Takeover,Medium,False Positive,367.25
8841,800648,9652,2025-04-09 20:40:32,Possible Account Takeover,High,Confirmed,14824.16
8842,8045,15292,2025-12-17 12:37:50,Unusual Transaction,Medium,Confirmed,633.17
8843,582582,14632,2025-06-09 20:23:10,High Value Transaction,Medium,Open,1258.63
8844,489712,5353,2024-11-06 07:58:32,Possible Account Takeover,Low,Investigating,46.19
8845,695864,3626,2023-11-21 09:20:17,Suspicious Merchant,Medium,False Positive,1009.31
8846,887035,11826,2024-01-05 19:43:49,Possible Account Takeover,Medium,Investigating,984.45
8847,12010,19163,2024-08-23 08:07:47,Velocity Anomaly,Medium,Investigating,411.39
8848,176478,38,2025-11-08 10:04:26,Unusual Transaction,High,Confirmed,209.43
8849,380730,4663,2022-10-12 20:02:44,Geographic Anomaly,Low,Investigating,825.35
8850,106676,16912,2023-04-24 05:25:59,Unusual Transaction,Low,Open,1984.78
8851,588388,7526,2025-08-07 17:24:49,Geographic Anomaly,Medium,Confirmed,1310.0
8852,106264,9777,2025-02-11 09:57:03,High Value Transaction,High,Investigating,2438.39
8853,774473,267,2023-03-20 01:14:18,High Value Transaction,Medium,False Positive,352.25
8854,26642,19638,2023-02-10 23:03:25,Possible Account Takeover,Medium,Open,2021.99
8855,241452,22970,2025-09-29 02:38:47,Suspicious Merchant,Low,False Positive,68.2
8856,419515,6165,2023-03-07 21:39:52,High Value Transaction,Medium,Confirmed,107.14
8857,108870,20321,2023-12-05 22:12:42,Possible Account Takeover,High,False Positive,302.74
8858,641089,14294,2025-11-17 19:24:32,Unusual Transaction,High,Open,1848.72
8859,318105,19698,2022-05-24 01:37:57,High Value Transaction,Low,Closed,211.53
8860,537135,16542,2023-03-20 02:30:22,Unusual Transaction,Medium,False Positive,369.92
8861,425914,11184,2025-01-22 05:15:32,Unusual Transaction,Medium,Investigating,1787.29
8862,879574,3813,2023-06-02 18:46:42,Suspicious Merchant,Low,Investigating,11348.46
8863,941642,1715,2023-12-07 07:47:36,High Value Transaction,High,False Positive,440.93
8864,438103,2083,2022-09-30 03:15:37,Unusual Transaction,Medium,Closed,312.39
8865,657436,1079,2023-12-29 14:06:28,Suspicious Merchant,Medium,Confirmed,322.3
8866,139661,1875,2023-10-26 17:14:33,Suspicious Merchant,High,Confirmed,661.48
8867,7054,24417,2024-04-17 19:05:30,High Value Transaction,Medium,Investigating,108.9
8868,363528,21210,2024-01-26 23:00:50,Suspicious Merchant,Critical,Confirmed,4205.2
8869,998936,7696,2024-08-27 18:06:34,High Value Transaction,High,Confirmed,1394.18
8870,106599,4414,2023-01-31 13:57:23,High Value Transaction,High,Confirmed,18767.04
8871,756118,17733,2022-07-19 07:18:17,Geographic Anomaly,Low,Open,2783.55
8872,974935,21721,2022-08-15 17:21:31,Unusual Transaction,High,Open,1390.15
8873,728107,7733,2022-06-10 00:09:00,Velocity Anomaly,High,False Positive,370.73
8874,905396,1647,2023-04-14 21:47:08,High Value Transaction,Low,False Positive,2056.93
8875,706140,11229,2024-05-24 04:35:04,Unusual Transaction,Medium,Confirmed,637.4
8876,287508,1159,2024-05-02 08:38:51,Suspicious Merchant,Medium,Closed,91.7
8877,854934,23908,2024-10-08 16:43:52,Possible Account Takeover,Critical,Confirmed,2603.51
8878,626893,24880,2023-11-28 13:30:18,High Value Transaction,High,Confirmed,309.14
8879,162473,8789,2023-03-22 21:36:36,Suspicious Merchant,High,False Positive,241.51
8880,895696,17929,2025-01-08 08:17:41,Suspicious Merchant,High,False Positive,791.05
8881,236065,18133,2025-01-09 09:26:02,Suspicious Merchant,Medium,Closed,100.96
8882,545795,7694,2024-11-15 02:55:20,Suspicious Merchant,Low,Open,78.94
8883,483340,7828,2022-05-10 23:47:26,Suspicious Merchant,Low,Investigating,34.17
8884,218748,9831,2023-08-26 12:19:06,High Value Transaction,Low,False Positive,2827.55
8885,601206,23384,2025-01-29 10:35:10,Velocity Anomaly,Medium,Confirmed,2769.25
8886,408439,14731,2025-02-11 21:50:47,Geographic Anomaly,High,Open,1660.17
8887,955126,24824,2024-04-17 15:09:43,Suspicious Merchant,Critical,False Positive,20754.65
8888,798570,1349,2024-08-12 14:40:37,Suspicious Merchant,Medium,Confirmed,4596.73
8889,74812,56,2022-12-04 08:22:09,Geographic Anomaly,High,Confirmed,2097.41
8890,680328,4032,2024-09-21 16:57:48,High Value Transaction,Medium,Confirmed,1680.49
8891,821323,11666,2022-01-06 20:06:22,Unusual Transaction,Medium,Open,371.15
8892,232191,7129,2023-06-11 12:04:59,Possible Account Takeover,High,Investigating,232.71
8893,357065,16492,2022-11-30 05:48:54,Possible Account Takeover,Medium,Confirmed,554.34
8894,179918,22748,2023-02-12 14:52:09,Unusual Transaction,High,Confirmed,2323.43
8895,966462,7466,2022-07-07 07:05:06,High Value Transaction,High,Closed,1858.15
8896,245180,16595,2025-11-20 11:11:36,Possible Account Takeover,High,Investigating,2414.76
8897,588875,7973,2023-11-08 13:56:57,Geographic Anomaly,Low,Closed,130.55
8898,393587,4285,2024-05-19 07:26:25,Unusual Transaction,Low,Confirmed,256.57
8899,992778,15900,2024-03-02 00:16:49,Velocity Anomaly,Medium,Confirmed,260.58
8900,71304,2023,2024-10-31 03:08:04,High Value Transaction,High,Confirmed,705.72
8901,215202,16109,2022-06-09 06:16:30,Unusual Transaction,High,Confirmed,80.39
8902,971661,4751,2024-11-23 11:29:08,Possible Account Takeover,Medium,False Positive,647.67
8903,447411,3802,2025-07-18 23:39:26,High Value Transaction,High,Confirmed,1442.38
8904,112168,15881,2024-04-11 18:18:02,Geographic Anomaly,Medium,False Positive,932.01
8905,247558,6554,2023-06-11 17:38:34,High Value Transaction,Medium,Confirmed,396.04
8906,863305,11706,2024-03-07 13:19:12,High Value Transaction,High,False Positive,4382.28
8907,462132,4600,2022-01-22 05:47:01,Geographic Anomaly,High,False Positive,273.84
8908,199095,5916,2023-06-22 08:34:43,Suspicious Merchant,Low,Investigating,477.95
8909,938215,21080,2023-03-03 05:24:18,Geographic Anomaly,Medium,False Positive,2482.95
8910,548359,9419,2025-05-26 05:19:43,High Value Transaction,Medium,False Positive,819.36
8911,721794,15498,2022-05-05 15:04:12,Geographic Anomaly,Low,Closed,118.31
8912,729249,11157,2025-04-13 03:26:21,Suspicious Merchant,High,Investigating,196.32
8913,35702,23397,2025-01-28 03:12:09,Unusual Transaction,Medium,False Positive,192.97
8914,581475,12781,2022-07-26 22:59:49,Geographic Anomaly,Low,Closed,332.75
8915,931009,11338,2023-07-14 21:27:23,Geographic Anomaly,Low,False Positive,1323.85
8916,508195,11064,2023-12-12 06:12:47,High Value Transaction,Critical,False Positive,747.99
8917,479437,9551,2024-01-15 01:50:30,Unusual Transaction,High,Closed,7583.06
8918,156443,21228,2025-12-16 00:51:30,Velocity Anomaly,High,Closed,1330.73
8919,533544,9493,2022-05-24 23:00:12,Velocity Anomaly,Low,False Positive,2232.51
8920,318219,1129,2024-05-08 09:50:03,Possible Account Takeover,High,Confirmed,1515.67
8921,157094,8690,2024-12-16 13:58:07,Geographic Anomaly,Medium,False Positive,1083.94
8922,63007,14322,2022-07-05 21:26:27,Geographic Anomaly,High,Open,27.32
8923,174601,22791,2025-10-12 18:43:13,Unusual Transaction,Critical,Confirmed,2305.03
8924,676409,9654,2024-10-25 04:45:38,Suspicious Merchant,Low,Closed,2481.61
8925,11122,6959,2024-03-29 15:43:44,Velocity Anomaly,Medium,False Positive,396.14
8926,609413,10948,2024-09-25 10:09:31,Possible Account Takeover,Low,Closed,55.19
8927,870613,9513,2025-11-27 11:36:06,Unusual Transaction,Medium,False Positive,2146.62
8928,661069,16008,2024-07-01 23:32:37,Geographic Anomaly,Medium,Confirmed,140.26
8929,535260,12689,2023-03-21 10:45:01,Velocity Anomaly,High,Closed,1629.55
8930,841807,19375,2025-08-18 17:23:31,Possible Account Takeover,Medium,Confirmed,126.74
8931,63408,4644,2025-07-16 02:39:27,High Value Transaction,Medium,False Positive,30997.59
8932,116976,21172,2022-12-20 21:49:52,Velocity Anomaly,High,False Positive,252.08
8933,31053,24359,2025-07-03 15:22:14,Possible Account Takeover,Critical,Investigating,238.74
8934,530698,4146,2023-12-22 21:56:55,Unusual Transaction,Medium,Open,2949.14
8935,196929,2822,2024-07-21 18:25:57,High Value Transaction,Medium,Confirmed,1012.85
8936,914430,15429,2024-10-21 06:51:05,Possible Account Takeover,Low,False Positive,6129.11
8937,963232,4321,2023-02-08 15:41:05,Possible Account Takeover,Low,Investigating,227.03
8938,594356,11412,2022-11-27 03:35:51,Geographic Anomaly,Medium,Confirmed,162.72
8939,602731,12112,2024-09-26 00:03:37,Suspicious Merchant,Low,False Positive,300.28
8940,399909,122,2025-11-21 10:51:06,Velocity Anomaly,Medium,False Positive,1612.01
8941,601219,3241,2023-01-07 12:38:54,Geographic Anomaly,Low,Open,3761.37
8942,887669,24153,2022-09-04 11:31:29,High Value Transaction,Medium,False Positive,750.19
8943,890897,14871,2023-05-12 07:55:10,Suspicious Merchant,Medium,Open,127.13
8944,55472,8510,2023-11-13 21:26:13,Possible Account Takeover,Low,Open,727.03
8945,136988,15243,2024-02-24 22:58:17,Geographic Anomaly,Medium,Investigating,80.5
8946,210803,24420,2025-07-14 05:15:56,Suspicious Merchant,Medium,False Positive,1559.44
8947,283097,6216,2022-05-19 18:26:27,Velocity Anomaly,High,Open,1315.6
8948,520966,7551,2025-01-25 13:08:04,High Value Transaction,Medium,Open,13246.87
8949,484011,6043,2023-07-05 20:22:33,Unusual Transaction,High,Investigating,184.44
8950,24908,20699,2022-05-26 13:24:31,Geographic Anomaly,Low,Closed,6659.91
8951,837305,15934,2025-11-22 00:49:39,High Value Transaction,Low,Closed,32.85
8952,918735,8350,2024-06-04 17:48:06,Unusual Transaction,Low,Open,1694.64
8953,863115,6258,2022-05-17 13:21:10,Geographic Anomaly,Medium,Confirmed,248.63
8954,565716,14312,2025-04-29 07:54:41,High Value Transaction,High,Closed,1386.4
8955,374878,16161,2022-09-25 01:23:06,High Value Transaction,Low,Open,162.26
8956,160595,14929,2025-12-21 13:24:36,Suspicious Merchant,Medium,Open,2254.15
8957,367261,17609,2023-01-31 14:46:28,Geographic Anomaly,Medium,Open,474.59
8958,896884,20645,2022-01-09 14:42:05,High Value Transaction,Critical,Closed,2020.22
8959,518747,21300,2024-04-12 04:23:56,Possible Account Takeover,High,False Positive,672.6
8960,103410,1168,2023-06-21 06:03:19,Geographic Anomaly,High,Investigating,2809.61
8961,704435,15113,2025-05-20 06:29:54,High Value Transaction,Medium,Open,2729.67
8962,659727,8842,2022-10-24 09:41:00,Suspicious Merchant,Critical,Closed,600.19
8963,607900,19251,2025-02-08 22:59:47,Unusual Transaction,Critical,Confirmed,1084.15
8964,240438,17386,2024-04-30 01:15:24,Unusual Transaction,Medium,False Positive,664.47
8965,761889,9936,2025-08-03 15:51:55,Possible Account Takeover,Medium,Confirmed,602.66
8966,218032,12464,2025-12-25 05:16:06,Geographic Anomaly,Medium,False Positive,2285.05
8967,232222,18420,2024-06-24 15:35:46,Suspicious Merchant,Medium,Investigating,661.45
8968,736000,13157,2023-10-05 21:44:49,High Value Transaction,Medium,False Positive,7501.01
8969,508869,21309,2023-10-25 10:42:36,High Value Transaction,Medium,Investigating,265.66
8970,228110,4125,2022-12-22 09:38:59,Unusual Transaction,High,Open,1241.27
8971,738723,16074,2023-10-10 13:50:40,Suspicious Merchant,Medium,Confirmed,1459.62
8972,700204,19539,2022-10-28 05:48:39,Possible Account Takeover,High,False Positive,6368.81
8973,83823,10845,2023-12-13 16:06:07,Unusual Transaction,Medium,Confirmed,271.45
8974,394113,12707,2024-03-16 05:00:35,Unusual Transaction,High,Open,244.72
8975,340132,10412,2024-07-25 01:53:58,Possible Account Takeover,Medium,False Positive,1661.1
8976,326540,20894,2024-08-16 00:50:05,Geographic Anomaly,Medium,False Positive,1338.14
8977,43603,66,2025-03-26 08:16:36,High Value Transaction,Medium,False Positive,2458.67
8978,687912,20459,2022-10-10 06:32:34,Geographic Anomaly,Medium,Confirmed,381.73
8979,456984,11318,2023-11-27 21:27:04,Suspicious Merchant,High,Open,232.91
8980,440717,8323,2024-06-15 07:34:28,Velocity Anomaly,Low,False Positive,3226.51
8981,524592,8010,2024-08-05 13:19:03,Velocity Anomaly,Medium,Confirmed,977.38
8982,558097,8757,2023-01-25 22:38:23,Velocity Anomaly,Low,Closed,222.3
8983,418428,20189,2023-10-05 04:14:01,Possible Account Takeover,High,False Positive,666.91
8984,594415,6025,2025-02-28 08:19:40,Unusual Transaction,Medium,Confirmed,15470.28
8985,261560,22589,2025-06-02 14:29:37,Geographic Anomaly,Medium,Confirmed,316.92
8986,699423,6540,2025-01-23 17:01:15,High Value Transaction,Low,Confirmed,81.66
8987,586807,3651,2025-06-06 18:43:23,Velocity Anomaly,Medium,False Positive,385.73
8988,529975,18082,2022-01-01 09:27:37,Geographic Anomaly,High,Confirmed,2639.43
8989,565611,20800,2024-06-08 02:48:55,Velocity Anomaly,Low,Closed,694.89
8990,983937,19969,2023-12-29 00:53:44,Velocity Anomaly,High,Confirmed,380.66
8991,987883,14514,2023-11-11 20:52:04,High Value Transaction,Low,Confirmed,553.02
8992,725242,399,2022-11-11 09:01:32,Suspicious Merchant,Medium,Investigating,209.45
8993,989304,23430,2023-05-11 03:54:08,Suspicious Merchant,Medium,False Positive,1239.76
8994,955226,17115,2024-08-11 07:23:56,Suspicious Merchant,Medium,Open,455.18
8995,188614,17725,2025-10-27 06:03:33,Possible Account Takeover,Medium,Confirmed,118.88
8996,123428,8792,2024-03-24 23:56:49,Unusual Transaction,Medium,False Positive,515.95
8997,604442,22483,2023-12-23 23:01:47,Possible Account Takeover,Medium,Confirmed,1454.87
8998,807327,24327,2024-12-14 17:43:54,Geographic Anomaly,Medium,False Positive,4282.11
8999,31031,21427,2025-06-14 22:10:10,Possible Account Takeover,Low,False Positive,136.18
9000,190451,21526,2022-01-14 22:45:50,Geographic Anomaly,High,Closed,392.65
9001,550617,23806,2022-10-17 11:27:47,Geographic Anomaly,High,False Positive,148.79
9002,228356,12857,2022-07-29 08:29:01,Unusual Transaction,Low,False Positive,306.59
9003,553522,18246,2022-01-01 08:23:56,High Value Transaction,Low,Investigating,1047.11
9004,726680,24338,2023-11-20 21:50:27,Unusual Transaction,Low,Confirmed,253.13
9005,339247,17366,2023-12-06 19:22:33,Suspicious Merchant,Critical,Open,1604.84
9006,265626,13364,2025-10-14 01:42:40,Suspicious Merchant,High,False Positive,939.78
9007,833317,11374,2022-08-05 10:45:09,Possible Account Takeover,Medium,Confirmed,81.77
9008,154404,8959,2024-03-17 18:40:26,Geographic Anomaly,Medium,False Positive,553.53
9009,677158,7719,2024-12-02 07:41:02,Velocity Anomaly,Medium,Confirmed,1696.86
9010,70390,16045,2023-01-21 10:31:52,Velocity Anomaly,Medium,False Positive,246.16
9011,101235,2204,2024-05-23 05:15:10,Geographic Anomaly,High,Confirmed,1584.58
9012,481619,5957,2025-05-13 01:18:52,Unusual Transaction,Medium,Confirmed,1133.6
9013,1389,17100,2023-06-21 16:58:16,High Value Transaction,High,Closed,2476.96
9014,819771,5458,2022-10-14 22:22:34,Unusual Transaction,Medium,False Positive,3797.9
9015,965425,7909,2022-07-12 17:46:15,Geographic Anomaly,Low,Confirmed,2476.54
9016,423368,16369,2022-09-28 06:14:49,Geographic Anomaly,Medium,False Positive,1684.32
9017,301504,22846,2023-10-03 02:25:52,High Value Transaction,Medium,Confirmed,181.31
9018,791621,22103,2025-08-03 18:54:22,Possible Account Takeover,High,False Positive,3182.0
9019,714685,14227,2024-06-10 15:52:21,Possible Account Takeover,Medium,False Positive,2208.9
9020,433970,12370,2024-09-17 18:06:57,High Value Transaction,Medium,Confirmed,752.22
9021,576894,21517,2023-08-20 06:54:10,Possible Account Takeover,High,False Positive,1144.54
9022,230397,1436,2025-02-27 20:05:10,Velocity Anomaly,Medium,Investigating,402.16
9023,414620,24851,2024-07-07 08:56:36,Possible Account Takeover,Medium,False Positive,117.29
9024,991633,11494,2023-11-28 00:11:55,Possible Account Takeover,Critical,Investigating,423.8
9025,822424,737,2023-02-13 14:32:00,Possible Account Takeover,Medium,Confirmed,2381.49
9026,291893,11620,2022-11-08 08:28:50,Velocity Anomaly,Medium,Closed,605.03
9027,853709,2646,2025-03-15 19:28:19,Possible Account Takeover,High,Confirmed,192.66
9028,733174,5235,2022-02-03 12:51:12,Suspicious Merchant,Low,Closed,801.57
9029,911011,14611,2023-03-15 03:12:40,Velocity Anomaly,Low,Investigating,139.41
9030,490173,20123,2022-05-26 16:28:03,High Value Transaction,Medium,Confirmed,242.76
9031,873123,12472,2025-12-27 02:15:16,Unusual Transaction,Low,False Positive,4073.75
9032,447848,508,2025-12-22 22:15:17,High Value Transaction,Critical,Open,378.53
9033,58933,8205,2024-06-28 01:45:47,Unusual Transaction,Medium,Investigating,3038.52
9034,692565,9889,2024-09-01 15:48:19,High Value Transaction,Medium,Open,756.7
9035,506860,2560,2024-03-24 19:21:27,Suspicious Merchant,Low,Closed,1024.45
9036,11320,5237,2024-12-09 20:37:12,Unusual Transaction,Medium,False Positive,2532.61
9037,819770,8591,2025-02-17 11:13:23,Unusual Transaction,Medium,Confirmed,230.32
9038,178767,20563,2023-09-16 12:51:49,Geographic Anomaly,Medium,Investigating,2317.93
9039,386418,8303,2023-04-06 02:41:06,Unusual Transaction,High,Open,1725.97
9040,920650,6969,2022-04-02 07:12:28,Unusual Transaction,Medium,False Positive,784.09
9041,472938,20680,2025-02-12 04:32:35,Geographic Anomaly,High,Closed,4681.3
9042,197112,6579,2022-04-30 15:07:16,Possible Account Takeover,Medium,False Positive,2834.0
9043,138554,17470,2024-08-19 19:46:44,Possible Account Takeover,Medium,Confirmed,289.43
9044,305610,4636,2025-02-27 21:43:17,Geographic Anomaly,Medium,False Positive,249.09
9045,821150,17053,2023-07-18 09:37:28,Velocity Anomaly,Low,Closed,1066.88
9046,567241,10460,2023-07-08 21:55:46,Unusual Transaction,Medium,False Positive,1471.28
9047,634489,3789,2022-08-04 12:34:10,Unusual Transaction,Low,Closed,2687.3
9048,898444,10115,2025-01-27 12:07:50,Geographic Anomaly,Medium,Open,41.94
9049,670312,20115,2022-10-14 15:22:37,Geographic Anomaly,High,False Positive,1008.0
9050,889821,6867,2024-08-03 19:00:43,Velocity Anomaly,Low,False Positive,348.72
9051,153601,3244,2023-03-07 08:22:17,Suspicious Merchant,High,False Positive,126.76
9052,793814,5314,2023-07-02 21:47:09,Possible Account Takeover,Medium,False Positive,4072.59
9053,488333,10415,2022-05-31 11:24:54,High Value Transaction,High,Open,3558.31
9054,751801,6644,2025-03-31 16:38:44,Suspicious Merchant,Low,Investigating,521.3
9055,429450,6815,2022-10-14 14:02:04,Possible Account Takeover,High,Closed,1459.03
9056,531022,21526,2024-03-09 16:39:29,Unusual Transaction,Low,Investigating,7832.52
9057,497048,7276,2025-10-16 18:01:26,Suspicious Merchant,Medium,Closed,234.7
9058,203614,11494,2023-10-02 03:57:41,Geographic Anomaly,High,False Positive,201.18
9059,122475,6424,2025-12-29 22:53:04,Velocity Anomaly,Low,Confirmed,511.21
9060,180307,9028,2024-12-21 09:04:49,Possible Account Takeover,Low,Closed,2986.17
9061,811902,11192,2023-11-17 13:00:44,Velocity Anomaly,High,False Positive,2360.82
9062,287528,24563,2023-04-18 15:36:36,Possible Account Takeover,Medium,Confirmed,603.53
9063,43810,18602,2023-05-02 09:03:07,Suspicious Merchant,Medium,Open,1920.77
9064,174688,19943,2024-09-11 01:41:54,Unusual Transaction,Low,Closed,505.23
9065,54484,23747,2025-04-11 03:53:03,High Value Transaction,High,False Positive,857.57
9066,658419,8062,2022-07-04 00:59:59,Velocity Anomaly,Low,False Positive,55.04
9067,225636,21209,2022-12-20 18:09:07,Velocity Anomaly,High,False Positive,127.91
9068,839591,3438,2023-01-24 05:01:10,High Value Transaction,High,Confirmed,795.35
9069,487143,20159,2024-08-05 12:59:51,Velocity Anomaly,High,Closed,10296.28
9070,919039,16444,2024-11-11 06:13:56,Velocity Anomaly,Low,Open,720.85
9071,186941,20472,2025-11-29 10:29:55,Possible Account Takeover,High,Investigating,368.79
9072,39708,7092,2025-03-09 13:07:29,Possible Account Takeover,Medium,Open,7504.55
9073,636881,8133,2022-06-19 04:41:58,High Value Transaction,High,Investigating,1747.89
9074,742419,22813,2025-11-24 12:52:40,Unusual Transaction,Medium,False Positive,1312.6
9075,984820,1884,2022-02-08 23:46:54,Suspicious Merchant,High,Open,1738.73
9076,917183,22738,2025-09-05 08:59:24,Suspicious Merchant,Medium,Investigating,1228.56
9077,962473,3658,2022-07-19 00:29:16,Velocity Anomaly,Low,Investigating,4215.64
9078,70105,6621,2023-04-03 16:59:30,Unusual Transaction,Medium,False Positive,2082.18
9079,956319,6902,2024-11-18 23:36:26,High Value Transaction,Low,Confirmed,1644.5
9080,649747,21655,2023-07-26 06:53:17,High Value Transaction,Medium,Confirmed,1157.64
9081,339343,9792,2022-06-26 06:04:11,Possible Account Takeover,Medium,False Positive,1590.82
9082,345053,8793,2025-08-25 20:36:18,Velocity Anomaly,Medium,Confirmed,1424.16
9083,133291,5315,2022-04-19 19:03:15,Geographic Anomaly,Medium,Confirmed,1802.25
9084,412626,4540,2024-10-18 13:48:10,High Value Transaction,Medium,Closed,111.47
9085,879580,8370,2022-01-27 07:55:49,Velocity Anomaly,Low,Open,66.7
9086,325654,1775,2023-04-05 11:23:29,Unusual Transaction,High,Confirmed,2553.57
9087,743948,2685,2023-03-31 14:38:23,Possible Account Takeover,High,False Positive,2747.49
9088,878019,11678,2022-11-11 02:55:54,Suspicious Merchant,Medium,False Positive,55.52
9089,892943,1348,2023-12-30 08:43:52,Unusual Transaction,Low,False Positive,1309.88
9090,521111,4151,2025-09-09 22:34:40,High Value Transaction,Medium,Open,3377.65
9091,324853,15224,2022-03-27 19:18:49,High Value Transaction,High,False Positive,2323.2
9092,524534,21851,2024-10-28 22:18:53,Unusual Transaction,High,False Positive,585.32
9093,119632,13656,2022-11-24 16:42:35,High Value Transaction,Medium,Investigating,751.84
9094,614430,1802,2024-06-25 02:45:00,Velocity Anomaly,Low,Investigating,496.46
9095,731055,22267,2023-05-19 23:15:04,High Value Transaction,High,False Positive,145.67
9096,992100,4424,2024-07-31 13:27:14,Possible Account Takeover,Medium,Investigating,611.46
9097,27111,19617,2022-09-22 14:28:28,Velocity Anomaly,Low,Open,356.39
9098,175821,3299,2025-10-15 21:37:14,Geographic Anomaly,Low,Investigating,782.74
9099,825467,23417,2024-08-04 15:40:30,High Value Transaction,Medium,Open,436.26
9100,221963,12350,2022-01-13 00:00:55,High Value Transaction,Medium,Investigating,3668.62
9101,421166,1018,2023-12-04 15:23:04,Possible Account Takeover,High,Confirmed,216.19
9102,143505,3927,2024-09-18 04:33:42,Possible Account Takeover,Critical,Confirmed,582.6
9103,578870,4401,2024-01-19 23:32:44,Suspicious Merchant,Low,Closed,1395.66
9104,781601,14307,2023-01-09 22:04:30,Unusual Transaction,Critical,Investigating,1511.65
9105,64231,17595,2022-08-21 14:16:33,Unusual Transaction,High,Confirmed,136.34
9106,720098,20093,2023-09-13 18:52:39,Unusual Transaction,Medium,Closed,376.12
9107,200753,2217,2025-10-03 10:34:48,Possible Account Takeover,High,Closed,4436.29
9108,854697,19451,2022-11-30 13:42:44,Unusual Transaction,High,Confirmed,60.52
9109,239852,5499,2024-06-02 08:32:12,Unusual Transaction,Medium,Confirmed,3689.05
9110,371051,19023,2024-07-05 04:33:51,Geographic Anomaly,High,False Positive,1421.77
9111,446091,12975,2025-10-28 19:47:36,Unusual Transaction,High,Closed,293.58
9112,544656,24870,2024-04-17 13:03:22,High Value Transaction,High,Open,3380.54
9113,66561,7467,2024-03-31 15:04:24,Suspicious Merchant,High,Confirmed,515.38
9114,564239,23691,2025-05-13 19:09:40,Possible Account Takeover,Medium,False Positive,72.96
9115,779595,22714,2023-02-01 19:28:16,Velocity Anomaly,High,Confirmed,1075.76
9116,773781,19192,2024-01-26 05:37:42,Suspicious Merchant,High,False Positive,513.01
9117,445624,11858,2024-10-06 16:40:36,Geographic Anomaly,Medium,False Positive,195.05
9118,595928,6143,2023-08-17 00:29:25,Possible Account Takeover,Low,Investigating,3343.56
9119,339731,5539,2023-08-12 09:43:23,Possible Account Takeover,High,Confirmed,1506.96
9120,206676,14015,2023-02-12 04:02:00,High Value Transaction,Low,False Positive,801.0
9121,856004,24094,2025-02-03 22:54:23,Suspicious Merchant,High,False Positive,283.88
9122,40871,21066,2023-12-13 14:43:36,Suspicious Merchant,High,False Positive,1162.53
9123,229012,9747,2022-12-14 15:46:22,Unusual Transaction,Medium,False Positive,3900.55
9124,979359,18731,2025-03-20 20:30:46,High Value Transaction,Low,Open,505.85
9125,486299,6184,2022-06-05 11:25:45,Unusual Transaction,Low,False Positive,1581.71
9126,732529,14192,2024-03-26 01:25:15,Unusual Transaction,Medium,Confirmed,693.04
9127,61999,11470,2023-10-16 12:45:49,Possible Account Takeover,High,False Positive,434.94
9128,226101,23276,2025-12-19 01:18:49,Suspicious Merchant,Medium,Confirmed,330.89
9129,184247,4228,2023-12-08 08:25:01,Unusual Transaction,Low,False Positive,480.34
9130,798670,17946,2025-07-06 20:14:56,Geographic Anomaly,Medium,False Positive,857.13
9131,361446,16892,2022-06-12 01:56:31,Geographic Anomaly,High,False Positive,389.83
9132,568060,17330,2023-04-14 16:23:38,Suspicious Merchant,Medium,Closed,158.75
9133,117043,1137,2023-12-22 20:10:24,Geographic Anomaly,High,Investigating,1930.56
9134,825549,6117,2023-12-10 00:15:51,Possible Account Takeover,Medium,Confirmed,2130.24
9135,42832,15741,2023-08-03 04:43:08,High Value Transaction,High,Confirmed,1469.07
9136,757730,15121,2022-09-06 09:41:53,Velocity Anomaly,Medium,Closed,1428.31
9137,195826,915,2023-01-30 10:23:10,Unusual Transaction,Medium,Open,1205.83
9138,394512,412,2022-09-04 13:40:28,Velocity Anomaly,High,Confirmed,560.23
9139,658518,16818,2024-06-15 16:29:39,High Value Transaction,Medium,Closed,321.76
9140,625127,18585,2022-01-19 09:28:27,High Value Transaction,Medium,Closed,281.91
9141,734750,18356,2022-07-07 07:23:27,Possible Account Takeover,High,Closed,288.03
9142,823003,21973,2023-02-25 16:14:00,Geographic Anomaly,High,Confirmed,5930.15
9143,416781,16843,2025-09-10 12:30:43,Geographic Anomaly,Low,False Positive,958.01
9144,180040,163,2023-08-30 01:46:05,High Value Transaction,Medium,False Positive,205.76
9145,51958,21084,2023-04-25 05:34:40,Possible Account Takeover,High,False Positive,1484.84
9146,749006,7261,2023-01-10 21:55:33,Possible Account Takeover,High,Investigating,146.7
9147,891430,13941,2022-07-12 09:35:12,Suspicious Merchant,Low,False Positive,31.81
9148,676486,7591,2024-12-13 02:36:11,Unusual Transaction,Medium,Confirmed,2168.27
9149,840650,8352,2024-03-31 00:20:20,Geographic Anomaly,Medium,Confirmed,337.9
9150,317890,21199,2023-08-04 19:57:31,High Value Transaction,High,False Positive,544.68
9151,301721,1019,2024-11-27 11:06:21,Suspicious Merchant,Low,Investigating,6897.98
9152,805691,297,2022-11-16 00:55:33,Velocity Anomaly,High,Investigating,14394.19
9153,167716,8811,2024-09-18 19:22:39,Geographic Anomaly,Low,Confirmed,678.89
9154,105016,22324,2023-10-22 23:52:35,Unusual Transaction,High,False Positive,765.8
9155,424626,3445,2023-04-17 06:15:32,Possible Account Takeover,Critical,Investigating,256.87
9156,739004,6601,2025-03-15 17:16:22,High Value Transaction,Low,False Positive,1783.86
9157,412698,6958,2024-02-01 04:37:46,Geographic Anomaly,Medium,False Positive,125.12
9158,878058,5984,2023-10-03 20:25:17,Velocity Anomaly,Medium,False Positive,500.69
9159,746619,10746,2023-07-18 20:41:55,Unusual Transaction,High,Confirmed,1882.86
9160,363406,21365,2024-12-28 04:17:59,Unusual Transaction,Medium,False Positive,279.46
9161,376168,13326,2023-09-17 03:20:41,Suspicious Merchant,High,Open,279.77
9162,596829,191,2024-11-01 07:11:27,Geographic Anomaly,High,Confirmed,891.33
9163,285421,12838,2022-10-13 16:52:26,Velocity Anomaly,High,False Positive,80.57
9164,109056,24196,2022-08-30 05:13:34,Unusual Transaction,High,Closed,3370.13
9165,464914,16520,2022-08-05 16:04:51,High Value Transaction,Medium,Open,1177.48
9166,929448,19158,2023-09-15 03:31:19,Unusual Transaction,High,False Positive,2829.37
9167,553792,10285,2025-04-28 19:26:28,Velocity Anomaly,Medium,Closed,1500.62
9168,909005,16433,2022-01-10 04:55:13,Possible Account Takeover,Low,Closed,342.94
9169,559242,21396,2023-09-27 19:36:29,Possible Account Takeover,Medium,Open,543.17
9170,197840,4726,2023-12-15 20:33:12,Suspicious Merchant,High,False Positive,77.37
9171,137429,15321,2023-06-09 07:18:54,Geographic Anomaly,High,Open,4010.32
9172,307250,24878,2022-09-01 17:43:55,Velocity Anomaly,Low,False Positive,3717.28
9173,898047,14732,2024-01-20 02:12:01,Suspicious Merchant,High,Confirmed,2254.19
9174,921309,14057,2022-12-16 06:04:18,Unusual Transaction,High,False Positive,470.35
9175,165462,10115,2023-11-21 01:14:21,Unusual Transaction,Medium,Closed,38.21
9176,150738,7223,2024-12-21 07:41:08,Possible Account Takeover,High,Closed,894.99
9177,421380,21278,2022-12-31 14:11:12,Suspicious Merchant,Low,Closed,5610.75
9178,583740,18677,2023-03-13 20:09:52,Possible Account Takeover,Low,Investigating,793.19
9179,48080,9123,2025-01-26 13:44:26,High Value Transaction,High,Investigating,3916.6
9180,891806,14142,2023-01-07 04:16:14,Possible Account Takeover,Medium,False Positive,3025.95
9181,130771,10542,2023-06-09 04:20:04,High Value Transaction,Low,False Positive,1144.75
9182,305620,9663,2023-08-16 11:07:03,Unusual Transaction,High,Open,213.04
9183,849904,3602,2024-12-23 23:15:47,Suspicious Merchant,High,Confirmed,1217.99
9184,666295,19731,2022-05-13 22:28:00,High Value Transaction,Medium,Closed,160.97
9185,976410,21458,2024-05-14 12:41:33,Suspicious Merchant,Medium,Closed,356.53
9186,348190,16032,2024-07-27 19:39:38,Suspicious Merchant,Medium,Investigating,258.03
9187,835906,2003,2025-05-15 15:33:31,High Value Transaction,High,Confirmed,291.65
9188,83542,11848,2024-11-12 08:17:46,Geographic Anomaly,Low,False Positive,2830.14
9189,652184,5585,2025-06-07 00:13:13,Possible Account Takeover,Low,Closed,890.61
9190,622131,10543,2024-04-05 05:22:51,High Value Transaction,Medium,False Positive,965.56
9191,828002,17034,2025-08-11 08:46:09,Unusual Transaction,Medium,Closed,132.02
9192,313317,11927,2025-09-07 13:35:55,Suspicious Merchant,Medium,False Positive,213.67
9193,946281,2247,2024-09-09 06:56:44,Velocity Anomaly,Medium,Closed,4108.73
9194,427475,5572,2025-01-12 15:23:43,High Value Transaction,Low,False Positive,204.16
9195,995762,6285,2023-04-29 10:13:57,Possible Account Takeover,Low,Closed,295.24
9196,431674,18652,2024-08-17 08:19:57,Suspicious Merchant,Medium,False Positive,607.08
9197,549811,18910,2022-03-16 15:29:06,Geographic Anomaly,Medium,Confirmed,251.76
9198,443618,7983,2022-01-13 18:35:25,Unusual Transaction,Medium,Investigating,158.9
9199,676852,13649,2025-04-26 17:12:58,Geographic Anomaly,Medium,Closed,1112.26
9200,482809,8771,2024-07-20 05:57:16,Velocity Anomaly,Medium,Open,2197.89
9201,183313,4067,2025-03-05 08:16:59,High Value Transaction,Medium,Confirmed,1103.13
9202,332840,2901,2022-10-02 02:25:13,Suspicious Merchant,Medium,False Positive,920.57
9203,524131,19884,2022-02-13 18:55:18,High Value Transaction,Low,False Positive,277.93
9204,613487,16287,2023-01-02 15:34:22,Possible Account Takeover,Low,Investigating,209.53
9205,221968,4910,2024-04-16 20:49:15,High Value Transaction,Medium,Confirmed,1327.82
9206,126038,5225,2024-04-02 02:15:42,Unusual Transaction,Critical,Confirmed,97.87
9207,412252,22838,2025-05-24 00:31:50,Velocity Anomaly,Medium,Confirmed,294.64
9208,750875,7501,2024-08-29 05:52:50,Geographic Anomaly,High,Closed,186.18
9209,705816,22758,2023-09-29 04:52:45,Velocity Anomaly,Medium,False Positive,2412.65
9210,633571,15352,2025-03-27 05:53:26,Suspicious Merchant,Medium,Closed,593.44
9211,832532,563,2024-06-06 07:38:55,High Value Transaction,High,Open,3317.26
9212,922411,20518,2022-02-25 02:44:27,Suspicious Merchant,Low,Confirmed,4731.55
9213,889292,1727,2022-06-15 14:59:47,Geographic Anomaly,Low,False Positive,3545.69
9214,160871,11543,2022-01-08 19:50:02,Suspicious Merchant,Critical,Confirmed,1507.91
9215,623676,24354,2025-04-16 08:59:47,Possible Account Takeover,Medium,Confirmed,1350.4
9216,89219,16961,2022-08-07 11:33:56,Velocity Anomaly,Low,Closed,791.54
9217,128758,18377,2022-02-08 14:56:00,Geographic Anomaly,Low,Closed,154.0
9218,817379,10963,2022-05-29 10:17:57,Geographic Anomaly,High,False Positive,2104.11
9219,352059,20660,2023-11-21 19:16:58,Geographic Anomaly,High,False Positive,184.97
9220,185848,19847,2024-10-15 22:14:30,Unusual Transaction,Medium,Open,1082.97
9221,310120,3388,2022-02-11 18:09:12,Velocity Anomaly,Low,Closed,94.7
9222,493213,9719,2022-03-19 09:35:15,Suspicious Merchant,High,False Positive,1964.62
9223,202220,3908,2024-08-29 03:41:44,Geographic Anomaly,Medium,Open,3024.84
9224,829429,2721,2023-05-25 20:06:38,Velocity Anomaly,Medium,Investigating,263.98
9225,607379,7531,2025-01-22 11:41:01,Geographic Anomaly,High,False Positive,2055.27
9226,511461,14846,2024-03-13 00:51:47,Possible Account Takeover,Medium,Open,18239.61
9227,427587,92,2024-04-23 18:41:42,Possible Account Takeover,Medium,Closed,399.4
9228,597765,17084,2022-12-01 21:11:43,Possible Account Takeover,High,Closed,270.21
9229,162554,1928,2023-01-02 04:13:51,High Value Transaction,High,Closed,4369.2
9230,442706,3045,2024-07-11 11:25:09,Geographic Anomaly,Medium,False Positive,407.81
9231,928110,18457,2024-04-17 10:43:04,High Value Transaction,Medium,Confirmed,432.79
9232,782547,19973,2022-03-09 22:37:22,Velocity Anomaly,Medium,Open,294.38
9233,864589,17300,2023-09-20 19:07:39,High Value Transaction,Medium,False Positive,1395.21
9234,763100,4638,2022-03-19 21:54:22,Velocity Anomaly,Medium,Confirmed,3141.68
9235,985084,4040,2024-11-18 16:28:52,Velocity Anomaly,Medium,False Positive,387.44
9236,974403,16263,2024-12-26 09:56:09,Velocity Anomaly,Low,Confirmed,765.58
9237,814290,730,2022-03-09 20:40:42,Suspicious Merchant,Low,Investigating,788.74
9238,234018,23814,2024-01-20 00:15:51,High Value Transaction,Medium,Confirmed,159.06
9239,870790,5251,2023-03-30 17:38:02,Suspicious Merchant,Medium,False Positive,2038.39
9240,268492,17308,2022-09-01 15:24:49,Geographic Anomaly,Medium,Confirmed,76.83
9241,349032,11795,2023-05-02 23:56:03,High Value Transaction,Medium,Confirmed,233.79
9242,339931,17548,2025-11-28 12:39:08,Geographic Anomaly,High,Confirmed,2172.09
9243,524501,1770,2024-12-15 08:26:52,Geographic Anomaly,High,Open,295.23
9244,556382,20600,2025-07-15 15:33:52,Velocity Anomaly,Medium,Closed,367.53
9245,385530,7640,2025-02-18 00:43:16,High Value Transaction,Low,False Positive,4569.81
9246,30757,16119,2023-01-03 02:25:07,Geographic Anomaly,Medium,Investigating,464.23
9247,119627,17288,2023-06-12 18:52:19,Possible Account Takeover,Medium,Confirmed,3328.1
9248,604486,2205,2023-04-01 03:48:01,Geographic Anomaly,Low,Closed,56.0
9249,440463,12200,2024-04-30 10:02:30,Possible Account Takeover,Critical,False Positive,570.67
9250,535240,7447,2022-05-29 18:11:31,High Value Transaction,Medium,Confirmed,3595.21
9251,290144,16843,2025-07-18 17:55:26,Suspicious Merchant,Medium,Confirmed,195.67
9252,967792,4104,2023-07-12 14:28:02,High Value Transaction,Medium,Confirmed,319.32
9253,154279,6559,2024-03-16 01:06:39,Suspicious Merchant,Low,Open,168.84
9254,667223,6754,2025-04-07 05:34:29,Suspicious Merchant,Low,False Positive,436.08
9255,966369,21112,2025-06-13 14:39:21,High Value Transaction,Medium,Confirmed,2610.1
9256,977230,5587,2025-01-20 17:41:34,Geographic Anomaly,Low,False Positive,1370.29
9257,283870,5391,2022-04-20 17:28:25,Unusual Transaction,Low,Confirmed,804.97
9258,489169,18212,2024-04-20 07:13:08,Geographic Anomaly,Critical,Investigating,557.13
9259,582195,6438,2024-09-20 17:12:14,Geographic Anomaly,Medium,False Positive,1072.54
9260,318989,22497,2023-04-05 14:04:21,Velocity Anomaly,Low,Confirmed,9365.66
9261,953653,17403,2022-12-28 04:10:56,Velocity Anomaly,Medium,False Positive,428.23
9262,418106,17132,2024-09-01 06:37:09,Geographic Anomaly,Medium,False Positive,1077.84
9263,697482,14829,2023-10-29 13:35:04,Possible Account Takeover,Medium,Closed,1011.62
9264,840407,19760,2024-01-28 04:48:25,Suspicious Merchant,Low,Open,2909.5
9265,73503,3923,2024-04-16 01:16:34,Velocity Anomaly,Medium,Open,3730.06
9266,261555,24869,2024-07-05 07:42:56,Geographic Anomaly,Low,False Positive,2005.45
9267,228937,19361,2025-03-22 20:14:13,Unusual Transaction,Medium,Confirmed,3771.61
9268,58547,15086,2024-04-16 14:57:24,Possible Account Takeover,Medium,Confirmed,390.94
9269,694332,18953,2023-04-25 00:48:56,High Value Transaction,Low,Open,52.62
9270,581688,3946,2023-12-15 13:58:09,Geographic Anomaly,Medium,False Positive,813.56
9271,851356,11297,2025-05-29 18:42:59,Geographic Anomaly,Medium,Investigating,3265.09
9272,244428,11108,2023-10-28 17:21:51,Suspicious Merchant,Medium,False Positive,135.71
9273,721625,24182,2023-04-24 07:26:57,Possible Account Takeover,Medium,False Positive,869.6
9274,540672,18459,2024-08-26 17:02:23,Velocity Anomaly,Medium,Open,386.56
9275,943584,9558,2024-03-07 16:02:07,Velocity Anomaly,Critical,False Positive,76.44
9276,685872,1199,2023-10-21 19:56:16,Velocity Anomaly,Low,Confirmed,3651.96
9277,382403,185,2024-10-31 17:50:39,High Value Transaction,Critical,Confirmed,289.98
9278,185178,7656,2023-03-01 07:49:49,Possible Account Takeover,Low,Investigating,1479.92
9279,884750,23255,2022-07-16 09:07:06,Possible Account Takeover,Medium,False Positive,3046.83
9280,985451,7102,2022-10-06 17:18:56,Velocity Anomaly,Medium,Confirmed,212.07
9281,120148,16042,2023-08-21 19:49:20,Velocity Anomaly,Low,Open,421.7
9282,943426,23897,2025-02-14 22:22:00,Suspicious Merchant,Low,Closed,6364.45
9283,886103,15090,2023-01-16 10:57:17,Unusual Transaction,Medium,Confirmed,2661.47
9284,395996,16840,2023-04-07 05:55:28,Unusual Transaction,Critical,Closed,4016.66
9285,550170,20507,2023-10-28 04:36:18,Geographic Anomaly,Medium,Confirmed,1545.66
9286,25903,5068,2022-05-28 12:51:04,Geographic Anomaly,Medium,False Positive,251.54
9287,291566,14370,2022-05-17 13:01:10,Possible Account Takeover,High,False Positive,2600.5
9288,915324,8110,2025-06-10 08:33:42,Possible Account Takeover,High,Closed,3629.13
9289,577454,18704,2024-06-15 06:17:49,High Value Transaction,High,Closed,337.33
9290,338095,19326,2023-10-23 16:05:39,High Value Transaction,Medium,Closed,270.36
9291,245968,3977,2022-10-22 02:34:16,Unusual Transaction,Low,Confirmed,321.45
9292,440511,14733,2023-11-06 05:26:12,Geographic Anomaly,Medium,False Positive,708.77
9293,587273,5314,2022-04-08 10:48:21,Unusual Transaction,Low,False Positive,947.17
9294,494817,5749,2024-09-17 21:16:28,Unusual Transaction,Low,Open,1035.06
9295,60559,10706,2024-03-09 02:21:16,Geographic Anomaly,Low,Closed,2500.59
9296,791477,1745,2025-01-01 19:47:06,High Value Transaction,High,Confirmed,1192.97
9297,431838,15594,2024-02-20 03:25:05,Suspicious Merchant,High,Investigating,100.57
9298,119826,23081,2025-02-03 08:12:02,Suspicious Merchant,Low,Confirmed,1487.9
9299,784040,15907,2023-09-27 15:56:14,Suspicious Merchant,Low,False Positive,376.76
9300,103252,11847,2025-05-13 10:04:36,Geographic Anomaly,Low,False Positive,1038.57
9301,451663,20733,2025-03-12 11:17:22,Velocity Anomaly,Medium,False Positive,7441.47
9302,878167,15707,2022-01-27 20:31:04,Velocity Anomaly,Low,Confirmed,186.24
9303,556263,1312,2024-06-20 17:02:35,Velocity Anomaly,High,False Positive,1466.43
9304,442359,2080,2024-08-21 01:06:14,Possible Account Takeover,Low,Closed,189.54
9305,642633,22835,2024-06-18 05:17:01,High Value Transaction,Low,Confirmed,559.95
9306,750997,10080,2024-04-28 08:08:49,High Value Transaction,Low,False Positive,1610.84
9307,633840,21402,2023-09-02 16:57:35,Possible Account Takeover,Critical,Investigating,698.73
9308,908021,8019,2025-03-30 11:35:06,Unusual Transaction,High,Open,2632.91
9309,453732,8764,2025-05-28 13:40:17,Suspicious Merchant,High,False Positive,2014.71
9310,532139,7592,2022-06-10 06:32:25,Velocity Anomaly,Medium,Open,1317.13
9311,895462,6530,2022-06-06 07:50:49,Suspicious Merchant,Low,False Positive,948.43
9312,496003,18440,2024-03-03 04:01:09,Velocity Anomaly,Low,False Positive,1296.85
9313,940027,23986,2024-06-21 08:13:57,Suspicious Merchant,Medium,Confirmed,527.2
9314,817397,2161,2024-09-10 05:55:49,Unusual Transaction,High,Confirmed,571.99
9315,53419,3423,2025-02-24 22:06:13,Suspicious Merchant,Medium,Closed,78.66
9316,518701,16248,2025-08-04 18:03:31,Suspicious Merchant,Medium,Open,3610.82
9317,692501,18022,2022-10-15 05:58:01,Geographic Anomaly,Medium,False Positive,486.26
9318,178199,2303,2025-07-03 14:31:53,Suspicious Merchant,Low,Closed,969.42
9319,549827,4364,2022-11-10 05:24:52,Geographic Anomaly,Medium,Closed,1740.03
9320,283808,22560,2024-08-20 06:57:31,High Value Transaction,Medium,False Positive,577.47
9321,154435,4285,2024-03-27 06:16:57,Possible Account Takeover,Low,Confirmed,5902.95
9322,463124,5012,2023-06-23 11:11:09,Suspicious Merchant,Medium,Open,2156.87
9323,552608,21238,2023-01-27 15:51:26,High Value Transaction,High,Investigating,2490.39
9324,341460,9992,2024-02-12 08:32:44,Geographic Anomaly,Medium,False Positive,952.69
9325,951409,19309,2024-05-24 03:40:25,Suspicious Merchant,Medium,Open,64.41
9326,654730,21453,2025-04-26 02:09:48,Suspicious Merchant,Low,Closed,160.41
9327,599471,1027,2025-09-12 22:23:13,Unusual Transaction,Medium,False Positive,556.16
9328,396972,3860,2024-10-20 05:59:26,High Value Transaction,High,Open,670.81
9329,501443,23155,2024-12-26 08:00:06,Velocity Anomaly,Medium,Investigating,149.68
9330,722086,470,2022-07-17 11:53:36,Velocity Anomaly,Low,False Positive,1239.26
9331,393233,24860,2023-08-24 21:27:22,Unusual Transaction,Critical,Open,336.92
9332,949898,8539,2022-05-04 21:08:51,Geographic Anomaly,High,False Positive,476.77
9333,123461,7266,2023-07-24 23:57:44,Velocity Anomaly,Medium,Closed,36.28
9334,520877,20463,2025-03-08 23:46:37,Velocity Anomaly,Medium,Closed,3324.15
9335,614178,12266,2024-09-11 23:25:14,Possible Account Takeover,Low,False Positive,4032.66
9336,247945,24946,2022-06-30 02:21:31,High Value Transaction,High,Closed,12827.13
9337,520419,13370,2025-11-30 06:26:14,Geographic Anomaly,Medium,False Positive,999.37
9338,612088,7541,2025-09-17 15:00:49,Suspicious Merchant,Medium,Confirmed,1832.64
9339,737090,15333,2024-07-07 13:48:53,High Value Transaction,Low,False Positive,225.5
9340,125908,16948,2023-03-06 11:01:17,Geographic Anomaly,Medium,Investigating,876.7
9341,164908,6146,2025-05-05 03:35:55,Velocity Anomaly,High,Investigating,486.07
9342,567954,9991,2024-11-16 07:31:31,Possible Account Takeover,High,False Positive,2767.5
9343,703898,21046,2023-05-12 16:14:47,High Value Transaction,Low,Closed,149.73
9344,579805,10859,2024-06-13 14:05:12,Velocity Anomaly,Medium,False Positive,51.58
9345,235540,7195,2024-03-23 09:43:02,Geographic Anomaly,Medium,Confirmed,778.74
9346,342645,4085,2023-07-16 21:41:33,High Value Transaction,High,False Positive,1269.32
9347,535386,15049,2024-06-03 09:14:37,Suspicious Merchant,High,Confirmed,1160.15
9348,997256,1775,2024-10-13 20:22:44,High Value Transaction,Critical,Confirmed,52.39
9349,613130,24870,2025-05-10 15:51:53,Velocity Anomaly,Critical,Closed,867.46
9350,929680,2926,2022-07-01 10:29:34,High Value Transaction,Low,Confirmed,1705.68
9351,995541,4787,2023-10-27 03:27:11,Suspicious Merchant,High,Open,850.33
9352,260457,16684,2025-07-22 06:12:54,Possible Account Takeover,Medium,False Positive,2567.01
9353,604431,1109,2022-01-11 05:15:45,Possible Account Takeover,Low,Confirmed,951.61
9354,969073,6172,2025-12-30 20:55:50,Velocity Anomaly,Low,False Positive,4055.79
9355,96900,5057,2023-08-11 07:31:35,Geographic Anomaly,Low,False Positive,7352.98
9356,551827,3171,2022-03-07 20:18:02,Velocity Anomaly,High,False Positive,51.72
9357,771328,22493,2025-11-08 15:37:58,Possible Account Takeover,Medium,Open,346.46
9358,818842,1037,2025-06-06 12:00:53,Unusual Transaction,High,Open,115.72
9359,798871,15125,2024-06-10 16:01:40,Unusual Transaction,Medium,Confirmed,660.54
9360,750664,1696,2025-10-03 12:07:53,High Value Transaction,High,False Positive,1136.48
9361,651082,19725,2023-11-03 21:53:41,Suspicious Merchant,Medium,Investigating,29.99
9362,398484,23924,2025-09-30 17:57:01,High Value Transaction,Medium,Confirmed,385.18
9363,726357,6774,2023-03-29 19:27:47,Unusual Transaction,Medium,Closed,6299.14
9364,894004,24920,2023-08-27 13:48:34,Possible Account Takeover,Low,Investigating,197.42
9365,518925,18543,2023-04-25 01:33:02,High Value Transaction,High,False Positive,3254.05
9366,148659,12922,2025-06-29 16:56:36,Velocity Anomaly,Medium,False Positive,303.3
9367,396842,8892,2024-11-30 02:53:02,Suspicious Merchant,Low,Closed,3150.92
9368,822147,11426,2022-02-08 19:01:20,Velocity Anomaly,High,Closed,768.55
9369,705283,7935,2023-12-23 10:55:06,Suspicious Merchant,Low,False Positive,2190.97
9370,61298,23348,2023-05-12 00:48:56,Possible Account Takeover,Medium,False Positive,3324.82
9371,166577,13716,2024-03-28 15:05:06,High Value Transaction,Medium,False Positive,715.18
9372,769870,15159,2022-11-08 12:02:06,Suspicious Merchant,Low,Confirmed,703.17
9373,435059,22470,2022-02-24 09:31:49,Velocity Anomaly,High,Confirmed,535.25
9374,672492,8300,2023-05-29 06:08:01,High Value Transaction,High,Confirmed,3236.19
9375,622668,16433,2022-01-30 19:57:00,High Value Transaction,High,Investigating,717.75
9376,963024,16272,2023-06-01 04:20:50,Velocity Anomaly,Low,False Positive,142.06
9377,500660,14020,2025-08-18 13:46:47,Unusual Transaction,Medium,Closed,21.68
9378,252307,10680,2025-02-06 15:30:34,Suspicious Merchant,Low,Closed,1408.29
9379,656180,22455,2022-01-25 12:14:08,Velocity Anomaly,Critical,Investigating,948.6
9380,994315,17035,2022-02-26 02:08:42,Possible Account Takeover,Low,Open,661.95
9381,597918,6595,2022-05-17 03:26:23,Geographic Anomaly,Medium,False Positive,723.25
9382,398873,23863,2024-04-08 20:53:42,Velocity Anomaly,High,Confirmed,2533.77
9383,408431,1559,2022-09-22 02:18:05,High Value Transaction,High,False Positive,457.47
9384,792582,16190,2024-10-25 13:45:01,High Value Transaction,High,False Positive,465.9
9385,586076,10282,2022-07-05 19:16:02,Velocity Anomaly,Critical,False Positive,1659.39
9386,472485,2547,2023-10-18 21:35:44,Geographic Anomaly,Medium,Confirmed,229.59
9387,648319,297,2023-11-21 07:26:54,Velocity Anomaly,Medium,Investigating,4170.9
9388,573168,20294,2025-10-31 15:57:28,Geographic Anomaly,Low,Confirmed,1624.88
9389,531211,12085,2025-10-07 01:20:17,Geographic Anomaly,Low,False Positive,872.85
9390,346228,8997,2023-01-06 15:15:27,Possible Account Takeover,Medium,Closed,2825.49
9391,339592,8732,2025-07-23 08:53:32,Suspicious Merchant,Low,Open,203.29
9392,924485,7554,2025-08-11 07:21:29,High Value Transaction,High,Investigating,400.17
9393,748438,8550,2023-12-07 00:22:50,High Value Transaction,Low,False Positive,107.26
9394,896664,16286,2023-03-29 02:14:46,Geographic Anomaly,Medium,Confirmed,90.81
9395,347093,15706,2024-03-27 04:10:10,High Value Transaction,High,Closed,1391.71
9396,780132,1897,2024-12-27 18:21:26,Unusual Transaction,Medium,Investigating,954.7
9397,157641,15954,2022-05-22 19:28:01,Geographic Anomaly,High,Closed,721.67
9398,738513,10365,2024-03-09 00:48:29,High Value Transaction,Critical,Closed,225.36
9399,4777,15644,2023-03-17 23:12:48,Unusual Transaction,High,Closed,732.16
9400,700255,7748,2023-09-27 21:48:03,Possible Account Takeover,Medium,Investigating,404.38
9401,35585,1496,2024-03-31 10:41:21,High Value Transaction,High,Confirmed,83.68
9402,863361,9721,2023-12-02 09:44:11,Unusual Transaction,Low,False Positive,4644.27
9403,39936,24726,2025-02-13 00:01:53,Velocity Anomaly,High,False Positive,595.02
9404,323340,20155,2024-10-04 02:52:38,Suspicious Merchant,Low,False Positive,1626.91
9405,556212,22315,2025-12-09 22:43:01,Velocity Anomaly,Low,Confirmed,274.15
9406,551710,962,2024-01-29 04:32:09,Unusual Transaction,Critical,Confirmed,1626.26
9407,864379,1101,2023-02-20 06:41:11,Geographic Anomaly,Medium,Closed,1233.8
9408,431428,7718,2024-11-28 12:18:51,Geographic Anomaly,High,Investigating,2539.98
9409,391796,14133,2024-11-29 06:42:32,High Value Transaction,Medium,Open,2828.79
9410,858244,20829,2022-07-07 00:39:11,Velocity Anomaly,High,Open,1645.79
9411,233009,9709,2024-04-29 17:26:46,Geographic Anomaly,Critical,False Positive,78.79
9412,418320,1690,2025-12-02 21:38:01,Geographic Anomaly,Medium,Open,1934.5
9413,975549,12121,2025-09-03 23:58:17,Velocity Anomaly,Medium,False Positive,515.16
9414,948066,8247,2025-10-17 08:15:59,Possible Account Takeover,Medium,Confirmed,390.55
9415,279278,8322,2023-09-10 01:52:41,Geographic Anomaly,High,Investigating,3531.43
9416,783221,20005,2025-12-25 01:16:16,Suspicious Merchant,Medium,False Positive,5365.82
9417,902356,15829,2023-11-03 00:05:28,Unusual Transaction,Medium,Open,5837.95
9418,989989,13270,2025-11-04 00:21:04,High Value Transaction,Medium,Confirmed,141.82
9419,666830,17988,2024-07-27 14:22:46,Geographic Anomaly,Low,False Positive,436.46
9420,914108,16072,2025-10-30 10:12:31,Suspicious Merchant,Low,Confirmed,938.75
9421,280303,23557,2024-11-01 21:42:19,Suspicious Merchant,Medium,Confirmed,197.6
9422,780767,925,2022-02-14 09:16:45,Geographic Anomaly,High,Closed,3430.88
9423,235137,4484,2022-08-08 14:55:14,Possible Account Takeover,Medium,Closed,158.02
9424,516344,5672,2024-10-20 13:51:56,Unusual Transaction,Medium,Confirmed,3054.5
9425,612763,14567,2024-05-14 08:27:48,High Value Transaction,Medium,Confirmed,330.76
9426,273763,4326,2025-06-01 19:13:50,Geographic Anomaly,Medium,Confirmed,1281.62
9427,739352,22058,2024-12-03 19:59:06,High Value Transaction,High,Closed,575.39
9428,812168,3202,2022-03-30 20:03:56,Velocity Anomaly,Medium,False Positive,1229.8
9429,596077,4282,2023-09-06 09:55:31,Suspicious Merchant,Low,Open,729.58
9430,250868,12156,2023-12-20 02:41:57,Suspicious Merchant,Low,Closed,470.67
9431,149248,2256,2023-07-19 04:08:08,Geographic Anomaly,High,False Positive,683.43
9432,136990,390,2024-01-24 12:26:51,Geographic Anomaly,Critical,Confirmed,2481.94
9433,807505,6274,2023-05-10 17:52:45,Velocity Anomaly,Medium,Confirmed,87.04
9434,760452,12642,2023-07-12 03:07:04,Possible Account Takeover,Low,Open,1937.25
9435,546919,7927,2024-03-18 22:15:30,Geographic Anomaly,Medium,Closed,646.8
9436,331668,1508,2024-06-04 13:21:12,Suspicious Merchant,High,False Positive,1887.48
9437,534311,9944,2025-07-26 08:41:09,High Value Transaction,Medium,Investigating,226.63
9438,621834,15825,2023-12-04 12:49:08,Unusual Transaction,Critical,False Positive,603.53
9439,285558,24700,2025-08-28 19:32:05,High Value Transaction,High,False Positive,316.95
9440,588872,11124,2024-12-06 23:02:17,Possible Account Takeover,High,Investigating,182.49
9441,701956,8085,2024-01-07 12:53:19,Unusual Transaction,Medium,Confirmed,486.12
9442,515065,17309,2023-08-23 10:14:49,High Value Transaction,Medium,False Positive,3308.4
9443,841780,18509,2023-10-15 03:16:22,High Value Transaction,High,Confirmed,7778.49
9444,761434,15820,2024-07-17 03:14:48,Velocity Anomaly,Medium,Confirmed,306.98
9445,718250,10421,2025-07-20 00:50:16,Possible Account Takeover,Medium,Investigating,678.6
9446,95536,5069,2022-06-28 22:14:18,Suspicious Merchant,Low,Confirmed,1069.54
9447,816720,882,2025-10-20 22:35:29,Velocity Anomaly,Medium,False Positive,89.09
9448,920849,24116,2025-03-04 02:57:06,Unusual Transaction,Medium,Investigating,750.31
9449,341860,5640,2024-06-18 10:20:56,Suspicious Merchant,Medium,False Positive,2407.95
9450,750234,10594,2025-02-21 20:10:58,Velocity Anomaly,Low,Confirmed,9730.11
9451,579680,14655,2023-01-20 09:18:40,Possible Account Takeover,Medium,False Positive,259.85
9452,368893,16743,2022-07-11 10:25:58,Geographic Anomaly,Low,Confirmed,1252.17
9453,539250,10724,2024-06-25 20:22:00,Geographic Anomaly,High,False Positive,285.32
9454,925944,20046,2025-03-29 19:50:12,Unusual Transaction,Medium,False Positive,333.25
9455,751988,8286,2022-01-28 06:50:07,Geographic Anomaly,High,False Positive,1342.51
9456,834298,15778,2025-07-14 06:55:51,Velocity Anomaly,High,False Positive,756.48
9457,802685,21290,2025-06-02 17:02:53,Unusual Transaction,High,Investigating,3585.24
9458,827606,3513,2022-02-23 05:24:34,Suspicious Merchant,High,Closed,491.67
9459,948765,15500,2022-07-13 07:00:01,Possible Account Takeover,Medium,False Positive,1301.57
9460,16676,11078,2025-12-22 19:44:00,Unusual Transaction,Low,False Positive,788.69
9461,403669,18242,2024-09-26 16:03:56,Suspicious Merchant,High,Closed,1431.91
9462,339027,7204,2024-08-23 03:06:51,Unusual Transaction,Medium,Confirmed,168.48
9463,800691,18420,2024-05-24 15:28:00,High Value Transaction,Medium,Open,79.78
9464,836232,23524,2023-06-23 01:05:36,High Value Transaction,Medium,False Positive,7052.66
9465,306128,306,2023-08-30 15:58:26,Unusual Transaction,High,Closed,1461.32
9466,989483,24380,2024-07-23 07:56:19,Geographic Anomaly,Low,Investigating,525.38
9467,105165,8851,2025-02-20 20:50:30,High Value Transaction,Medium,False Positive,945.31
9468,319876,11430,2025-11-02 10:47:20,Possible Account Takeover,Critical,False Positive,215.82
9469,719971,19137,2022-10-20 12:24:06,Suspicious Merchant,High,Closed,225.78
9470,538174,18469,2023-10-28 05:41:50,Velocity Anomaly,Low,Confirmed,1243.31
9471,329702,9415,2025-02-12 18:47:32,High Value Transaction,High,Investigating,617.55
9472,654503,4158,2024-07-26 04:36:50,Unusual Transaction,Low,Investigating,677.77
9473,883466,24008,2023-10-26 13:18:05,Geographic Anomaly,High,False Positive,151.53
9474,497907,18960,2023-07-01 06:44:21,Velocity Anomaly,Medium,Closed,1881.63
9475,887115,4282,2023-06-01 06:57:51,Suspicious Merchant,Medium,False Positive,1886.85
9476,963880,1884,2024-10-13 00:04:10,Suspicious Merchant,High,Closed,31738.18
9477,136015,17629,2023-08-04 14:32:59,High Value Transaction,Low,False Positive,1888.65
9478,249066,590,2024-06-20 05:53:37,Suspicious Merchant,Low,False Positive,2002.84
9479,413940,18461,2022-01-23 02:52:36,Suspicious Merchant,High,Open,2547.4
9480,43062,2546,2024-03-28 08:01:02,Geographic Anomaly,Medium,Confirmed,429.97
9481,246341,14466,2025-10-12 16:45:52,Geographic Anomaly,Critical,Open,3761.49
9482,690980,146,2023-09-13 02:14:25,Geographic Anomaly,Medium,Confirmed,5353.43
9483,161620,8469,2025-01-10 09:16:29,Unusual Transaction,Low,Open,1490.24
9484,9715,19890,2025-10-31 01:48:42,Suspicious Merchant,High,Investigating,34449.82
9485,72876,13292,2024-10-28 20:54:48,Suspicious Merchant,Medium,Confirmed,2999.77
9486,811535,4652,2024-12-26 00:53:02,Suspicious Merchant,Low,False Positive,170.25
9487,887240,22228,2024-02-09 05:46:49,Possible Account Takeover,Medium,Investigating,3105.14
9488,224257,4411,2023-04-02 06:55:44,Geographic Anomaly,Critical,False Positive,2046.02
9489,544207,8239,2023-07-12 16:19:24,Velocity Anomaly,Medium,False Positive,315.02
9490,278113,5207,2022-06-18 17:41:26,High Value Transaction,Medium,False Positive,1566.7
9491,293048,5419,2025-01-05 15:30:29,Velocity Anomaly,Medium,False Positive,313.47
9492,298922,10709,2022-07-21 11:23:30,Unusual Transaction,Low,False Positive,963.12
9493,426964,3580,2023-08-27 06:09:18,Unusual Transaction,Low,Closed,8889.05
9494,141594,7886,2022-06-07 00:52:38,Suspicious Merchant,High,Investigating,1369.32
9495,596795,10417,2025-06-12 17:42:15,Velocity Anomaly,Critical,Confirmed,1942.07
9496,357884,1190,2025-07-23 12:53:21,Suspicious Merchant,Low,Open,2361.67
9497,385800,24759,2022-04-22 00:12:47,Possible Account Takeover,Medium,False Positive,2258.12
9498,653621,4668,2025-05-22 23:18:33,Unusual Transaction,Critical,Confirmed,1314.82
9499,962835,4495,2023-05-22 17:35:11,Unusual Transaction,Low,Confirmed,966.91
9500,163201,9631,2025-05-23 03:23:52,Velocity Anomaly,Low,Investigating,1138.27
9501,149339,21117,2022-05-11 00:21:03,Unusual Transaction,High,False Positive,1590.8
9502,525996,2230,2024-04-09 16:22:06,Possible Account Takeover,High,False Positive,6596.09
9503,942583,1161,2022-03-27 13:03:44,Possible Account Takeover,Low,Confirmed,314.06
9504,216775,6300,2022-12-16 18:34:30,Possible Account Takeover,Medium,Confirmed,759.44
9505,700078,17869,2023-05-11 22:12:55,High Value Transaction,Low,Closed,178.59
9506,181592,10223,2024-05-31 08:50:18,Possible Account Takeover,Medium,False Positive,1951.01
9507,585558,8045,2025-01-28 06:07:53,Possible Account Takeover,High,Investigating,28.07
9508,532379,15103,2023-03-18 03:22:33,High Value Transaction,Medium,Closed,298.62
9509,460686,23188,2024-12-02 05:40:14,Suspicious Merchant,Medium,Open,572.14
9510,701850,2401,2025-05-25 05:34:19,Geographic Anomaly,Medium,Confirmed,2577.48
9511,914980,3676,2022-11-18 04:58:52,Unusual Transaction,Low,Open,1440.36
9512,733103,15999,2024-07-17 22:49:21,Possible Account Takeover,Low,Closed,288.24
9513,855574,1507,2024-10-05 19:43:39,Unusual Transaction,High,Open,125.39
9514,702863,20437,2025-04-15 01:31:05,Velocity Anomaly,Medium,Investigating,161.52
9515,82839,20823,2025-08-13 04:27:25,Unusual Transaction,Low,Closed,4303.39
9516,500531,21839,2025-12-16 03:53:45,Suspicious Merchant,Medium,False Positive,6531.14
9517,646264,13344,2023-09-18 18:25:36,High Value Transaction,High,False Positive,579.72
9518,993357,13902,2022-06-15 07:06:37,Unusual Transaction,Medium,Open,2165.86
9519,273607,23628,2024-02-20 01:13:42,Unusual Transaction,Medium,Confirmed,3477.28
9520,75033,2545,2024-01-18 17:33:37,Unusual Transaction,Medium,Closed,3648.99
9521,85477,5799,2023-08-05 05:42:24,Geographic Anomaly,Low,False Positive,1006.04
9522,402654,22436,2022-10-14 06:05:12,Geographic Anomaly,High,False Positive,733.21
9523,941879,14694,2024-06-08 02:42:29,Velocity Anomaly,Medium,Closed,3131.6
9524,691762,4078,2023-03-22 04:34:59,High Value Transaction,High,False Positive,654.95
9525,486897,9695,2024-10-11 19:05:58,Unusual Transaction,High,Confirmed,2494.74
9526,647415,18173,2024-05-03 20:43:25,Unusual Transaction,Critical,Confirmed,8213.3
9527,907755,11427,2025-09-22 09:39:19,Unusual Transaction,Low,Open,610.37
9528,431680,11536,2022-07-22 06:02:19,Unusual Transaction,Low,Confirmed,2073.09
9529,414789,18092,2024-06-26 23:10:29,Geographic Anomaly,Medium,Closed,6956.23
9530,694760,23024,2025-03-01 00:07:46,Suspicious Merchant,Low,Confirmed,330.14
9531,578183,20191,2024-05-21 00:15:28,Suspicious Merchant,High,Closed,291.39
9532,809123,7882,2022-12-24 23:39:59,Velocity Anomaly,High,False Positive,1106.3
9533,609736,8849,2023-01-20 00:09:37,Possible Account Takeover,High,Closed,9904.84
9534,499081,3917,2023-09-17 03:50:31,High Value Transaction,Medium,Closed,3300.16
9535,206318,11550,2022-10-22 22:36:17,Suspicious Merchant,Low,False Positive,359.89
9536,59334,4074,2022-10-26 19:15:18,Unusual Transaction,Medium,Closed,396.79
9537,227918,19217,2024-05-21 14:53:14,Suspicious Merchant,High,False Positive,154.55
9538,667721,4813,2022-05-31 11:32:10,Velocity Anomaly,Medium,False Positive,275.08
9539,514964,11732,2024-02-09 12:23:47,Possible Account Takeover,Low,False Positive,3025.65
9540,862976,1622,2022-08-12 14:34:12,Suspicious Merchant,Medium,False Positive,1378.82
9541,283628,16289,2022-09-22 08:56:35,Velocity Anomaly,Critical,Confirmed,1039.43
9542,608003,8927,2023-06-11 16:19:52,Geographic Anomaly,High,Confirmed,872.13
9543,677213,8210,2023-11-08 13:43:15,Possible Account Takeover,High,Confirmed,952.2
9544,644069,10327,2024-12-26 20:58:53,Velocity Anomaly,High,Investigating,115.38
9545,303926,18610,2023-03-01 11:47:23,Suspicious Merchant,Medium,Confirmed,2800.01
9546,374040,2636,2023-09-12 11:06:05,Geographic Anomaly,Low,Closed,629.0
9547,134207,14003,2022-11-13 18:21:08,Velocity Anomaly,Medium,False Positive,712.24
9548,354689,19233,2023-07-10 00:35:25,Velocity Anomaly,Medium,Open,1934.42
9549,502555,24317,2025-05-08 13:23:37,Suspicious Merchant,High,False Positive,745.69
9550,927289,23817,2023-02-24 15:08:09,Possible Account Takeover,Medium,Closed,111.79
9551,57723,13364,2023-01-23 23:39:43,Geographic Anomaly,Low,False Positive,138.29
9552,455311,19868,2024-02-27 17:19:22,Unusual Transaction,Medium,False Positive,91.69
9553,47854,4100,2023-11-07 17:19:59,High Value Transaction,Low,Investigating,2566.58
9554,890865,14687,2024-06-26 14:13:58,Possible Account Takeover,Medium,Confirmed,46.75
9555,754480,18239,2022-07-12 15:01:19,Geographic Anomaly,Medium,False Positive,659.36
9556,462764,20344,2022-07-17 09:55:44,Velocity Anomaly,Low,Open,746.72
9557,525399,3337,2025-09-10 07:11:18,Geographic Anomaly,Medium,Investigating,1797.7
9558,394947,6266,2022-08-09 12:07:50,High Value Transaction,Medium,Closed,8083.86
9559,606920,24999,2022-06-30 18:55:15,Suspicious Merchant,Medium,False Positive,933.84
9560,838682,17493,2025-05-29 16:48:13,High Value Transaction,Low,Confirmed,1341.09
9561,468039,14634,2024-09-07 00:24:20,Unusual Transaction,High,Confirmed,160.82
9562,653189,12495,2025-04-08 08:37:22,Unusual Transaction,Low,Confirmed,197.76
9563,569060,8685,2025-12-27 10:42:46,High Value Transaction,Low,Open,1241.08
9564,909308,14021,2025-09-22 17:44:31,Possible Account Takeover,Medium,False Positive,2591.98
9565,965824,12355,2023-02-05 00:51:35,Possible Account Takeover,Low,Investigating,1506.83
9566,800717,9063,2023-07-15 21:14:28,Velocity Anomaly,Medium,False Positive,836.33
9567,802189,16610,2024-01-28 09:46:42,Unusual Transaction,Critical,False Positive,32.02
9568,15887,4977,2022-05-01 11:23:03,Velocity Anomaly,High,False Positive,1006.31
9569,807398,23504,2022-09-19 11:36:22,Unusual Transaction,Medium,False Positive,3609.7
9570,552889,10411,2022-12-27 01:29:26,High Value Transaction,Medium,Investigating,53833.31
9571,445819,17511,2022-01-26 23:58:21,Possible Account Takeover,Low,False Positive,933.12
9572,859638,7781,2024-09-03 07:14:35,Possible Account Takeover,Medium,False Positive,739.35
9573,519028,13906,2024-05-06 11:42:53,High Value Transaction,Medium,False Positive,835.45
9574,916585,19370,2025-08-22 11:30:06,Velocity Anomaly,Critical,Investigating,113.92
9575,723638,3055,2025-10-21 09:59:46,Velocity Anomaly,Low,Confirmed,348.83
9576,739164,20146,2023-02-10 00:47:50,Geographic Anomaly,Medium,Confirmed,1241.85
9577,822926,17280,2024-09-06 09:28:38,Unusual Transaction,High,False Positive,1168.58
9578,837958,6678,2023-12-16 05:39:29,Velocity Anomaly,High,False Positive,1459.95
9579,777522,23070,2024-11-05 05:54:23,High Value Transaction,Critical,False Positive,1488.21
9580,932364,12195,2025-03-04 08:08:49,Velocity Anomaly,Medium,False Positive,1968.8
9581,835093,8743,2025-03-12 15:41:29,Possible Account Takeover,Medium,Open,396.02
9582,884732,19940,2023-01-06 19:53:18,Unusual Transaction,High,Closed,9606.02
9583,764584,2791,2024-09-02 06:46:39,Suspicious Merchant,Medium,False Positive,259.45
9584,539956,13809,2025-07-06 13:34:58,Geographic Anomaly,Low,Open,398.06
9585,475162,13244,2022-10-21 06:56:17,Unusual Transaction,High,False Positive,76.63
9586,910050,13078,2024-11-02 02:52:26,Possible Account Takeover,Medium,False Positive,20.56
9587,311624,15492,2025-07-27 20:22:02,Possible Account Takeover,High,Investigating,418.94
9588,881595,7041,2022-11-09 00:14:48,Possible Account Takeover,Critical,False Positive,380.94
9589,871119,8692,2025-12-28 09:39:45,Possible Account Takeover,High,Closed,349.37
9590,261484,4967,2022-11-04 00:08:44,High Value Transaction,Low,Confirmed,599.25
9591,650822,13513,2023-05-28 13:00:29,Geographic Anomaly,High,Confirmed,2322.18
9592,81897,16784,2025-11-10 13:16:26,Suspicious Merchant,High,Investigating,546.61
9593,854449,13970,2025-04-15 17:12:17,Possible Account Takeover,Critical,Closed,241.39
9594,921347,14458,2025-07-27 06:08:51,Possible Account Takeover,Medium,Confirmed,1003.01
9595,815552,3816,2023-07-26 20:32:27,Velocity Anomaly,Low,Investigating,1379.45
9596,756335,23920,2023-07-12 15:54:29,Geographic Anomaly,High,Confirmed,237.26
9597,217056,6621,2024-12-27 07:05:02,Unusual Transaction,Medium,Open,579.27
9598,346021,5202,2024-08-24 08:33:04,Geographic Anomaly,Medium,Confirmed,256.67
9599,146321,21431,2025-06-16 14:38:36,Geographic Anomaly,Medium,Open,238.47
9600,771764,13393,2023-09-07 02:11:57,Suspicious Merchant,Medium,Investigating,587.6
9601,732575,21837,2024-09-30 23:27:53,Geographic Anomaly,High,Investigating,481.88
9602,793816,625,2022-03-29 02:44:21,Suspicious Merchant,Medium,Closed,2525.38
9603,372942,2244,2022-05-07 01:50:38,Possible Account Takeover,High,Closed,1313.79
9604,857707,2654,2023-05-13 07:50:08,Possible Account Takeover,Low,Confirmed,258.86
9605,599943,15969,2024-11-21 13:37:22,High Value Transaction,Medium,False Positive,727.34
9606,209067,18603,2024-08-21 14:19:32,Suspicious Merchant,Medium,False Positive,1165.35
9607,905658,17311,2024-12-12 21:23:00,Suspicious Merchant,High,Confirmed,465.77
9608,564715,347,2025-07-19 22:47:41,Unusual Transaction,Medium,Confirmed,5674.78
9609,426896,3854,2025-10-08 08:18:18,Velocity Anomaly,Medium,False Positive,2450.0
9610,15513,18470,2025-01-16 22:43:39,Geographic Anomaly,High,Confirmed,1152.61
9611,683438,21485,2022-02-23 05:42:59,Unusual Transaction,High,False Positive,1191.28
9612,45637,511,2025-03-30 19:40:52,Suspicious Merchant,Medium,False Positive,13605.97
9613,310734,10413,2025-12-08 17:29:03,Unusual Transaction,Medium,False Positive,1045.79
9614,584657,20635,2022-08-26 13:34:59,High Value Transaction,Medium,False Positive,713.74
9615,813631,7172,2022-04-19 18:27:10,Velocity Anomaly,Medium,False Positive,525.52
9616,673805,10846,2023-04-07 16:53:10,Suspicious Merchant,Low,Closed,937.49
9617,650801,21053,2024-09-17 02:19:48,Suspicious Merchant,High,False Positive,145.3
9618,534343,23852,2024-10-24 19:44:05,Geographic Anomaly,High,Investigating,77.38
9619,534865,16162,2024-04-16 18:08:47,Velocity Anomaly,Medium,False Positive,553.97
9620,141737,14979,2025-08-14 10:53:53,High Value Transaction,Medium,False Positive,732.92
9621,547768,6506,2022-12-06 22:31:49,Possible Account Takeover,High,False Positive,554.45
9622,941597,17581,2023-05-24 13:19:21,Unusual Transaction,Medium,Confirmed,2560.51
9623,760300,19643,2023-05-21 22:17:08,Geographic Anomaly,High,Open,1293.69
9624,657915,1430,2024-04-17 04:55:24,Suspicious Merchant,Low,Closed,359.5
9625,159591,15394,2025-11-06 20:18:12,Possible Account Takeover,Medium,Closed,148.63
9626,515485,2036,2025-06-01 15:32:58,High Value Transaction,High,Confirmed,399.62
9627,336793,14514,2024-08-23 17:48:53,Velocity Anomaly,Medium,Investigating,1336.75
9628,786340,1547,2024-01-14 10:23:01,Unusual Transaction,Medium,False Positive,224.66
9629,79179,16598,2024-10-30 12:12:24,Geographic Anomaly,High,Confirmed,2774.55
9630,230911,10777,2024-01-18 16:06:11,Suspicious Merchant,High,Confirmed,771.09
9631,750155,438,2024-11-15 16:07:22,Suspicious Merchant,High,False Positive,443.5
9632,625377,3532,2024-12-18 13:27:56,Possible Account Takeover,Medium,False Positive,952.96
9633,151474,2585,2025-04-09 05:52:11,Possible Account Takeover,Medium,Open,212.01
9634,913015,1021,2022-12-06 09:48:31,Unusual Transaction,High,False Positive,49.54
9635,842019,12374,2022-03-16 21:18:11,Velocity Anomaly,Critical,False Positive,2811.18
9636,606651,11217,2023-11-01 17:54:33,High Value Transaction,High,False Positive,1532.26
9637,645724,11696,2025-04-16 10:00:01,Velocity Anomaly,High,Confirmed,218.81
9638,336063,17004,2024-09-04 10:56:33,Velocity Anomaly,Low,Investigating,560.16
9639,515804,4267,2022-05-07 03:07:57,Velocity Anomaly,High,Investigating,71.84
9640,877176,13779,2025-07-04 10:15:55,Unusual Transaction,High,Open,2074.03
9641,390824,21242,2025-04-28 23:01:29,Unusual Transaction,High,Investigating,1684.64
9642,854716,4872,2022-11-15 11:37:40,High Value Transaction,Low,Confirmed,2917.54
9643,695485,1728,2023-07-14 09:24:49,Velocity Anomaly,High,Investigating,13063.04
9644,951707,8192,2025-11-12 17:19:04,Unusual Transaction,Low,Confirmed,2811.01
9645,758336,18093,2025-04-03 03:43:24,High Value Transaction,Medium,Confirmed,97.87
9646,541409,24438,2024-09-23 00:50:57,Suspicious Merchant,High,Confirmed,45.26
9647,97992,15115,2023-12-26 09:02:08,High Value Transaction,High,False Positive,521.07
9648,823716,13743,2022-03-12 22:55:25,Velocity Anomaly,Medium,Confirmed,370.87
9649,34599,18477,2024-11-23 23:21:45,Geographic Anomaly,High,Open,527.35
9650,95190,24334,2023-12-15 17:08:22,Velocity Anomaly,Medium,Investigating,5011.33
9651,693869,11920,2023-06-21 14:51:30,Geographic Anomaly,Low,False Positive,296.93
9652,720722,8528,2023-09-08 07:34:47,High Value Transaction,Low,Confirmed,219.42
9653,67769,15474,2024-08-21 16:20:37,Suspicious Merchant,High,Closed,1113.83
9654,994733,20318,2022-08-08 10:10:54,Suspicious Merchant,Low,False Positive,514.76
9655,462270,8739,2023-11-24 23:12:25,Unusual Transaction,Low,Confirmed,1761.24
9656,946345,17784,2022-07-27 09:59:48,Suspicious Merchant,High,False Positive,958.99
9657,282735,4513,2023-10-25 18:31:45,Possible Account Takeover,Medium,False Positive,101.7
9658,79937,15246,2022-08-30 17:32:23,High Value Transaction,High,Investigating,558.21
9659,1814,18069,2025-08-13 10:40:12,Unusual Transaction,High,Investigating,558.06
9660,802459,7932,2023-03-03 00:22:46,Suspicious Merchant,High,False Positive,1486.98
9661,620194,12807,2025-05-26 21:53:11,High Value Transaction,Medium,Closed,168.49
9662,368471,9980,2025-04-03 05:47:16,Velocity Anomaly,Medium,Confirmed,652.8
9663,421134,596,2022-03-18 15:56:57,Suspicious Merchant,High,Confirmed,942.3
9664,473681,22056,2023-05-24 14:56:57,Geographic Anomaly,Medium,Investigating,2653.22
9665,364032,5148,2023-05-09 23:30:26,High Value Transaction,Low,False Positive,173.4
9666,41443,24508,2025-11-09 03:21:46,Unusual Transaction,Medium,False Positive,113.33
9667,204284,15943,2022-08-25 17:55:15,Velocity Anomaly,Low,Confirmed,1172.71
9668,967969,6939,2024-09-30 13:28:10,Possible Account Takeover,Critical,False Positive,1012.8
9669,40451,7363,2023-09-09 00:17:29,Velocity Anomaly,High,Confirmed,89.65
9670,848830,15059,2025-05-08 12:03:12,Suspicious Merchant,Low,False Positive,156.09
9671,261094,20282,2024-10-03 09:40:51,Geographic Anomaly,Medium,Confirmed,402.19
9672,183805,16696,2025-08-12 07:23:39,Velocity Anomaly,Critical,False Positive,2462.15
9673,587230,14347,2025-03-05 20:21:39,Possible Account Takeover,Medium,False Positive,1209.4
9674,492068,22701,2023-09-25 15:57:59,Unusual Transaction,High,False Positive,2368.07
9675,726138,9480,2022-04-17 05:49:44,High Value Transaction,Medium,Investigating,68.97
9676,953537,23445,2024-09-18 22:30:49,Geographic Anomaly,High,False Positive,231.11
9677,636561,21454,2024-10-29 00:58:13,Possible Account Takeover,High,False Positive,890.63
9678,942368,20057,2022-03-14 22:12:20,Suspicious Merchant,Low,Closed,3903.93
9679,717717,19400,2024-11-26 15:24:09,Suspicious Merchant,Medium,Confirmed,7860.14
9680,230086,9639,2024-07-27 13:42:45,Suspicious Merchant,Medium,False Positive,947.78
9681,674919,3289,2022-05-19 00:07:10,Geographic Anomaly,High,Confirmed,81.49
9682,846253,2422,2022-04-07 20:36:29,Velocity Anomaly,Low,Confirmed,256.92
9683,515964,3881,2022-01-31 15:38:38,Geographic Anomaly,Medium,Investigating,944.71
9684,257865,23704,2024-07-09 15:19:34,Suspicious Merchant,Medium,Investigating,514.23
9685,94437,2165,2025-06-12 04:01:13,Possible Account Takeover,High,Investigating,1825.0
9686,652218,23258,2025-12-10 21:14:18,High Value Transaction,High,Investigating,1164.47
9687,569195,16491,2025-05-28 18:49:05,High Value Transaction,Medium,Open,2193.86
9688,50231,23095,2023-11-28 22:10:23,Geographic Anomaly,Low,False Positive,2541.32
9689,953049,1613,2024-06-12 19:30:37,Suspicious Merchant,Low,Confirmed,4465.54
9690,686261,15832,2022-10-12 12:17:00,Unusual Transaction,Medium,False Positive,257.86
9691,209503,11146,2022-09-09 04:59:40,Geographic Anomaly,Medium,False Positive,12621.55
9692,479489,18425,2023-07-20 03:14:02,Suspicious Merchant,Medium,False Positive,6358.28
9693,789811,6960,2022-01-08 18:34:07,Velocity Anomaly,Critical,False Positive,982.71
9694,942732,19905,2023-05-20 01:58:26,High Value Transaction,Medium,Open,3167.29
9695,451797,1965,2024-05-31 03:46:31,High Value Transaction,High,False Positive,2407.07
9696,601164,15031,2025-09-14 16:25:31,High Value Transaction,Low,False Positive,523.17
9697,711524,23752,2025-12-01 09:18:14,Unusual Transaction,Low,False Positive,483.77
9698,961005,898,2023-11-03 01:20:57,Suspicious Merchant,Medium,False Positive,199.48
9699,358731,19746,2022-09-27 07:40:18,Suspicious Merchant,High,False Positive,4986.11
9700,464994,21558,2025-05-25 02:46:00,Suspicious Merchant,Medium,Confirmed,356.93
9701,443326,17207,2024-08-29 15:14:14,Suspicious Merchant,High,False Positive,201.09
9702,907568,14422,2023-07-04 13:53:42,Unusual Transaction,Medium,False Positive,91.39
9703,805166,6228,2022-05-27 13:16:46,Possible Account Takeover,Medium,Investigating,3529.45
9704,648863,3080,2024-09-11 12:12:55,Geographic Anomaly,High,False Positive,816.48
9705,838560,7176,2023-04-06 01:00:25,Geographic Anomaly,Medium,False Positive,278.34
9706,674554,12397,2025-01-11 13:27:06,Suspicious Merchant,Medium,False Positive,2167.19
9707,125648,5200,2024-10-25 12:06:57,Velocity Anomaly,Low,Closed,170.53
9708,614970,23940,2024-08-20 12:40:31,High Value Transaction,High,Investigating,1031.87
9709,814437,18018,2024-07-04 11:10:34,Unusual Transaction,High,False Positive,3426.53
9710,660201,21126,2025-10-02 00:05:31,Velocity Anomaly,Low,False Positive,235.09
9711,491801,16072,2025-10-09 19:04:52,Velocity Anomaly,Medium,False Positive,1412.81
9712,236234,19222,2025-09-20 12:09:03,Suspicious Merchant,High,Confirmed,9554.58
9713,55688,7551,2022-08-20 06:18:34,Unusual Transaction,High,Confirmed,4353.73
9714,893922,10660,2025-11-30 06:26:14,Geographic Anomaly,Medium,False Positive,464.61
9715,366694,19341,2025-10-24 01:55:19,High Value Transaction,High,Confirmed,147.96
9716,675417,281,2024-04-26 19:22:54,Geographic Anomaly,Medium,Closed,1637.55
9717,162876,13395,2022-04-12 05:28:10,Velocity Anomaly,Low,Investigating,5259.63
9718,322792,1450,2023-10-14 19:27:36,High Value Transaction,Low,False Positive,671.79
9719,32034,15243,2024-06-15 20:10:49,Possible Account Takeover,Medium,Investigating,156.74
9720,605762,7434,2024-03-30 07:16:16,Velocity Anomaly,Medium,False Positive,7146.43
9721,390297,18610,2022-01-14 10:58:37,Geographic Anomaly,High,False Positive,7612.89
9722,447200,18988,2023-11-18 16:17:44,Geographic Anomaly,Low,Investigating,2128.29
9723,695499,21280,2024-05-02 07:47:08,Suspicious Merchant,Medium,False Positive,715.09
9724,908663,18420,2023-06-15 16:37:38,Geographic Anomaly,Low,Investigating,1391.96
9725,84166,14251,2024-05-02 14:02:15,Unusual Transaction,High,False Positive,235.2
9726,508614,10731,2025-06-06 01:47:10,Velocity Anomaly,High,False Positive,1034.5
9727,780385,8313,2023-01-12 03:53:49,High Value Transaction,Low,Confirmed,12330.72
9728,311142,24142,2022-01-21 02:13:27,Geographic Anomaly,Medium,Investigating,412.38
9729,95481,3818,2022-12-22 01:52:38,Suspicious Merchant,Low,False Positive,105.83
9730,241767,23579,2024-09-04 02:37:50,Suspicious Merchant,Medium,Confirmed,4628.39
9731,924105,9402,2023-03-29 23:05:37,Geographic Anomaly,Low,Open,18.74
9732,305343,24417,2023-09-14 23:39:05,Unusual Transaction,Medium,False Positive,2460.33
9733,656815,17795,2023-01-29 06:51:58,Suspicious Merchant,High,Investigating,508.24
9734,418906,6784,2023-05-10 15:43:12,High Value Transaction,Medium,False Positive,54.84
9735,501649,18710,2023-06-30 01:01:00,Velocity Anomaly,Low,False Positive,507.63
9736,46269,3536,2022-12-16 23:20:13,Possible Account Takeover,Medium,Investigating,163.74
9737,721175,5888,2023-08-15 09:11:46,Unusual Transaction,Medium,Open,302.03
9738,417664,1377,2025-03-09 12:09:22,Suspicious Merchant,Medium,False Positive,91.55
9739,155211,24806,2023-08-29 12:42:14,Velocity Anomaly,Low,Open,3461.86
9740,357634,10841,2022-07-04 15:02:40,Possible Account Takeover,High,Open,48.1
9741,103691,4070,2022-04-01 11:15:00,Geographic Anomaly,Medium,False Positive,200.29
9742,113780,13986,2025-09-13 21:14:52,Geographic Anomaly,Low,False Positive,367.2
9743,769405,9014,2023-03-01 10:21:46,High Value Transaction,Low,Confirmed,180.88
9744,624289,21262,2024-09-26 10:08:59,Possible Account Takeover,Critical,False Positive,342.95
9745,688895,6249,2022-06-08 03:02:17,Geographic Anomaly,Medium,False Positive,412.86
9746,599022,10025,2024-03-02 13:09:45,Geographic Anomaly,High,False Positive,3160.18
9747,234970,8246,2022-12-02 01:15:57,Suspicious Merchant,Medium,False Positive,17090.51
9748,739419,12201,2025-09-03 19:31:33,High Value Transaction,Medium,Closed,150.64
9749,734381,10458,2023-01-13 14:22:51,Velocity Anomaly,High,Confirmed,412.85
9750,502059,18578,2022-07-08 22:37:51,Geographic Anomaly,Low,Confirmed,4839.69
9751,746583,22005,2022-05-10 11:59:45,Unusual Transaction,Medium,Open,533.45
9752,597636,5580,2022-03-26 04:31:24,Unusual Transaction,Medium,Investigating,802.83
9753,951967,10879,2022-05-19 03:24:06,Velocity Anomaly,High,Investigating,6294.24
9754,852085,21904,2024-05-07 21:42:21,Possible Account Takeover,Medium,Confirmed,4118.84
9755,892911,5689,2023-12-27 09:24:06,High Value Transaction,Medium,False Positive,572.89
9756,516965,17726,2022-08-20 04:54:40,Suspicious Merchant,Medium,Open,413.72
9757,446856,23381,2023-10-26 21:04:22,Unusual Transaction,Medium,False Positive,774.74
9758,498927,2210,2022-04-03 00:57:11,Unusual Transaction,Low,Confirmed,2315.53
9759,924642,5615,2025-02-15 20:48:48,Velocity Anomaly,Low,Closed,482.25
9760,26898,8784,2022-07-29 23:49:57,Possible Account Takeover,Medium,False Positive,863.53
9761,444837,9778,2024-01-16 14:24:44,Possible Account Takeover,Medium,False Positive,929.5
9762,731232,8211,2025-01-18 00:10:39,Velocity Anomaly,Medium,Closed,118.63
9763,113801,20643,2025-07-18 02:13:45,Unusual Transaction,Medium,Closed,360.48
9764,940721,5849,2025-01-19 09:30:07,High Value Transaction,High,False Positive,611.82
9765,132026,1925,2025-03-13 21:10:06,Unusual Transaction,Critical,Confirmed,179.27
9766,13622,11330,2025-08-21 01:25:45,Possible Account Takeover,High,False Positive,710.35
9767,972529,1126,2025-08-25 02:34:15,Suspicious Merchant,Medium,Confirmed,240.76
9768,683767,17837,2022-02-01 23:51:59,Unusual Transaction,High,Investigating,291.01
9769,457039,17553,2025-01-18 17:18:16,High Value Transaction,High,Confirmed,77.18
9770,462097,14499,2024-12-20 15:38:20,Geographic Anomaly,Medium,Investigating,554.81
9771,971928,14721,2024-12-31 19:00:11,Unusual Transaction,Medium,Confirmed,273.1
9772,561986,23671,2024-09-18 16:52:20,Velocity Anomaly,Low,Open,3567.07
9773,392587,9765,2024-08-07 20:43:37,Geographic Anomaly,High,Confirmed,806.93
9774,401037,19083,2023-06-25 15:19:53,Velocity Anomaly,Low,Investigating,3246.96
9775,432131,11357,2024-08-29 22:55:15,Velocity Anomaly,Low,Confirmed,162.78
9776,278392,7918,2025-04-22 00:36:13,Velocity Anomaly,Medium,False Positive,1335.02
9777,752514,5890,2022-02-28 10:42:47,Unusual Transaction,High,Confirmed,1063.82
9778,429520,4084,2024-03-16 14:51:28,Possible Account Takeover,Medium,Closed,669.81
9779,230361,9717,2022-11-27 18:49:37,Geographic Anomaly,High,Investigating,2276.99
9780,484163,10338,2025-10-27 22:40:09,High Value Transaction,High,Closed,57.8
9781,772464,5381,2022-12-17 16:10:26,Possible Account Takeover,Medium,Investigating,11892.7
9782,445423,8324,2024-09-16 01:39:34,Unusual Transaction,Medium,Closed,631.07
9783,628186,11835,2024-07-19 06:05:39,Velocity Anomaly,Medium,Investigating,114.17
9784,263943,11324,2022-08-22 08:27:06,High Value Transaction,High,False Positive,1089.47
9785,484046,5732,2025-02-12 16:05:20,Geographic Anomaly,High,Open,1243.28
9786,267199,3884,2023-10-24 06:28:27,Possible Account Takeover,High,False Positive,297.63
9787,79909,17712,2023-11-29 03:15:52,Suspicious Merchant,Low,Investigating,568.58
9788,488521,17048,2025-03-21 20:36:06,Possible Account Takeover,Medium,False Positive,773.8
9789,647691,4989,2025-12-13 18:57:29,High Value Transaction,Low,False Positive,466.61
9790,219597,599,2023-08-05 09:40:50,Unusual Transaction,Medium,Closed,4222.73
9791,878028,20591,2022-10-08 02:30:06,Geographic Anomaly,High,False Positive,117.59
9792,109544,6399,2023-03-11 23:05:13,High Value Transaction,Medium,Confirmed,524.18
9793,183311,22069,2024-03-04 01:17:15,Velocity Anomaly,Low,Investigating,532.92
9794,713075,9529,2024-01-10 03:34:22,Geographic Anomaly,Low,False Positive,2276.39
9795,589810,6778,2023-01-02 12:36:19,Possible Account Takeover,Medium,Investigating,933.63
9796,972745,8634,2024-07-14 08:45:36,High Value Transaction,Low,False Positive,434.46
9797,664492,19076,2022-03-14 14:40:51,Possible Account Takeover,Medium,Investigating,2319.63
9798,692415,3260,2023-03-17 06:31:40,Possible Account Takeover,High,False Positive,830.15
9799,997983,10941,2022-02-01 08:43:26,Possible Account Takeover,Medium,False Positive,168.71
9800,130280,13980,2025-09-30 04:17:13,Unusual Transaction,Medium,Confirmed,852.55
9801,758630,14516,2023-08-13 09:44:56,Possible Account Takeover,Medium,False Positive,699.95
9802,414167,21998,2024-12-15 21:45:35,Velocity Anomaly,High,Confirmed,154.48
9803,15972,5330,2022-04-18 09:09:43,Velocity Anomaly,Low,Open,93.04
9804,5868,17284,2024-06-30 07:18:53,Geographic Anomaly,High,Closed,939.79
9805,964519,4665,2023-03-07 01:57:13,Suspicious Merchant,Medium,Confirmed,4706.63
9806,112513,2428,2025-10-17 09:56:32,Possible Account Takeover,Medium,False Positive,252.48
9807,257096,17659,2023-10-20 03:11:18,Possible Account Takeover,Low,False Positive,2003.02
9808,523071,23544,2025-09-23 01:10:00,High Value Transaction,Low,False Positive,258.94
9809,569121,18481,2023-09-07 15:51:36,Unusual Transaction,High,Investigating,28887.98
9810,384560,596,2025-01-27 07:21:17,Suspicious Merchant,Medium,False Positive,569.51
9811,573763,13377,2022-12-25 11:23:55,Geographic Anomaly,Medium,Confirmed,827.87
9812,690510,11130,2025-08-18 10:20:39,Suspicious Merchant,Medium,Confirmed,2067.64
9813,358281,24949,2025-12-19 03:07:35,Possible Account Takeover,High,Closed,5712.5
9814,553424,18546,2022-06-04 23:33:40,High Value Transaction,High,Investigating,139.75
9815,742925,4942,2022-07-31 07:32:26,Unusual Transaction,Medium,False Positive,324.45
9816,630115,17723,2024-11-01 08:53:52,Geographic Anomaly,Medium,Confirmed,398.51
9817,58305,2940,2025-04-07 09:07:02,Suspicious Merchant,High,Confirmed,1358.26
9818,28213,20576,2025-08-14 12:16:28,Geographic Anomaly,High,Confirmed,592.56
9819,500775,338,2025-02-08 11:28:39,Possible Account Takeover,Medium,Confirmed,1079.6
9820,842039,1185,2023-06-05 04:17:00,Geographic Anomaly,Low,Confirmed,3782.73
9821,268586,13920,2022-01-05 12:29:56,High Value Transaction,High,Confirmed,778.73
9822,607676,18152,2022-03-03 06:15:43,Geographic Anomaly,Low,False Positive,722.7
9823,578995,22053,2023-05-06 11:44:45,Velocity Anomaly,Low,Open,1892.25
9824,195926,18671,2025-12-29 11:24:54,High Value Transaction,High,Confirmed,88.97
9825,82209,4338,2023-01-16 02:54:08,Suspicious Merchant,Medium,Confirmed,90.48
9826,236491,4517,2022-07-02 08:06:20,Unusual Transaction,High,False Positive,211.17
9827,213685,11866,2022-11-20 08:19:07,Unusual Transaction,Medium,Investigating,1020.51
9828,366332,1726,2023-12-10 07:10:55,Possible Account Takeover,High,Closed,5839.41
9829,479572,2036,2024-05-23 02:00:54,Possible Account Takeover,Medium,Investigating,1430.9
9830,79112,11574,2025-11-08 21:35:10,Velocity Anomaly,High,Confirmed,8631.15
9831,405380,22214,2022-01-30 00:56:31,Suspicious Merchant,Medium,Investigating,665.87
9832,818897,4787,2022-02-08 04:37:00,Unusual Transaction,Low,Confirmed,161.31
9833,965355,4694,2024-10-13 01:38:10,Unusual Transaction,Medium,False Positive,171.0
9834,395047,17773,2024-04-10 01:06:09,Unusual Transaction,High,Confirmed,870.23
9835,43528,9373,2022-09-19 10:14:33,Unusual Transaction,Low,Investigating,1310.99
9836,376467,18864,2025-10-09 01:20:48,Geographic Anomaly,Medium,Open,386.66
9837,301162,1342,2022-04-21 06:14:12,Suspicious Merchant,Low,Investigating,887.14
9838,845208,15348,2022-01-16 11:26:43,High Value Transaction,Low,Closed,1367.39
9839,411934,14246,2022-05-10 08:49:55,High Value Transaction,Medium,False Positive,868.27
9840,356673,1215,2022-09-13 21:33:34,Velocity Anomaly,Critical,Confirmed,1194.48
9841,658081,10591,2022-08-11 08:49:45,Geographic Anomaly,Medium,Confirmed,834.37
9842,310181,3850,2024-11-28 04:26:43,Unusual Transaction,Medium,Closed,541.96
9843,737334,8656,2024-02-10 09:18:58,Unusual Transaction,Critical,False Positive,146.28
9844,169113,6832,2024-06-07 01:58:14,Possible Account Takeover,High,Closed,3904.04
9845,581005,993,2022-11-14 11:18:28,Possible Account Takeover,High,Confirmed,280.47
9846,975707,11604,2023-06-11 12:56:39,Velocity Anomaly,Low,Investigating,8400.35
9847,585000,10865,2023-07-08 09:54:05,Unusual Transaction,Medium,False Positive,47.02
9848,338225,10500,2024-08-25 14:23:37,Velocity Anomaly,Medium,False Positive,179.94
9849,478399,13636,2024-06-23 16:22:01,Geographic Anomaly,Medium,False Positive,2988.49
9850,984658,18669,2023-01-22 13:53:34,High Value Transaction,High,Investigating,583.54
9851,932382,23650,2025-07-03 16:24:17,Unusual Transaction,Medium,False Positive,108.75
9852,905674,16467,2023-06-18 16:33:38,Suspicious Merchant,Low,Confirmed,504.62
9853,574342,11078,2025-02-07 05:48:15,Geographic Anomaly,High,Confirmed,4687.85
9854,949316,13149,2025-09-16 12:41:49,Unusual Transaction,Medium,False Positive,246.61
9855,720717,15593,2023-05-18 04:41:18,Suspicious Merchant,High,False Positive,182.41
9856,250190,22144,2022-01-09 02:24:35,Possible Account Takeover,Medium,False Positive,163.33
9857,958427,17374,2023-01-23 16:06:54,Velocity Anomaly,Low,Closed,1420.16
9858,218400,18735,2022-08-21 22:30:35,Possible Account Takeover,Medium,False Positive,3276.76
9859,267348,6216,2025-07-19 17:31:42,High Value Transaction,Medium,False Positive,837.48
9860,28415,21681,2023-04-21 15:45:06,Possible Account Takeover,Low,False Positive,2003.29
9861,308521,5154,2024-08-24 11:15:19,Unusual Transaction,Medium,Confirmed,2344.51
9862,118810,23406,2024-01-15 22:27:56,Suspicious Merchant,Medium,False Positive,230.98
9863,282396,6799,2024-06-20 14:58:43,Possible Account Takeover,Medium,Confirmed,2372.64
9864,215648,21774,2024-09-22 15:18:04,Unusual Transaction,Medium,False Positive,102.52
9865,38838,3934,2025-07-06 21:17:49,High Value Transaction,Medium,Confirmed,1480.51
9866,5227,17444,2025-01-16 09:51:41,Suspicious Merchant,Low,Investigating,428.89
9867,176488,6207,2025-12-26 20:27:30,Possible Account Takeover,Medium,Investigating,1129.59
9868,889061,23456,2025-02-28 21:33:18,Velocity Anomaly,Low,False Positive,297.06
9869,844777,10859,2022-01-17 20:00:40,Velocity Anomaly,Low,Confirmed,671.12
9870,725695,12992,2022-04-27 23:40:57,Suspicious Merchant,Medium,Confirmed,245.19
9871,398181,13015,2025-09-02 10:05:30,Velocity Anomaly,Medium,False Positive,3239.67
9872,621013,6191,2025-05-13 13:00:06,Possible Account Takeover,Medium,Open,936.67
9873,576848,13089,2025-07-20 22:45:26,Possible Account Takeover,Critical,Investigating,2606.15
9874,341981,10873,2024-07-09 01:08:14,Suspicious Merchant,Medium,Confirmed,952.35
9875,39467,19962,2023-05-06 02:40:48,Possible Account Takeover,Medium,False Positive,145.3
9876,785201,5635,2025-06-19 12:22:13,Unusual Transaction,High,False Positive,47.99
9877,691772,11250,2022-05-02 01:20:09,High Value Transaction,High,Closed,511.52
9878,729051,19890,2024-09-19 11:47:48,Velocity Anomaly,High,Confirmed,5733.73
9879,268408,5747,2022-12-24 17:50:39,Unusual Transaction,Low,Confirmed,350.51
9880,341227,3540,2022-12-28 13:38:10,Suspicious Merchant,Medium,Open,1103.54
9881,690979,5517,2023-04-07 20:31:55,Velocity Anomaly,High,Closed,863.37
9882,626017,17342,2024-03-13 21:02:58,Unusual Transaction,High,False Positive,1772.49
9883,708359,19447,2024-08-01 12:39:22,Possible Account Takeover,Medium,False Positive,2633.79
9884,506739,10024,2024-05-09 06:13:22,Suspicious Merchant,Low,Closed,297.94
9885,159310,13325,2023-12-23 08:47:29,Suspicious Merchant,Critical,Confirmed,6376.85
9886,916213,11563,2025-07-14 11:56:07,Velocity Anomaly,Medium,Confirmed,1159.25
9887,18280,12370,2022-03-04 13:37:45,Possible Account Takeover,Medium,False Positive,229.93
9888,733317,18954,2025-01-09 03:38:32,Velocity Anomaly,Medium,False Positive,7750.81
9889,682939,23890,2025-07-17 21:21:40,Geographic Anomaly,Medium,False Positive,7443.36
9890,755190,16694,2024-05-16 15:06:32,Unusual Transaction,Low,False Positive,754.1
9891,903532,24830,2025-08-12 17:21:13,Geographic Anomaly,Medium,False Positive,687.11
9892,590004,17750,2025-06-13 16:02:48,Unusual Transaction,Critical,Closed,360.04
9893,318649,4180,2024-11-05 13:49:19,High Value Transaction,Medium,False Positive,4915.62
9894,752561,6213,2024-07-19 11:35:17,Suspicious Merchant,Medium,Investigating,50.82
9895,851135,14584,2023-11-06 00:16:49,Velocity Anomaly,High,False Positive,178.08
9896,714661,15616,2024-06-04 03:01:38,High Value Transaction,Medium,False Positive,2451.95
9897,732776,23022,2024-08-13 07:57:18,High Value Transaction,Medium,False Positive,332.76
9898,445498,21887,2023-06-13 03:22:40,Suspicious Merchant,Medium,Investigating,2957.86
9899,45430,1268,2024-03-08 17:06:29,Suspicious Merchant,Low,Open,2128.2
9900,31860,5634,2023-09-13 02:39:18,Unusual Transaction,Low,Confirmed,360.24
9901,263246,11115,2024-01-22 16:32:10,Geographic Anomaly,High,Closed,7185.9
9902,365413,2189,2024-08-26 02:25:48,Possible Account Takeover,High,Investigating,630.69
9903,674832,1752,2023-06-07 16:56:15,Unusual Transaction,High,Confirmed,773.79
9904,416616,23655,2023-10-15 19:37:07,Possible Account Takeover,Low,False Positive,1535.14
9905,173906,17607,2024-10-18 17:07:26,High Value Transaction,Medium,Closed,3733.17
9906,689453,10851,2022-10-31 21:06:05,Possible Account Takeover,Low,False Positive,282.47
9907,882603,6225,2025-08-28 06:04:49,Geographic Anomaly,Medium,Closed,2471.48
9908,243670,20913,2025-04-03 06:12:58,Unusual Transaction,Low,False Positive,704.72
9909,269363,13632,2023-11-26 13:29:46,Suspicious Merchant,High,Closed,832.79
9910,903010,15173,2023-08-29 08:36:10,Geographic Anomaly,Low,Confirmed,1103.55
9911,62938,11357,2023-06-15 18:48:27,Geographic Anomaly,Low,Confirmed,730.51
9912,537208,19546,2024-10-15 04:41:24,Unusual Transaction,Medium,False Positive,4767.25
9913,502119,8496,2023-04-19 11:12:05,Suspicious Merchant,Low,Confirmed,21.13
9914,172465,6960,2023-09-24 10:40:48,Geographic Anomaly,High,Closed,145.62
9915,615795,18091,2022-09-20 14:45:57,Suspicious Merchant,High,Confirmed,311.59
9916,16507,5552,2024-01-19 15:00:28,Velocity Anomaly,Low,Confirmed,2691.73
9917,194469,14085,2023-03-05 14:18:49,Velocity Anomaly,Medium,Confirmed,456.32
9918,349051,14611,2024-08-22 07:01:17,Velocity Anomaly,Critical,False Positive,1451.04
9919,285313,6308,2022-01-16 17:19:26,Possible Account Takeover,High,Investigating,660.19
9920,97086,22010,2025-02-25 13:30:17,Geographic Anomaly,Critical,Open,4628.39
9921,864076,7376,2023-12-01 20:29:06,Unusual Transaction,Low,Closed,164.23
9922,557509,16820,2025-02-27 23:52:43,Unusual Transaction,Low,Closed,459.43
9923,103664,15306,2023-04-18 01:00:21,Possible Account Takeover,Low,Open,1579.89
9924,213000,16060,2025-02-09 13:00:29,Unusual Transaction,Medium,False Positive,1624.37
9925,666595,12706,2022-12-25 23:32:47,Velocity Anomaly,High,False Positive,2390.44
9926,301637,3699,2023-07-19 18:45:40,Geographic Anomaly,Low,Confirmed,392.24
9927,927171,2436,2022-04-07 17:03:54,Unusual Transaction,Medium,False Positive,1092.37
9928,24269,18266,2022-06-05 03:51:24,Unusual Transaction,Medium,Confirmed,140.7
9929,922336,24430,2022-08-05 09:48:24,High Value Transaction,High,Confirmed,1761.69
9930,436971,8264,2024-06-27 22:49:19,High Value Transaction,Low,False Positive,190.91
9931,309729,11131,2025-08-23 23:08:18,High Value Transaction,Low,False Positive,1668.29
9932,925532,17227,2023-09-28 14:39:20,Geographic Anomaly,Medium,Confirmed,727.18
9933,55757,1170,2022-10-19 00:09:43,Velocity Anomaly,Low,False Positive,148.96
9934,537870,5122,2022-02-10 22:33:43,Suspicious Merchant,Medium,False Positive,1237.52
9935,90354,8916,2023-10-20 13:48:08,Velocity Anomaly,Medium,False Positive,37.71
9936,566632,13771,2025-01-20 03:05:47,Velocity Anomaly,High,False Positive,2201.17
9937,183254,13329,2022-09-23 07:33:55,Geographic Anomaly,Medium,False Positive,2715.29
9938,270192,1168,2023-08-16 08:39:29,Geographic Anomaly,Medium,Confirmed,1736.19
9939,415136,17598,2024-12-26 20:09:31,High Value Transaction,Critical,Confirmed,1100.74
9940,417360,19441,2023-03-03 10:25:06,Unusual Transaction,Critical,False Positive,140.14
9941,502056,14003,2023-05-30 08:05:28,Possible Account Takeover,High,False Positive,110.98
9942,534444,21555,2022-05-09 07:22:56,Possible Account Takeover,Medium,Confirmed,203.23
9943,393028,4366,2025-12-25 16:28:33,Suspicious Merchant,Medium,Confirmed,6110.35
9944,986731,15573,2024-03-18 08:33:40,Unusual Transaction,Medium,False Positive,108.61
9945,12823,10088,2025-01-12 02:13:11,Suspicious Merchant,Critical,Investigating,68.23
9946,109153,11313,2025-11-27 04:57:06,High Value Transaction,High,Open,2073.94
9947,244918,7176,2023-06-13 10:09:20,Suspicious Merchant,Medium,Confirmed,13395.28
9948,148702,3078,2025-11-15 23:36:51,Unusual Transaction,Low,Investigating,9818.95
9949,529925,24251,2024-03-31 09:45:38,Unusual Transaction,Low,Confirmed,707.61
9950,730886,20549,2022-11-11 12:08:35,Possible Account Takeover,Low,Confirmed,1493.52
9951,51649,16692,2024-09-26 04:51:18,High Value Transaction,Low,False Positive,2220.63
9952,621358,17705,2024-09-15 01:43:12,Geographic Anomaly,Medium,Confirmed,3919.49
9953,381574,208,2024-09-09 09:22:25,Suspicious Merchant,Low,False Positive,586.89
9954,190038,10925,2023-02-23 05:30:18,Possible Account Takeover,Medium,False Positive,379.87
9955,31035,6314,2024-01-15 14:58:26,Suspicious Merchant,Low,Confirmed,10438.8
9956,753825,1312,2024-06-02 17:16:06,Suspicious Merchant,Low,Open,1723.11
9957,459770,21956,2024-06-08 16:50:00,Geographic Anomaly,Medium,False Positive,27.74
9958,538238,11878,2023-05-18 02:16:48,High Value Transaction,High,Open,1207.84
9959,692840,22425,2025-11-14 00:20:19,Unusual Transaction,Medium,Open,1789.5
9960,50687,11267,2025-10-16 03:10:17,Velocity Anomaly,Medium,Investigating,220.41
9961,469854,841,2025-09-29 12:20:03,Suspicious Merchant,Medium,Confirmed,731.16
9962,661143,11634,2023-01-07 23:51:32,Velocity Anomaly,Medium,False Positive,73.09
9963,98634,1137,2025-06-21 14:09:17,High Value Transaction,Medium,False Positive,71.16
9964,503334,24971,2025-06-21 13:54:26,Velocity Anomaly,Low,Confirmed,271.27
9965,688457,10051,2024-10-03 00:57:59,Suspicious Merchant,Medium,Closed,217.34
9966,692297,20206,2023-05-11 08:32:25,Geographic Anomaly,High,Investigating,507.2
9967,430671,22308,2025-03-06 22:39:33,Velocity Anomaly,High,False Positive,813.75
9968,365128,20821,2023-05-19 18:23:36,High Value Transaction,Medium,False Positive,5474.75
9969,499044,14232,2023-05-26 13:31:33,High Value Transaction,High,False Positive,505.8
9970,592738,23991,2025-04-21 12:32:02,Geographic Anomaly,Medium,Open,20214.83
9971,323156,7314,2024-03-29 03:51:19,Velocity Anomaly,Low,False Positive,4537.69
9972,247596,9583,2024-03-10 04:38:57,Velocity Anomaly,Medium,Confirmed,2247.18
9973,687102,1705,2023-10-30 16:03:43,Unusual Transaction,Medium,Confirmed,2271.83
9974,191316,18763,2023-09-09 00:45:20,Possible Account Takeover,Low,Confirmed,796.0
9975,586309,15744,2023-08-20 02:47:45,High Value Transaction,Medium,False Positive,882.74
9976,475763,3348,2023-10-08 04:40:38,Unusual Transaction,High,Investigating,356.38
9977,458668,9250,2022-04-30 19:07:52,High Value Transaction,Medium,Investigating,606.28
9978,725204,22704,2022-02-26 03:59:34,Unusual Transaction,Medium,Investigating,442.26
9979,713549,9045,2023-01-29 10:48:11,Possible Account Takeover,Low,Investigating,185.34
9980,474475,2123,2024-06-29 14:52:01,Unusual Transaction,Medium,Open,46.16
9981,210294,23334,2025-06-17 18:03:09,High Value Transaction,Low,Closed,111.8
9982,122849,1246,2024-01-13 03:34:01,Velocity Anomaly,Critical,Confirmed,42.76
9983,580354,7213,2025-10-13 00:10:36,High Value Transaction,Medium,Investigating,2103.46
9984,125818,24849,2022-07-26 09:09:32,Suspicious Merchant,High,False Positive,876.33
9985,299822,6302,2023-06-30 08:44:45,Geographic Anomaly,Low,False Positive,1056.22
9986,310788,22683,2025-12-28 14:17:04,Geographic Anomaly,High,False Positive,149.08
9987,877375,16856,2022-01-25 14:49:53,Suspicious Merchant,High,False Positive,2955.6
9988,725987,10206,2025-02-08 01:41:51,Geographic Anomaly,High,Open,7848.12
9989,41761,21835,2022-01-25 19:48:06,Geographic Anomaly,High,False Positive,4137.74
9990,193170,21186,2023-11-26 13:21:36,Possible Account Takeover,Low,False Positive,6200.32
9991,598041,12504,2025-04-25 19:27:43,Velocity Anomaly,Medium,False Positive,478.25
9992,433557,13460,2022-01-13 21:53:48,Velocity Anomaly,Medium,Closed,2537.46
9993,37843,16838,2025-02-12 10:43:30,High Value Transaction,Medium,False Positive,279.22
9994,771269,20828,2022-09-30 16:57:28,Suspicious Merchant,High,False Positive,831.85
9995,497558,20091,2022-08-10 01:59:38,Unusual Transaction,Low,Investigating,489.26
9996,686404,17455,2022-06-22 22:31:38,High Value Transaction,Low,Confirmed,2087.43
9997,100679,14489,2024-05-13 20:01:53,High Value Transaction,Medium,Closed,1173.06
9998,488469,11754,2025-09-21 12:26:56,High Value Transaction,High,False Positive,9848.56
9999,583783,1094,2022-10-23 17:52:41,High Value Transaction,High,Investigating,1468.04
10000,551384,24122,2023-09-15 10:42:49,Velocity Anomaly,Medium,False Positive,1249.48
