market_date,asset_name,asset_type,open_price,high_price,low_price,close_price,volume
2022-01-03,NIFTY 50,Index,7803.5323,7827.8785,7666.8078,7675.7245,4496915
2022-01-04,NIFTY 50,Index,7675.7245,7819.3419,7672.5645,7710.1549,8980043
2022-01-05,NIFTY 50,Index,7710.1549,7738.4364,7598.7676,7645.288,1933476
2022-01-06,NIFTY 50,Index,7645.288,7689.8186,7258.0586,7347.9763,8455855
2022-01-07,NIFTY 50,Index,7347.9763,7401.8166,7236.388,7303.0016,1555944
2022-01-10,NIFTY 50,Index,7303.0016,7378.1107,7150.4996,7236.2366,5942975
2022-01-11,NIFTY 50,Index,7236.2366,7276.4053,7226.822,7251.6736,1952389
2022-01-12,NIFTY 50,Index,7251.6736,7265.8393,7090.1835,7188.5564,8431116
2022-01-13,NIFTY 50,Index,7188.5564,7259.7486,7075.6909,7080.5607,2780787
2022-01-14,NIFTY 50,Index,7080.5607,7174.3813,7014.3122,7058.3153,4825133
2022-01-17,NIFTY 50,Index,7058.3153,7381.7765,6921.4426,7354.5859,10784707
2022-01-18,NIFTY 50,Index,7354.5859,7516.9977,7341.5694,7380.9122,7895164
2022-01-19,NIFTY 50,Index,7380.9122,7420.9683,7150.8852,7271.4069,671121
2022-01-20,NIFTY 50,Index,7271.4069,7350.3302,7106.6182,7126.7047,1355131
2022-01-21,NIFTY 50,Index,7126.7047,7295.9188,7016.7724,7191.072,7942577
2022-01-24,NIFTY 50,Index,7191.072,7207.7364,7047.0988,7170.8831,1752445
2022-01-25,NIFTY 50,Index,7170.8831,7179.9985,6967.2077,7010.8125,9817204
2022-01-26,NIFTY 50,Index,7010.8125,7227.982,6886.4109,7136.9773,1331467
2022-01-27,NIFTY 50,Index,7136.9773,7238.7855,6921.0777,7028.0139,3030372
2022-01-28,NIFTY 50,Index,7028.0139,7258.7571,6954.5384,7187.7713,4584452
2022-01-31,NIFTY 50,Index,7187.7713,7203.2813,7142.4553,7146.9478,3075985
2022-02-01,NIFTY 50,Index,7146.9478,7219.6423,6869.9911,6996.9958,9271832
2022-02-02,NIFTY 50,Index,6996.9958,7102.7276,6911.2343,6943.0053,733033
2022-02-03,NIFTY 50,Index,6943.0053,6965.3925,6794.2668,6922.9926,2133194
2022-02-04,NIFTY 50,Index,6922.9926,7098.7485,6811.7163,6977.1424,10409054
2022-02-07,NIFTY 50,Index,6977.1424,7250.4644,6932.7673,7122.8107,3896359
2022-02-08,NIFTY 50,Index,7122.8107,7183.6548,6981.4109,7097.5286,2262937
2022-02-09,NIFTY 50,Index,7097.5286,7129.0569,6800.6376,6816.98,4618210
2022-02-10,NIFTY 50,Index,6816.98,6909.718,6746.2483,6865.34,2768840
2022-02-11,NIFTY 50,Index,6865.34,6998.7723,6639.9627,6770.2835,13309102
2022-02-14,NIFTY 50,Index,6770.2835,6811.1722,6731.7145,6770.4307,613230
2022-02-15,NIFTY 50,Index,6770.4307,6851.0479,6763.46,6782.8559,2120984
2022-02-16,NIFTY 50,Index,6782.8559,6866.2397,6763.1999,6833.4988,2523030
2022-02-17,NIFTY 50,Index,6833.4988,6903.6416,6741.638,6870.3813,3244980
2022-02-18,NIFTY 50,Index,6870.3813,6970.4438,6742.576,6792.5396,7082523
2022-02-21,NIFTY 50,Index,6792.5396,7012.0925,6780.2737,6937.7511,13155174
2022-02-22,NIFTY 50,Index,6937.7511,6963.6315,6882.8652,6888.4827,8228897
2022-02-23,NIFTY 50,Index,6888.4827,7069.2325,6817.9318,7066.8881,7830911
2022-02-24,NIFTY 50,Index,7066.8881,7162.7054,6969.2325,7137.8135,962343
2022-02-25,NIFTY 50,Index,7137.8135,7226.2158,7089.1241,7206.3952,2783062
2022-02-28,NIFTY 50,Index,7206.3952,7301.5173,7052.8048,7169.9944,5700826
2022-03-01,NIFTY 50,Index,7169.9944,7354.2328,7156.6435,7318.8313,41415373
2022-03-02,NIFTY 50,Index,7318.8313,7369.9474,7058.9362,7162.9356,10753343
2022-03-03,NIFTY 50,Index,7162.9356,7243.6154,7139.7809,7231.4463,11040388
2022-03-04,NIFTY 50,Index,7231.4463,7259.4967,7216.7706,7258.1616,7628497
2022-03-07,NIFTY 50,Index,7258.1616,7380.1049,7163.5208,7279.3736,968152
2022-03-08,NIFTY 50,Index,7279.3736,7396.6894,7231.9995,7361.758,1258590
2022-03-09,NIFTY 50,Index,7361.758,7575.5095,7264.9343,7448.9923,11621757
2022-03-10,NIFTY 50,Index,7448.9923,7503.7746,7315.2738,7354.2813,3782371
2022-03-11,NIFTY 50,Index,7354.2813,7547.5005,7237.376,7453.4177,2572543
2022-03-14,NIFTY 50,Index,7453.4177,7837.8178,7424.3132,7761.3656,3590368
2022-03-15,NIFTY 50,Index,7761.3656,7765.1401,7552.8016,7651.5793,8685625
2022-03-16,NIFTY 50,Index,7651.5793,7799.508,7492.3937,7639.6276,6853985
2022-03-17,NIFTY 50,Index,7639.6276,7698.4677,7460.8661,7590.0699,7110263
2022-03-18,NIFTY 50,Index,7590.0699,7674.5931,7346.7373,7486.9155,1957218
2022-03-21,NIFTY 50,Index,7486.9155,7574.6143,7394.8254,7559.9214,19056855
2022-03-22,NIFTY 50,Index,7559.9214,7795.9131,7454.5337,7682.0999,3441303
2022-03-23,NIFTY 50,Index,7682.0999,7727.208,7451.2962,7573.8966,13020096
2022-03-24,NIFTY 50,Index,7573.8966,7749.7658,7496.4395,7610.7568,4227864
2022-03-25,NIFTY 50,Index,7610.7568,7878.2276,7503.9068,7777.1305,3292989
2022-03-28,NIFTY 50,Index,7777.1305,7859.3342,7718.7114,7806.5626,3898806
2022-03-29,NIFTY 50,Index,7806.5626,7833.8558,7733.8682,7828.2285,1388967
2022-03-30,NIFTY 50,Index,7828.2285,7920.7321,7615.917,7620.5656,4672965
2022-03-31,NIFTY 50,Index,7620.5656,7700.1614,7404.9418,7520.7605,2338880
2022-04-01,NIFTY 50,Index,7520.7605,7597.9625,7512.9868,7585.0152,917243
2022-04-04,NIFTY 50,Index,7585.0152,7959.2964,7474.867,7859.1039,20653880
2022-04-05,NIFTY 50,Index,7859.1039,7914.0365,7734.1148,7863.2468,5086365
2022-04-06,NIFTY 50,Index,7863.2468,7875.5852,7809.2163,7813.1777,615917
2022-04-07,NIFTY 50,Index,7813.1777,7840.2573,7700.8965,7725.0663,17215173
2022-04-08,NIFTY 50,Index,7725.0663,7875.1707,7623.0649,7764.2054,651982
2022-04-11,NIFTY 50,Index,7764.2054,7906.0323,7699.0481,7810.4757,17044719
2022-04-12,NIFTY 50,Index,7810.4757,7928.8585,7724.9828,7727.2073,908981
2022-04-13,NIFTY 50,Index,7727.2073,7742.327,7626.2812,7702.0098,21252937
2022-04-14,NIFTY 50,Index,7702.0098,7768.8404,7494.5037,7554.7155,2942827
2022-04-15,NIFTY 50,Index,7554.7155,7738.8491,7498.1137,7731.8435,12277314
2022-04-18,NIFTY 50,Index,7731.8435,7873.5496,7629.9851,7740.9487,34208918
2022-04-19,NIFTY 50,Index,7740.9487,7831.6379,7574.5957,7719.7628,3474275
2022-04-20,NIFTY 50,Index,7719.7628,7819.0835,7433.6096,7502.3693,11763837
2022-04-21,NIFTY 50,Index,7502.3693,7640.4628,7358.1451,7581.9148,3509458
2022-04-22,NIFTY 50,Index,7581.9148,7630.2838,7401.6489,7528.868,4023240
2022-04-25,NIFTY 50,Index,7528.868,7633.7809,7367.0065,7460.8556,2291028
2022-04-26,NIFTY 50,Index,7460.8556,7624.1879,7418.7712,7503.6078,5846268
2022-04-27,NIFTY 50,Index,7503.6078,7690.081,7354.9606,7567.9592,1606987
2022-04-28,NIFTY 50,Index,7567.9592,7685.4764,7317.0782,7367.2942,964562
2022-04-29,NIFTY 50,Index,7367.2942,7654.9118,7352.0993,7541.11,2106381
2022-05-02,NIFTY 50,Index,7541.11,7669.4545,7492.8394,7544.7463,8293097
2022-05-03,NIFTY 50,Index,7544.7463,7546.3816,7383.7681,7519.9364,7678806
2022-05-04,NIFTY 50,Index,7519.9364,7662.8245,7349.1875,7491.6192,1770735
2022-05-05,NIFTY 50,Index,7491.6192,7777.9013,7447.6868,7708.7621,9485046
2022-05-06,NIFTY 50,Index,7708.7621,7968.5305,7586.7202,7850.4017,987902
2022-05-09,NIFTY 50,Index,7850.4017,7936.6821,7701.8104,7770.4281,3240320
2022-05-10,NIFTY 50,Index,7770.4281,7788.6213,7714.6067,7736.7325,7303126
2022-05-11,NIFTY 50,Index,7736.7325,7826.0863,7723.7182,7810.2904,12709760
2022-05-12,NIFTY 50,Index,7810.2904,7938.6697,7652.2349,7761.8701,4008079
2022-05-13,NIFTY 50,Index,7761.8701,8048.2366,7608.8058,7898.5979,2028116
2022-05-16,NIFTY 50,Index,7898.5979,7911.7886,7700.6894,7822.2705,12738142
2022-05-17,NIFTY 50,Index,7822.2705,7964.0654,7568.7288,7585.5988,15713523
2022-05-18,NIFTY 50,Index,7585.5988,7656.7002,7544.9691,7553.4748,3254135
2022-05-19,NIFTY 50,Index,7553.4748,7789.5995,7408.1199,7699.7635,7066409
2022-05-20,NIFTY 50,Index,7699.7635,7833.5236,7501.4142,7535.1106,1405442
2022-05-23,NIFTY 50,Index,7535.1106,7695.087,7523.9893,7545.2437,8740730
2022-05-24,NIFTY 50,Index,7545.2437,7680.6343,7450.2644,7601.1118,3451607
2022-05-25,NIFTY 50,Index,7601.1118,7696.5146,7465.8637,7554.1435,20998614
2022-05-26,NIFTY 50,Index,7554.1435,7647.835,7501.9895,7543.8398,8678064
2022-05-27,NIFTY 50,Index,7543.8398,7597.1525,7440.3771,7528.2553,843185
2022-05-30,NIFTY 50,Index,7528.2553,7650.7845,7214.354,7314.5237,4697196
2022-05-31,NIFTY 50,Index,7314.5237,7460.0089,7178.0744,7398.1246,14312711
2022-06-01,NIFTY 50,Index,7398.1246,7518.0561,7246.2129,7392.1753,2465188
2022-06-02,NIFTY 50,Index,7392.1753,7483.735,7248.7797,7427.1563,1091053
2022-06-03,NIFTY 50,Index,7427.1563,7530.0221,7365.5377,7460.0922,4319814
2022-06-06,NIFTY 50,Index,7460.0922,7589.1104,7329.0494,7450.1745,3092576
2022-06-07,NIFTY 50,Index,7450.1745,7765.8699,7323.5741,7621.8526,4468031
2022-06-08,NIFTY 50,Index,7621.8526,7641.5413,7443.5584,7588.3519,660581
2022-06-09,NIFTY 50,Index,7588.3519,7690.2939,7342.9344,7434.8482,5584423
2022-06-10,NIFTY 50,Index,7434.8482,7534.7091,7268.3192,7344.7498,2412407
2022-06-13,NIFTY 50,Index,7344.7498,7485.0421,7263.6774,7359.6076,15421340
2022-06-14,NIFTY 50,Index,7359.6076,7535.4657,7339.8816,7475.1439,3859654
2022-06-15,NIFTY 50,Index,7475.1439,7676.9083,7454.756,7644.3488,7864151
2022-06-16,NIFTY 50,Index,7644.3488,7711.2331,7313.4846,7448.1712,13857522
2022-06-17,NIFTY 50,Index,7448.1712,7589.8863,7389.1008,7472.7652,372925
2022-06-20,NIFTY 50,Index,7472.7652,7729.0729,7450.7842,7585.0301,4550285
2022-06-21,NIFTY 50,Index,7585.0301,7624.81,7515.3789,7585.631,7249227
2022-06-22,NIFTY 50,Index,7585.631,7637.0874,7489.5361,7587.2013,4892036
2022-06-23,NIFTY 50,Index,7587.2013,7606.7581,7556.089,7575.4892,3031888
2022-06-24,NIFTY 50,Index,7575.4892,7627.8612,7318.9555,7452.624,5323668
2022-06-27,NIFTY 50,Index,7452.624,7711.0815,7423.9629,7684.5973,2375313
2022-06-28,NIFTY 50,Index,7684.5973,7698.2302,7574.5814,7592.901,1869112
2022-06-29,NIFTY 50,Index,7592.901,7648.2183,7357.019,7431.8454,2699203
2022-06-30,NIFTY 50,Index,7431.8454,7550.6673,7329.4954,7422.7099,3409697
2022-07-01,NIFTY 50,Index,7422.7099,7632.2612,7395.3169,7519.727,1757910
2022-07-04,NIFTY 50,Index,7519.727,7592.5966,7368.0053,7460.252,957370
2022-07-05,NIFTY 50,Index,7460.252,7571.7784,7386.9561,7392.3797,365079
2022-07-06,NIFTY 50,Index,7392.3797,7623.0899,7316.7294,7489.0057,1217200
2022-07-07,NIFTY 50,Index,7489.0057,7556.0192,7303.3966,7382.0325,3539451
2022-07-08,NIFTY 50,Index,7382.0325,7437.735,7291.5712,7294.4994,1323060
2022-07-11,NIFTY 50,Index,7294.4994,7342.278,7163.3679,7180.5671,1699129
2022-07-12,NIFTY 50,Index,7180.5671,7304.101,7067.2331,7206.2257,8125876
2022-07-13,NIFTY 50,Index,7206.2257,7283.6359,7030.422,7113.9167,3258260
2022-07-14,NIFTY 50,Index,7113.9167,7132.0686,7028.9247,7069.0452,15903315
2022-07-15,NIFTY 50,Index,7069.0452,7301.5741,7018.6999,7219.1633,882355
2022-07-18,NIFTY 50,Index,7219.1633,7258.6037,7204.4676,7224.3276,3713054
2022-07-19,NIFTY 50,Index,7224.3276,7247.5439,7150.0726,7176.8519,1748042
2022-07-20,NIFTY 50,Index,7176.8519,7305.571,7078.4288,7089.8056,1895192
2022-07-21,NIFTY 50,Index,7089.8056,7229.1031,6810.4763,6825.7714,6482664
2022-07-22,NIFTY 50,Index,6825.7714,6986.658,6714.2284,6867.7758,3002906
2022-07-25,NIFTY 50,Index,6867.7758,6959.6176,6668.945,6795.2519,1919201
2022-07-26,NIFTY 50,Index,6795.2519,7044.7919,6690.6739,7005.5636,16512234
2022-07-27,NIFTY 50,Index,7005.5636,7065.1721,6877.7987,6948.3397,1200145
2022-07-28,NIFTY 50,Index,6948.3397,7033.1956,6862.7784,6902.6246,2405536
2022-07-29,NIFTY 50,Index,6902.6246,6969.0472,6714.4583,6786.7493,4272640
2022-08-01,NIFTY 50,Index,6786.7493,6804.9941,6765.077,6773.6626,2175001
2022-08-02,NIFTY 50,Index,6773.6626,6865.988,6612.4403,6714.5318,6991817
2022-08-03,NIFTY 50,Index,6714.5318,6769.8381,6597.3374,6643.6929,37275546
2022-08-04,NIFTY 50,Index,6643.6929,6686.7501,6634.8573,6662.6004,3574707
2022-08-05,NIFTY 50,Index,6662.6004,6826.4041,6643.9755,6713.3738,15873063
2022-08-08,NIFTY 50,Index,6713.3738,6735.3475,6633.6542,6655.5197,5887420
2022-08-09,NIFTY 50,Index,6655.5197,6781.9878,6607.7557,6711.7738,9201903
2022-08-10,NIFTY 50,Index,6711.7738,6821.3904,6627.8579,6686.5842,8432610
2022-08-11,NIFTY 50,Index,6686.5842,6726.888,6521.7521,6620.7468,351396
2022-08-12,NIFTY 50,Index,6620.7468,6739.8639,6416.153,6465.7963,3321919
2022-08-15,NIFTY 50,Index,6465.7963,6636.1169,6450.6795,6554.2882,3597034
2022-08-16,NIFTY 50,Index,6554.2882,6616.5188,6536.0316,6572.4955,5774352
2022-08-17,NIFTY 50,Index,6572.4955,6695.3658,6454.9934,6624.6855,11379534
2022-08-18,NIFTY 50,Index,6624.6855,6665.9867,6545.5479,6578.2403,4895468
2022-08-19,NIFTY 50,Index,6578.2403,6847.1868,6533.2344,6729.1884,4886732
2022-08-22,NIFTY 50,Index,6729.1884,6881.6836,6698.3349,6861.1116,2095625
2022-08-23,NIFTY 50,Index,6861.1116,7051.6443,6765.8864,6962.3662,8654218
2022-08-24,NIFTY 50,Index,6962.3662,7010.5034,6769.3179,6793.9934,4329507
2022-08-25,NIFTY 50,Index,6793.9934,6868.0402,6731.2161,6813.4168,7538738
2022-08-26,NIFTY 50,Index,6813.4168,6917.4838,6810.949,6833.9114,45973310
2022-08-29,NIFTY 50,Index,6833.9114,7148.1427,6737.2472,7018.6487,5898889
2022-08-30,NIFTY 50,Index,7018.6487,7132.6116,6959.1123,7047.1,1045750
2022-08-31,NIFTY 50,Index,7047.1,7199.5022,6983.5578,7068.6518,3613167
2022-09-01,NIFTY 50,Index,7068.6518,7398.5224,7060.9099,7339.9492,5520354
2022-09-02,NIFTY 50,Index,7339.9492,7460.7582,7290.9919,7460.0671,1825198
2022-09-05,NIFTY 50,Index,7460.0671,7696.7117,7408.3918,7557.6723,321021
2022-09-06,NIFTY 50,Index,7557.6723,7773.6046,7523.7225,7703.9275,1441977
2022-09-07,NIFTY 50,Index,7703.9275,7731.105,7500.672,7576.1865,2816381
2022-09-08,NIFTY 50,Index,7576.1865,7725.4684,7488.2136,7669.8781,2793444
2022-09-09,NIFTY 50,Index,7669.8781,7817.3039,7532.6895,7555.1529,5480294
2022-09-12,NIFTY 50,Index,7555.1529,7705.7837,7391.8621,7466.8584,2773066
2022-09-13,NIFTY 50,Index,7466.8584,7578.8554,7362.1716,7393.2091,3795347
2022-09-14,NIFTY 50,Index,7393.2091,7421.405,7377.2944,7382.6911,3817233
2022-09-15,NIFTY 50,Index,7382.6911,7679.5796,7268.1815,7669.5006,1080457
2022-09-16,NIFTY 50,Index,7669.5006,7900.5845,7608.0275,7831.5474,228810
2022-09-19,NIFTY 50,Index,7831.5474,7860.043,7562.9302,7695.5688,4007594
2022-09-20,NIFTY 50,Index,7695.5688,7737.2395,7581.6508,7680.5766,5541438
2022-09-21,NIFTY 50,Index,7680.5766,7704.5634,7531.7702,7641.1878,3049262
2022-09-22,NIFTY 50,Index,7641.1878,7675.1104,7597.9767,7633.2538,3368518
2022-09-23,NIFTY 50,Index,7633.2538,7674.1561,7533.6022,7646.85,2869518
2022-09-26,NIFTY 50,Index,7646.85,7684.0401,7499.0065,7608.9199,2599381
2022-09-27,NIFTY 50,Index,7608.9199,7698.658,7507.2518,7637.9843,4209083
2022-09-28,NIFTY 50,Index,7637.9843,7774.9083,7563.0095,7564.9767,1280350
2022-09-29,NIFTY 50,Index,7564.9767,7700.0375,7257.1504,7377.7686,19090224
2022-09-30,NIFTY 50,Index,7377.7686,7433.7942,7157.084,7242.5893,1445107
2022-10-03,NIFTY 50,Index,7242.5893,7386.9258,7162.6242,7326.9312,795698
2022-10-04,NIFTY 50,Index,7326.9312,7465.9162,7027.4279,7136.416,1895660
2022-10-05,NIFTY 50,Index,7136.416,7358.4473,7075.726,7242.5869,3169364
2022-10-06,NIFTY 50,Index,7242.5869,7517.4767,7222.4009,7478.9023,6402872
2022-10-07,NIFTY 50,Index,7478.9023,7519.6335,7333.9049,7336.6034,3615777
2022-10-10,NIFTY 50,Index,7336.6034,7417.9191,7066.1928,7159.4692,5676603
2022-10-11,NIFTY 50,Index,7159.4692,7161.0437,7091.7658,7111.2344,5536856
2022-10-12,NIFTY 50,Index,7111.2344,7383.1398,7086.2922,7286.2276,15720790
2022-10-13,NIFTY 50,Index,7286.2276,7342.0603,7195.6716,7271.134,7323458
2022-10-14,NIFTY 50,Index,7271.134,7358.846,7199.8549,7235.3586,3987034
2022-10-17,NIFTY 50,Index,7235.3586,7286.827,6970.4236,7072.1273,1471158
2022-10-18,NIFTY 50,Index,7072.1273,7203.0701,6978.256,7135.1364,566043
2022-10-19,NIFTY 50,Index,7135.1364,7178.2045,7130.6865,7147.4789,3909956
2022-10-20,NIFTY 50,Index,7147.4789,7222.1822,7076.5235,7214.7617,715559
2022-10-21,NIFTY 50,Index,7214.7617,7326.0007,7019.0834,7034.0798,8772410
2022-10-24,NIFTY 50,Index,7034.0798,7125.0812,6937.2343,7055.1658,2338798
2022-10-25,NIFTY 50,Index,7055.1658,7170.7438,6782.2101,6892.4081,2190452
2022-10-26,NIFTY 50,Index,6892.4081,6973.7703,6733.0518,6782.0144,8281068
2022-10-27,NIFTY 50,Index,6782.0144,6855.518,6533.7326,6649.8315,2607114
2022-10-28,NIFTY 50,Index,6649.8315,6822.0056,6557.761,6733.29,6068742
2022-10-31,NIFTY 50,Index,6733.29,6799.1988,6659.8866,6689.4821,6156023
2022-11-01,NIFTY 50,Index,6689.4821,6778.2163,6596.1745,6773.6176,3737201
2022-11-02,NIFTY 50,Index,6773.6176,6953.5025,6645.6956,6821.0301,2641156
2022-11-03,NIFTY 50,Index,6821.0301,7055.7975,6777.4983,6938.5977,3016428
2022-11-04,NIFTY 50,Index,6938.5977,6955.329,6783.9746,6794.4317,5395270
2022-11-07,NIFTY 50,Index,6794.4317,6892.9193,6681.4787,6690.2236,11733127
2022-11-08,NIFTY 50,Index,6690.2236,6840.1223,6647.5731,6733.6335,474641
2022-11-09,NIFTY 50,Index,6733.6335,6907.3462,6702.2603,6823.3018,4338469
2022-11-10,NIFTY 50,Index,6823.3018,7008.5709,6687.1177,6898.3649,3426388
2022-11-11,NIFTY 50,Index,6898.3649,7083.49,6832.1578,7027.0026,1650465
2022-11-14,NIFTY 50,Index,7027.0026,7266.318,6919.0294,7126.0652,4474306
2022-11-15,NIFTY 50,Index,7126.0652,7231.1863,6915.249,6948.4316,563206
2022-11-16,NIFTY 50,Index,6948.4316,6988.3488,6878.2062,6919.2106,1461849
2022-11-17,NIFTY 50,Index,6919.2106,7013.263,6691.2575,6720.5934,977353
2022-11-18,NIFTY 50,Index,6720.5934,6838.7574,6579.1976,6705.9032,1431760
2022-11-21,NIFTY 50,Index,6705.9032,6963.4318,6572.9696,6940.2467,1683024
2022-11-22,NIFTY 50,Index,6940.2467,7136.2594,6908.2286,7063.8285,16536962
2022-11-23,NIFTY 50,Index,7063.8285,7090.1678,6901.796,7011.1111,1796005
2022-11-24,NIFTY 50,Index,7011.1111,7147.0008,6838.0134,6961.055,2763158
2022-11-25,NIFTY 50,Index,6961.055,7066.6178,6827.7675,6924.1545,1010979
2022-11-28,NIFTY 50,Index,6924.1545,6993.1716,6893.1596,6961.9208,2243274
2022-11-29,NIFTY 50,Index,6961.9208,7293.838,6949.1823,7210.1874,8350552
2022-11-30,NIFTY 50,Index,7210.1874,7228.8639,7045.639,7173.1413,5860821
2022-12-01,NIFTY 50,Index,7173.1413,7313.4677,7160.6619,7233.7722,9661018
2022-12-02,NIFTY 50,Index,7233.7722,7271.3521,6944.266,7046.2134,929739
2022-12-05,NIFTY 50,Index,7046.2134,7077.2426,6864.3469,6959.449,3242067
2022-12-06,NIFTY 50,Index,6959.449,7041.9056,6489.3414,6598.1691,1369254
2022-12-07,NIFTY 50,Index,6598.1691,6807.3366,6562.9312,6731.1758,1054085
2022-12-08,NIFTY 50,Index,6731.1758,6846.4185,6616.6675,6757.4297,4437289
2022-12-09,NIFTY 50,Index,6757.4297,6914.4143,6663.1674,6800.5709,6682528
2022-12-12,NIFTY 50,Index,6800.5709,7009.4464,6778.9988,6905.4888,15122417
2022-12-13,NIFTY 50,Index,6905.4888,7008.1746,6847.1157,6869.2015,1420388
2022-12-14,NIFTY 50,Index,6869.2015,6984.5345,6868.3242,6914.3582,4878810
2022-12-15,NIFTY 50,Index,6914.3582,7138.6366,6826.9865,7001.246,737194
2022-12-16,NIFTY 50,Index,7001.246,7158.9459,6892.0483,7082.4574,847250
2022-12-19,NIFTY 50,Index,7082.4574,7189.9024,6946.0504,7112.9029,2188266
2022-12-20,NIFTY 50,Index,7112.9029,7379.06,7098.32,7244.0273,773364
2022-12-21,NIFTY 50,Index,7244.0273,7275.1325,7200.4235,7265.2754,4918491
2022-12-22,NIFTY 50,Index,7265.2754,7349.868,7177.9,7227.9002,3892800
2022-12-23,NIFTY 50,Index,7227.9002,7353.8878,7038.2591,7178.0134,3714678
2022-12-26,NIFTY 50,Index,7178.0134,7223.243,7174.8373,7219.6928,1932247
2022-12-27,NIFTY 50,Index,7219.6928,7330.9349,7109.1685,7207.6678,427094
2022-12-28,NIFTY 50,Index,7207.6678,7351.4067,6966.0408,7025.9272,2177106
2022-12-29,NIFTY 50,Index,7025.9272,7137.6127,6802.7141,6898.4204,2736689
2022-12-30,NIFTY 50,Index,6898.4204,7054.922,6767.2312,7016.5751,12122136
2023-01-02,NIFTY 50,Index,7016.5751,7148.9942,6936.5493,6995.2714,1038243
2023-01-03,NIFTY 50,Index,6995.2714,7033.6356,6733.4239,6868.5948,17195133
2023-01-04,NIFTY 50,Index,6868.5948,6995.1881,6839.3202,6963.1639,2658925
2023-01-05,NIFTY 50,Index,6963.1639,7024.3982,6842.7905,6973.0035,2598896
2023-01-06,NIFTY 50,Index,6973.0035,7054.0457,6851.8652,7027.9684,3175815
2023-01-09,NIFTY 50,Index,7027.9684,7224.7221,6920.9993,7104.6838,6733058
2023-01-10,NIFTY 50,Index,7104.6838,7109.3055,6877.1412,7006.1736,4516490
2023-01-11,NIFTY 50,Index,7006.1736,7208.3144,6989.7359,7139.5573,5343570
2023-01-12,NIFTY 50,Index,7139.5573,7243.6647,7110.9241,7181.8568,1532790
2023-01-13,NIFTY 50,Index,7181.8568,7265.4495,7065.9834,7104.2031,3222638
2023-01-16,NIFTY 50,Index,7104.2031,7168.8826,7037.073,7038.7089,8848444
2023-01-17,NIFTY 50,Index,7038.7089,7106.2719,6938.2779,7022.5514,1642681
2023-01-18,NIFTY 50,Index,7022.5514,7255.1701,6913.0205,7132.4741,1095116
2023-01-19,NIFTY 50,Index,7132.4741,7147.4424,7097.5018,7132.0272,1846855
2023-01-20,NIFTY 50,Index,7132.0272,7494.9769,7052.1986,7391.1366,3195956
2023-01-23,NIFTY 50,Index,7391.1366,7442.9672,7291.3539,7296.1991,3394476
2023-01-24,NIFTY 50,Index,7296.1991,7315.5655,7196.176,7278.7963,1572414
2023-01-25,NIFTY 50,Index,7278.7963,7418.5261,7254.4149,7388.9481,6097014
2023-01-26,NIFTY 50,Index,7388.9481,7526.5658,7384.2803,7421.7008,1471002
2023-01-27,NIFTY 50,Index,7421.7008,7758.481,7315.706,7625.6469,4675869
2023-01-30,NIFTY 50,Index,7625.6469,7749.9183,7549.5369,7561.6529,9713332
2023-01-31,NIFTY 50,Index,7561.6529,7700.7642,7493.2474,7576.9123,8453959
2023-02-01,NIFTY 50,Index,7576.9123,7736.364,7564.5422,7624.7995,28991319
2023-02-02,NIFTY 50,Index,7624.7995,7745.2254,7410.1775,7509.1036,1925510
2023-02-03,NIFTY 50,Index,7509.1036,7958.1723,7474.7938,7845.3248,2967917
2023-02-06,NIFTY 50,Index,7845.3248,7952.0571,7703.8157,7714.9559,5747510
2023-02-07,NIFTY 50,Index,7714.9559,7957.6024,7600.3569,7843.5309,2926350
2023-02-08,NIFTY 50,Index,7843.5309,7901.736,7475.8929,7626.5399,1326957
2023-02-09,NIFTY 50,Index,7626.5399,7737.164,7377.6449,7450.1601,24196948
2023-02-10,NIFTY 50,Index,7450.1601,7538.4222,7137.2528,7269.9088,1843601
2023-02-13,NIFTY 50,Index,7269.9088,7422.7866,7163.3155,7330.1974,933029
2023-02-14,NIFTY 50,Index,7330.1974,7510.667,7303.8552,7376.5564,1646874
2023-02-15,NIFTY 50,Index,7376.5564,7487.5982,7340.0821,7414.5973,2442444
2023-02-16,NIFTY 50,Index,7414.5973,7490.9406,7346.2281,7399.3903,9458283
2023-02-17,NIFTY 50,Index,7399.3903,7457.2656,7132.3351,7273.3526,4498359
2023-02-20,NIFTY 50,Index,7273.3526,7411.502,7160.8378,7363.6106,940563
2023-02-21,NIFTY 50,Index,7363.6106,7374.4346,7169.5395,7193.9642,2489528
2023-02-22,NIFTY 50,Index,7193.9642,7313.2233,6909.969,6970.035,4215057
2023-02-23,NIFTY 50,Index,6970.035,7139.4852,6946.7493,7039.9714,812607
2023-02-24,NIFTY 50,Index,7039.9714,7199.2315,6921.1127,7131.5346,11100502
2023-02-27,NIFTY 50,Index,7131.5346,7297.0214,7102.1753,7172.4684,11979872
2023-02-28,NIFTY 50,Index,7172.4684,7180.6575,7063.6068,7139.452,1884271
2023-03-01,NIFTY 50,Index,7139.452,7272.7991,7082.5053,7127.5738,1161293
2023-03-02,NIFTY 50,Index,7127.5738,7148.7204,6927.3196,7066.7653,3299533
2023-03-03,NIFTY 50,Index,7066.7653,7206.6165,7002.4945,7083.6558,5139852
2023-03-06,NIFTY 50,Index,7083.6558,7178.1325,6843.3808,6862.5481,61697430
2023-03-07,NIFTY 50,Index,6862.5481,6954.9774,6636.7153,6768.0027,6226146
2023-03-08,NIFTY 50,Index,6768.0027,6858.4436,6650.4909,6798.1104,1705359
2023-03-09,NIFTY 50,Index,6798.1104,6970.8719,6669.6785,6855.9503,1306471
2023-03-10,NIFTY 50,Index,6855.9503,6940.6689,6735.7067,6854.8306,24237395
2023-03-13,NIFTY 50,Index,6854.8306,6982.4606,6716.8044,6810.728,3497288
2023-03-14,NIFTY 50,Index,6810.728,6900.4777,6649.9788,6702.7785,6378273
2023-03-15,NIFTY 50,Index,6702.7785,6790.9664,6494.7421,6627.2086,4397858
2023-03-16,NIFTY 50,Index,6627.2086,6834.4113,6552.0539,6729.1161,2539861
2023-03-17,NIFTY 50,Index,6729.1161,6842.9707,6685.1032,6788.1038,4664777
2023-03-20,NIFTY 50,Index,6788.1038,7001.8849,6679.791,6896.7393,5780208
2023-03-21,NIFTY 50,Index,6896.7393,7049.1418,6821.6353,7032.235,2517054
2023-03-22,NIFTY 50,Index,7032.235,7130.0488,6845.917,6899.5344,631756
2023-03-23,NIFTY 50,Index,6899.5344,6951.0396,6710.2677,6740.9078,2413199
2023-03-24,NIFTY 50,Index,6740.9078,6850.432,6657.3893,6760.0884,1623157
2023-03-27,NIFTY 50,Index,6760.0884,6876.8127,6466.221,6534.0552,1651191
2023-03-28,NIFTY 50,Index,6534.0552,6578.6498,6442.1338,6491.4945,3204493
2023-03-29,NIFTY 50,Index,6491.4945,6704.9829,6412.5703,6634.1826,527513
2023-03-30,NIFTY 50,Index,6634.1826,6800.1225,6507.4002,6703.8388,5812193
2023-03-31,NIFTY 50,Index,6703.8388,6828.1326,6672.3883,6680.4405,4838351
2023-04-03,NIFTY 50,Index,6680.4405,6693.9912,6598.7637,6663.5159,5683474
2023-04-04,NIFTY 50,Index,6663.5159,6704.4686,6472.8448,6578.4989,1221667
2023-04-05,NIFTY 50,Index,6578.4989,6658.8005,6300.2412,6391.7909,4861407
2023-04-06,NIFTY 50,Index,6391.7909,6407.3723,6312.9089,6335.8637,668765
2023-04-07,NIFTY 50,Index,6335.8637,6402.4109,6157.0845,6245.6537,5671914
2023-04-10,NIFTY 50,Index,6245.6537,6294.6964,6125.3715,6262.5616,1280513
2023-04-11,NIFTY 50,Index,6262.5616,6466.0931,6257.1241,6395.7113,3032372
2023-04-12,NIFTY 50,Index,6395.7113,6520.4305,6290.9254,6442.9079,3757315
2023-04-13,NIFTY 50,Index,6442.9079,6470.2316,6338.9814,6417.3996,4882618
2023-04-14,NIFTY 50,Index,6417.3996,6647.5116,6372.0387,6529.9691,2419559
2023-04-17,NIFTY 50,Index,6529.9691,6641.4151,6422.5362,6605.1126,1621996
2023-04-18,NIFTY 50,Index,6605.1126,6800.3401,6522.6994,6787.3714,1428029
2023-04-19,NIFTY 50,Index,6787.3714,7039.2763,6687.3427,7015.7015,948065
2023-04-20,NIFTY 50,Index,7015.7015,7029.1316,6977.2413,6980.5415,5145009
2023-04-21,NIFTY 50,Index,6980.5415,7188.6094,6948.1592,7110.8596,16574842
2023-04-24,NIFTY 50,Index,7110.8596,7340.8834,6970.3796,7268.6667,606032
2023-04-25,NIFTY 50,Index,7268.6667,7375.2051,7206.4179,7316.0448,1510114
2023-04-26,NIFTY 50,Index,7316.0448,7572.5979,7297.258,7425.3886,9860516
2023-04-27,NIFTY 50,Index,7425.3886,7547.6403,7384.6737,7461.3296,1916194
2023-04-28,NIFTY 50,Index,7461.3296,7514.3045,7330.1769,7340.3688,1605107
2023-05-01,NIFTY 50,Index,7340.3688,7457.8671,7225.0661,7258.9964,3380245
2023-05-02,NIFTY 50,Index,7258.9964,7469.4255,7181.6216,7373.4413,3643818
2023-05-03,NIFTY 50,Index,7373.4413,7472.1698,7101.8916,7245.9615,952201
2023-05-04,NIFTY 50,Index,7245.9615,7430.6952,7178.5443,7323.6743,22897604
2023-05-05,NIFTY 50,Index,7323.6743,7476.9768,7297.997,7336.4651,1654670
2023-05-08,NIFTY 50,Index,7336.4651,7415.0867,7215.6646,7229.6433,6134343
2023-05-09,NIFTY 50,Index,7229.6433,7454.9957,7133.5018,7403.5305,2405382
2023-05-10,NIFTY 50,Index,7403.5305,7426.0989,7200.6346,7346.4594,800391
2023-05-11,NIFTY 50,Index,7346.4594,7480.5992,7269.9155,7356.7074,7131828
2023-05-12,NIFTY 50,Index,7356.7074,7467.8334,7257.6565,7276.242,4095268
2023-05-15,NIFTY 50,Index,7276.242,7437.3547,7270.9798,7333.4044,5852596
2023-05-16,NIFTY 50,Index,7333.4044,7386.225,7205.1861,7217.8379,1342781
2023-05-17,NIFTY 50,Index,7217.8379,7273.6182,7160.531,7229.4428,6636459
2023-05-18,NIFTY 50,Index,7229.4428,7542.3788,7096.5089,7465.3839,1054468
2023-05-19,NIFTY 50,Index,7465.3839,7623.4066,7434.2517,7495.7649,3263952
2023-05-22,NIFTY 50,Index,7495.7649,7627.3867,7319.3826,7448.7005,10493879
2023-05-23,NIFTY 50,Index,7448.7005,7560.2372,7436.6456,7514.4473,5954120
2023-05-24,NIFTY 50,Index,7514.4473,7618.8907,7331.7003,7382.804,2296700
2023-05-25,NIFTY 50,Index,7382.804,7512.188,7363.2359,7390.6153,3876709
2023-05-26,NIFTY 50,Index,7390.6153,7783.3489,7364.772,7666.0869,2421407
2023-05-29,NIFTY 50,Index,7666.0869,7688.5292,7323.718,7377.951,3484923
2023-05-30,NIFTY 50,Index,7377.951,7500.6818,7331.9397,7436.3576,3450357
2023-05-31,NIFTY 50,Index,7436.3576,7452.0728,7025.2075,7116.4152,4383111
2023-06-01,NIFTY 50,Index,7116.4152,7269.5247,7094.7778,7176.2052,906640
2023-06-02,NIFTY 50,Index,7176.2052,7318.9924,7096.0181,7104.2278,3070475
2023-06-05,NIFTY 50,Index,7104.2278,7121.4747,7003.5554,7046.2947,2167465
2023-06-06,NIFTY 50,Index,7046.2947,7089.1968,6974.5039,7080.3758,1744662
2023-06-07,NIFTY 50,Index,7080.3758,7168.7242,6846.611,6919.5488,8141094
2023-06-08,NIFTY 50,Index,6919.5488,7042.2468,6751.9773,6813.2673,2652569
2023-06-09,NIFTY 50,Index,6813.2673,6869.6989,6651.5446,6763.4854,1013538
2023-06-12,NIFTY 50,Index,6763.4854,6856.1671,6707.1924,6854.6548,7005445
2023-06-13,NIFTY 50,Index,6854.6548,6890.2734,6712.801,6816.4506,3219726
2023-06-14,NIFTY 50,Index,6816.4506,6859.0196,6814.7982,6829.6246,1068075
2023-06-15,NIFTY 50,Index,6829.6246,6904.4718,6668.6753,6729.833,3169425
2023-06-16,NIFTY 50,Index,6729.833,6773.5332,6513.916,6611.4155,3140559
2023-06-19,NIFTY 50,Index,6611.4155,6663.5764,6326.3659,6385.0376,2094979
2023-06-20,NIFTY 50,Index,6385.0376,6536.7935,6284.5495,6414.2386,4021211
2023-06-21,NIFTY 50,Index,6414.2386,6583.1868,6381.5683,6526.0702,1065737
2023-06-22,NIFTY 50,Index,6526.0702,6609.2386,6433.4085,6519.3801,8213992
2023-06-23,NIFTY 50,Index,6519.3801,6628.7847,6510.6895,6548.3793,7271689
2023-06-26,NIFTY 50,Index,6548.3793,6644.9592,6367.4227,6433.3285,3480496
2023-06-27,NIFTY 50,Index,6433.3285,6444.2384,6321.2837,6413.1617,3577027
2023-06-28,NIFTY 50,Index,6413.1617,6451.1963,6293.5603,6337.8879,11980744
2023-06-29,NIFTY 50,Index,6337.8879,6428.1825,6315.8182,6404.4609,10405185
2023-06-30,NIFTY 50,Index,6404.4609,6531.8776,6370.5113,6433.5254,1610648
2023-07-03,NIFTY 50,Index,6433.5254,6543.652,6407.0595,6494.0453,12129594
2023-07-04,NIFTY 50,Index,6494.0453,6624.4481,6410.4144,6523.3834,1295463
2023-07-05,NIFTY 50,Index,6523.3834,6649.7399,6364.9326,6468.2584,3397641
2023-07-06,NIFTY 50,Index,6468.2584,6710.3453,6363.2437,6611.4287,19762002
2023-07-07,NIFTY 50,Index,6611.4287,6656.1573,6407.5614,6528.7458,4681875
2023-07-10,NIFTY 50,Index,6528.7458,6585.1642,6415.5767,6472.4573,907730
2023-07-11,NIFTY 50,Index,6472.4573,6562.0929,6456.7291,6530.6553,3789328
2023-07-12,NIFTY 50,Index,6530.6553,6637.8751,6493.3121,6553.2322,2772990
2023-07-13,NIFTY 50,Index,6553.2322,6696.5808,6432.7934,6585.0933,4264768
2023-07-14,NIFTY 50,Index,6585.0933,6731.2343,6474.2005,6669.8002,1448957
2023-07-17,NIFTY 50,Index,6669.8002,6849.4251,6646.1319,6760.7028,6813721
2023-07-18,NIFTY 50,Index,6760.7028,6923.2251,6754.8651,6795.8187,3369623
2023-07-19,NIFTY 50,Index,6795.8187,6894.4913,6677.211,6788.2375,2999951
2023-07-20,NIFTY 50,Index,6788.2375,6907.6017,6688.7488,6793.3774,735322
2023-07-21,NIFTY 50,Index,6793.3774,7101.3025,6752.9502,7029.8287,9582346
2023-07-24,NIFTY 50,Index,7029.8287,7349.1017,6940.3683,7222.9425,6098472
2023-07-25,NIFTY 50,Index,7222.9425,7289.6186,7156.3425,7157.6784,5272894
2023-07-26,NIFTY 50,Index,7157.6784,7392.5609,7143.4807,7248.7728,1294049
2023-07-27,NIFTY 50,Index,7248.7728,7421.1524,7168.2991,7390.9919,2141866
2023-07-28,NIFTY 50,Index,7390.9919,7501.1161,7338.459,7473.0138,13887558
2023-07-31,NIFTY 50,Index,7473.0138,7507.2014,7359.2759,7506.4163,14003399
2023-08-01,NIFTY 50,Index,7506.4163,7528.7686,7300.524,7345.4198,1081318
2023-08-02,NIFTY 50,Index,7345.4198,7451.4981,7128.9521,7257.5849,402672
2023-08-03,NIFTY 50,Index,7257.5849,7317.4776,6976.3916,7074.819,14036838
2023-08-04,NIFTY 50,Index,7074.819,7214.1303,6991.5905,7200.7383,1843178
2023-08-07,NIFTY 50,Index,7200.7383,7451.7151,7117.212,7442.0622,2431412
2023-08-08,NIFTY 50,Index,7442.0622,7744.4339,7341.3759,7652.0752,21565699
2023-08-09,NIFTY 50,Index,7652.0752,7778.342,7507.0947,7582.6568,7480798
2023-08-10,NIFTY 50,Index,7582.6568,7821.0047,7463.0608,7711.8541,1707830
2023-08-11,NIFTY 50,Index,7711.8541,7734.5968,7344.7992,7393.328,7282149
2023-08-14,NIFTY 50,Index,7393.328,7425.9491,7214.6633,7302.0284,2855498
2023-08-15,NIFTY 50,Index,7302.0284,7386.7261,7209.1207,7325.0132,5819692
2023-08-16,NIFTY 50,Index,7325.0132,7385.0643,7166.374,7288.797,4246743
2023-08-17,NIFTY 50,Index,7288.797,7509.2823,7261.9048,7422.0334,471011
2023-08-18,NIFTY 50,Index,7422.0334,7425.9221,7263.6761,7267.1922,1010069
2023-08-21,NIFTY 50,Index,7267.1922,7342.4918,7168.7533,7211.8405,7070480
2023-08-22,NIFTY 50,Index,7211.8405,7449.1035,7184.9979,7325.7477,2690008
2023-08-23,NIFTY 50,Index,7325.7477,7396.5098,7287.3287,7306.835,13131175
2023-08-24,NIFTY 50,Index,7306.835,7404.3676,7242.9951,7331.5708,2239013
2023-08-25,NIFTY 50,Index,7331.5708,7456.3885,7242.0926,7432.766,7117799
2023-08-28,NIFTY 50,Index,7432.766,7577.3377,7290.5601,7479.0694,1842367
2023-08-29,NIFTY 50,Index,7479.0694,7516.0129,7238.1633,7371.7775,1339148
2023-08-30,NIFTY 50,Index,7371.7775,7483.7398,7215.5817,7281.0735,1299083
2023-08-31,NIFTY 50,Index,7281.0735,7290.1971,7094.8069,7225.8016,3223507
2023-09-01,NIFTY 50,Index,7225.8016,7298.5046,7175.6049,7238.9863,1054918
2023-09-04,NIFTY 50,Index,7238.9863,7349.4127,7103.3534,7267.9868,3567340
2023-09-05,NIFTY 50,Index,7267.9868,7305.8033,7152.1349,7258.2242,1786890
2023-09-06,NIFTY 50,Index,7258.2242,7340.2901,7073.2637,7139.5087,5763500
2023-09-07,NIFTY 50,Index,7139.5087,7200.1982,7123.217,7150.2173,4629253
2023-09-08,NIFTY 50,Index,7150.2173,7186.1066,6985.6916,7106.5912,1901521
2023-09-11,NIFTY 50,Index,7106.5912,7233.7539,6984.338,7217.1877,46883780
2023-09-12,NIFTY 50,Index,7217.1877,7319.3593,7109.2261,7187.3582,3806860
2023-09-13,NIFTY 50,Index,7187.3582,7257.0319,7156.7969,7180.6041,1426854
2023-09-14,NIFTY 50,Index,7180.6041,7239.7386,7041.5768,7134.4637,24397940
2023-09-15,NIFTY 50,Index,7134.4637,7207.5923,6946.6677,7060.5407,3519291
2023-09-18,NIFTY 50,Index,7060.5407,7171.5716,6965.9436,6994.1108,3082089
2023-09-19,NIFTY 50,Index,6994.1108,7040.302,6817.0611,6921.8231,1962174
2023-09-20,NIFTY 50,Index,6921.8231,7043.3468,6654.5906,6773.752,3594781
2023-09-21,NIFTY 50,Index,6773.752,6834.8837,6606.3978,6739.1578,5451577
2023-09-22,NIFTY 50,Index,6739.1578,6861.7054,6662.4456,6735.0088,1566166
2023-09-25,NIFTY 50,Index,6735.0088,6823.4772,6529.533,6638.6867,3251420
2023-09-26,NIFTY 50,Index,6638.6867,6901.6869,6611.6319,6771.076,1852149
2023-09-27,NIFTY 50,Index,6771.076,6878.4456,6511.0692,6587.1633,3995390
2023-09-28,NIFTY 50,Index,6587.1633,6759.6489,6466.6063,6706.5371,5591418
2023-09-29,NIFTY 50,Index,6706.5371,6799.8785,6481.4215,6585.9085,3677417
2023-10-02,NIFTY 50,Index,6585.9085,6791.1391,6549.4351,6670.2549,2131303
2023-10-03,NIFTY 50,Index,6670.2549,6789.5177,6530.9792,6617.5759,1951839
2023-10-04,NIFTY 50,Index,6617.5759,6699.0115,6588.7383,6599.7552,1021528
2023-10-05,NIFTY 50,Index,6599.7552,6687.5914,6472.0992,6620.695,4160884
2023-10-06,NIFTY 50,Index,6620.695,6737.8241,6536.6557,6649.004,3125088
2023-10-09,NIFTY 50,Index,6649.004,6650.6806,6459.2815,6532.4126,2532577
2023-10-10,NIFTY 50,Index,6532.4126,6829.5276,6522.0383,6710.054,4089589
2023-10-11,NIFTY 50,Index,6710.054,6825.2223,6522.3814,6631.0057,5935384
2023-10-12,NIFTY 50,Index,6631.0057,6855.6477,6568.5193,6812.8155,4642600
2023-10-13,NIFTY 50,Index,6812.8155,6861.5678,6730.7642,6797.9569,12066817
2023-10-16,NIFTY 50,Index,6797.9569,6821.5814,6653.0684,6749.1786,8821377
2023-10-17,NIFTY 50,Index,6749.1786,6796.145,6633.6825,6693.9752,2167947
2023-10-18,NIFTY 50,Index,6693.9752,6856.762,6646.7994,6772.6553,11490830
2023-10-19,NIFTY 50,Index,6772.6553,6905.2781,6678.4314,6764.221,11129750
2023-10-20,NIFTY 50,Index,6764.221,6848.2791,6671.3716,6804.0387,1483528
2023-10-23,NIFTY 50,Index,6804.0387,6917.9439,6727.2585,6765.0448,5522077
2023-10-24,NIFTY 50,Index,6765.0448,6977.5062,6723.736,6906.6912,8998297
2023-10-25,NIFTY 50,Index,6906.6912,7146.9856,6786.3484,7015.3351,876113
2023-10-26,NIFTY 50,Index,7015.3351,7187.9278,6978.8151,7093.5853,6372234
2023-10-27,NIFTY 50,Index,7093.5853,7204.5892,7077.839,7124.7294,6264327
2023-10-30,NIFTY 50,Index,7124.7294,7247.9251,6868.7391,6944.6649,335376
2023-10-31,NIFTY 50,Index,6944.6649,6988.538,6885.9757,6973.0967,3068053
2023-11-01,NIFTY 50,Index,6973.0967,7092.8027,6911.3528,6951.9828,4983706
2023-11-02,NIFTY 50,Index,6951.9828,7086.7811,6949.4791,6974.5046,4488276
2023-11-03,NIFTY 50,Index,6974.5046,7109.3713,6852.7641,7069.5667,1930413
2023-11-06,NIFTY 50,Index,7069.5667,7184.5532,7055.9175,7107.6908,1713808
2023-11-07,NIFTY 50,Index,7107.6908,7192.7497,6867.7605,6908.8319,2430803
2023-11-08,NIFTY 50,Index,6908.8319,7026.4891,6784.0729,7019.7301,1377869
2023-11-09,NIFTY 50,Index,7019.7301,7150.7808,6894.4556,7066.9356,8033539
2023-11-10,NIFTY 50,Index,7066.9356,7151.8507,6984.5625,7146.895,1707718
2023-11-13,NIFTY 50,Index,7146.895,7265.7297,6985.6744,7070.3744,3389060
2023-11-14,NIFTY 50,Index,7070.3744,7218.3857,6946.0802,7100.6168,6211609
2023-11-15,NIFTY 50,Index,7100.6168,7234.071,7055.6065,7172.3277,48039510
2023-11-16,NIFTY 50,Index,7172.3277,7421.3445,7044.2983,7333.0656,2299004
2023-11-17,NIFTY 50,Index,7333.0656,7662.3692,7246.2865,7566.8293,1074048
2023-11-20,NIFTY 50,Index,7566.8293,7644.3687,7438.4226,7453.9603,7151768
2023-11-21,NIFTY 50,Index,7453.9603,7551.1934,7286.306,7427.5076,295742
2023-11-22,NIFTY 50,Index,7427.5076,7671.4209,7333.3113,7594.5239,6023286
2023-11-23,NIFTY 50,Index,7594.5239,7649.4859,7513.1053,7584.7805,2718642
2023-11-24,NIFTY 50,Index,7584.7805,7614.5276,7469.6296,7562.004,413389
2023-11-27,NIFTY 50,Index,7562.004,7640.1305,7462.0066,7462.8284,1673771
2023-11-28,NIFTY 50,Index,7462.8284,7673.2631,7386.3094,7586.4665,1834843
2023-11-29,NIFTY 50,Index,7586.4665,7692.2817,7573.252,7631.6838,2729175
2023-11-30,NIFTY 50,Index,7631.6838,7684.3765,7456.0812,7532.523,4276568
2023-12-01,NIFTY 50,Index,7532.523,7638.4839,7382.9547,7532.686,9589183
2023-12-04,NIFTY 50,Index,7532.686,7592.1303,7426.6614,7489.85,1701640
2023-12-05,NIFTY 50,Index,7489.85,7693.823,7398.7876,7585.4972,2726479
2023-12-06,NIFTY 50,Index,7585.4972,7839.5325,7460.9132,7692.5947,1900500
2023-12-07,NIFTY 50,Index,7692.5947,7817.513,7674.9805,7711.6186,1767765
2023-12-08,NIFTY 50,Index,7711.6186,7768.5385,7599.2185,7617.6571,358917
2023-12-11,NIFTY 50,Index,7617.6571,7804.8531,7605.4414,7793.7847,2000809
2023-12-12,NIFTY 50,Index,7793.7847,7961.016,7687.9966,7855.9703,2762624
2023-12-13,NIFTY 50,Index,7855.9703,7998.5474,7756.0272,7996.927,577241
2023-12-14,NIFTY 50,Index,7996.927,8164.3367,7881.1358,8024.1234,6982646
2023-12-15,NIFTY 50,Index,8024.1234,8056.3912,8022.2447,8033.5539,1552249
2023-12-18,NIFTY 50,Index,8033.5539,8111.6401,7741.0518,7831.4581,1714154
2023-12-19,NIFTY 50,Index,7831.4581,7945.668,7504.4386,7603.6343,6801470
2023-12-20,NIFTY 50,Index,7603.6343,7725.4949,7501.2945,7659.6326,7614778
2023-12-21,NIFTY 50,Index,7659.6326,7780.4994,7486.0468,7553.4873,1094068
2023-12-22,NIFTY 50,Index,7553.4873,7746.2015,7415.0114,7615.5847,5329094
2023-12-25,NIFTY 50,Index,7615.5847,7704.2604,7355.0349,7410.043,1634443
2023-12-26,NIFTY 50,Index,7410.043,7692.991,7354.5339,7588.5116,7128181
2023-12-27,NIFTY 50,Index,7588.5116,7610.1532,7427.3432,7561.9607,970474
2023-12-28,NIFTY 50,Index,7561.9607,7565.8094,7358.5475,7454.8375,2126192
2023-12-29,NIFTY 50,Index,7454.8375,7465.5295,7239.3073,7299.1058,10999016
2024-01-01,NIFTY 50,Index,7299.1058,7512.791,7245.8816,7422.8587,1001083
2024-01-02,NIFTY 50,Index,7422.8587,7657.1425,7350.7694,7635.6781,2059356
2024-01-03,NIFTY 50,Index,7635.6781,7785.8728,7577.0046,7638.5979,2031519
2024-01-04,NIFTY 50,Index,7638.5979,7642.1655,7401.4053,7515.0651,2276588
2024-01-05,NIFTY 50,Index,7515.0651,7650.3488,7296.9979,7313.9866,2292177
2024-01-08,NIFTY 50,Index,7313.9866,7443.9421,7217.829,7305.9302,4110200
2024-01-09,NIFTY 50,Index,7305.9302,7355.6671,7062.0851,7139.3915,739495
2024-01-10,NIFTY 50,Index,7139.3915,7238.7479,7030.6012,7161.1631,1004205
2024-01-11,NIFTY 50,Index,7161.1631,7204.4643,7102.7385,7139.7703,11158597
2024-01-12,NIFTY 50,Index,7139.7703,7277.7703,6928.6595,7006.8148,1376370
2024-01-15,NIFTY 50,Index,7006.8148,7129.758,6944.5881,7109.9644,527168
2024-01-16,NIFTY 50,Index,7109.9644,7167.097,6949.2719,7090.2036,33738952
2024-01-17,NIFTY 50,Index,7090.2036,7204.4888,7002.1914,7123.3711,8036184
2024-01-18,NIFTY 50,Index,7123.3711,7128.9928,7010.3332,7077.6481,912704
2024-01-19,NIFTY 50,Index,7077.6481,7214.1093,6792.0904,6917.9211,4159581
2024-01-22,NIFTY 50,Index,6917.9211,7068.4709,6899.8442,6947.5871,19174976
2024-01-23,NIFTY 50,Index,6947.5871,7057.9441,6873.8488,6911.9707,4325859
2024-01-24,NIFTY 50,Index,6911.9707,7047.5818,6834.4029,6901.124,1011968
2024-01-25,NIFTY 50,Index,6901.124,6981.6373,6861.6794,6929.6194,9303457
2024-01-26,NIFTY 50,Index,6929.6194,7052.3023,6858.7605,6998.2006,1582839
2024-01-29,NIFTY 50,Index,6998.2006,7411.5226,6860.9323,7285.4011,2496203
2024-01-30,NIFTY 50,Index,7285.4011,7531.4898,7201.8333,7418.0635,2334018
2024-01-31,NIFTY 50,Index,7418.0635,7684.866,7408.7972,7550.0092,2664548
2024-02-01,NIFTY 50,Index,7550.0092,7627.0846,7442.5047,7536.9567,8917859
2024-02-02,NIFTY 50,Index,7536.9567,7872.6433,7432.5649,7760.4723,2567865
2024-02-05,NIFTY 50,Index,7760.4723,7816.1483,7590.9522,7715.0781,1548693
2024-02-06,NIFTY 50,Index,7715.0781,7862.8139,7612.5433,7613.893,1649595
2024-02-07,NIFTY 50,Index,7613.893,7616.0729,7443.5134,7555.0056,7699123
2024-02-08,NIFTY 50,Index,7555.0056,7637.3973,7441.1626,7615.6394,6686881
2024-02-09,NIFTY 50,Index,7615.6394,7815.5017,7486.7947,7697.5573,10664743
2024-02-12,NIFTY 50,Index,7697.5573,7772.6282,7599.4796,7611.2999,4040249
2024-02-13,NIFTY 50,Index,7611.2999,7621.3483,7374.5058,7426.3149,638860
2024-02-14,NIFTY 50,Index,7426.3149,7581.4626,7415.574,7440.4383,2856853
2024-02-15,NIFTY 50,Index,7440.4383,7490.6515,7429.0005,7446.0399,6008029
2024-02-16,NIFTY 50,Index,7446.0399,7718.4156,7438.5602,7610.7859,3279114
2024-02-19,NIFTY 50,Index,7610.7859,7655.7338,7559.35,7594.6475,1607880
2024-02-20,NIFTY 50,Index,7594.6475,7839.4022,7533.1153,7696.3686,1741216
2024-02-21,NIFTY 50,Index,7696.3686,7769.7053,7631.8813,7666.5385,6158607
2024-02-22,NIFTY 50,Index,7666.5385,7770.5827,7611.6746,7677.9114,3345540
2024-02-23,NIFTY 50,Index,7677.9114,7814.3723,7505.4977,7581.7832,4570061
2024-02-26,NIFTY 50,Index,7581.7832,7930.7103,7570.8994,7832.8337,899537
2024-02-27,NIFTY 50,Index,7832.8337,7944.6791,7578.5551,7705.3128,7146852
2024-02-28,NIFTY 50,Index,7705.3128,7815.4384,7683.2947,7734.9685,12860983
2024-02-29,NIFTY 50,Index,7734.9685,7811.8069,7608.0668,7651.5697,7959815
2024-03-01,NIFTY 50,Index,7651.5697,7700.7005,7537.0035,7692.3417,1267437
2024-03-04,NIFTY 50,Index,7692.3417,7734.8295,7514.6193,7622.3964,3319680
2024-03-05,NIFTY 50,Index,7622.3964,7637.9297,7472.3052,7526.5314,10075202
2024-03-06,NIFTY 50,Index,7526.5314,7658.7546,7407.7729,7611.0564,2006300
2024-03-07,NIFTY 50,Index,7611.0564,7749.569,7537.804,7595.1195,8410333
2024-03-08,NIFTY 50,Index,7595.1195,7654.0043,7493.8856,7589.9304,23716742
2024-03-11,NIFTY 50,Index,7589.9304,7753.6434,7443.2857,7651.6643,1444965
2024-03-12,NIFTY 50,Index,7651.6643,7667.7886,7415.0409,7532.8278,9421308
2024-03-13,NIFTY 50,Index,7532.8278,7587.0717,7342.3404,7485.5845,3759426
2024-03-14,NIFTY 50,Index,7485.5845,7554.1075,7139.8313,7169.7842,3324702
2024-03-15,NIFTY 50,Index,7169.7842,7177.2917,6913.0988,7020.8788,792939
2024-03-18,NIFTY 50,Index,7020.8788,7274.7115,6991.1111,7153.0597,2373575
2024-03-19,NIFTY 50,Index,7153.0597,7278.976,7084.741,7115.4428,26797149
2024-03-20,NIFTY 50,Index,7115.4428,7263.8562,7096.0033,7221.2076,16228073
2024-03-21,NIFTY 50,Index,7221.2076,7407.9047,7128.0782,7361.4353,7348908
2024-03-22,NIFTY 50,Index,7361.4353,7564.5963,7230.3701,7534.5763,1526659
2024-03-25,NIFTY 50,Index,7534.5763,7543.3302,7420.9641,7437.5517,796087
2024-03-26,NIFTY 50,Index,7437.5517,7561.8302,7243.1044,7245.2335,3682190
2024-03-27,NIFTY 50,Index,7245.2335,7248.0342,7064.0231,7081.6377,1051979
2024-03-28,NIFTY 50,Index,7081.6377,7138.8984,6985.6267,7060.6014,233559
2024-03-29,NIFTY 50,Index,7060.6014,7126.1373,6918.5846,7054.5252,3318486
2024-04-01,NIFTY 50,Index,7054.5252,7315.5184,6945.3224,7270.1723,4058471
2024-04-02,NIFTY 50,Index,7270.1723,7427.7376,7251.9168,7285.5222,15364498
2024-04-03,NIFTY 50,Index,7285.5222,7324.2204,7259.1826,7261.7318,3961901
2024-04-04,NIFTY 50,Index,7261.7318,7447.1059,7211.1763,7370.7508,1556220
2024-04-05,NIFTY 50,Index,7370.7508,7628.0542,7245.8813,7482.2705,846236
2024-04-08,NIFTY 50,Index,7482.2705,7628.9832,7422.7108,7559.7367,6433095
2024-04-09,NIFTY 50,Index,7559.7367,7594.2447,7480.0442,7517.1192,2731539
2024-04-10,NIFTY 50,Index,7517.1192,7780.8864,7508.4227,7707.8454,2935654
2024-04-11,NIFTY 50,Index,7707.8454,7784.0074,7651.4732,7772.2549,3442217
2024-04-12,NIFTY 50,Index,7772.2549,7794.142,7601.5736,7697.3929,1798011
2024-04-15,NIFTY 50,Index,7697.3929,7767.8741,7572.5221,7745.1093,13429908
2024-04-16,NIFTY 50,Index,7745.1093,7849.5335,7557.1328,7596.6208,15840916
2024-04-17,NIFTY 50,Index,7596.6208,7716.2315,7525.2143,7671.6585,2579823
2024-04-18,NIFTY 50,Index,7671.6585,7721.5363,7649.0573,7711.9421,6076420
2024-04-19,NIFTY 50,Index,7711.9421,7859.6928,7507.8878,7588.2719,2797337
2024-04-22,NIFTY 50,Index,7588.2719,7694.161,7576.7014,7590.9812,642858
2024-04-23,NIFTY 50,Index,7590.9812,7759.7669,7508.0001,7689.0789,1762710
2024-04-24,NIFTY 50,Index,7689.0789,7714.5682,7558.4133,7626.3706,3008542
2024-04-25,NIFTY 50,Index,7626.3706,7717.0591,7479.8487,7679.8919,4737850
2024-04-26,NIFTY 50,Index,7679.8919,7727.6267,7612.7703,7687.721,4555490
2024-04-29,NIFTY 50,Index,7687.721,7783.409,7458.1034,7607.3874,3824944
2024-04-30,NIFTY 50,Index,7607.3874,7811.5963,7463.8053,7672.2831,1828221
2024-05-01,NIFTY 50,Index,7672.2831,7827.7241,7556.0772,7677.6554,5792605
2024-05-02,NIFTY 50,Index,7677.6554,7787.9574,7632.2395,7670.1824,942862
2024-05-03,NIFTY 50,Index,7670.1824,7858.1787,7583.4962,7832.6912,10588542
2024-05-06,NIFTY 50,Index,7832.6912,7836.1911,7831.2753,7834.2947,15591791
2024-05-07,NIFTY 50,Index,7834.2947,7945.4999,7734.8989,7909.3263,2656506
2024-05-08,NIFTY 50,Index,7909.3263,8043.4751,7715.0372,7829.1647,1105500
2024-05-09,NIFTY 50,Index,7829.1647,7833.7322,7738.3003,7813.4485,1365553
2024-05-10,NIFTY 50,Index,7813.4485,7858.5923,7661.0343,7722.48,4588178
2024-05-13,NIFTY 50,Index,7722.48,7838.9759,7430.0651,7569.0983,657854
2024-05-14,NIFTY 50,Index,7569.0983,7636.9411,7449.8776,7582.7817,5883907
2024-05-15,NIFTY 50,Index,7582.7817,7686.0183,7483.1999,7631.29,673595
2024-05-16,NIFTY 50,Index,7631.29,7771.437,7536.9198,7552.2969,1798188
2024-05-17,NIFTY 50,Index,7552.2969,7558.1771,7376.3422,7381.6598,3377260
2024-05-20,NIFTY 50,Index,7381.6598,7449.4083,7241.3404,7407.5588,2704929
2024-05-21,NIFTY 50,Index,7407.5588,7493.4996,7163.835,7238.6389,23756963
2024-05-22,NIFTY 50,Index,7238.6389,7289.751,7025.4759,7153.3921,8519619
2024-05-23,NIFTY 50,Index,7153.3921,7376.5563,7082.2101,7306.9451,2179465
2024-05-24,NIFTY 50,Index,7306.9451,7381.3451,7258.4906,7353.9684,868471
2024-05-27,NIFTY 50,Index,7353.9684,7364.4343,7305.6788,7315.7757,5095560
2024-05-28,NIFTY 50,Index,7315.7757,7379.1244,7197.1316,7319.1931,6646768
2024-05-29,NIFTY 50,Index,7319.1931,7420.7276,7156.7445,7268.848,8518302
2024-05-30,NIFTY 50,Index,7268.848,7396.1812,7089.9339,7167.21,4988546
2024-05-31,NIFTY 50,Index,7167.21,7172.5956,7089.5947,7107.7717,617472
2024-06-03,NIFTY 50,Index,7107.7717,7191.344,6969.4434,7183.4947,253123
2024-06-04,NIFTY 50,Index,7183.4947,7227.1621,7074.0768,7106.8274,1175030
2024-06-05,NIFTY 50,Index,7106.8274,7361.565,7046.7564,7238.7344,7426427
2024-06-06,NIFTY 50,Index,7238.7344,7341.904,7009.1605,7125.5608,986300
2024-06-07,NIFTY 50,Index,7125.5608,7254.0973,6964.3002,7078.5039,1050250
2024-06-10,NIFTY 50,Index,7078.5039,7331.2752,7067.3969,7235.6182,585310
2024-06-11,NIFTY 50,Index,7235.6182,7458.2608,7122.6512,7433.3856,4795076
2024-06-12,NIFTY 50,Index,7433.3856,7505.3641,7393.9401,7499.0016,3632055
2024-06-13,NIFTY 50,Index,7499.0016,7606.1509,7211.4154,7322.5728,7224111
2024-06-14,NIFTY 50,Index,7322.5728,7403.0176,7268.4911,7328.4303,1256477
2024-06-17,NIFTY 50,Index,7328.4303,7518.3545,7193.4414,7449.5628,8846500
2024-06-18,NIFTY 50,Index,7449.5628,7703.8318,7408.7286,7573.3147,8237124
2024-06-19,NIFTY 50,Index,7573.3147,7625.6224,7464.2616,7514.7019,5609792
2024-06-20,NIFTY 50,Index,7514.7019,7722.0804,7372.3598,7636.2379,8348230
2024-06-21,NIFTY 50,Index,7636.2379,7661.1375,7248.8215,7364.6237,3033185
2024-06-24,NIFTY 50,Index,7364.6237,7368.3345,7165.83,7288.1243,13858653
2024-06-25,NIFTY 50,Index,7288.1243,7322.3746,7181.0382,7283.7199,5151482
2024-06-26,NIFTY 50,Index,7283.7199,7448.3368,7276.193,7307.014,12232959
2024-06-27,NIFTY 50,Index,7307.014,7638.1469,7280.8175,7508.6024,3402212
2024-06-28,NIFTY 50,Index,7508.6024,7598.0824,7488.8225,7538.2956,13082134
2024-07-01,NIFTY 50,Index,7538.2956,7669.6752,7314.4854,7414.237,1188146
2024-07-02,NIFTY 50,Index,7414.237,7506.8963,7260.2593,7344.2401,7075118
2024-07-03,NIFTY 50,Index,7344.2401,7396.4327,7299.1793,7354.1269,1724134
2024-07-04,NIFTY 50,Index,7354.1269,7544.2676,7246.3597,7494.1989,718488
2024-07-05,NIFTY 50,Index,7494.1989,7611.6719,7377.0178,7419.4211,2809296
2024-07-08,NIFTY 50,Index,7419.4211,7674.1456,7411.0244,7623.4563,1693940
2024-07-09,NIFTY 50,Index,7623.4563,7786.2823,7521.0765,7687.6142,2803882
2024-07-10,NIFTY 50,Index,7687.6142,7751.934,7439.7796,7553.2198,5503903
2024-07-11,NIFTY 50,Index,7553.2198,7594.9618,7457.1519,7522.1461,1927940
2024-07-12,NIFTY 50,Index,7522.1461,7668.1775,7357.8148,7374.526,3532349
2024-07-15,NIFTY 50,Index,7374.526,7650.475,7312.1776,7544.1694,1770263
2024-07-16,NIFTY 50,Index,7544.1694,7584.0443,7390.5438,7421.0194,620795
2024-07-17,NIFTY 50,Index,7421.0194,7463.6846,7133.7773,7228.7275,2876136
2024-07-18,NIFTY 50,Index,7228.7275,7251.5395,7217.8,7240.3923,4857020
2024-07-19,NIFTY 50,Index,7240.3923,7253.7243,7146.8445,7233.5084,3936067
2024-07-22,NIFTY 50,Index,7233.5084,7437.8449,7231.3223,7398.2786,11384425
2024-07-23,NIFTY 50,Index,7398.2786,7624.4457,7351.9791,7532.5475,9008469
2024-07-24,NIFTY 50,Index,7532.5475,7740.6829,7389.9212,7608.8825,703256
2024-07-25,NIFTY 50,Index,7608.8825,7698.2999,7480.2509,7586.6368,4311487
2024-07-26,NIFTY 50,Index,7586.6368,7588.9727,7403.1971,7490.5256,17812098
2024-07-29,NIFTY 50,Index,7490.5256,7633.9813,7396.5141,7456.0184,644638
2024-07-30,NIFTY 50,Index,7456.0184,7556.296,7270.2607,7415.1538,4977570
2024-07-31,NIFTY 50,Index,7415.1538,7526.1415,7187.322,7321.2345,2839311
2024-08-01,NIFTY 50,Index,7321.2345,7384.8419,7043.7097,7147.1211,2107460
2024-08-02,NIFTY 50,Index,7147.1211,7238.6724,7055.9684,7150.9599,2997365
2024-08-05,NIFTY 50,Index,7150.9599,7252.9575,7122.4604,7239.7245,1235217
2024-08-06,NIFTY 50,Index,7239.7245,7282.9038,7203.761,7280.9022,5768610
2024-08-07,NIFTY 50,Index,7280.9022,7316.9514,7197.7771,7206.7894,1368851
2024-08-08,NIFTY 50,Index,7206.7894,7482.9812,7109.8045,7393.2666,2419802
2024-08-09,NIFTY 50,Index,7393.2666,7563.1895,7255.351,7440.7177,5139834
2024-08-12,NIFTY 50,Index,7440.7177,7532.5039,7178.3857,7286.648,4019928
2024-08-13,NIFTY 50,Index,7286.648,7315.7057,7232.5646,7305.7029,18109318
2024-08-14,NIFTY 50,Index,7305.7029,7403.6154,7266.4197,7324.7524,7035415
2024-08-15,NIFTY 50,Index,7324.7524,7514.8331,7209.4041,7415.9835,2496395
2024-08-16,NIFTY 50,Index,7415.9835,7694.4498,7311.3498,7656.4152,1543243
2024-08-19,NIFTY 50,Index,7656.4152,7755.8448,7333.2533,7473.1934,426970
2024-08-20,NIFTY 50,Index,7473.1934,7476.4686,7377.049,7421.7347,554873
2024-08-21,NIFTY 50,Index,7421.7347,7494.6304,7210.8717,7347.1033,3282424
2024-08-22,NIFTY 50,Index,7347.1033,7437.5297,7250.8307,7377.0861,2244217
2024-08-23,NIFTY 50,Index,7377.0861,7400.761,7291.6296,7301.9241,1997969
2024-08-26,NIFTY 50,Index,7301.9241,7493.404,7183.0304,7363.5565,1156767
2024-08-27,NIFTY 50,Index,7363.5565,7406.1454,7243.9073,7289.0714,4547005
2024-08-28,NIFTY 50,Index,7289.0714,7380.3625,7237.044,7302.1486,621719
2024-08-29,NIFTY 50,Index,7302.1486,7536.3543,7257.1972,7419.2353,2049685
2024-08-30,NIFTY 50,Index,7419.2353,7494.2636,7156.6855,7293.9758,836203
2024-09-02,NIFTY 50,Index,7293.9758,7487.2629,7265.6951,7412.6717,384513
2024-09-03,NIFTY 50,Index,7412.6717,7586.375,7285.357,7461.3367,7625413
2024-09-04,NIFTY 50,Index,7461.3367,7552.4466,7396.1951,7419.9933,16044953
2024-09-05,NIFTY 50,Index,7419.9933,7522.9753,7278.6985,7312.2762,5580442
2024-09-06,NIFTY 50,Index,7312.2762,7350.4114,7300.0568,7326.7661,18711318
2024-09-09,NIFTY 50,Index,7326.7661,7378.6793,7282.7032,7298.0796,5000088
2024-09-10,NIFTY 50,Index,7298.0796,7400.7214,7262.2676,7311.8456,709829
2024-09-11,NIFTY 50,Index,7311.8456,7346.0947,7265.9705,7298.0167,1806810
2024-09-12,NIFTY 50,Index,7298.0167,7393.9708,7237.33,7312.527,5101452
2024-09-13,NIFTY 50,Index,7312.527,7565.8228,7209.8378,7461.8891,317853
2024-09-16,NIFTY 50,Index,7461.8891,7525.6761,7331.9736,7464.1775,893437
2024-09-17,NIFTY 50,Index,7464.1775,7545.2443,7373.7658,7527.8707,30074893
2024-09-18,NIFTY 50,Index,7527.8707,7549.3767,7388.5157,7492.219,1484449
2024-09-19,NIFTY 50,Index,7492.219,7626.4308,7410.9184,7441.3261,904890
2024-09-20,NIFTY 50,Index,7441.3261,7444.0234,7030.6153,7143.8827,4237879
2024-09-23,NIFTY 50,Index,7143.8827,7223.9911,7051.3752,7141.1287,1521196
2024-09-24,NIFTY 50,Index,7141.1287,7142.5539,6924.172,7025.8278,7558904
2024-09-25,NIFTY 50,Index,7025.8278,7276.6979,6907.3265,7159.09,3730380
2024-09-26,NIFTY 50,Index,7159.09,7272.4267,6874.6348,6937.2496,2711819
2024-09-27,NIFTY 50,Index,6937.2496,7097.1585,6872.5514,6974.058,2427540
2024-09-30,NIFTY 50,Index,6974.058,7086.1364,6831.3707,6956.8407,1626277
2024-10-01,NIFTY 50,Index,6956.8407,7032.2196,6795.9805,6930.1575,8374451
2024-10-02,NIFTY 50,Index,6930.1575,6962.4513,6878.1163,6952.1475,1867773
2024-10-03,NIFTY 50,Index,6952.1475,7090.7987,6846.0801,6923.4929,12561890
2024-10-04,NIFTY 50,Index,6923.4929,6972.0295,6762.8643,6813.6304,1641764
2024-10-07,NIFTY 50,Index,6813.6304,6876.8934,6698.3426,6796.5856,1762759
2024-10-08,NIFTY 50,Index,6796.5856,6931.2362,6766.9977,6930.077,8606312
2024-10-09,NIFTY 50,Index,6930.077,6930.8134,6799.2468,6910.435,26967300
2024-10-10,NIFTY 50,Index,6910.435,6949.569,6804.4959,6940.3434,14842559
2024-10-11,NIFTY 50,Index,6940.3434,7194.3834,6828.8812,7087.8184,4948761
2024-10-14,NIFTY 50,Index,7087.8184,7182.9593,6881.8172,6968.29,3461769
2024-10-15,NIFTY 50,Index,6968.29,6995.4629,6772.2677,6895.0561,5547352
2024-10-16,NIFTY 50,Index,6895.0561,7039.1623,6812.7077,6933.9445,4065297
2024-10-17,NIFTY 50,Index,6933.9445,7098.8176,6846.2452,7017.5812,4459696
2024-10-18,NIFTY 50,Index,7017.5812,7118.1287,6971.9743,7009.9602,967895
2024-10-21,NIFTY 50,Index,7009.9602,7043.8184,6915.9315,6945.7862,1192955
2024-10-22,NIFTY 50,Index,6945.7862,7107.8547,6919.6811,7036.4962,2794763
2024-10-23,NIFTY 50,Index,7036.4962,7116.1338,6920.84,7062.0668,2024155
2024-10-24,NIFTY 50,Index,7062.0668,7220.6529,6964.2771,7181.5927,5937405
2024-10-25,NIFTY 50,Index,7181.5927,7285.9034,7134.9825,7194.3376,3100804
2024-10-28,NIFTY 50,Index,7194.3376,7294.2872,7077.1921,7108.286,1776991
2024-10-29,NIFTY 50,Index,7108.286,7202.3953,6834.4779,6947.7173,6063967
2024-10-30,NIFTY 50,Index,6947.7173,7050.4403,6935.4358,7024.0687,6986892
2024-10-31,NIFTY 50,Index,7024.0687,7084.8053,6921.8288,6926.1436,13725074
2024-11-01,NIFTY 50,Index,6926.1436,7003.3476,6888.2889,6893.6631,5344305
2024-11-04,NIFTY 50,Index,6893.6631,7017.4621,6647.775,6767.9905,10476709
2024-11-05,NIFTY 50,Index,6767.9905,6974.3512,6656.2624,6838.1144,2440565
2024-11-06,NIFTY 50,Index,6838.1144,6916.9856,6782.9083,6792.0445,6228388
2024-11-07,NIFTY 50,Index,6792.0445,7023.9261,6675.4898,6912.4061,1452421
2024-11-08,NIFTY 50,Index,6912.4061,6930.3896,6901.2907,6904.3874,1975259
2024-11-11,NIFTY 50,Index,6904.3874,7111.9009,6861.1966,7032.2702,1798442
2024-11-12,NIFTY 50,Index,7032.2702,7034.2928,6802.0636,6907.6615,6529762
2024-11-13,NIFTY 50,Index,6907.6615,7053.5384,6792.0107,7048.0497,6136406
2024-11-14,NIFTY 50,Index,7048.0497,7252.9221,6926.1983,7163.4345,24644125
2024-11-15,NIFTY 50,Index,7163.4345,7486.6083,7055.0188,7341.1537,18901948
2024-11-18,NIFTY 50,Index,7341.1537,7596.8099,7307.5495,7538.1285,1998398
2024-11-19,NIFTY 50,Index,7538.1285,7761.552,7486.582,7619.952,3833002
2024-11-20,NIFTY 50,Index,7619.952,7771.6853,7307.8585,7454.126,3764664
2024-11-21,NIFTY 50,Index,7454.126,7689.8486,7365.6965,7581.4192,5662157
2024-11-22,NIFTY 50,Index,7581.4192,7683.7359,7473.5098,7576.1717,1701308
2024-11-25,NIFTY 50,Index,7576.1717,7667.4687,7500.3555,7641.8902,2784639
2024-11-26,NIFTY 50,Index,7641.8902,7872.5793,7599.8158,7771.758,9603626
2024-11-27,NIFTY 50,Index,7771.758,7914.9435,7743.8798,7821.1983,1176466
2024-11-28,NIFTY 50,Index,7821.1983,7925.652,7646.6446,7776.8868,20174880
2024-11-29,NIFTY 50,Index,7776.8868,7949.9456,7646.5221,7840.2387,12371019
2024-12-02,NIFTY 50,Index,7840.2387,7903.2566,7703.5562,7727.3086,69856029
2024-12-03,NIFTY 50,Index,7727.3086,7869.6931,7449.908,7537.8278,5602918
2024-12-04,NIFTY 50,Index,7537.8278,7545.6656,7338.7953,7343.4575,9948234
2024-12-05,NIFTY 50,Index,7343.4575,7432.5846,7128.8606,7256.72,2816469
2024-12-06,NIFTY 50,Index,7256.72,7325.8481,7131.4695,7295.0293,7269360
2024-12-09,NIFTY 50,Index,7295.0293,7402.6202,7237.2903,7279.0018,4040498
2024-12-10,NIFTY 50,Index,7279.0018,7380.7117,7155.6391,7312.7022,3522833
2024-12-11,NIFTY 50,Index,7312.7022,7322.5037,7152.5858,7294.8862,2013472
2024-12-12,NIFTY 50,Index,7294.8862,7472.2064,7282.4698,7334.6142,4450157
2024-12-13,NIFTY 50,Index,7334.6142,7365.5359,7230.1905,7263.5105,2736816
2024-12-16,NIFTY 50,Index,7263.5105,7278.1796,7053.5052,7077.2126,2594980
2024-12-17,NIFTY 50,Index,7077.2126,7190.2064,6853.6177,6898.6319,2057874
2024-12-18,NIFTY 50,Index,6898.6319,6916.524,6760.8197,6795.6765,1526996
2024-12-19,NIFTY 50,Index,6795.6765,6945.971,6767.0658,6937.2904,1046992
2024-12-20,NIFTY 50,Index,6937.2904,6984.831,6780.57,6899.891,4556499
2024-12-23,NIFTY 50,Index,6899.891,6977.6401,6595.6756,6703.4408,2813376
2024-12-24,NIFTY 50,Index,6703.4408,6797.2577,6684.1243,6729.224,1129157
2024-12-25,NIFTY 50,Index,6729.224,6794.879,6576.4275,6587.2665,7140991
2024-12-26,NIFTY 50,Index,6587.2665,6695.6113,6395.6153,6402.9119,2204911
2024-12-27,NIFTY 50,Index,6402.9119,6495.7549,6218.6822,6290.9384,320630
2024-12-30,NIFTY 50,Index,6290.9384,6509.7591,6251.4469,6399.4074,6463559
2024-12-31,NIFTY 50,Index,6399.4074,6647.807,6285.5594,6518.8062,3748333
2025-01-01,NIFTY 50,Index,6518.8062,6582.6113,6309.9491,6404.9526,1983980
2025-01-02,NIFTY 50,Index,6404.9526,6512.3292,6043.45,6087.4506,752439
2025-01-03,NIFTY 50,Index,6087.4506,6127.4126,6009.2746,6064.3375,9383202
2025-01-06,NIFTY 50,Index,6064.3375,6088.1606,5906.8606,6021.442,4615565
2025-01-07,NIFTY 50,Index,6021.442,6116.9694,5962.477,6046.9082,931817
2025-01-08,NIFTY 50,Index,6046.9082,6113.7461,5892.6695,5936.8603,6329446
2025-01-09,NIFTY 50,Index,5936.8603,6004.6447,5837.4665,5859.1772,4886995
2025-01-10,NIFTY 50,Index,5859.1772,5880.6028,5685.6058,5781.0758,1599100
2025-01-13,NIFTY 50,Index,5781.0758,5928.6132,5715.0258,5815.7953,2701070
2025-01-14,NIFTY 50,Index,5815.7953,5908.5843,5744.4837,5787.0055,1207364
2025-01-15,NIFTY 50,Index,5787.0055,5896.8402,5694.8849,5798.826,1404373
2025-01-16,NIFTY 50,Index,5798.826,5871.5769,5773.5191,5845.7964,1229554
2025-01-17,NIFTY 50,Index,5845.7964,5876.5743,5815.8501,5815.9261,5603596
2025-01-20,NIFTY 50,Index,5815.9261,5916.8257,5728.6563,5843.5097,4757424
2025-01-21,NIFTY 50,Index,5843.5097,5884.5568,5821.8938,5832.8335,1000604
2025-01-22,NIFTY 50,Index,5832.8335,5911.8586,5798.8326,5907.1259,3180878
2025-01-23,NIFTY 50,Index,5907.1259,6014.4507,5795.9835,5850.7546,1570818
2025-01-24,NIFTY 50,Index,5850.7546,6010.6546,5793.7372,5992.1398,2661050
2025-01-27,NIFTY 50,Index,5992.1398,6291.5463,5899.9269,6168.2361,805321
2025-01-28,NIFTY 50,Index,6168.2361,6299.9288,6164.478,6278.4929,2268578
2025-01-29,NIFTY 50,Index,6278.4929,6342.6065,6147.3593,6223.9297,1077330
2025-01-30,NIFTY 50,Index,6223.9297,6290.2203,6217.6755,6227.7836,7934511
2025-01-31,NIFTY 50,Index,6227.7836,6289.5548,6123.2589,6234.9147,1958822
2025-02-03,NIFTY 50,Index,6234.9147,6241.1015,6003.2522,6091.5305,2418124
2025-02-04,NIFTY 50,Index,6091.5305,6150.5048,6070.3933,6116.1261,1337759
2025-02-05,NIFTY 50,Index,6116.1261,6278.8543,6024.2901,6229.9994,2008386
2025-02-06,NIFTY 50,Index,6229.9994,6291.9157,6145.5963,6262.241,2092264
2025-02-07,NIFTY 50,Index,6262.241,6382.9644,6253.9542,6333.8992,3663279
2025-02-10,NIFTY 50,Index,6333.8992,6511.9173,6290.1846,6481.5286,3752168
2025-02-11,NIFTY 50,Index,6481.5286,6567.2976,6402.2642,6532.6099,3976232
2025-02-12,NIFTY 50,Index,6532.6099,6643.4172,6298.091,6419.7009,10292017
2025-02-13,NIFTY 50,Index,6419.7009,6489.3461,6383.5431,6453.5335,5572759
2025-02-14,NIFTY 50,Index,6453.5335,6633.0165,6325.7395,6551.4264,9233767
2025-02-17,NIFTY 50,Index,6551.4264,6561.7697,6389.3517,6446.4411,909481
2025-02-18,NIFTY 50,Index,6446.4411,6554.0415,6249.9035,6369.0667,935299
2025-02-19,NIFTY 50,Index,6369.0667,6487.3569,6318.4049,6326.2252,1030243
2025-02-20,NIFTY 50,Index,6326.2252,6448.7105,6168.5681,6224.1767,4405621
2025-02-21,NIFTY 50,Index,6224.1767,6282.8035,5991.7019,6072.0859,3301477
2025-02-24,NIFTY 50,Index,6072.0859,6220.096,5962.2589,6149.0267,7392724
2025-02-25,NIFTY 50,Index,6149.0267,6209.9831,6148.1808,6203.0846,6576502
2025-02-26,NIFTY 50,Index,6203.0846,6315.5868,6153.1614,6264.0714,1069371
2025-02-27,NIFTY 50,Index,6264.0714,6350.6478,6206.6632,6240.5661,5920472
2025-02-28,NIFTY 50,Index,6240.5661,6283.265,6142.1456,6195.421,1997176
2025-03-03,NIFTY 50,Index,6195.421,6254.4024,6134.3565,6218.5901,18122552
2025-03-04,NIFTY 50,Index,6218.5901,6347.8509,6198.1427,6293.2452,643837
2025-03-05,NIFTY 50,Index,6293.2452,6420.5549,6249.953,6306.7294,1192229
2025-03-06,NIFTY 50,Index,6306.7294,6508.2769,6203.1753,6389.2383,11426621
2025-03-07,NIFTY 50,Index,6389.2383,6692.2736,6338.1859,6574.1511,7347636
2025-03-10,NIFTY 50,Index,6574.1511,6635.9815,6498.3041,6622.1473,5424124
2025-03-11,NIFTY 50,Index,6622.1473,6752.0166,6494.0058,6522.0108,2966465
2025-03-12,NIFTY 50,Index,6522.0108,6635.1574,6517.7789,6538.5353,1657065
2025-03-13,NIFTY 50,Index,6538.5353,6595.6113,6515.9742,6582.0174,26186796
2025-03-14,NIFTY 50,Index,6582.0174,6705.5376,6306.7823,6411.7738,5851709
2025-03-17,NIFTY 50,Index,6411.7738,6456.338,6400.9,6407.3521,5130201
2025-03-18,NIFTY 50,Index,6407.3521,6480.5345,6378.324,6421.7206,2417794
2025-03-19,NIFTY 50,Index,6421.7206,6495.9084,6242.0396,6287.208,6281963
2025-03-20,NIFTY 50,Index,6287.208,6390.0343,6243.0946,6329.6055,5042379
2025-03-21,NIFTY 50,Index,6329.6055,6483.3047,6303.1402,6441.0284,1946205
2025-03-24,NIFTY 50,Index,6441.0284,6503.1369,6328.1161,6436.364,1395313
2025-03-25,NIFTY 50,Index,6436.364,6540.4279,6279.4862,6384.6572,889715
2025-03-26,NIFTY 50,Index,6384.6572,6423.3848,6193.0014,6310.7029,349294
2025-03-27,NIFTY 50,Index,6310.7029,6348.5528,6250.676,6344.4088,23142343
2025-03-28,NIFTY 50,Index,6344.4088,6427.6994,6115.9821,6237.1259,2391851
2025-03-31,NIFTY 50,Index,6237.1259,6409.0011,6185.0251,6400.2391,5384772
2025-04-01,NIFTY 50,Index,6400.2391,6548.4075,6315.5284,6427.7607,1319801
2025-04-02,NIFTY 50,Index,6427.7607,6498.5514,6357.1378,6408.8195,1740553
2025-04-03,NIFTY 50,Index,6408.8195,6528.4326,6360.951,6449.5123,5013361
2025-04-04,NIFTY 50,Index,6449.5123,6495.2907,6353.5016,6406.4409,2449035
2025-04-07,NIFTY 50,Index,6406.4409,6528.7214,6355.7968,6519.5799,11835302
2025-04-08,NIFTY 50,Index,6519.5799,6627.4531,6479.2271,6484.6632,2304524
2025-04-09,NIFTY 50,Index,6484.6632,6598.7064,6298.9325,6369.8983,2440576
2025-04-10,NIFTY 50,Index,6369.8983,6466.408,6247.836,6373.1703,675797
2025-04-11,NIFTY 50,Index,6373.1703,6528.6374,6256.3602,6408.8805,2530859
2025-04-14,NIFTY 50,Index,6408.8805,6595.3056,6312.44,6542.5451,13652835
2025-04-15,NIFTY 50,Index,6542.5451,6797.5429,6446.8281,6739.7886,4643330
2025-04-16,NIFTY 50,Index,6739.7886,6852.064,6639.098,6711.6234,4299577
2025-04-17,NIFTY 50,Index,6711.6234,6762.5029,6567.8274,6690.2674,10476183
2025-04-18,NIFTY 50,Index,6690.2674,6823.3938,6621.4787,6757.9739,2036483
2025-04-21,NIFTY 50,Index,6757.9739,6872.6295,6752.6662,6828.2173,559838
2025-04-22,NIFTY 50,Index,6828.2173,7032.9894,6736.5699,6984.6825,1636135
2025-04-23,NIFTY 50,Index,6984.6825,7165.7788,6846.3393,7127.8688,2034284
2025-04-24,NIFTY 50,Index,7127.8688,7232.0078,7029.7828,7137.8586,2335230
2025-04-25,NIFTY 50,Index,7137.8586,7219.4944,7094.0013,7187.4848,1033158
2025-04-28,NIFTY 50,Index,7187.4848,7210.5171,6923.5128,6947.2636,11539864
2025-04-29,NIFTY 50,Index,6947.2636,7232.8604,6935.5745,7105.255,2030944
2025-04-30,NIFTY 50,Index,7105.255,7107.6129,6924.9339,7017.8102,2611027
2025-05-01,NIFTY 50,Index,7017.8102,7050.6273,6897.4107,6900.6827,4612846
2025-05-02,NIFTY 50,Index,6900.6827,7020.5351,6736.8887,6864.0751,1968394
2025-05-05,NIFTY 50,Index,6864.0751,6869.4828,6726.8709,6804.9853,2939583
2025-05-06,NIFTY 50,Index,6804.9853,6884.3658,6768.8754,6770.4059,3013091
2025-05-07,NIFTY 50,Index,6770.4059,6775.8571,6624.834,6703.717,8927017
2025-05-08,NIFTY 50,Index,6703.717,6813.7198,6666.8145,6740.3579,3034725
2025-05-09,NIFTY 50,Index,6740.3579,6862.2564,6589.5446,6639.3025,8322121
2025-05-12,NIFTY 50,Index,6639.3025,6695.8854,6469.0165,6578.5311,3505799
2025-05-13,NIFTY 50,Index,6578.5311,6608.2764,6415.5914,6522.204,6293579
2025-05-14,NIFTY 50,Index,6522.204,6635.7802,6319.3428,6329.9169,1776182
2025-05-15,NIFTY 50,Index,6329.9169,6402.692,6267.5628,6396.1304,1505997
2025-05-16,NIFTY 50,Index,6396.1304,6446.6051,6146.8263,6212.6733,1663640
2025-05-19,NIFTY 50,Index,6212.6733,6338.5229,6118.2207,6238.0366,998421
2025-05-20,NIFTY 50,Index,6238.0366,6271.4942,6178.8735,6223.8187,2758870
2025-05-21,NIFTY 50,Index,6223.8187,6391.4524,6219.5028,6384.2152,1376326
2025-05-22,NIFTY 50,Index,6384.2152,6561.5546,6302.3052,6536.2677,1384015
2025-05-23,NIFTY 50,Index,6536.2677,6707.5881,6497.4047,6589.5443,2360567
2025-05-26,NIFTY 50,Index,6589.5443,6621.2442,6457.1327,6545.1498,783754
2025-05-27,NIFTY 50,Index,6545.1498,6706.602,6493.1823,6597.8236,8649365
2025-05-28,NIFTY 50,Index,6597.8236,6695.4088,6509.245,6647.4838,1630078
2025-05-29,NIFTY 50,Index,6647.4838,6779.4472,6591.2606,6611.9164,2659597
2025-05-30,NIFTY 50,Index,6611.9164,6751.0501,6497.3846,6673.9253,9973411
2025-06-02,NIFTY 50,Index,6673.9253,6756.6005,6593.1992,6647.87,526504
2025-06-03,NIFTY 50,Index,6647.87,6722.8888,6356.7654,6466.7749,1491822
2025-06-04,NIFTY 50,Index,6466.7749,6631.695,6365.9557,6558.7368,5625544
2025-06-05,NIFTY 50,Index,6558.7368,6659.506,6445.1969,6625.9751,1584458
2025-06-06,NIFTY 50,Index,6625.9751,6715.6224,6504.6918,6582.9289,7998171
2025-06-09,NIFTY 50,Index,6582.9289,6822.8093,6526.4391,6745.1911,8180919
2025-06-10,NIFTY 50,Index,6745.1911,6871.0472,6651.7899,6840.0927,1519876
2025-06-11,NIFTY 50,Index,6840.0927,7008.7978,6810.1722,6905.617,876533
2025-06-12,NIFTY 50,Index,6905.617,7025.1394,6804.2217,7018.8229,4526397
2025-06-13,NIFTY 50,Index,7018.8229,7149.2129,6944.3851,6990.8,394405
2025-06-16,NIFTY 50,Index,6990.8,7002.2088,6923.6864,6959.6807,3196036
2025-06-17,NIFTY 50,Index,6959.6807,7029.1271,6883.3823,6969.6898,2488785
2025-06-18,NIFTY 50,Index,6969.6898,7062.2228,6781.2195,6914.7154,1369209
2025-06-19,NIFTY 50,Index,6914.7154,7155.9348,6905.1186,7085.0449,23003157
2025-06-20,NIFTY 50,Index,7085.0449,7156.5037,6955.0672,7108.0328,1472079
2025-06-23,NIFTY 50,Index,7108.0328,7209.6377,6955.2855,6996.3334,2471736
2025-06-24,NIFTY 50,Index,6996.3334,7327.5933,6885.4847,7197.9915,4175811
2025-06-25,NIFTY 50,Index,7197.9915,7466.4274,7155.4047,7327.7965,10435239
2025-06-26,NIFTY 50,Index,7327.7965,7495.543,7240.8212,7401.7318,1047914
2025-06-27,NIFTY 50,Index,7401.7318,7617.1586,7350.9957,7533.3011,940724
2025-06-30,NIFTY 50,Index,7533.3011,7593.8729,7341.0531,7449.6601,4356298
2025-07-01,NIFTY 50,Index,7449.6601,7449.6646,7304.1706,7409.7051,4311183
2025-07-02,NIFTY 50,Index,7409.7051,7411.6165,7189.1807,7267.7156,1532090
2025-07-03,NIFTY 50,Index,7267.7156,7348.7018,7187.9346,7336.2219,51959733
2025-07-04,NIFTY 50,Index,7336.2219,7552.7568,7300.9642,7494.4907,667424
2025-07-07,NIFTY 50,Index,7494.4907,7508.9768,7438.5272,7464.9377,1760181
2025-07-08,NIFTY 50,Index,7464.9377,7544.3454,7333.2409,7463.6486,4302651
2025-07-09,NIFTY 50,Index,7463.6486,7509.2879,7343.351,7402.9751,9017208
2025-07-10,NIFTY 50,Index,7402.9751,7586.6435,7383.2521,7539.111,10240420
2025-07-11,NIFTY 50,Index,7539.111,7626.3373,7334.5314,7437.6804,4531774
2025-07-14,NIFTY 50,Index,7437.6804,7687.3597,7363.3097,7555.4625,7420287
2025-07-15,NIFTY 50,Index,7555.4625,7670.6916,7551.5806,7642.1649,13789882
2025-07-16,NIFTY 50,Index,7642.1649,7736.4855,7462.7243,7591.7784,574863
2025-07-17,NIFTY 50,Index,7591.7784,7738.0689,7544.0061,7560.3432,2571107
2025-07-18,NIFTY 50,Index,7560.3432,7937.3468,7547.3345,7852.3258,1719949
2025-07-21,NIFTY 50,Index,7852.3258,8031.0947,7752.1656,7993.7255,31909106
2025-07-22,NIFTY 50,Index,7993.7255,8273.9847,7944.5208,8232.4419,3205989
2025-07-23,NIFTY 50,Index,8232.4419,8473.253,8136.4301,8338.187,4150873
2025-07-24,NIFTY 50,Index,8338.187,8445.0768,8163.5306,8240.3607,12815355
2025-07-25,NIFTY 50,Index,8240.3607,8409.4008,8181.2573,8316.8402,1302454
2025-07-28,NIFTY 50,Index,8316.8402,8444.3419,8156.4895,8272.6553,2798052
2025-07-29,NIFTY 50,Index,8272.6553,8493.7183,8147.5308,8426.9871,1009694
2025-07-30,NIFTY 50,Index,8426.9871,8584.5263,8103.4496,8144.3144,1006067
2025-07-31,NIFTY 50,Index,8144.3144,8331.8456,8082.7695,8173.3926,1228354
2025-08-01,NIFTY 50,Index,8173.3926,8256.0962,8127.2015,8153.6066,1993984
2025-08-04,NIFTY 50,Index,8153.6066,8218.9503,7885.2988,7903.5,1646235
2025-08-05,NIFTY 50,Index,7903.5,7964.7164,7776.6054,7880.5802,8537311
2025-08-06,NIFTY 50,Index,7880.5802,8128.4916,7752.328,8118.5146,1499593
2025-08-07,NIFTY 50,Index,8118.5146,8297.4008,8093.9265,8141.9601,5448565
2025-08-08,NIFTY 50,Index,8141.9601,8541.1896,8076.5863,8442.9581,1900671
2025-08-11,NIFTY 50,Index,8442.9581,8509.1074,8312.8172,8339.9489,2277095
2025-08-12,NIFTY 50,Index,8339.9489,8349.7175,8146.3182,8237.3185,6429721
2025-08-13,NIFTY 50,Index,8237.3185,8459.3435,8180.4018,8362.8394,4218527
2025-08-14,NIFTY 50,Index,8362.8394,8401.8395,8268.1971,8388.5386,13134231
2025-08-15,NIFTY 50,Index,8388.5386,8438.2534,8341.3456,8365.3491,7303902
2025-08-18,NIFTY 50,Index,8365.3491,8465.0105,8326.5944,8340.0411,1035741
2025-08-19,NIFTY 50,Index,8340.0411,8506.5943,8260.504,8492.9739,4489029
2025-08-20,NIFTY 50,Index,8492.9739,8770.3451,8445.911,8635.0393,5042968
2025-08-21,NIFTY 50,Index,8635.0393,8717.1272,8565.0225,8710.1094,1449123
2025-08-22,NIFTY 50,Index,8710.1094,9226.3303,8593.0018,9056.7984,5563538
2025-08-25,NIFTY 50,Index,9056.7984,9422.6666,9052.8015,9246.8774,3007500
2025-08-26,NIFTY 50,Index,9246.8774,9271.3224,9087.1788,9167.8292,7604747
2025-08-27,NIFTY 50,Index,9167.8292,9177.8341,8888.8001,8996.6631,15086284
2025-08-28,NIFTY 50,Index,8996.6631,9035.5886,8888.3603,8967.7386,7329696
2025-08-29,NIFTY 50,Index,8967.7386,9077.919,8824.2937,9014.2598,10944502
2025-09-01,NIFTY 50,Index,9014.2598,9304.618,8872.8431,9188.5739,4044829
2025-09-02,NIFTY 50,Index,9188.5739,9364.617,8884.4094,8981.6109,18750649
2025-09-03,NIFTY 50,Index,8981.6109,9093.9979,8702.5902,8803.2301,5418483
2025-09-04,NIFTY 50,Index,8803.2301,9084.9075,8763.3034,8990.7916,5690022
2025-09-05,NIFTY 50,Index,8990.7916,9070.2403,8884.4583,8913.5819,4134917
2025-09-08,NIFTY 50,Index,8913.5819,8982.5208,8838.0561,8847.1067,1889520
2025-09-09,NIFTY 50,Index,8847.1067,8973.6487,8779.3761,8887.7408,268741
2025-09-10,NIFTY 50,Index,8887.7408,8977.6308,8853.0425,8864.0413,3949546
2025-09-11,NIFTY 50,Index,8864.0413,8984.0879,8708.3828,8883.5231,1568204
2025-09-12,NIFTY 50,Index,8883.5231,8967.7975,8866.11,8959.0723,3502003
2025-09-15,NIFTY 50,Index,8959.0723,9252.8926,8789.5719,9244.4644,5935115
2025-09-16,NIFTY 50,Index,9244.4644,9258.7355,9148.3794,9179.5692,7429483
2025-09-17,NIFTY 50,Index,9179.5692,9245.3205,8779.5787,8956.8354,3684333
2025-09-18,NIFTY 50,Index,8956.8354,9028.0695,8888.3802,9002.4025,3726651
2025-09-19,NIFTY 50,Index,9002.4025,9003.1564,8779.1955,8898.5129,3620327
2025-09-22,NIFTY 50,Index,8898.5129,8985.655,8679.8288,8752.5525,19195138
2025-09-23,NIFTY 50,Index,8752.5525,8897.4726,8697.3477,8769.6711,5429843
2025-09-24,NIFTY 50,Index,8769.6711,8786.6783,8558.1965,8588.9504,1855883
2025-09-25,NIFTY 50,Index,8588.9504,8766.3545,8507.34,8671.5007,9250503
2025-09-26,NIFTY 50,Index,8671.5007,8807.1968,8387.497,8557.3631,880123
2025-09-29,NIFTY 50,Index,8557.3631,8767.7325,8518.9136,8624.459,2307572
2025-09-30,NIFTY 50,Index,8624.459,8793.1915,8398.9685,8429.4649,595922
2025-10-01,NIFTY 50,Index,8429.4649,8552.6818,8286.2583,8356.4543,9606031
2025-10-02,NIFTY 50,Index,8356.4543,8646.3657,8211.6498,8509.5047,4338096
2025-10-03,NIFTY 50,Index,8509.5047,8556.333,8438.7365,8532.4443,2266524
2025-10-06,NIFTY 50,Index,8532.4443,8621.1154,8087.6784,8252.148,9860728
2025-10-07,NIFTY 50,Index,8252.148,8369.712,8230.1957,8303.9446,1427738
2025-10-08,NIFTY 50,Index,8303.9446,8558.8674,8234.4589,8476.845,1015873
2025-10-09,NIFTY 50,Index,8476.845,8723.9716,8449.4719,8624.6854,578073
2025-10-10,NIFTY 50,Index,8624.6854,9061.9349,8588.4432,8959.7424,840530
2025-10-13,NIFTY 50,Index,8959.7424,9227.2368,8912.9434,9124.3339,1751356
2025-10-14,NIFTY 50,Index,9124.3339,9357.909,8990.2016,9211.2215,19358751
2025-10-15,NIFTY 50,Index,9211.2215,9235.7569,9129.7956,9177.7647,37562033
2025-10-16,NIFTY 50,Index,9177.7647,9526.509,9124.8669,9429.6275,748452
2025-10-17,NIFTY 50,Index,9429.6275,9486.0925,9291.0859,9432.2108,2602835
2025-10-20,NIFTY 50,Index,9432.2108,9621.9469,9399.3095,9444.119,2280474
2025-10-21,NIFTY 50,Index,9444.119,9562.2993,9218.0738,9320.7007,3072984
2025-10-22,NIFTY 50,Index,9320.7007,9573.1426,9284.1087,9404.5057,265445
2025-10-23,NIFTY 50,Index,9404.5057,9653.2858,9252.1224,9539.3958,3932595
2025-10-24,NIFTY 50,Index,9539.3958,9943.6301,9430.2417,9765.3075,2108008
2025-10-27,NIFTY 50,Index,9765.3075,9804.104,9636.609,9684.4224,1483607
2025-10-28,NIFTY 50,Index,9684.4224,9878.0524,9601.8143,9763.2383,521879
2025-10-29,NIFTY 50,Index,9763.2383,9780.3803,9626.7806,9659.9779,3992846
2025-10-30,NIFTY 50,Index,9659.9779,9714.7083,9371.4632,9447.0991,3591657
2025-10-31,NIFTY 50,Index,9447.0991,9793.3545,9270.8629,9639.3835,10665936
2025-11-03,NIFTY 50,Index,9639.3835,9748.2296,9499.0968,9626.7528,8880949
2025-11-04,NIFTY 50,Index,9626.7528,9892.2936,9488.0973,9698.9072,3988595
2025-11-05,NIFTY 50,Index,9698.9072,9805.9518,9654.0826,9796.3081,2271794
2025-11-06,NIFTY 50,Index,9796.3081,9839.5394,9731.6387,9758.5969,5131411
2025-11-07,NIFTY 50,Index,9758.5969,9893.3119,9711.9378,9761.5518,10330461
2025-11-10,NIFTY 50,Index,9761.5518,9942.1896,9681.3738,9880.4177,7172838
2025-11-11,NIFTY 50,Index,9880.4177,10026.8057,9725.9095,9966.3329,3943340
2025-11-12,NIFTY 50,Index,9966.3329,10277.6866,9887.8868,10082.9567,9383018
2025-11-13,NIFTY 50,Index,10082.9567,10291.7106,9966.9905,10143.7518,1437664
2025-11-14,NIFTY 50,Index,10143.7518,10213.549,10057.0296,10150.1734,758482
2025-11-17,NIFTY 50,Index,10150.1734,10397.7331,10067.891,10349.6641,7018817
2025-11-18,NIFTY 50,Index,10349.6641,10511.82,10037.491,10223.4042,1726700
2025-11-19,NIFTY 50,Index,10223.4042,10619.3335,10050.3988,10432.1812,1635150
2025-11-20,NIFTY 50,Index,10432.1812,10445.2071,10100.1328,10199.3055,1027892
2025-11-21,NIFTY 50,Index,10199.3055,10263.9574,9993.3749,10157.691,2076026
2025-11-24,NIFTY 50,Index,10157.691,10332.1388,9930.0282,10103.2445,6697759
2025-11-25,NIFTY 50,Index,10103.2445,10242.7345,9831.258,10020.6532,4991327
2025-11-26,NIFTY 50,Index,10020.6532,10120.9758,9725.9,9853.1485,11181533
2025-11-27,NIFTY 50,Index,9853.1485,9914.6448,9545.7679,9701.4561,3365552
2025-11-28,NIFTY 50,Index,9701.4561,9829.9643,9539.9712,9685.6089,4595803
2025-12-01,NIFTY 50,Index,9685.6089,9833.0221,9549.0339,9807.1925,2134475
2025-12-02,NIFTY 50,Index,9807.1925,9984.6508,9635.9505,9934.5183,10336786
2025-12-03,NIFTY 50,Index,9934.5183,10103.2258,9831.1723,9907.1396,19905690
2025-12-04,NIFTY 50,Index,9907.1396,10069.8215,9869.6519,9960.4735,2340472
2025-12-05,NIFTY 50,Index,9960.4735,10097.6582,9868.6582,9977.0727,19906058
2025-12-08,NIFTY 50,Index,9977.0727,10179.1564,9956.0408,10036.7572,4769868
2025-12-09,NIFTY 50,Index,10036.7572,10251.9387,9963.8938,10110.9867,8346286
2025-12-10,NIFTY 50,Index,10110.9867,10191.7322,10028.5259,10168.834,6005755
2025-12-11,NIFTY 50,Index,10168.834,10311.5632,10113.8085,10182.9775,3942381
2025-12-12,NIFTY 50,Index,10182.9775,10419.53,10154.6171,10338.2462,1575897
2025-12-15,NIFTY 50,Index,10338.2462,10546.9428,10261.9218,10345.0532,2510089
2025-12-16,NIFTY 50,Index,10345.0532,10452.7542,10046.5043,10135.8345,933507
2025-12-17,NIFTY 50,Index,10135.8345,10244.1757,10107.7842,10141.1903,9321658
2025-12-18,NIFTY 50,Index,10141.1903,10298.0914,10056.9889,10176.9116,1863966
2025-12-19,NIFTY 50,Index,10176.9116,10434.2535,10009.9587,10393.5704,2231239
2025-12-22,NIFTY 50,Index,10393.5704,10488.7815,10188.9325,10241.5015,20322953
2025-12-23,NIFTY 50,Index,10241.5015,10323.3515,10119.4126,10257.528,17042769
2025-12-24,NIFTY 50,Index,10257.528,10449.1113,10186.7476,10260.1821,3338593
2025-12-25,NIFTY 50,Index,10260.1821,10260.2287,9862.5454,10046.3948,2172445
2025-12-26,NIFTY 50,Index,10046.3948,10155.5356,10022.2104,10121.5647,6449903
2025-12-29,NIFTY 50,Index,10121.5647,10335.7842,10034.4108,10147.2866,2450022
2025-12-30,NIFTY 50,Index,10147.2866,10226.3419,10071.2174,10155.4908,1153316
2025-12-31,NIFTY 50,Index,10155.4908,10403.2314,10148.262,10380.2695,7329822
2022-01-03,SENSEX,Index,19889.4409,20407.5178,19712.7497,20269.1828,2088121
2022-01-04,SENSEX,Index,20269.1828,20656.5753,19918.1061,20306.7127,25192982
2022-01-05,SENSEX,Index,20306.7127,20594.4207,19905.9004,20397.2883,3196992
2022-01-06,SENSEX,Index,20397.2883,20616.9242,19754.735,20154.6581,7446687
2022-01-07,SENSEX,Index,20154.6581,20157.4726,19705.5223,19865.832,12037146
2022-01-10,SENSEX,Index,19865.832,20205.2684,19537.0431,20069.8648,1880558
2022-01-11,SENSEX,Index,20069.8648,20097.2348,19766.2126,19840.4652,1529263
2022-01-12,SENSEX,Index,19840.4652,20006.0914,19173.7187,19319.335,5238482
2022-01-13,SENSEX,Index,19319.335,19360.6014,18366.6225,18723.6461,2999422
2022-01-14,SENSEX,Index,18723.6461,18835.2638,18567.2979,18687.045,2357951
2022-01-17,SENSEX,Index,18687.045,18868.9317,18449.7544,18822.8166,1885018
2022-01-18,SENSEX,Index,18822.8166,18908.9831,18463.1321,18879.5851,12034379
2022-01-19,SENSEX,Index,18879.5851,19115.5683,18557.1434,19051.2475,2164253
2022-01-20,SENSEX,Index,19051.2475,19352.5142,18695.0671,19059.2148,2360511
2022-01-21,SENSEX,Index,19059.2148,19167.5414,18908.0393,19017.9511,4041366
2022-01-24,SENSEX,Index,19017.9511,19225.0776,18567.9846,18627.5479,659824
2022-01-25,SENSEX,Index,18627.5479,18743.1537,18198.6128,18383.6796,5463578
2022-01-26,SENSEX,Index,18383.6796,18809.5566,18326.4058,18569.8076,7354321
2022-01-27,SENSEX,Index,18569.8076,18709.9588,18185.152,18336.8034,3604416
2022-01-28,SENSEX,Index,18336.8034,18402.484,18093.9522,18237.0098,2888566
2022-01-31,SENSEX,Index,18237.0098,18594.9139,17994.6888,18133.0865,4279277
2022-02-01,SENSEX,Index,18133.0865,18360.7179,17887.2997,17956.2575,10550859
2022-02-02,SENSEX,Index,17956.2575,18305.2194,17836.0264,18279.9795,5287774
2022-02-03,SENSEX,Index,18279.9795,18701.758,18225.6855,18569.5584,787820
2022-02-04,SENSEX,Index,18569.5584,19064.4641,18520.435,18919.8696,4779123
2022-02-07,SENSEX,Index,18919.8696,19033.35,18510.1382,18751.2018,1607532
2022-02-08,SENSEX,Index,18751.2018,19348.5942,18442.1829,19209.3258,7483638
2022-02-09,SENSEX,Index,19209.3258,19517.0356,19102.8051,19171.8847,779843
2022-02-10,SENSEX,Index,19171.8847,19560.2673,18907.2947,19550.3558,1080401
2022-02-11,SENSEX,Index,19550.3558,19788.7969,19355.3663,19449.0344,2810016
2022-02-14,SENSEX,Index,19449.0344,19506.278,19128.972,19243.6554,2688811
2022-02-15,SENSEX,Index,19243.6554,19294.8388,19125.238,19247.3949,2634991
2022-02-16,SENSEX,Index,19247.3949,19687.6316,19034.1364,19345.4194,17083391
2022-02-17,SENSEX,Index,19345.4194,19409.7349,18600.4974,18947.8066,3827649
2022-02-18,SENSEX,Index,18947.8066,19235.7465,18515.2759,18641.6001,746443
2022-02-21,SENSEX,Index,18641.6001,18931.6036,18545.7589,18912.8398,4168241
2022-02-22,SENSEX,Index,18912.8398,19194.227,18143.8906,18483.6979,2686418
2022-02-23,SENSEX,Index,18483.6979,18839.1581,17818.0896,17978.0411,1342014
2022-02-24,SENSEX,Index,17978.0411,18305.0791,17193.307,17391.2034,2779762
2022-02-25,SENSEX,Index,17391.2034,17697.3399,17240.3541,17577.1652,5853622
2022-02-28,SENSEX,Index,17577.1652,17856.2678,17149.8586,17478.807,8900622
2022-03-01,SENSEX,Index,17478.807,18136.7994,17183.4013,17849.3895,6652804
2022-03-02,SENSEX,Index,17849.3895,17992.8544,17467.2601,17705.8486,2870336
2022-03-03,SENSEX,Index,17705.8486,18269.5392,17481.0749,18140.0258,2368984
2022-03-04,SENSEX,Index,18140.0258,18504.6707,18065.9911,18304.8926,1564739
2022-03-07,SENSEX,Index,18304.8926,18766.9657,18225.8039,18587.5581,1404312
2022-03-08,SENSEX,Index,18587.5581,18764.1772,18235.278,18568.7563,5656521
2022-03-09,SENSEX,Index,18568.7563,19187.4281,18402.8532,19091.1427,4090733
2022-03-10,SENSEX,Index,19091.1427,19091.5029,19006.7153,19021.653,2335211
2022-03-11,SENSEX,Index,19021.653,19513.9282,18963.3918,19301.3583,5191242
2022-03-14,SENSEX,Index,19301.3583,19786.7813,19004.2152,19501.5706,15067209
2022-03-15,SENSEX,Index,19501.5706,19658.4085,19248.6491,19524.9977,4820132
2022-03-16,SENSEX,Index,19524.9977,19843.5462,19196.4153,19428.5131,1509714
2022-03-17,SENSEX,Index,19428.5131,19760.5648,19129.3947,19260.3669,299447
2022-03-18,SENSEX,Index,19260.3669,19492.0925,19094.5942,19421.4692,5016215
2022-03-21,SENSEX,Index,19421.4692,19787.0267,19174.6909,19577.4122,1419362
2022-03-22,SENSEX,Index,19577.4122,19593.6604,19287.7271,19412.7716,1773764
2022-03-23,SENSEX,Index,19412.7716,20007.1618,19243.7266,19743.808,3938916
2022-03-24,SENSEX,Index,19743.808,19866.6756,19722.948,19764.3342,7052125
2022-03-25,SENSEX,Index,19764.3342,19884.0171,19381.3241,19589.9456,4700200
2022-03-28,SENSEX,Index,19589.9456,20255.1368,19441.1649,20188.0095,11883298
2022-03-29,SENSEX,Index,20188.0095,20594.7228,19815.4988,20299.3146,3565082
2022-03-30,SENSEX,Index,20299.3146,20538.1238,20028.6493,20459.5495,13898697
2022-03-31,SENSEX,Index,20459.5495,21088.421,20243.228,20883.8487,16862698
2022-04-01,SENSEX,Index,20883.8487,21049.0385,20547.5459,20966.1986,407542
2022-04-04,SENSEX,Index,20966.1986,21766.2944,20850.1489,21577.3986,1506628
2022-04-05,SENSEX,Index,21577.3986,21979.9758,20557.997,20944.4835,6928122
2022-04-06,SENSEX,Index,20944.4835,21253.2607,20287.0785,20301.9854,3363382
2022-04-07,SENSEX,Index,20301.9854,20675.7595,19670.5972,19675.3204,2373086
2022-04-08,SENSEX,Index,19675.3204,20361.8526,19641.7138,20166.2329,4688615
2022-04-11,SENSEX,Index,20166.2329,20425.5905,20070.8023,20177.7328,5244184
2022-04-12,SENSEX,Index,20177.7328,20207.9573,19324.1423,19365.2587,1741252
2022-04-13,SENSEX,Index,19365.2587,19440.7671,19035.0538,19229.235,6158395
2022-04-14,SENSEX,Index,19229.235,19243.2574,18930.9029,18950.8939,3987519
2022-04-15,SENSEX,Index,18950.8939,19270.7825,18834.7338,18934.1032,1831921
2022-04-18,SENSEX,Index,18934.1032,19104.1611,18575.6539,18792.7527,2993365
2022-04-19,SENSEX,Index,18792.7527,18911.3475,18237.3984,18276.3722,7156915
2022-04-20,SENSEX,Index,18276.3722,18556.5841,17718.5374,18067.7046,2521084
2022-04-21,SENSEX,Index,18067.7046,18611.916,17839.7731,18506.3536,7290833
2022-04-22,SENSEX,Index,18506.3536,18786.8272,18089.7755,18192.3506,191170
2022-04-25,SENSEX,Index,18192.3506,18359.4972,18015.654,18338.8754,2619480
2022-04-26,SENSEX,Index,18338.8754,18601.7883,18247.2749,18400.7028,7031272
2022-04-27,SENSEX,Index,18400.7028,18872.3252,18211.2704,18663.5848,2158447
2022-04-28,SENSEX,Index,18663.5848,18888.7472,18610.255,18639.9728,4844269
2022-04-29,SENSEX,Index,18639.9728,18990.4103,18592.957,18774.2565,3972246
2022-05-02,SENSEX,Index,18774.2565,19347.6596,18443.8905,19191.6634,5119850
2022-05-03,SENSEX,Index,19191.6634,19655.3843,19141.2707,19413.2984,4322168
2022-05-04,SENSEX,Index,19413.2984,19766.1648,18839.4066,19130.3409,1736044
2022-05-05,SENSEX,Index,19130.3409,19200.7576,18510.4763,18794.8236,9379019
2022-05-06,SENSEX,Index,18794.8236,19026.6096,18352.1663,18366.9825,2828042
2022-05-09,SENSEX,Index,18366.9825,18421.3335,17912.6112,18272.4523,439126
2022-05-10,SENSEX,Index,18272.4523,18346.8339,17891.9935,18171.4932,2408177
2022-05-11,SENSEX,Index,18171.4932,18642.335,18158.9799,18634.5051,483283
2022-05-12,SENSEX,Index,18634.5051,19343.0972,18602.1904,19006.5898,2612141
2022-05-13,SENSEX,Index,19006.5898,19406.785,18691.2454,19257.3584,3540581
2022-05-16,SENSEX,Index,19257.3584,19618.6962,18841.3711,18945.7877,13531140
2022-05-17,SENSEX,Index,18945.7877,19597.8201,18593.6221,19302.3717,1164782
2022-05-18,SENSEX,Index,19302.3717,19768.3243,19277.7439,19480.5782,1812296
2022-05-19,SENSEX,Index,19480.5782,19599.2112,18673.5802,19048.0445,1500280
2022-05-20,SENSEX,Index,19048.0445,19819.4932,18904.3454,19439.7884,7930218
2022-05-23,SENSEX,Index,19439.7884,19777.8594,19289.8702,19359.8201,12693281
2022-05-24,SENSEX,Index,19359.8201,19853.5593,19124.3229,19698.4321,1502481
2022-05-25,SENSEX,Index,19698.4321,20278.0439,19675.4015,20185.8626,2251989
2022-05-26,SENSEX,Index,20185.8626,20253.6952,19975.6728,20118.4321,493851
2022-05-27,SENSEX,Index,20118.4321,20353.1366,19588.3987,19941.0943,2849599
2022-05-30,SENSEX,Index,19941.0943,20305.5233,19773.8544,20039.1077,1093047
2022-05-31,SENSEX,Index,20039.1077,20241.3573,19821.2125,19824.1279,17127711
2022-06-01,SENSEX,Index,19824.1279,20163.8352,19678.1231,20148.3609,11662538
2022-06-02,SENSEX,Index,20148.3609,20350.6285,19771.0304,20137.5049,4583426
2022-06-03,SENSEX,Index,20137.5049,20654.8837,19789.3813,20330.4885,16824719
2022-06-06,SENSEX,Index,20330.4885,20487.4606,19489.1502,19873.3847,235453
2022-06-07,SENSEX,Index,19873.3847,20216.3832,19536.3001,19725.8896,4170432
2022-06-08,SENSEX,Index,19725.8896,19922.1272,19379.6018,19757.2865,1548932
2022-06-09,SENSEX,Index,19757.2865,20141.4327,19735.7075,19919.2578,2028058
2022-06-10,SENSEX,Index,19919.2578,20045.0047,19732.253,19929.0666,5282061
2022-06-13,SENSEX,Index,19929.0666,20005.8638,19754.5468,19805.6736,7230497
2022-06-14,SENSEX,Index,19805.6736,20294.2908,19715.5651,20104.6531,1604025
2022-06-15,SENSEX,Index,20104.6531,20482.5902,19827.7039,19964.6723,1243889
2022-06-16,SENSEX,Index,19964.6723,20039.4305,19608.8459,19967.88,4443625
2022-06-17,SENSEX,Index,19967.88,20920.6756,19947.8421,20517.019,2320100
2022-06-20,SENSEX,Index,20517.019,20724.9991,20441.3927,20608.8373,1964575
2022-06-21,SENSEX,Index,20608.8373,20801.6209,20219.0021,20467.0201,4683123
2022-06-22,SENSEX,Index,20467.0201,20787.739,20340.9762,20345.2541,3069044
2022-06-23,SENSEX,Index,20345.2541,20649.3703,20127.3391,20472.1471,4254768
2022-06-24,SENSEX,Index,20472.1471,20835.4968,19392.2852,19745.305,1990948
2022-06-27,SENSEX,Index,19745.305,20448.4026,19365.3822,20076.2265,683069
2022-06-28,SENSEX,Index,20076.2265,20188.1291,18808.7642,19176.5208,5787317
2022-06-29,SENSEX,Index,19176.5208,19361.1564,19069.5126,19252.3612,1098868
2022-06-30,SENSEX,Index,19252.3612,19321.9143,19192.8634,19290.0579,1747478
2022-07-01,SENSEX,Index,19290.0579,19539.415,19167.9684,19438.8027,188221
2022-07-04,SENSEX,Index,19438.8027,19814.5775,19003.9125,19369.89,1908736
2022-07-05,SENSEX,Index,19369.89,19964.2113,19367.4944,19607.5132,509234
2022-07-06,SENSEX,Index,19607.5132,19632.3477,19506.4827,19626.7751,5713466
2022-07-07,SENSEX,Index,19626.7751,20475.1558,19236.0368,20179.2631,2019244
2022-07-08,SENSEX,Index,20179.2631,20499.8806,20015.5507,20283.5269,538281
2022-07-11,SENSEX,Index,20283.5269,20532.6921,20191.3338,20287.9202,10622794
2022-07-12,SENSEX,Index,20287.9202,21077.6788,19886.1037,20862.723,4973854
2022-07-13,SENSEX,Index,20862.723,21184.9069,20307.9173,20377.3889,12680461
2022-07-14,SENSEX,Index,20377.3889,20553.3709,19594.5056,19905.7437,1005042
2022-07-15,SENSEX,Index,19905.7437,20580.2241,19769.5608,20345.6434,3023027
2022-07-18,SENSEX,Index,20345.6434,20436.9477,19968.1872,20171.721,6574366
2022-07-19,SENSEX,Index,20171.721,20407.7182,19781.6126,20227.4841,29391707
2022-07-20,SENSEX,Index,20227.4841,20617.1662,19997.2118,20559.8248,4035611
2022-07-21,SENSEX,Index,20559.8248,20934.4799,20406.8417,20638.1108,9206712
2022-07-22,SENSEX,Index,20638.1108,20800.937,20258.4079,20615.9127,1345438
2022-07-25,SENSEX,Index,20615.9127,21260.185,20433.0746,20856.9688,2441788
2022-07-26,SENSEX,Index,20856.9688,21242.4679,20742.8918,20954.2344,444394
2022-07-27,SENSEX,Index,20954.2344,21102.3696,20786.9338,20918.9883,1936259
2022-07-28,SENSEX,Index,20918.9883,20999.4252,20165.2663,20290.8543,2954143
2022-07-29,SENSEX,Index,20290.8543,20471.3263,20042.4044,20276.2073,4704220
2022-08-01,SENSEX,Index,20276.2073,20885.5496,20240.2867,20634.9079,8650274
2022-08-02,SENSEX,Index,20634.9079,20880.9349,20196.23,20499.4501,3936051
2022-08-03,SENSEX,Index,20499.4501,20674.5362,20153.4961,20661.9928,2125867
2022-08-04,SENSEX,Index,20661.9928,20717.2753,19822.9447,20208.2379,2653876
2022-08-05,SENSEX,Index,20208.2379,20804.2924,20157.4572,20580.0517,709866
2022-08-08,SENSEX,Index,20580.0517,20667.9462,20115.4833,20282.2621,1479887
2022-08-09,SENSEX,Index,20282.2621,20431.0036,19835.6815,19991.9858,6605597
2022-08-10,SENSEX,Index,19991.9858,20019.1898,19683.5003,19809.0517,6796752
2022-08-11,SENSEX,Index,19809.0517,20136.5935,19469.0004,19828.175,570513
2022-08-12,SENSEX,Index,19828.175,20100.707,19589.0516,19712.3858,8938912
2022-08-15,SENSEX,Index,19712.3858,19767.8657,19551.0665,19763.9811,2334824
2022-08-16,SENSEX,Index,19763.9811,20440.1911,19643.7787,20131.675,1113836
2022-08-17,SENSEX,Index,20131.675,20311.381,19667.6829,19957.8778,8044772
2022-08-18,SENSEX,Index,19957.8778,20413.7627,19592.6093,20167.8434,1031276
2022-08-19,SENSEX,Index,20167.8434,20547.9064,20057.055,20316.9961,1714150
2022-08-22,SENSEX,Index,20316.9961,20552.3943,19344.0948,19694.2589,2380091
2022-08-23,SENSEX,Index,19694.2589,20486.0945,19674.1056,20275.7347,9112058
2022-08-24,SENSEX,Index,20275.7347,20401.5396,20193.7327,20267.4103,671872
2022-08-25,SENSEX,Index,20267.4103,20372.0337,19472.0691,19654.4567,3428020
2022-08-26,SENSEX,Index,19654.4567,19821.539,19349.4678,19779.5218,6688316
2022-08-29,SENSEX,Index,19779.5218,20006.4296,19524.798,19960.9323,6454062
2022-08-30,SENSEX,Index,19960.9323,20308.9447,19777.9451,20049.7388,10804579
2022-08-31,SENSEX,Index,20049.7388,20305.9596,19865.26,19897.6722,3376691
2022-09-01,SENSEX,Index,19897.6722,20114.7272,19331.9273,19383.6492,1893539
2022-09-02,SENSEX,Index,19383.6492,19742.8963,19343.2098,19678.6046,6236977
2022-09-05,SENSEX,Index,19678.6046,19720.6034,18737.8148,18984.4439,25192821
2022-09-06,SENSEX,Index,18984.4439,19273.2217,18955.8615,19034.8841,3898840
2022-09-07,SENSEX,Index,19034.8841,19133.8838,18721.8481,18867.1471,2181750
2022-09-08,SENSEX,Index,18867.1471,19229.9352,18599.1009,18914.08,5869614
2022-09-09,SENSEX,Index,18914.08,19116.3755,18672.3172,19011.7732,1918922
2022-09-12,SENSEX,Index,19011.7732,19365.6478,18751.3794,18760.6263,1246437
2022-09-13,SENSEX,Index,18760.6263,19389.1904,18395.0045,19070.1924,8391992
2022-09-14,SENSEX,Index,19070.1924,19464.0861,19021.2392,19215.3085,9548836
2022-09-15,SENSEX,Index,19215.3085,19230.6608,19045.9822,19184.9941,7624536
2022-09-16,SENSEX,Index,19184.9941,19524.1426,19163.8517,19346.4095,7851138
2022-09-19,SENSEX,Index,19346.4095,19705.6939,18800.8676,19045.0581,268858
2022-09-20,SENSEX,Index,19045.0581,19150.9048,18674.6057,19125.6378,465300
2022-09-21,SENSEX,Index,19125.6378,19261.5384,18770.9483,19030.7222,355632
2022-09-22,SENSEX,Index,19030.7222,19498.8116,18910.5742,19394.7999,8417889
2022-09-23,SENSEX,Index,19394.7999,19518.0717,19162.9614,19502.5488,1405179
2022-09-26,SENSEX,Index,19502.5488,19532.5707,18732.6217,18987.3426,351347
2022-09-27,SENSEX,Index,18987.3426,19147.3303,18519.5138,18835.5132,6555820
2022-09-28,SENSEX,Index,18835.5132,19042.9188,18672.7682,18744.9336,5390469
2022-09-29,SENSEX,Index,18744.9336,18924.1723,18428.6208,18905.7331,6454126
2022-09-30,SENSEX,Index,18905.7331,19112.3638,18328.62,18362.1689,1526739
2022-10-03,SENSEX,Index,18362.1689,18569.1289,18293.0418,18500.0902,14602603
2022-10-04,SENSEX,Index,18500.0902,18831.2637,18481.9584,18824.6758,4397632
2022-10-05,SENSEX,Index,18824.6758,19313.6612,18693.0482,19188.2701,4363251
2022-10-06,SENSEX,Index,19188.2701,19198.4815,18471.7906,18747.464,6337860
2022-10-07,SENSEX,Index,18747.464,19370.4714,18494.2867,19087.3359,20777103
2022-10-10,SENSEX,Index,19087.3359,19135.4781,18877.8416,18926.9976,1028471
2022-10-11,SENSEX,Index,18926.9976,19543.2065,18689.1431,19174.0175,4963793
2022-10-12,SENSEX,Index,19174.0175,19511.0418,18874.3421,19272.7211,11802440
2022-10-13,SENSEX,Index,19272.7211,19544.9661,18984.586,19523.0168,5466026
2022-10-14,SENSEX,Index,19523.0168,19773.0861,19271.9663,19393.8223,6966090
2022-10-17,SENSEX,Index,19393.8223,19670.0758,18985.1233,19052.145,4350508
2022-10-18,SENSEX,Index,19052.145,19400.7364,18967.51,19048.1654,663473
2022-10-19,SENSEX,Index,19048.1654,19366.0616,18700.8087,19174.0832,1834127
2022-10-20,SENSEX,Index,19174.0832,19383.4243,19113.9685,19293.563,1254730
2022-10-21,SENSEX,Index,19293.563,19842.3802,19174.1502,19547.2837,17494149
2022-10-24,SENSEX,Index,19547.2837,19932.0092,18806.409,18916.9784,990346
2022-10-25,SENSEX,Index,18916.9784,19130.5866,18556.4762,18650.5956,845337
2022-10-26,SENSEX,Index,18650.5956,18984.7455,18557.8183,18596.3034,4777392
2022-10-27,SENSEX,Index,18596.3034,18857.9171,18236.1574,18794.4859,4263568
2022-10-28,SENSEX,Index,18794.4859,19242.5552,18681.1225,18985.5591,3049437
2022-10-31,SENSEX,Index,18985.5591,19020.8788,18769.3234,18823.4854,1282604
2022-11-01,SENSEX,Index,18823.4854,19122.9965,18725.7964,18778.8969,1312165
2022-11-02,SENSEX,Index,18778.8969,18957.1194,18742.2367,18882.6527,1331970
2022-11-03,SENSEX,Index,18882.6527,19130.3254,18548.6996,18750.1799,9571811
2022-11-04,SENSEX,Index,18750.1799,19327.7412,18650.3909,19087.7192,10265435
2022-11-07,SENSEX,Index,19087.7192,19427.8524,18860.9401,19078.2402,1884208
2022-11-08,SENSEX,Index,19078.2402,19486.5852,18704.3237,19227.2884,1358003
2022-11-09,SENSEX,Index,19227.2884,19488.817,18927.0738,19447.1887,1727891
2022-11-10,SENSEX,Index,19447.1887,19692.4704,19222.3756,19389.1779,7033837
2022-11-11,SENSEX,Index,19389.1779,19684.7192,18512.1281,18865.3542,1798264
2022-11-14,SENSEX,Index,18865.3542,19071.7322,18839.9672,18975.7765,5863833
2022-11-15,SENSEX,Index,18975.7765,19340.1799,18702.125,19098.3268,2594567
2022-11-16,SENSEX,Index,19098.3268,19364.9839,18954.9666,19354.0986,1244000
2022-11-17,SENSEX,Index,19354.0986,19672.6684,18978.3358,19067.9672,4686348
2022-11-18,SENSEX,Index,19067.9672,19295.274,18727.2601,18767.5919,18238414
2022-11-21,SENSEX,Index,18767.5919,19375.8176,18688.2308,18996.1416,1847528
2022-11-22,SENSEX,Index,18996.1416,19616.3409,18648.2028,19244.7446,956289
2022-11-23,SENSEX,Index,19244.7446,19723.1042,18868.5337,19669.7026,3315600
2022-11-24,SENSEX,Index,19669.7026,19776.5947,19181.4182,19499.635,2423729
2022-11-25,SENSEX,Index,19499.635,19633.1004,18907.7567,19286.3018,2619419
2022-11-28,SENSEX,Index,19286.3018,19350.5401,18577.8065,18951.599,20186889
2022-11-29,SENSEX,Index,18951.599,18978.1573,18774.9863,18796.2733,7509029
2022-11-30,SENSEX,Index,18796.2733,19211.3186,18609.5347,18860.971,1221348
2022-12-01,SENSEX,Index,18860.971,19128.2625,18537.9876,18813.3674,10779027
2022-12-02,SENSEX,Index,18813.3674,19053.1634,18662.8706,18689.296,1110318
2022-12-05,SENSEX,Index,18689.296,19223.4433,18511.9221,18847.9084,372662
2022-12-06,SENSEX,Index,18847.9084,19148.1144,18551.5164,18775.0958,11890779
2022-12-07,SENSEX,Index,18775.0958,19002.0133,18484.0303,18719.9082,8347540
2022-12-08,SENSEX,Index,18719.9082,18754.9366,18412.7109,18418.8523,2536571
2022-12-09,SENSEX,Index,18418.8523,18496.7665,18059.1988,18329.0149,5332093
2022-12-12,SENSEX,Index,18329.0149,18412.8166,17977.191,18353.1648,433684
2022-12-13,SENSEX,Index,18353.1648,18809.6043,18350.001,18755.6345,1958375
2022-12-14,SENSEX,Index,18755.6345,18947.9965,18561.3204,18776.9777,2398490
2022-12-15,SENSEX,Index,18776.9777,19047.6091,18610.7287,18777.9324,2940767
2022-12-16,SENSEX,Index,18777.9324,19083.3149,18315.5172,18533.6326,7073006
2022-12-19,SENSEX,Index,18533.6326,18766.4263,18049.0617,18353.7111,1570698
2022-12-20,SENSEX,Index,18353.7111,18671.9687,17693.8356,17933.8872,1906338
2022-12-21,SENSEX,Index,17933.8872,18007.1495,17533.9517,17756.5487,177325
2022-12-22,SENSEX,Index,17756.5487,17957.5002,16908.7466,17224.561,192465
2022-12-23,SENSEX,Index,17224.561,17472.1466,16970.0959,17171.4259,13111815
2022-12-26,SENSEX,Index,17171.4259,17330.7549,16735.1657,16817.8485,3157999
2022-12-27,SENSEX,Index,16817.8485,17138.1492,16581.4941,16760.1761,6117191
2022-12-28,SENSEX,Index,16760.1761,16985.8904,16634.1995,16942.0509,28202711
2022-12-29,SENSEX,Index,16942.0509,17161.6946,16678.4377,17009.6709,1465518
2022-12-30,SENSEX,Index,17009.6709,17147.9025,16557.8312,16870.4698,2040456
2023-01-02,SENSEX,Index,16870.4698,17045.0023,16685.0033,16713.1526,17285039
2023-01-03,SENSEX,Index,16713.1526,16918.6629,16390.3091,16881.698,639642
2023-01-04,SENSEX,Index,16881.698,17091.8723,16639.4249,17008.3767,1138124
2023-01-05,SENSEX,Index,17008.3767,17401.49,16704.7877,17190.2223,9878122
2023-01-06,SENSEX,Index,17190.2223,17275.5847,16797.1307,17135.7377,1836882
2023-01-09,SENSEX,Index,17135.7377,17758.9012,17063.0543,17518.9874,1624165
2023-01-10,SENSEX,Index,17518.9874,17663.038,17233.8835,17315.0304,1264182
2023-01-11,SENSEX,Index,17315.0304,17432.2555,17296.2881,17298.7417,4168603
2023-01-12,SENSEX,Index,17298.7417,17602.2392,17243.5012,17550.7774,5536637
2023-01-13,SENSEX,Index,17550.7774,17706.2195,17332.2537,17690.3475,11670445
2023-01-16,SENSEX,Index,17690.3475,17962.6838,17149.4649,17432.1924,770499
2023-01-17,SENSEX,Index,17432.1924,17731.3733,17163.0965,17588.3928,2874359
2023-01-18,SENSEX,Index,17588.3928,18169.6866,17557.6423,17845.694,3144788
2023-01-19,SENSEX,Index,17845.694,18133.0523,17387.4548,17688.2011,5912210
2023-01-20,SENSEX,Index,17688.2011,17732.7381,17635.1686,17715.0726,3147461
2023-01-23,SENSEX,Index,17715.0726,18591.875,17709.0604,18355.0399,10683987
2023-01-24,SENSEX,Index,18355.0399,18806.7529,18053.0417,18559.5592,3655703
2023-01-25,SENSEX,Index,18559.5592,18743.1262,18374.3467,18572.4223,2413131
2023-01-26,SENSEX,Index,18572.4223,18824.2315,18288.2089,18636.6645,2005740
2023-01-27,SENSEX,Index,18636.6645,18878.2914,18246.7533,18309.8808,3109958
2023-01-30,SENSEX,Index,18309.8808,18453.1181,17957.4749,18395.2819,8519256
2023-01-31,SENSEX,Index,18395.2819,18625.8973,18090.497,18182.5731,3382102
2023-02-01,SENSEX,Index,18182.5731,18688.4173,18000.0675,18329.5441,5367136
2023-02-02,SENSEX,Index,18329.5441,18825.8908,18129.0499,18776.145,2458115
2023-02-03,SENSEX,Index,18776.145,18933.1076,18220.8881,18537.239,3604931
2023-02-06,SENSEX,Index,18537.239,18861.5539,18429.5663,18477.2015,2176252
2023-02-07,SENSEX,Index,18477.2015,18707.4784,18203.966,18334.5326,4390578
2023-02-08,SENSEX,Index,18334.5326,18568.9219,18071.4439,18157.0298,6728773
2023-02-09,SENSEX,Index,18157.0298,18392.0095,17842.3338,18345.4847,4800362
2023-02-10,SENSEX,Index,18345.4847,18502.354,18019.1807,18077.3393,4195605
2023-02-13,SENSEX,Index,18077.3393,18400.7507,17894.346,18361.8982,7251376
2023-02-14,SENSEX,Index,18361.8982,18743.9094,18217.1365,18545.22,3332992
2023-02-15,SENSEX,Index,18545.22,18720.2507,18362.195,18544.0425,10880157
2023-02-16,SENSEX,Index,18544.0425,18777.5651,18420.428,18627.2359,4375641
2023-02-17,SENSEX,Index,18627.2359,19495.1429,18331.4521,19402.6554,2408198
2023-02-20,SENSEX,Index,19402.6554,19444.1077,18710.3085,18800.1148,2757242
2023-02-21,SENSEX,Index,18800.1148,18863.6063,18600.4578,18773.4259,4257821
2023-02-22,SENSEX,Index,18773.4259,19124.6918,18639.5493,18915.9683,465388
2023-02-23,SENSEX,Index,18915.9683,19209.3916,18818.2761,19065.5048,3086673
2023-02-24,SENSEX,Index,19065.5048,19355.1175,18917.8241,18996.0834,662718
2023-02-27,SENSEX,Index,18996.0834,19539.9663,18781.9075,19408.4804,2149111
2023-02-28,SENSEX,Index,19408.4804,19626.7872,19077.5493,19606.2872,1463075
2023-03-01,SENSEX,Index,19606.2872,19841.4722,19322.9043,19702.5577,2551641
2023-03-02,SENSEX,Index,19702.5577,19944.3364,19632.2117,19893.9502,2471887
2023-03-03,SENSEX,Index,19893.9502,19971.9266,19276.7075,19647.5617,3223250
2023-03-06,SENSEX,Index,19647.5617,20010.368,19421.0401,19634.9927,4160892
2023-03-07,SENSEX,Index,19634.9927,20175.2921,19246.5633,19912.8794,1143239
2023-03-08,SENSEX,Index,19912.8794,20199.3448,19867.619,20178.3497,998154
2023-03-09,SENSEX,Index,20178.3497,20569.9169,20057.2526,20362.3327,6075280
2023-03-10,SENSEX,Index,20362.3327,20515.4457,19919.4136,20225.3463,1530698
2023-03-13,SENSEX,Index,20225.3463,20232.6391,19945.8693,19986.7751,3526071
2023-03-14,SENSEX,Index,19986.7751,20455.8011,19666.2568,20198.312,2837265
2023-03-15,SENSEX,Index,20198.312,20242.1021,19202.0364,19544.4286,1925185
2023-03-16,SENSEX,Index,19544.4286,19744.6654,19196.6179,19385.5787,5279600
2023-03-17,SENSEX,Index,19385.5787,19772.4501,19176.1302,19545.8081,3793792
2023-03-20,SENSEX,Index,19545.8081,19860.8608,19218.9714,19806.9636,8442703
2023-03-21,SENSEX,Index,19806.9636,19905.5931,19525.0676,19671.5447,1431005
2023-03-22,SENSEX,Index,19671.5447,19831.8316,19267.2369,19655.0585,606422
2023-03-23,SENSEX,Index,19655.0585,19725.7567,19326.2531,19704.2754,1939359
2023-03-24,SENSEX,Index,19704.2754,20851.1933,19636.9602,20619.5962,12738199
2023-03-27,SENSEX,Index,20619.5962,20864.3494,20351.8429,20437.7295,1185316
2023-03-28,SENSEX,Index,20437.7295,20493.1675,20176.037,20234.9728,8604759
2023-03-29,SENSEX,Index,20234.9728,20864.2746,19855.5747,20542.6807,12915185
2023-03-30,SENSEX,Index,20542.6807,20642.7,19944.4908,20286.1888,5258548
2023-03-31,SENSEX,Index,20286.1888,20659.471,19796.5811,20057.43,16346439
2023-04-03,SENSEX,Index,20057.43,20218.7962,19795.8149,19816.1163,965803
2023-04-04,SENSEX,Index,19816.1163,19975.0298,19368.9135,19505.7305,3236992
2023-04-05,SENSEX,Index,19505.7305,19768.3503,19362.7335,19707.8814,5979159
2023-04-06,SENSEX,Index,19707.8814,20022.598,19135.5275,19410.0746,2250654
2023-04-07,SENSEX,Index,19410.0746,19451.1482,19029.2043,19271.3318,1031482
2023-04-10,SENSEX,Index,19271.3318,19494.3258,18778.6717,19127.3019,12302045
2023-04-11,SENSEX,Index,19127.3019,19272.1734,18451.6297,18768.1145,4038551
2023-04-12,SENSEX,Index,18768.1145,19486.1768,18432.5507,19154.1129,11908289
2023-04-13,SENSEX,Index,19154.1129,19935.1576,18921.6906,19637.869,4435909
2023-04-14,SENSEX,Index,19637.869,20060.3602,19604.0385,19775.5483,1980313
2023-04-17,SENSEX,Index,19775.5483,19909.0242,19391.6426,19398.6576,2832700
2023-04-18,SENSEX,Index,19398.6576,19967.9577,19141.2411,19723.5503,365399
2023-04-19,SENSEX,Index,19723.5503,19771.0769,19259.7536,19593.4445,5628709
2023-04-20,SENSEX,Index,19593.4445,19984.9697,19555.2856,19600.2477,11183951
2023-04-21,SENSEX,Index,19600.2477,20034.3082,19236.321,19895.0402,806072
2023-04-24,SENSEX,Index,19895.0402,20161.1969,19635.3192,19925.7281,1578251
2023-04-25,SENSEX,Index,19925.7281,20261.9471,19633.7499,19710.5986,860603
2023-04-26,SENSEX,Index,19710.5986,20089.167,19429.2861,19787.5308,11445793
2023-04-27,SENSEX,Index,19787.5308,20235.6706,19616.5206,19890.482,814802
2023-04-28,SENSEX,Index,19890.482,19947.2835,19726.2293,19881.0769,5406380
2023-05-01,SENSEX,Index,19881.0769,20226.2514,19500.397,19850.258,4452816
2023-05-02,SENSEX,Index,19850.258,20137.9113,19538.4868,19660.9796,2582552
2023-05-03,SENSEX,Index,19660.9796,19851.7959,19275.4086,19580.0385,13974650
2023-05-04,SENSEX,Index,19580.0385,19727.355,19148.0126,19289.7306,405997
2023-05-05,SENSEX,Index,19289.7306,19836.8681,19087.4759,19694.3721,3670449
2023-05-08,SENSEX,Index,19694.3721,19803.6848,18985.2191,19346.3825,7937268
2023-05-09,SENSEX,Index,19346.3825,19768.9206,19335.0457,19516.1012,16781670
2023-05-10,SENSEX,Index,19516.1012,19792.0346,19375.8102,19578.3372,35751744
2023-05-11,SENSEX,Index,19578.3372,19761.0748,19529.8861,19550.4961,5761864
2023-05-12,SENSEX,Index,19550.4961,19861.0948,19259.2912,19764.9877,73508396
2023-05-15,SENSEX,Index,19764.9877,19947.1071,19532.8021,19645.2831,2077313
2023-05-16,SENSEX,Index,19645.2831,20125.785,19321.3257,19867.1262,914166
2023-05-17,SENSEX,Index,19867.1262,19975.8655,19269.0537,19654.2798,2837603
2023-05-18,SENSEX,Index,19654.2798,20134.3465,19450.5806,20131.384,6807583
2023-05-19,SENSEX,Index,20131.384,20531.8222,19741.4717,20160.5571,1959571
2023-05-22,SENSEX,Index,20160.5571,20541.5986,19266.998,19530.1115,25195549
2023-05-23,SENSEX,Index,19530.1115,19623.9517,19335.6041,19519.0063,1567328
2023-05-24,SENSEX,Index,19519.0063,20335.6341,19454.8784,20191.559,951207
2023-05-25,SENSEX,Index,20191.559,20861.1506,20054.9155,20587.7403,3316793
2023-05-26,SENSEX,Index,20587.7403,21222.6737,20221.3459,20819.6614,5600883
2023-05-29,SENSEX,Index,20819.6614,21061.1483,20716.9553,21049.4275,35832358
2023-05-30,SENSEX,Index,21049.4275,21988.0235,20736.7862,21745.6673,1645055
2023-05-31,SENSEX,Index,21745.6673,21953.6213,21565.7586,21914.9885,601829
2023-06-01,SENSEX,Index,21914.9885,22633.4884,21793.1889,22193.7665,9540729
2023-06-02,SENSEX,Index,22193.7665,22389.3394,21141.1579,21509.8147,3197772
2023-06-05,SENSEX,Index,21509.8147,21840.0314,21134.098,21751.498,4644366
2023-06-06,SENSEX,Index,21751.498,21974.2718,20959.2033,21361.0866,1064983
2023-06-07,SENSEX,Index,21361.0866,21727.0328,21154.2111,21323.1133,2139558
2023-06-08,SENSEX,Index,21323.1133,21487.5369,20833.7391,21222.2836,855067
2023-06-09,SENSEX,Index,21222.2836,21658.4777,21024.7985,21238.6446,16314719
2023-06-12,SENSEX,Index,21238.6446,21641.1446,20549.3611,20869.4352,2624315
2023-06-13,SENSEX,Index,20869.4352,21370.4712,20476.556,21066.503,690123
2023-06-14,SENSEX,Index,21066.503,21412.5541,20829.6545,21085.8696,9222520
2023-06-15,SENSEX,Index,21085.8696,21139.0641,20557.8826,20777.9349,3744971
2023-06-16,SENSEX,Index,20777.9349,21490.711,20576.7159,21082.2158,33420274
2023-06-19,SENSEX,Index,21082.2158,21470.4675,20661.9,21115.268,1601442
2023-06-20,SENSEX,Index,21115.268,21498.1526,20466.3339,20544.915,1614000
2023-06-21,SENSEX,Index,20544.915,20561.7957,19982.3499,20122.1135,17967984
2023-06-22,SENSEX,Index,20122.1135,20783.5655,20014.24,20396.5249,1064748
2023-06-23,SENSEX,Index,20396.5249,20777.5455,19858.9077,20168.0235,3499295
2023-06-26,SENSEX,Index,20168.0235,20750.5901,19777.1896,20485.2974,5398788
2023-06-27,SENSEX,Index,20485.2974,20827.6348,20437.3354,20614.4273,3999391
2023-06-28,SENSEX,Index,20614.4273,20858.7056,20092.8272,20288.6095,3545119
2023-06-29,SENSEX,Index,20288.6095,20674.2974,20126.9436,20282.555,802719
2023-06-30,SENSEX,Index,20282.555,21048.8917,20161.2953,20797.7412,1813098
2023-07-03,SENSEX,Index,20797.7412,21199.5625,20320.0515,20373.2805,2113476
2023-07-04,SENSEX,Index,20373.2805,20463.648,19983.7823,20300.6639,3049129
2023-07-05,SENSEX,Index,20300.6639,20335.0801,19896.742,20223.4008,3222698
2023-07-06,SENSEX,Index,20223.4008,20621.3519,19947.0781,20274.8485,3604981
2023-07-07,SENSEX,Index,20274.8485,20607.8028,20180.4075,20400.3399,5145255
2023-07-10,SENSEX,Index,20400.3399,20956.3472,20336.8163,20553.1918,6776295
2023-07-11,SENSEX,Index,20553.1918,20878.9762,20269.8515,20345.9075,1691220
2023-07-12,SENSEX,Index,20345.9075,20896.7928,19979.0174,20667.54,2175001
2023-07-13,SENSEX,Index,20667.54,20944.202,20268.6163,20635.21,2646148
2023-07-14,SENSEX,Index,20635.21,21426.3063,20302.9968,21345.8326,1394121
2023-07-17,SENSEX,Index,21345.8326,21584.5374,20861.9894,21073.9015,3233684
2023-07-18,SENSEX,Index,21073.9015,21214.7193,20802.6149,21022.0137,1055812
2023-07-19,SENSEX,Index,21022.0137,21341.9712,20699.8672,20999.3235,3321826
2023-07-20,SENSEX,Index,20999.3235,21316.385,20448.7532,20847.004,2811942
2023-07-21,SENSEX,Index,20847.004,20923.6429,20375.8326,20613.6882,1058049
2023-07-24,SENSEX,Index,20613.6882,20901.0484,20262.1133,20491.6675,1208422
2023-07-25,SENSEX,Index,20491.6675,20722.0393,20095.382,20097.7394,512461
2023-07-26,SENSEX,Index,20097.7394,20540.8247,19988.9368,20169.6871,2092101
2023-07-27,SENSEX,Index,20169.6871,20851.8489,19789.7282,20490.5154,462754
2023-07-28,SENSEX,Index,20490.5154,20764.7417,20215.9996,20383.2662,4048304
2023-07-31,SENSEX,Index,20383.2662,20461.1556,19875.8151,20195.1053,3136779
2023-08-01,SENSEX,Index,20195.1053,20350.2114,19306.1491,19641.7877,2129388
2023-08-02,SENSEX,Index,19641.7877,19687.9467,19300.5313,19398.298,8249574
2023-08-03,SENSEX,Index,19398.298,19655.1037,19166.9176,19447.6054,7065612
2023-08-04,SENSEX,Index,19447.6054,19998.9167,19402.1961,19791.7814,1970964
2023-08-07,SENSEX,Index,19791.7814,20200.9702,19669.7246,19829.5351,1111795
2023-08-08,SENSEX,Index,19829.5351,20041.5214,19815.1227,19942.6805,5412858
2023-08-09,SENSEX,Index,19942.6805,20115.713,19794.5978,20035.7026,1968911
2023-08-10,SENSEX,Index,20035.7026,20624.7033,19872.8658,20578.1016,3313283
2023-08-11,SENSEX,Index,20578.1016,21842.1674,20507.4454,21490.429,1117575
2023-08-14,SENSEX,Index,21490.429,21931.4994,21189.7659,21690.3587,8520043
2023-08-15,SENSEX,Index,21690.3587,21979.1724,21129.211,21353.2805,2528292
2023-08-16,SENSEX,Index,21353.2805,21740.572,20666.3092,20911.9705,10881520
2023-08-17,SENSEX,Index,20911.9705,21228.3084,20554.5205,20886.2504,1407840
2023-08-18,SENSEX,Index,20886.2504,21310.5313,20714.7331,21197.0557,3225812
2023-08-21,SENSEX,Index,21197.0557,21502.0478,20830.3487,21463.9393,4994707
2023-08-22,SENSEX,Index,21463.9393,21566.6957,20982.5564,21159.436,1907733
2023-08-23,SENSEX,Index,21159.436,21216.5573,20782.4194,20906.2583,1051964
2023-08-24,SENSEX,Index,20906.2583,21051.2302,20097.7244,20402.3114,24706828
2023-08-25,SENSEX,Index,20402.3114,20627.8684,20098.5446,20491.8025,4962722
2023-08-28,SENSEX,Index,20491.8025,20936.2852,20465.879,20833.6386,1890013
2023-08-29,SENSEX,Index,20833.6386,21065.0152,20206.9365,20422.4256,6743816
2023-08-30,SENSEX,Index,20422.4256,20775.4897,19936.9077,20061.0328,6575884
2023-08-31,SENSEX,Index,20061.0328,20279.09,19596.0097,19624.558,924705
2023-09-01,SENSEX,Index,19624.558,19890.2894,19129.4147,19441.7313,6318891
2023-09-04,SENSEX,Index,19441.7313,20183.3248,19303.489,19919.6444,4954598
2023-09-05,SENSEX,Index,19919.6444,20147.2115,19450.4482,19744.8028,8124692
2023-09-06,SENSEX,Index,19744.8028,19926.1967,18991.7475,19307.6058,1305096
2023-09-07,SENSEX,Index,19307.6058,19592.2518,18958.8048,19336.4437,6981849
2023-09-08,SENSEX,Index,19336.4437,19610.5958,18964.0569,19281.7211,2391261
2023-09-11,SENSEX,Index,19281.7211,19316.1737,19044.8651,19213.0878,9646563
2023-09-12,SENSEX,Index,19213.0878,19509.8407,18971.4187,19000.1192,1228444
2023-09-13,SENSEX,Index,19000.1192,19226.6249,18894.2428,18928.1819,11225788
2023-09-14,SENSEX,Index,18928.1819,19292.1874,18444.73,18747.4113,2519802
2023-09-15,SENSEX,Index,18747.4113,19097.4086,18202.077,18328.3951,2622036
2023-09-18,SENSEX,Index,18328.3951,18742.4991,18326.991,18395.2793,986193
2023-09-19,SENSEX,Index,18395.2793,18878.3985,18029.3736,18699.9598,4034137
2023-09-20,SENSEX,Index,18699.9598,19071.2783,18408.9261,18560.3392,4064504
2023-09-21,SENSEX,Index,18560.3392,18812.1143,18528.2456,18698.3135,569836
2023-09-22,SENSEX,Index,18698.3135,19150.9902,18591.0425,18775.7724,10781163
2023-09-25,SENSEX,Index,18775.7724,18837.3808,18458.1703,18564.0547,1986804
2023-09-26,SENSEX,Index,18564.0547,18605.9502,18151.5076,18472.946,7065979
2023-09-27,SENSEX,Index,18472.946,18631.751,18081.9921,18186.4762,5014350
2023-09-28,SENSEX,Index,18186.4762,18546.3066,18082.2285,18102.0484,17450165
2023-09-29,SENSEX,Index,18102.0484,18284.2034,17918.9172,18032.8618,361767
2023-10-02,SENSEX,Index,18032.8618,18546.0667,17742.499,18204.2923,4758560
2023-10-03,SENSEX,Index,18204.2923,18557.0513,18093.7908,18255.511,10451536
2023-10-04,SENSEX,Index,18255.511,18426.1589,17712.3419,17814.0887,1322523
2023-10-05,SENSEX,Index,17814.0887,17849.0202,17619.45,17807.0714,3664130
2023-10-06,SENSEX,Index,17807.0714,17961.37,17477.5229,17761.599,731281
2023-10-09,SENSEX,Index,17761.599,17880.1415,17525.0474,17636.6765,16013462
2023-10-10,SENSEX,Index,17636.6765,17719.7685,17028.3468,17351.9623,3054506
2023-10-11,SENSEX,Index,17351.9623,17637.9975,17171.3896,17469.5127,6849426
2023-10-12,SENSEX,Index,17469.5127,17703.8329,17394.9048,17634.2683,1872658
2023-10-13,SENSEX,Index,17634.2683,17962.8104,17368.2023,17399.1762,17619641
2023-10-16,SENSEX,Index,17399.1762,17942.9112,17344.7067,17624.2252,3345731
2023-10-17,SENSEX,Index,17624.2252,18044.0112,17283.0124,17986.6715,720334
2023-10-18,SENSEX,Index,17986.6715,18202.1558,17607.745,17633.0432,370286
2023-10-19,SENSEX,Index,17633.0432,17672.3934,17517.7207,17665.5388,3795557
2023-10-20,SENSEX,Index,17665.5388,17986.9055,17077.6454,17296.9322,7298319
2023-10-23,SENSEX,Index,17296.9322,17432.8305,16750.6342,16811.0366,4463710
2023-10-24,SENSEX,Index,16811.0366,17121.3783,16783.159,16950.8284,3580788
2023-10-25,SENSEX,Index,16950.8284,17241.0012,16422.4798,16566.5017,10326948
2023-10-26,SENSEX,Index,16566.5017,16821.2164,16353.3013,16440.6298,1936560
2023-10-27,SENSEX,Index,16440.6298,16546.4044,16119.1345,16270.6096,6228184
2023-10-30,SENSEX,Index,16270.6096,16319.226,15971.715,16136.3004,1005395
2023-10-31,SENSEX,Index,16136.3004,16669.6643,16012.5133,16365.2685,2984444
2023-11-01,SENSEX,Index,16365.2685,16874.7337,16364.0718,16606.797,3203970
2023-11-02,SENSEX,Index,16606.797,16683.0941,16354.1336,16419.6716,554615
2023-11-03,SENSEX,Index,16419.6716,16537.3361,16402.4811,16450.9652,2314844
2023-11-06,SENSEX,Index,16450.9652,16908.7893,16292.0271,16625.6579,1770932
2023-11-07,SENSEX,Index,16625.6579,16782.944,16554.0481,16715.8916,3078529
2023-11-08,SENSEX,Index,16715.8916,16842.7203,16206.9108,16507.625,1903097
2023-11-09,SENSEX,Index,16507.625,16816.1231,16162.6727,16178.3541,19156818
2023-11-10,SENSEX,Index,16178.3541,16461.0435,16165.5546,16260.8552,800551
2023-11-13,SENSEX,Index,16260.8552,16914.4027,16053.3212,16681.5054,1079369
2023-11-14,SENSEX,Index,16681.5054,16824.003,16486.6422,16529.2063,2476820
2023-11-15,SENSEX,Index,16529.2063,16634.0872,16271.8281,16525.093,6322656
2023-11-16,SENSEX,Index,16525.093,16793.4499,15764.1731,16042.3971,3200300
2023-11-17,SENSEX,Index,16042.3971,16224.1007,15724.8255,15968.6005,3703363
2023-11-20,SENSEX,Index,15968.6005,16250.4448,15877.5663,15883.9585,1982367
2023-11-21,SENSEX,Index,15883.9585,16025.8887,15846.0054,15848.2548,16797488
2023-11-22,SENSEX,Index,15848.2548,16019.6586,15525.1599,15738.3518,9810691
2023-11-23,SENSEX,Index,15738.3518,15930.1201,15612.5333,15762.614,3391499
2023-11-24,SENSEX,Index,15762.614,15893.2749,15722.7458,15799.065,5016996
2023-11-27,SENSEX,Index,15799.065,16007.7611,15558.501,15706.3975,9080347
2023-11-28,SENSEX,Index,15706.3975,15831.8101,15576.5551,15812.6189,912841
2023-11-29,SENSEX,Index,15812.6189,16049.3883,15043.5853,15296.8787,16182985
2023-11-30,SENSEX,Index,15296.8787,15626.2127,15041.434,15339.4202,820757
2023-12-01,SENSEX,Index,15339.4202,15471.1698,15089.343,15232.7459,7585740
2023-12-04,SENSEX,Index,15232.7459,15515.6203,15009.3529,15185.424,2836956
2023-12-05,SENSEX,Index,15185.424,15441.2175,14996.6669,15335.2143,4234474
2023-12-06,SENSEX,Index,15335.2143,15564.2728,15219.6449,15455.8829,6116731
2023-12-07,SENSEX,Index,15455.8829,15533.3117,15041.1748,15287.5818,1686993
2023-12-08,SENSEX,Index,15287.5818,15441.7612,14834.4436,15095.7956,1773323
2023-12-11,SENSEX,Index,15095.7956,15203.3999,14834.5465,15059.7353,2928481
2023-12-12,SENSEX,Index,15059.7353,15656.2353,14820.9896,15361.4213,4034917
2023-12-13,SENSEX,Index,15361.4213,15373.7317,15027.291,15329.0657,39860662
2023-12-14,SENSEX,Index,15329.0657,15533.4662,15005.1314,15090.9349,2295162
2023-12-15,SENSEX,Index,15090.9349,15615.8124,14838.5787,15477.8338,17364227
2023-12-18,SENSEX,Index,15477.8338,15644.28,15193.3144,15397.6801,614663
2023-12-19,SENSEX,Index,15397.6801,15596.6325,15242.6216,15288.6744,12336302
2023-12-20,SENSEX,Index,15288.6744,15511.7427,15247.4665,15253.672,6191433
2023-12-21,SENSEX,Index,15253.672,15521.6035,15082.9557,15243.7021,766103
2023-12-22,SENSEX,Index,15243.7021,15393.2273,15205.0921,15241.5947,7096520
2023-12-25,SENSEX,Index,15241.5947,15515.8253,14828.2585,15103.3892,6899647
2023-12-26,SENSEX,Index,15103.3892,15319.7408,14868.2246,15115.0547,6517970
2023-12-27,SENSEX,Index,15115.0547,15191.926,14964.6399,15181.5122,1204756
2023-12-28,SENSEX,Index,15181.5122,15292.3517,14977.0527,15107.7155,2247807
2023-12-29,SENSEX,Index,15107.7155,15259.9081,14906.1916,14960.836,3966439
2024-01-01,SENSEX,Index,14960.836,15563.1432,14739.9257,15391.7684,9093373
2024-01-02,SENSEX,Index,15391.7684,15801.5305,15242.7192,15665.9365,1584905
2024-01-03,SENSEX,Index,15665.9365,16048.2048,15639.0555,15949.3675,15253567
2024-01-04,SENSEX,Index,15949.3675,16063.1577,15586.8838,15773.7979,4792935
2024-01-05,SENSEX,Index,15773.7979,15878.3162,15710.2614,15875.4061,2478906
2024-01-08,SENSEX,Index,15875.4061,15990.4205,15854.1359,15907.1714,5173158
2024-01-09,SENSEX,Index,15907.1714,16136.3408,15569.6146,15860.9113,8626213
2024-01-10,SENSEX,Index,15860.9113,16024.9506,15280.6374,15563.2928,2238732
2024-01-11,SENSEX,Index,15563.2928,16007.2705,15525.1685,15721.929,19125092
2024-01-12,SENSEX,Index,15721.929,16102.5535,15570.3712,15971.579,3588189
2024-01-15,SENSEX,Index,15971.579,16075.2367,15634.7999,15936.0299,2359564
2024-01-16,SENSEX,Index,15936.0299,16149.9884,15812.7674,15864.2257,551612
2024-01-17,SENSEX,Index,15864.2257,16559.5095,15665.5233,16277.3081,2965258
2024-01-18,SENSEX,Index,16277.3081,16585.202,16041.5568,16084.2038,4717615
2024-01-19,SENSEX,Index,16084.2038,16384.5258,15681.2796,15910.3761,7762573
2024-01-22,SENSEX,Index,15910.3761,16051.3548,15534.0337,15728.3777,6629449
2024-01-23,SENSEX,Index,15728.3777,16031.1066,15374.2469,15652.9383,4121004
2024-01-24,SENSEX,Index,15652.9383,16006.5063,15508.3657,15842.2777,1868139
2024-01-25,SENSEX,Index,15842.2777,16261.7223,15712.0755,16027.7526,572090
2024-01-26,SENSEX,Index,16027.7526,16613.6073,16011.0946,16380.6348,8357250
2024-01-29,SENSEX,Index,16380.6348,16466.6056,16274.3059,16353.3793,10101957
2024-01-30,SENSEX,Index,16353.3793,16731.7639,16108.1683,16606.1063,3127168
2024-01-31,SENSEX,Index,16606.1063,16935.4673,16341.6974,16597.4433,1299625
2024-02-01,SENSEX,Index,16597.4433,16681.8389,16461.4901,16604.2556,745233
2024-02-02,SENSEX,Index,16604.2556,16858.628,16297.999,16782.0681,6693110
2024-02-05,SENSEX,Index,16782.0681,16950.5384,16153.6649,16351.5419,12408418
2024-02-06,SENSEX,Index,16351.5419,16516.6705,16142.0446,16199.1992,55081837
2024-02-07,SENSEX,Index,16199.1992,16290.3,15950.9766,16247.7051,12548950
2024-02-08,SENSEX,Index,16247.7051,16416.1611,15984.6792,16020.7609,2322554
2024-02-09,SENSEX,Index,16020.7609,16143.5326,15637.4407,15889.9844,733778
2024-02-12,SENSEX,Index,15889.9844,15974.9036,15433.7243,15592.4913,2762760
2024-02-13,SENSEX,Index,15592.4913,15852.096,15369.6115,15674.7372,1147208
2024-02-14,SENSEX,Index,15674.7372,15955.3417,15282.4176,15585.4147,1551654
2024-02-15,SENSEX,Index,15585.4147,15588.3168,15427.8288,15565.5509,6033215
2024-02-16,SENSEX,Index,15565.5509,15689.3685,15418.1653,15583.849,1787164
2024-02-19,SENSEX,Index,15583.849,16025.5148,15448.566,15816.1402,4407410
2024-02-20,SENSEX,Index,15816.1402,15931.6711,15801.2537,15841.529,1159914
2024-02-21,SENSEX,Index,15841.529,16102.1532,15584.1315,16049.8619,4867291
2024-02-22,SENSEX,Index,16049.8619,16266.7911,15872.563,16163.1328,2516153
2024-02-23,SENSEX,Index,16163.1328,16245.9826,16001.619,16062.7904,18295306
2024-02-26,SENSEX,Index,16062.7904,16218.5541,15846.3645,15959.6766,970138
2024-02-27,SENSEX,Index,15959.6766,16202.2555,15952.197,15996.9886,3101805
2024-02-28,SENSEX,Index,15996.9886,16345.18,15966.7363,16247.2235,2702137
2024-02-29,SENSEX,Index,16247.2235,16580.2752,16229.8141,16393.2893,13416916
2024-03-01,SENSEX,Index,16393.2893,16549.9137,16228.0219,16481.4091,1211563
2024-03-04,SENSEX,Index,16481.4091,16794.0368,15778.5927,16049.0069,4717296
2024-03-05,SENSEX,Index,16049.0069,16083.0726,15804.0998,15961.4095,4001902
2024-03-06,SENSEX,Index,15961.4095,16077.6472,15751.3302,15955.3631,952550
2024-03-07,SENSEX,Index,15955.3631,16043.0235,15630.7513,15913.2923,1152827
2024-03-08,SENSEX,Index,15913.2923,16164.4966,15784.401,15794.2609,7672871
2024-03-11,SENSEX,Index,15794.2609,15901.8447,15679.7262,15805.9717,5480157
2024-03-12,SENSEX,Index,15805.9717,15976.3559,15506.0008,15836.1314,2376533
2024-03-13,SENSEX,Index,15836.1314,16042.8851,15613.5177,15889.5962,644749
2024-03-14,SENSEX,Index,15889.5962,16121.3824,15707.3452,16060.6287,1416795
2024-03-15,SENSEX,Index,16060.6287,16479.1391,15894.0823,16174.3543,2289916
2024-03-18,SENSEX,Index,16174.3543,16190.4578,15794.8969,15880.1735,1648717
2024-03-19,SENSEX,Index,15880.1735,16295.8509,15754.3144,15993.8733,26647915
2024-03-20,SENSEX,Index,15993.8733,16157.8349,15887.465,15973.0082,22799418
2024-03-21,SENSEX,Index,15973.0082,16198.7523,15295.0676,15588.3277,266579
2024-03-22,SENSEX,Index,15588.3277,15743.0559,15357.3317,15526.4022,2939664
2024-03-25,SENSEX,Index,15526.4022,15958.1462,15232.7126,15649.8661,1707661
2024-03-26,SENSEX,Index,15649.8661,15945.4135,15507.8133,15723.8663,2576046
2024-03-27,SENSEX,Index,15723.8663,16159.9349,15606.501,16006.2319,3748051
2024-03-28,SENSEX,Index,16006.2319,16723.0138,15717.8291,16660.0131,2595626
2024-03-29,SENSEX,Index,16660.0131,16974.4161,16458.7022,16940.7054,13824354
2024-04-01,SENSEX,Index,16940.7054,17140.2026,16297.8144,16326.9489,6479560
2024-04-02,SENSEX,Index,16326.9489,16649.2756,15845.9036,16025.7607,2507413
2024-04-03,SENSEX,Index,16025.7607,16056.126,15454.9355,15762.5804,10820044
2024-04-04,SENSEX,Index,15762.5804,15967.451,15618.4616,15626.1801,612638
2024-04-05,SENSEX,Index,15626.1801,15755.6939,15606.9262,15668.5089,12763912
2024-04-08,SENSEX,Index,15668.5089,15689.0663,15201.0288,15413.9307,7426412
2024-04-09,SENSEX,Index,15413.9307,15526.0243,14913.2274,14978.177,13858539
2024-04-10,SENSEX,Index,14978.177,15190.9722,14844.3654,15063.1807,988004
2024-04-11,SENSEX,Index,15063.1807,15378.422,14899.4723,15230.6072,1895159
2024-04-12,SENSEX,Index,15230.6072,15256.7766,14810.0746,15024.6625,1857249
2024-04-15,SENSEX,Index,15024.6625,15285.5893,14899.725,15167.1712,1228631
2024-04-16,SENSEX,Index,15167.1712,15197.6936,14575.0212,14665.8414,1947254
2024-04-17,SENSEX,Index,14665.8414,15029.3205,14530.8856,14943.775,11162050
2024-04-18,SENSEX,Index,14943.775,14950.6633,14555.4098,14821.2275,1794395
2024-04-19,SENSEX,Index,14821.2275,14904.1082,14642.1747,14679.5806,1627053
2024-04-22,SENSEX,Index,14679.5806,14718.9814,14356.495,14544.0424,4026155
2024-04-23,SENSEX,Index,14544.0424,14990.9863,14469.5707,14825.702,1226822
2024-04-24,SENSEX,Index,14825.702,14984.7552,14520.2998,14648.37,4507672
2024-04-25,SENSEX,Index,14648.37,15058.4077,14355.7235,14800.4845,729068
2024-04-26,SENSEX,Index,14800.4845,14867.148,14402.1877,14476.6254,17404962
2024-04-29,SENSEX,Index,14476.6254,14741.2044,13885.8556,13988.8966,2301845
2024-04-30,SENSEX,Index,13988.8966,14222.9644,13521.21,13699.5198,714767
2024-05-01,SENSEX,Index,13699.5198,13923.6177,13370.5024,13380.7692,9640794
2024-05-02,SENSEX,Index,13380.7692,13498.9883,13247.7195,13392.3185,9740522
2024-05-03,SENSEX,Index,13392.3185,13484.1808,13328.853,13365.8082,9436954
2024-05-06,SENSEX,Index,13365.8082,13473.7095,13153.5135,13334.5055,179959
2024-05-07,SENSEX,Index,13334.5055,13600.7435,13119.1591,13439.6618,2997529
2024-05-08,SENSEX,Index,13439.6618,13530.2042,13243.7546,13396.3342,1337730
2024-05-09,SENSEX,Index,13396.3342,13677.0459,13173.1797,13530.1415,1089201
2024-05-10,SENSEX,Index,13530.1415,13778.3451,13441.6701,13664.9268,3548334
2024-05-13,SENSEX,Index,13664.9268,14037.9553,13392.8626,13806.8486,3861845
2024-05-14,SENSEX,Index,13806.8486,14135.7624,13740.7936,14055.5769,4892796
2024-05-15,SENSEX,Index,14055.5769,14239.3029,13850.7547,14081.492,323177
2024-05-16,SENSEX,Index,14081.492,14512.8366,13927.267,14344.8936,672929
2024-05-17,SENSEX,Index,14344.8936,14369.1792,14031.4281,14064.9792,7070217
2024-05-20,SENSEX,Index,14064.9792,14305.9239,13867.7057,14069.4329,697715
2024-05-21,SENSEX,Index,14069.4329,14183.2978,13836.9791,13946.791,10489827
2024-05-22,SENSEX,Index,13946.791,14026.1956,13933.769,13979.5515,3353064
2024-05-23,SENSEX,Index,13979.5515,14211.5125,13638.7268,13833.4847,7345470
2024-05-24,SENSEX,Index,13833.4847,14016.6317,13683.6714,13812.0837,5971927
2024-05-27,SENSEX,Index,13812.0837,13864.1918,13509.2486,13647.8831,26837143
2024-05-28,SENSEX,Index,13647.8831,14136.9944,13466.6961,13932.0482,3707622
2024-05-29,SENSEX,Index,13932.0482,14147.0081,13682.9155,14006.854,1808049
2024-05-30,SENSEX,Index,14006.854,14197.0846,13797.7839,14155.1568,379370
2024-05-31,SENSEX,Index,14155.1568,14776.4642,13955.4284,14510.4462,6095658
2024-06-03,SENSEX,Index,14510.4462,14510.8189,14263.1225,14297.482,16572523
2024-06-04,SENSEX,Index,14297.482,14851.8156,14088.5446,14728.8449,4842363
2024-06-05,SENSEX,Index,14728.8449,14785.4085,14312.5955,14557.1552,3405576
2024-06-06,SENSEX,Index,14557.1552,14713.4603,14268.8587,14678.9479,4440997
2024-06-07,SENSEX,Index,14678.9479,14849.2908,14202.0293,14463.5402,5491944
2024-06-10,SENSEX,Index,14463.5402,14773.261,14282.8052,14717.9499,967621
2024-06-11,SENSEX,Index,14717.9499,14810.1378,14424.6308,14476.4103,1739431
2024-06-12,SENSEX,Index,14476.4103,14547.4256,14304.8027,14434.2514,7550727
2024-06-13,SENSEX,Index,14434.2514,14970.6775,14307.7976,14685.422,1415381
2024-06-14,SENSEX,Index,14685.422,14780.1317,14482.5803,14733.7981,9763676
2024-06-17,SENSEX,Index,14733.7981,15490.5111,14604.0126,15219.6957,3970225
2024-06-18,SENSEX,Index,15219.6957,15430.5396,15036.0785,15281.2101,4873038
2024-06-19,SENSEX,Index,15281.2101,15381.0336,15023.3088,15212.9579,3673217
2024-06-20,SENSEX,Index,15212.9579,15346.3142,14691.3987,14768.993,1817340
2024-06-21,SENSEX,Index,14768.993,15037.9301,14709.8715,14884.7449,1341435
2024-06-24,SENSEX,Index,14884.7449,15103.5784,14840.8489,15081.7914,600205
2024-06-25,SENSEX,Index,15081.7914,15490.6672,14879.8808,15271.8746,7402336
2024-06-26,SENSEX,Index,15271.8746,15792.9969,15082.056,15780.8893,2289646
2024-06-27,SENSEX,Index,15780.8893,15898.9663,15693.3285,15786.0915,15140341
2024-06-28,SENSEX,Index,15786.0915,16397.6784,15678.0092,16116.9319,9065952
2024-07-01,SENSEX,Index,16116.9319,16490.3715,15946.7977,16204.2573,14654743
2024-07-02,SENSEX,Index,16204.2573,17103.8349,15891.6154,16851.2962,5945226
2024-07-03,SENSEX,Index,16851.2962,17076.274,16688.7069,16868.8202,6732431
2024-07-04,SENSEX,Index,16868.8202,17172.2972,16763.6589,16919.4447,2488191
2024-07-05,SENSEX,Index,16919.4447,17169.4162,16621.2885,17144.6054,1988011
2024-07-08,SENSEX,Index,17144.6054,17621.8107,16912.0826,17297.9943,723202
2024-07-09,SENSEX,Index,17297.9943,17868.2709,17202.074,17746.1844,1512358
2024-07-10,SENSEX,Index,17746.1844,17763.6327,17384.9183,17395.7234,12442857
2024-07-11,SENSEX,Index,17395.7234,17996.3988,17103.2021,17805.0376,4502829
2024-07-12,SENSEX,Index,17805.0376,17889.4586,17625.8823,17784.9771,2343046
2024-07-15,SENSEX,Index,17784.9771,18058.7277,17453.8803,17860.8091,3139788
2024-07-16,SENSEX,Index,17860.8091,18194.3343,17629.2425,17822.5771,1367926
2024-07-17,SENSEX,Index,17822.5771,17822.8585,17238.3553,17522.2651,3567850
2024-07-18,SENSEX,Index,17522.2651,17910.513,17449.144,17588.7734,1594283
2024-07-19,SENSEX,Index,17588.7734,17801.1596,17381.779,17438.955,4116899
2024-07-22,SENSEX,Index,17438.955,17600.5761,17003.6523,17209.976,9462561
2024-07-23,SENSEX,Index,17209.976,17458.0792,16981.9879,17353.0445,1580509
2024-07-24,SENSEX,Index,17353.0445,17528.1682,17205.4199,17483.3451,1365472
2024-07-25,SENSEX,Index,17483.3451,17797.0343,17175.0377,17704.2517,1415537
2024-07-26,SENSEX,Index,17704.2517,17921.6053,17648.1477,17679.1632,3789542
2024-07-29,SENSEX,Index,17679.1632,18328.8757,17458.2795,18090.2925,1501394
2024-07-30,SENSEX,Index,18090.2925,18127.539,17617.2124,17874.2523,762948
2024-07-31,SENSEX,Index,17874.2523,18472.1276,17758.2705,18380.6129,3384807
2024-08-01,SENSEX,Index,18380.6129,19021.9735,18190.1095,18686.6239,1846524
2024-08-02,SENSEX,Index,18686.6239,19015.2111,18551.6641,18556.4926,3122270
2024-08-05,SENSEX,Index,18556.4926,18684.3564,18213.4875,18557.4478,6474128
2024-08-06,SENSEX,Index,18557.4478,18784.7238,18476.0472,18580.7325,2254009
2024-08-07,SENSEX,Index,18580.7325,19391.6444,18580.4661,19113.6813,1350899
2024-08-08,SENSEX,Index,19113.6813,19128.1389,18851.2755,18897.7838,1368563
2024-08-09,SENSEX,Index,18897.7838,19207.052,18889.8809,19108.8508,5119080
2024-08-12,SENSEX,Index,19108.8508,19196.7203,18872.3684,19069.1413,1305348
2024-08-13,SENSEX,Index,19069.1413,19251.39,18923.7785,19115.8874,7814756
2024-08-14,SENSEX,Index,19115.8874,19751.3197,18788.3443,19574.5075,1773100
2024-08-15,SENSEX,Index,19574.5075,19794.0139,19495.6926,19532.8271,5067776
2024-08-16,SENSEX,Index,19532.8271,19613.3815,19086.3361,19426.9134,872839
2024-08-19,SENSEX,Index,19426.9134,19662.2508,19118.7208,19386.9839,974655
2024-08-20,SENSEX,Index,19386.9839,19896.794,19216.5693,19673.1811,2408597
2024-08-21,SENSEX,Index,19673.1811,19996.1108,19419.4028,19661.0533,1546028
2024-08-22,SENSEX,Index,19661.0533,19707.635,19654.7904,19660.1537,11740737
2024-08-23,SENSEX,Index,19660.1537,20301.3046,19543.8627,19985.4309,1114168
2024-08-26,SENSEX,Index,19985.4309,20149.5204,19089.4984,19178.2356,2815201
2024-08-27,SENSEX,Index,19178.2356,19199.4591,19022.3483,19098.0264,2284723
2024-08-28,SENSEX,Index,19098.0264,19234.7076,18942.3469,18945.5493,1091273
2024-08-29,SENSEX,Index,18945.5493,19858.8701,18798.8918,19602.5557,21156590
2024-08-30,SENSEX,Index,19602.5557,19623.7452,19312.741,19490.9783,3719826
2024-09-02,SENSEX,Index,19490.9783,19825.8824,19170.2941,19784.4693,3707567
2024-09-03,SENSEX,Index,19784.4693,19909.7455,19491.727,19648.9799,886831
2024-09-04,SENSEX,Index,19648.9799,19973.6587,19475.466,19658.4773,987897
2024-09-05,SENSEX,Index,19658.4773,20300.6986,19465.6455,20018.0209,3165188
2024-09-06,SENSEX,Index,20018.0209,20413.2839,19929.4821,20180.3939,2355335
2024-09-09,SENSEX,Index,20180.3939,20455.5337,19779.9777,20437.4892,1738178
2024-09-10,SENSEX,Index,20437.4892,20695.0098,20236.296,20532.8923,2272580
2024-09-11,SENSEX,Index,20532.8923,20753.6183,20450.5609,20470.7449,8618049
2024-09-12,SENSEX,Index,20470.7449,20517.3208,20078.367,20244.763,4687648
2024-09-13,SENSEX,Index,20244.763,20729.214,20212.5382,20655.4943,8276510
2024-09-16,SENSEX,Index,20655.4943,20994.9886,20159.2743,20474.2712,5377791
2024-09-17,SENSEX,Index,20474.2712,20581.7647,19911.4253,19960.0837,8945011
2024-09-18,SENSEX,Index,19960.0837,20905.0246,19770.3195,20755.8568,4420986
2024-09-19,SENSEX,Index,20755.8568,21576.8094,20687.8107,21194.7697,851530
2024-09-20,SENSEX,Index,21194.7697,21459.6805,20577.7062,20882.1133,2346998
2024-09-23,SENSEX,Index,20882.1133,21278.9617,20812.5717,20838.9382,4449454
2024-09-24,SENSEX,Index,20838.9382,21211.4444,20438.6281,20657.5189,3758963
2024-09-25,SENSEX,Index,20657.5189,21026.4291,20641.5748,20963.4087,5357335
2024-09-26,SENSEX,Index,20963.4087,21017.4854,20660.3548,20855.7571,6864146
2024-09-27,SENSEX,Index,20855.7571,20970.4203,20722.2481,20735.8508,3557351
2024-09-30,SENSEX,Index,20735.8508,21438.3919,20471.6563,21025.183,2720896
2024-10-01,SENSEX,Index,21025.183,21412.7724,20337.2994,20650.1362,3459870
2024-10-02,SENSEX,Index,20650.1362,21025.1707,20562.9898,20941.2633,9055865
2024-10-03,SENSEX,Index,20941.2633,21124.9901,20298.2895,20620.7996,6575200
2024-10-04,SENSEX,Index,20620.7996,20947.5114,20207.5961,20552.3084,14172054
2024-10-07,SENSEX,Index,20552.3084,20664.9399,20064.1916,20191.3329,6444438
2024-10-08,SENSEX,Index,20191.3329,20275.9423,19909.3909,20092.3636,1819745
2024-10-09,SENSEX,Index,20092.3636,20426.4081,19721.6304,20387.3646,10096367
2024-10-10,SENSEX,Index,20387.3646,20695.8411,19696.0568,19797.9631,8696731
2024-10-11,SENSEX,Index,19797.9631,20130.3344,19606.2475,19783.5759,3364451
2024-10-14,SENSEX,Index,19783.5759,20051.4747,19121.695,19421.6587,6003422
2024-10-15,SENSEX,Index,19421.6587,20288.214,19074.364,20104.7279,1926187
2024-10-16,SENSEX,Index,20104.7279,20810.9961,19939.6661,20482.7187,3243978
2024-10-17,SENSEX,Index,20482.7187,20821.1823,20245.2446,20337.8356,795936
2024-10-18,SENSEX,Index,20337.8356,20915.4275,20076.6126,20768.6028,3653255
2024-10-21,SENSEX,Index,20768.6028,21098.5678,20595.8962,20636.744,2449574
2024-10-22,SENSEX,Index,20636.744,21001.3321,20235.1342,20856.8073,2095270
2024-10-23,SENSEX,Index,20856.8073,21151.9406,20560.5702,20573.3977,2917779
2024-10-24,SENSEX,Index,20573.3977,20968.5165,20250.5483,20535.2363,2771555
2024-10-25,SENSEX,Index,20535.2363,20673.3615,20312.5295,20408.2376,11672132
2024-10-28,SENSEX,Index,20408.2376,21534.071,20303.2909,21265.3724,1157772
2024-10-29,SENSEX,Index,21265.3724,21456.3879,20373.9724,20609.1911,2583682
2024-10-30,SENSEX,Index,20609.1911,20911.2079,19728.2864,20002.6736,730013
2024-10-31,SENSEX,Index,20002.6736,20246.5176,19622.4978,19854.8772,6473402
2024-11-01,SENSEX,Index,19854.8772,19979.4793,19731.3345,19787.4693,327265
2024-11-04,SENSEX,Index,19787.4693,20057.7937,19456.0041,19716.5494,2709136
2024-11-05,SENSEX,Index,19716.5494,19947.5734,19287.6699,19671.6922,9805802
2024-11-06,SENSEX,Index,19671.6922,19978.2169,19596.5259,19945.0926,3513952
2024-11-07,SENSEX,Index,19945.0926,20902.4673,19550.873,20566.7246,775752
2024-11-08,SENSEX,Index,20566.7246,20896.2741,20167.2078,20413.964,2880519
2024-11-11,SENSEX,Index,20413.964,20717.0338,20098.0947,20412.6171,788407
2024-11-12,SENSEX,Index,20412.6171,20810.1498,19561.1524,19824.1646,3256605
2024-11-13,SENSEX,Index,19824.1646,20114.0347,19263.5032,19357.2633,1681755
2024-11-14,SENSEX,Index,19357.2633,19509.4909,19113.7857,19396.9932,903841
2024-11-15,SENSEX,Index,19396.9932,19609.3397,19396.899,19498.8605,1448427
2024-11-18,SENSEX,Index,19498.8605,19802.4078,19161.6574,19397.7559,5412765
2024-11-19,SENSEX,Index,19397.7559,19662.132,19355.0162,19379.6422,4441269
2024-11-20,SENSEX,Index,19379.6422,19723.5573,19268.0621,19513.2123,2962932
2024-11-21,SENSEX,Index,19513.2123,19878.8887,19367.2774,19625.7727,1655852
2024-11-22,SENSEX,Index,19625.7727,19903.274,19526.7596,19776.3354,2599732
2024-11-25,SENSEX,Index,19776.3354,20210.282,19403.3456,20168.6753,3751483
2024-11-26,SENSEX,Index,20168.6753,20455.8805,19854.1104,20008.1567,5442174
2024-11-27,SENSEX,Index,20008.1567,20813.3693,19957.4737,20420.1649,2050154
2024-11-28,SENSEX,Index,20420.1649,20573.8518,20086.7543,20233.7277,238438
2024-11-29,SENSEX,Index,20233.7277,20457.7646,20154.8996,20280.8288,2359042
2024-12-02,SENSEX,Index,20280.8288,20639.4861,20159.7723,20440.6429,5541852
2024-12-03,SENSEX,Index,20440.6429,20537.126,19730.093,20022.6295,8054396
2024-12-04,SENSEX,Index,20022.6295,20119.1371,19427.8839,19798.5627,2061064
2024-12-05,SENSEX,Index,19798.5627,20144.4006,18984.3047,19135.4712,4574317
2024-12-06,SENSEX,Index,19135.4712,19280.0576,18706.6956,18825.9332,1760092
2024-12-09,SENSEX,Index,18825.9332,19043.2597,18473.425,18497.8022,8850404
2024-12-10,SENSEX,Index,18497.8022,18844.4323,18258.8909,18397.7023,918534
2024-12-11,SENSEX,Index,18397.7023,18444.4448,18048.7666,18069.9216,7341933
2024-12-12,SENSEX,Index,18069.9216,18132.8087,17573.5114,17845.0268,2016786
2024-12-13,SENSEX,Index,17845.0268,17995.9851,17664.2388,17860.4381,2386430
2024-12-16,SENSEX,Index,17860.4381,17965.8536,17120.7464,17375.6125,6052409
2024-12-17,SENSEX,Index,17375.6125,17409.5362,17006.2764,17317.223,4389470
2024-12-18,SENSEX,Index,17317.223,17628.3452,17273.6521,17502.4873,430336
2024-12-19,SENSEX,Index,17502.4873,17764.1672,17344.3106,17692.3385,39762327
2024-12-20,SENSEX,Index,17692.3385,17838.9133,17498.4229,17804.4022,12249501
2024-12-23,SENSEX,Index,17804.4022,18292.8988,17750.0424,18065.5911,6347335
2024-12-24,SENSEX,Index,18065.5911,18350.2141,17916.8218,18341.2537,10658732
2024-12-25,SENSEX,Index,18341.2537,18765.1696,18124.5071,18684.4022,974655
2024-12-26,SENSEX,Index,18684.4022,19084.2284,18317.8032,18988.5963,2525512
2024-12-27,SENSEX,Index,18988.5963,19388.7587,18918.9241,19355.6221,5343613
2024-12-30,SENSEX,Index,19355.6221,19592.3394,18741.7065,19006.286,13587050
2024-12-31,SENSEX,Index,19006.286,19032.7601,18573.484,18794.8635,2407227
2025-01-01,SENSEX,Index,18794.8635,19474.143,18636.0673,19277.6133,3776568
2025-01-02,SENSEX,Index,19277.6133,19406.9881,18808.2675,19182.7219,3033032
2025-01-03,SENSEX,Index,19182.7219,19408.2322,18759.0406,19082.4099,7326778
2025-01-06,SENSEX,Index,19082.4099,19110.8467,18797.154,18991.0115,3136640
2025-01-07,SENSEX,Index,18991.0115,19398.346,18746.2465,19161.6254,5178584
2025-01-08,SENSEX,Index,19161.6254,19433.2134,18888.7771,18970.2942,7424518
2025-01-09,SENSEX,Index,18970.2942,19129.0564,18637.4751,18828.9804,1174962
2025-01-10,SENSEX,Index,18828.9804,18839.9655,18118.1405,18340.0929,2737369
2025-01-13,SENSEX,Index,18340.0929,18658.0884,17643.59,17911.0898,1442817
2025-01-14,SENSEX,Index,17911.0898,17959.0096,17661.6881,17912.1045,10394982
2025-01-15,SENSEX,Index,17912.1045,17935.3905,17547.6075,17842.1124,803822
2025-01-16,SENSEX,Index,17842.1124,18107.7344,17597.7717,17818.5236,9940229
2025-01-17,SENSEX,Index,17818.5236,18098.5625,17578.808,17742.9146,12560905
2025-01-20,SENSEX,Index,17742.9146,17907.0789,17463.839,17742.4205,6630769
2025-01-21,SENSEX,Index,17742.4205,17869.8935,17576.4372,17805.8644,11862152
2025-01-22,SENSEX,Index,17805.8644,18688.757,17788.3172,18383.5776,2043624
2025-01-23,SENSEX,Index,18383.5776,18505.6115,18266.9319,18432.8702,10386388
2025-01-24,SENSEX,Index,18432.8702,18527.6892,18374.4247,18508.5567,544119
2025-01-27,SENSEX,Index,18508.5567,18594.9533,18267.0281,18434.1784,4176727
2025-01-28,SENSEX,Index,18434.1784,19049.4364,18142.9683,18880.519,3625628
2025-01-29,SENSEX,Index,18880.519,18939.5514,18474.0574,18636.9569,4278790
2025-01-30,SENSEX,Index,18636.9569,19274.7333,18492.2846,19053.4326,1754561
2025-01-31,SENSEX,Index,19053.4326,19272.738,18754.8325,18915.0195,1780092
2025-02-03,SENSEX,Index,18915.0195,19165.7972,18238.4614,18554.8358,3465784
2025-02-04,SENSEX,Index,18554.8358,18916.8508,18420.2077,18543.7991,596201
2025-02-05,SENSEX,Index,18543.7991,18768.5555,18291.2831,18324.1316,3944372
2025-02-06,SENSEX,Index,18324.1316,18735.4146,18159.2464,18517.0142,8559076
2025-02-07,SENSEX,Index,18517.0142,18954.3242,18317.6288,18735.7407,3263418
2025-02-10,SENSEX,Index,18735.7407,18737.1345,18248.459,18337.0291,2609677
2025-02-11,SENSEX,Index,18337.0291,18501.5068,17341.4091,17688.3296,3963553
2025-02-12,SENSEX,Index,17688.3296,17735.563,17503.1677,17519.9721,421040
2025-02-13,SENSEX,Index,17519.9721,17891.5165,17467.4602,17623.3926,14012137
2025-02-14,SENSEX,Index,17623.3926,17703.777,17210.171,17214.1392,5163953
2025-02-17,SENSEX,Index,17214.1392,17254.3786,16780.2143,17117.7274,1525117
2025-02-18,SENSEX,Index,17117.7274,17185.8841,16728.6588,16927.6273,2205331
2025-02-19,SENSEX,Index,16927.6273,17144.5413,16692.5292,16831.8722,3136218
2025-02-20,SENSEX,Index,16831.8722,17052.0409,16483.0704,16621.4329,1673726
2025-02-21,SENSEX,Index,16621.4329,16953.731,16335.9857,16764.2705,1281328
2025-02-24,SENSEX,Index,16764.2705,17060.7493,16725.709,16833.9898,2316395
2025-02-25,SENSEX,Index,16833.9898,17152.147,16654.0979,16701.4001,20110560
2025-02-26,SENSEX,Index,16701.4001,17021.003,16280.271,16388.4264,15190135
2025-02-27,SENSEX,Index,16388.4264,16928.659,16305.6114,16598.1551,1740617
2025-02-28,SENSEX,Index,16598.1551,16917.5133,16593.0877,16818.3085,218044
2025-03-03,SENSEX,Index,16818.3085,16967.5204,16584.7701,16641.7189,1297483
2025-03-04,SENSEX,Index,16641.7189,16771.5348,16425.3458,16743.0045,6600526
2025-03-05,SENSEX,Index,16743.0045,16841.7216,16659.9819,16840.7041,3701636
2025-03-06,SENSEX,Index,16840.7041,17113.4686,16667.6235,17082.214,7109458
2025-03-07,SENSEX,Index,17082.214,17359.0495,16874.3341,16920.0311,1886456
2025-03-10,SENSEX,Index,16920.0311,17170.1979,16589.0775,17106.6187,3106108
2025-03-11,SENSEX,Index,17106.6187,17174.1312,16998.469,17115.8883,3772718
2025-03-12,SENSEX,Index,17115.8883,17211.9549,16346.187,16670.3349,1631239
2025-03-13,SENSEX,Index,16670.3349,16793.7862,16471.5636,16793.6484,1618626
2025-03-14,SENSEX,Index,16793.6484,16855.9616,16520.6153,16738.7818,5211776
2025-03-17,SENSEX,Index,16738.7818,17102.6772,16654.3506,16994.1468,10092973
2025-03-18,SENSEX,Index,16994.1468,17459.3985,16849.9042,17302.8686,2822536
2025-03-19,SENSEX,Index,17302.8686,17488.8457,17235.5763,17243.3373,1021678
2025-03-20,SENSEX,Index,17243.3373,17866.4622,17024.2928,17626.7226,2444976
2025-03-21,SENSEX,Index,17626.7226,18206.2457,17512.5382,18011.2432,4345948
2025-03-24,SENSEX,Index,18011.2432,18514.312,17768.3825,18299.8914,3014464
2025-03-25,SENSEX,Index,18299.8914,18608.3443,18111.9027,18461.3715,9687827
2025-03-26,SENSEX,Index,18461.3715,18604.6766,18293.6106,18328.6881,10822826
2025-03-27,SENSEX,Index,18328.6881,18477.3775,17801.653,18046.9295,19460991
2025-03-28,SENSEX,Index,18046.9295,18371.573,17747.9955,18092.2177,1655321
2025-03-31,SENSEX,Index,18092.2177,18495.7154,17896.086,18317.9287,4555830
2025-04-01,SENSEX,Index,18317.9287,18461.97,17714.9451,17853.4034,2206481
2025-04-02,SENSEX,Index,17853.4034,18160.8615,17566.028,17590.6063,1299917
2025-04-03,SENSEX,Index,17590.6063,17711.8077,17322.6508,17343.9988,5488793
2025-04-04,SENSEX,Index,17343.9988,17893.0497,17267.1555,17581.8456,1519174
2025-04-07,SENSEX,Index,17581.8456,17889.0269,16814.578,17075.075,301068
2025-04-08,SENSEX,Index,17075.075,17907.318,17071.8174,17608.8982,3828925
2025-04-09,SENSEX,Index,17608.8982,18094.7076,17417.7214,17830.7016,2688589
2025-04-10,SENSEX,Index,17830.7016,18016.3265,17041.6238,17267.9666,4943658
2025-04-11,SENSEX,Index,17267.9666,18005.5654,17214.5447,17700.6775,1742424
2025-04-14,SENSEX,Index,17700.6775,17944.0494,17031.6542,17117.1948,1016445
2025-04-15,SENSEX,Index,17117.1948,17491.3225,16805.3141,17346.2621,4520062
2025-04-16,SENSEX,Index,17346.2621,17671.4089,17136.5496,17664.2013,3297873
2025-04-17,SENSEX,Index,17664.2013,17952.0551,17421.5815,17850.8547,2145324
2025-04-18,SENSEX,Index,17850.8547,17863.2786,17418.2165,17561.961,6500741
2025-04-21,SENSEX,Index,17561.961,18086.6538,17401.4363,17801.697,1781094
2025-04-22,SENSEX,Index,17801.697,18519.4115,17650.3817,18218.0277,15750744
2025-04-23,SENSEX,Index,18218.0277,18413.395,17802.8008,17964.1724,1319940
2025-04-24,SENSEX,Index,17964.1724,18222.3548,17660.9315,17736.7514,2880479
2025-04-25,SENSEX,Index,17736.7514,17817.5523,17436.1245,17642.1346,886630
2025-04-28,SENSEX,Index,17642.1346,17831.6708,17354.8874,17425.8228,397563
2025-04-29,SENSEX,Index,17425.8228,17438.2343,16749.055,16917.5457,743299
2025-04-30,SENSEX,Index,16917.5457,17674.5711,16857.4946,17428.1266,20458245
2025-05-01,SENSEX,Index,17428.1266,17963.1917,17380.7455,17629.2339,1798603
2025-05-02,SENSEX,Index,17629.2339,17650.4148,17126.8165,17239.0439,3229059
2025-05-05,SENSEX,Index,17239.0439,17543.8868,17189.4525,17358.5924,1543048
2025-05-06,SENSEX,Index,17358.5924,17581.9805,17155.3281,17464.2984,1007875
2025-05-07,SENSEX,Index,17464.2984,17542.1717,17252.9562,17318.0925,2525605
2025-05-08,SENSEX,Index,17318.0925,17903.3038,17313.912,17809.3396,1395992
2025-05-09,SENSEX,Index,17809.3396,18822.4539,17599.3779,18466.8306,5061263
2025-05-12,SENSEX,Index,18466.8306,19528.9827,18160.8802,19173.1668,1210334
2025-05-13,SENSEX,Index,19173.1668,19273.8772,18666.4552,18856.6894,1536678
2025-05-14,SENSEX,Index,18856.6894,18894.2496,18583.8026,18868.665,17779330
2025-05-15,SENSEX,Index,18868.665,19119.2884,18539.8277,18699.3677,8028527
2025-05-16,SENSEX,Index,18699.3677,19587.3079,18513.9758,19247.2666,4225933
2025-05-19,SENSEX,Index,19247.2666,19655.249,19097.7033,19569.119,1460089
2025-05-20,SENSEX,Index,19569.119,19854.127,19485.0717,19695.0653,6366929
2025-05-21,SENSEX,Index,19695.0653,19764.4271,19015.9895,19302.96,1330679
2025-05-22,SENSEX,Index,19302.96,19451.9246,18844.1055,19221.6484,642221
2025-05-23,SENSEX,Index,19221.6484,19256.1804,18792.5479,19017.2379,2706009
2025-05-26,SENSEX,Index,19017.2379,19181.4874,18581.7617,18601.8266,19886952
2025-05-27,SENSEX,Index,18601.8266,18945.9572,18563.1945,18889.4591,111446497
2025-05-28,SENSEX,Index,18889.4591,18984.4467,18478.1415,18542.5108,5125954
2025-05-29,SENSEX,Index,18542.5108,18620.3496,18167.2591,18347.7555,1060599
2025-05-30,SENSEX,Index,18347.7555,18675.0363,18052.6835,18613.8367,3453859
2025-06-02,SENSEX,Index,18613.8367,18762.211,18453.8808,18516.8947,4358174
2025-06-03,SENSEX,Index,18516.8947,18722.8902,18133.247,18283.6892,1341677
2025-06-04,SENSEX,Index,18283.6892,18336.0103,17790.3163,18100.8874,10463212
2025-06-05,SENSEX,Index,18100.8874,18604.9207,17930.1032,18396.509,903471
2025-06-06,SENSEX,Index,18396.509,18918.344,18150.6652,18885.1918,3167589
2025-06-09,SENSEX,Index,18885.1918,19179.617,18732.77,19013.3333,1595692
2025-06-10,SENSEX,Index,19013.3333,19073.2036,18832.0905,19025.053,1054874
2025-06-11,SENSEX,Index,19025.053,19207.9926,18434.3489,18807.4956,7672593
2025-06-12,SENSEX,Index,18807.4956,19219.2536,18518.6648,19061.1046,5286191
2025-06-13,SENSEX,Index,19061.1046,19383.5212,18812.79,18943.9831,889923
2025-06-16,SENSEX,Index,18943.9831,19545.5604,18808.6314,19319.0704,8540286
2025-06-17,SENSEX,Index,19319.0704,19351.4777,18418.9519,18792.0891,8025361
2025-06-18,SENSEX,Index,18792.0891,19036.4978,18571.0461,18694.0551,6599690
2025-06-19,SENSEX,Index,18694.0551,18822.3128,18138.6436,18288.8685,1675370
2025-06-20,SENSEX,Index,18288.8685,18666.015,18273.5496,18320.2872,19897190
2025-06-23,SENSEX,Index,18320.2872,19409.4148,18302.2753,19058.6604,3602561
2025-06-24,SENSEX,Index,19058.6604,19477.4034,18724.6412,19383.6147,4123012
2025-06-25,SENSEX,Index,19383.6147,19616.8978,19366.2156,19446.1492,5595530
2025-06-26,SENSEX,Index,19446.1492,19457.4267,19166.8068,19434.9395,7469983
2025-06-27,SENSEX,Index,19434.9395,19518.2267,19105.3218,19129.9959,3104793
2025-06-30,SENSEX,Index,19129.9959,19883.4892,18817.3727,19684.3847,10470372
2025-07-01,SENSEX,Index,19684.3847,19790.1174,19410.6814,19785.0696,8906003
2025-07-02,SENSEX,Index,19785.0696,20516.9819,19646.4805,20254.0516,464351
2025-07-03,SENSEX,Index,20254.0516,20405.3762,20089.5315,20176.0059,1669908
2025-07-04,SENSEX,Index,20176.0059,20189.7964,19631.3341,19757.6455,26458665
2025-07-07,SENSEX,Index,19757.6455,20226.9054,19481.7826,19937.858,8557726
2025-07-08,SENSEX,Index,19937.858,20046.5062,19426.5324,19755.1737,2426919
2025-07-09,SENSEX,Index,19755.1737,19763.4205,19699.8415,19759.587,4870775
2025-07-10,SENSEX,Index,19759.587,20028.2737,19386.78,19998.2389,552560
2025-07-11,SENSEX,Index,19998.2389,20534.265,19696.0906,20218.6432,2587689
2025-07-14,SENSEX,Index,20218.6432,20976.6477,19964.4053,20712.3567,12653616
2025-07-15,SENSEX,Index,20712.3567,21113.8637,20390.5088,20809.0975,3375942
2025-07-16,SENSEX,Index,20809.0975,20843.9753,20518.7689,20718.8694,4900380
2025-07-17,SENSEX,Index,20718.8694,21313.6471,20482.3208,21126.1384,3454537
2025-07-18,SENSEX,Index,21126.1384,21386.0807,20608.9873,20956.0375,3377474
2025-07-21,SENSEX,Index,20956.0375,21309.9463,20887.2241,21059.9185,1058894
2025-07-22,SENSEX,Index,21059.9185,21132.0801,20359.7936,20635.317,1920550
2025-07-23,SENSEX,Index,20635.317,21175.6192,20266.5496,21138.4131,11116447
2025-07-24,SENSEX,Index,21138.4131,21333.8848,20485.4248,20646.4947,1286748
2025-07-25,SENSEX,Index,20646.4947,21216.5581,20262.1364,20890.0372,2161050
2025-07-28,SENSEX,Index,20890.0372,21156.2274,20545.7299,21040.6953,713305
2025-07-29,SENSEX,Index,21040.6953,21193.6588,20904.9055,21050.8484,2979081
2025-07-30,SENSEX,Index,21050.8484,21623.0389,20691.6481,21362.757,4871888
2025-07-31,SENSEX,Index,21362.757,21607.9506,21357.7817,21414.986,581862
2025-08-01,SENSEX,Index,21414.986,22309.8169,21099.6375,22048.7969,6497685
2025-08-04,SENSEX,Index,22048.7969,22100.1466,21559.8574,21820.1608,3675222
2025-08-05,SENSEX,Index,21820.1608,22007.6409,21460.31,21700.896,2661054
2025-08-06,SENSEX,Index,21700.896,22384.4619,21556.4468,22099.9164,1281068
2025-08-07,SENSEX,Index,22099.9164,22634.0971,21855.3022,22349.1696,11461666
2025-08-08,SENSEX,Index,22349.1696,22911.9791,22086.48,22543.1796,2795503
2025-08-11,SENSEX,Index,22543.1796,22696.6467,22073.9789,22286.3986,1703356
2025-08-12,SENSEX,Index,22286.3986,22413.1285,21850.6046,22339.2435,495771
2025-08-13,SENSEX,Index,22339.2435,22687.9588,22144.4238,22363.7249,7766186
2025-08-14,SENSEX,Index,22363.7249,22498.4256,21627.4613,21880.5004,10759080
2025-08-15,SENSEX,Index,21880.5004,22907.3516,21719.916,22776.7676,3067135
2025-08-18,SENSEX,Index,22776.7676,22824.0406,22339.2245,22708.4311,2877962
2025-08-19,SENSEX,Index,22708.4311,22874.2223,22312.6024,22750.2074,2427090
2025-08-20,SENSEX,Index,22750.2074,22985.7353,21927.9196,22096.72,2815466
2025-08-21,SENSEX,Index,22096.72,22537.3244,21593.3976,21778.7591,3849140
2025-08-22,SENSEX,Index,21778.7591,22376.254,21415.8055,22214.5766,1265846
2025-08-25,SENSEX,Index,22214.5766,22854.4485,21838.653,22805.4382,2268994
2025-08-26,SENSEX,Index,22805.4382,22871.7044,22382.2745,22524.7627,6499517
2025-08-27,SENSEX,Index,22524.7627,22703.7118,22114.4623,22370.0716,3126402
2025-08-28,SENSEX,Index,22370.0716,22751.234,22125.286,22384.5274,6106739
2025-08-29,SENSEX,Index,22384.5274,22642.1955,21941.055,22366.28,2718113
2025-09-01,SENSEX,Index,22366.28,22464.7408,22152.5202,22242.01,5477416
2025-09-02,SENSEX,Index,22242.01,22466.3788,21867.5484,22072.5279,12648752
2025-09-03,SENSEX,Index,22072.5279,22103.9703,22014.3401,22090.4966,608729
2025-09-04,SENSEX,Index,22090.4966,22387.5055,21862.0145,22199.754,5260580
2025-09-05,SENSEX,Index,22199.754,23016.8325,21860.8592,22661.4166,1563227
2025-09-08,SENSEX,Index,22661.4166,22814.5942,22159.9963,22370.2071,6327779
2025-09-09,SENSEX,Index,22370.2071,22918.737,22308.3615,22768.7576,1505980
2025-09-10,SENSEX,Index,22768.7576,22971.8772,22489.9957,22868.5656,3087059
2025-09-11,SENSEX,Index,22868.5656,23091.7063,22303.0966,22620.7665,2910987
2025-09-12,SENSEX,Index,22620.7665,23128.6677,22581.746,22995.7811,3397516
2025-09-15,SENSEX,Index,22995.7811,23260.879,22581.142,22944.5857,5978293
2025-09-16,SENSEX,Index,22944.5857,23423.2919,22810.9134,23360.0241,1245702
2025-09-17,SENSEX,Index,23360.0241,23581.7573,23024.8528,23477.2136,2283092
2025-09-18,SENSEX,Index,23477.2136,23753.2179,23260.738,23499.4105,6497044
2025-09-19,SENSEX,Index,23499.4105,23782.7229,22945.0766,23406.6518,431472
2025-09-22,SENSEX,Index,23406.6518,23714.4232,22966.2994,23384.9207,8808177
2025-09-23,SENSEX,Index,23384.9207,23745.6729,23103.7953,23549.839,2945065
2025-09-24,SENSEX,Index,23549.839,23721.7249,23198.4137,23606.2356,3488647
2025-09-25,SENSEX,Index,23606.2356,23972.8908,22741.9173,22995.8942,3824059
2025-09-26,SENSEX,Index,22995.8942,23217.2407,22285.9893,22564.5963,10372760
2025-09-29,SENSEX,Index,22564.5963,22998.5769,21908.0011,22134.4219,2176058
2025-09-30,SENSEX,Index,22134.4219,22291.6346,21766.0074,21944.7095,15482153
2025-10-01,SENSEX,Index,21944.7095,22558.1465,21726.5116,22315.5895,336172
2025-10-02,SENSEX,Index,22315.5895,22393.7348,22259.2936,22318.2528,1065795
2025-10-03,SENSEX,Index,22318.2528,22673.9006,22138.9061,22378.7296,6339199
2025-10-06,SENSEX,Index,22378.7296,22813.3534,22213.7704,22467.7234,6761761
2025-10-07,SENSEX,Index,22467.7234,22589.482,22259.9418,22387.833,4314761
2025-10-08,SENSEX,Index,22387.833,22640.089,22353.7587,22625.6608,2097786
2025-10-09,SENSEX,Index,22625.6608,22730.5803,21986.1101,22342.6738,1718249
2025-10-10,SENSEX,Index,22342.6738,22534.5181,22127.9479,22309.9457,3318514
2025-10-13,SENSEX,Index,22309.9457,22744.123,21988.2839,22429.1738,1564333
2025-10-14,SENSEX,Index,22429.1738,23106.755,22230.4795,22677.8579,20171308
2025-10-15,SENSEX,Index,22677.8579,23100.957,22451.6502,22485.8669,37972391
2025-10-16,SENSEX,Index,22485.8669,23528.506,22223.6733,23161.6685,3308086
2025-10-17,SENSEX,Index,23161.6685,23172.5355,22965.1912,23117.497,1695309
2025-10-20,SENSEX,Index,23117.497,23824.1521,23058.5475,23427.4991,3535761
2025-10-21,SENSEX,Index,23427.4991,23748.9169,23302.6879,23498.8339,1419377
2025-10-22,SENSEX,Index,23498.8339,24007.8174,23152.5471,23824.8668,2608258
2025-10-23,SENSEX,Index,23824.8668,24267.025,23242.0738,23455.0914,3056465
2025-10-24,SENSEX,Index,23455.0914,23463.9484,23142.8506,23189.4755,12840236
2025-10-27,SENSEX,Index,23189.4755,24040.4826,22866.9153,23880.609,3143526
2025-10-28,SENSEX,Index,23880.609,24512.0263,23443.6482,24272.9273,9316302
2025-10-29,SENSEX,Index,24272.9273,24369.7185,23061.805,23204.5852,1720753
2025-10-30,SENSEX,Index,23204.5852,23369.685,23063.4292,23254.0955,2150125
2025-10-31,SENSEX,Index,23254.0955,23366.7364,22933.6872,23011.4926,10034093
2025-11-03,SENSEX,Index,23011.4926,23220.3237,22628.9806,22860.7567,4588177
2025-11-04,SENSEX,Index,22860.7567,23594.4106,22840.2956,23217.9452,13747506
2025-11-05,SENSEX,Index,23217.9452,23285.7495,22726.9555,22859.163,1236384
2025-11-06,SENSEX,Index,22859.163,23247.3473,22684.9302,22942.8025,466715
2025-11-07,SENSEX,Index,22942.8025,23076.0009,22385.3014,22630.2458,11335254
2025-11-10,SENSEX,Index,22630.2458,23182.4695,22590.3593,22852.6997,2906129
2025-11-11,SENSEX,Index,22852.6997,23303.5627,22477.7815,23022.2554,6633159
2025-11-12,SENSEX,Index,23022.2554,23258.014,22306.5363,22554.109,2035708
2025-11-13,SENSEX,Index,22554.109,23805.7138,22147.1221,23362.4327,13196128
2025-11-14,SENSEX,Index,23362.4327,23896.7244,23316.4113,23454.1777,4418925
2025-11-17,SENSEX,Index,23454.1777,23851.2732,23211.4387,23448.3447,575040
2025-11-18,SENSEX,Index,23448.3447,23566.7184,22904.2757,23244.4707,4935443
2025-11-19,SENSEX,Index,23244.4707,23367.6042,22932.4948,23094.0896,1181255
2025-11-20,SENSEX,Index,23094.0896,23350.5556,22743.5451,22789.0923,13516959
2025-11-21,SENSEX,Index,22789.0923,23084.6824,22295.8054,22624.0302,10626547
2025-11-24,SENSEX,Index,22624.0302,23014.9009,22430.0403,22734.7073,2594593
2025-11-25,SENSEX,Index,22734.7073,22888.2624,22118.3941,22482.4636,6347974
2025-11-26,SENSEX,Index,22482.4636,23040.7987,22160.3005,22839.2645,7019574
2025-11-27,SENSEX,Index,22839.2645,23128.2621,21968.23,22405.5935,1971904
2025-11-28,SENSEX,Index,22405.5935,22707.6215,22038.7908,22280.087,484466
2025-12-01,SENSEX,Index,22280.087,22468.0904,21835.1887,22441.9244,6011203
2025-12-02,SENSEX,Index,22441.9244,22936.2386,22057.5907,22641.3586,4862419
2025-12-03,SENSEX,Index,22641.3586,23038.2258,22451.0454,22541.9594,1474767
2025-12-04,SENSEX,Index,22541.9594,22927.1321,22133.5984,22441.8451,4476440
2025-12-05,SENSEX,Index,22441.8451,23072.2538,22354.7734,22880.4019,3534234
2025-12-08,SENSEX,Index,22880.4019,23145.7635,22511.7617,22902.3886,521378
2025-12-09,SENSEX,Index,22902.3886,23400.0578,22814.5472,23040.2677,12807307
2025-12-10,SENSEX,Index,23040.2677,23360.6744,22820.7888,23009.2103,2719376
2025-12-11,SENSEX,Index,23009.2103,23014.6733,22748.8945,22886.5136,6579466
2025-12-12,SENSEX,Index,22886.5136,23131.3411,21859.6131,22249.6939,10638483
2025-12-15,SENSEX,Index,22249.6939,22455.3435,21937.0206,22180.6278,4876800
2025-12-16,SENSEX,Index,22180.6278,22617.1866,22177.0309,22447.4698,1313732
2025-12-17,SENSEX,Index,22447.4698,22666.7352,22437.3372,22447.4973,2551316
2025-12-18,SENSEX,Index,22447.4973,22698.8613,21939.5022,22072.342,9149231
2025-12-19,SENSEX,Index,22072.342,22174.8783,21735.8519,21970.8525,1013656
2025-12-22,SENSEX,Index,21970.8525,22059.7487,21676.0148,21990.532,787897
2025-12-23,SENSEX,Index,21990.532,22196.2765,21817.3966,21848.3652,4386092
2025-12-24,SENSEX,Index,21848.3652,22078.9198,21137.752,21358.7989,6143318
2025-12-25,SENSEX,Index,21358.7989,21643.8734,21187.2223,21394.4151,7190017
2025-12-26,SENSEX,Index,21394.4151,21837.1649,21039.8382,21649.9378,2014872
2025-12-29,SENSEX,Index,21649.9378,21953.531,21382.6683,21507.6895,5258387
2025-12-30,SENSEX,Index,21507.6895,21819.7954,21076.139,21173.4633,1143889
2025-12-31,SENSEX,Index,21173.4633,21374.995,20965.2212,20983.9263,849161
2022-01-03,Banking ETF,ETF,19426.18,19550.0014,18978.4714,19150.2656,10655248
2022-01-04,Banking ETF,ETF,19150.2656,19222.6267,18542.1706,18866.4603,4684894
2022-01-05,Banking ETF,ETF,18866.4603,19195.2167,18429.3644,18677.0777,804361
2022-01-06,Banking ETF,ETF,18677.0777,19051.2653,18402.2846,19043.7685,1076701
2022-01-07,Banking ETF,ETF,19043.7685,19810.7067,18691.1584,19439.5522,3089092
2022-01-10,Banking ETF,ETF,19439.5522,19593.2501,19258.7506,19453.1322,7989126
2022-01-11,Banking ETF,ETF,19453.1322,19746.0509,19095.8976,19664.6446,4632330
2022-01-12,Banking ETF,ETF,19664.6446,19706.3163,19520.355,19564.2733,6092270
2022-01-13,Banking ETF,ETF,19564.2733,20131.5379,19212.4097,19812.8208,720711
2022-01-14,Banking ETF,ETF,19812.8208,19842.6627,19674.7342,19825.4553,335184
2022-01-17,Banking ETF,ETF,19825.4553,20163.1895,19629.0574,19977.6878,1117880
2022-01-18,Banking ETF,ETF,19977.6878,20237.2871,19771.2526,20150.7456,2992441
2022-01-19,Banking ETF,ETF,20150.7456,20653.8668,19998.4187,20277.1096,17068576
2022-01-20,Banking ETF,ETF,20277.1096,20524.0844,19902.9968,20018.3876,3027185
2022-01-21,Banking ETF,ETF,20018.3876,20286.0841,19988.011,20072.3893,965801
2022-01-24,Banking ETF,ETF,20072.3893,20433.5286,19883.9357,20356.5737,14353827
2022-01-25,Banking ETF,ETF,20356.5737,20597.136,20225.3396,20435.4957,19479679
2022-01-26,Banking ETF,ETF,20435.4957,20906.054,20404.9463,20628.9067,3811750
2022-01-27,Banking ETF,ETF,20628.9067,20977.137,20220.9182,20937.5807,2962854
2022-01-28,Banking ETF,ETF,20937.5807,21291.3041,20710.6813,20885.4437,5891517
2022-01-31,Banking ETF,ETF,20885.4437,21860.0878,20871.3297,21526.6497,1338497
2022-02-01,Banking ETF,ETF,21526.6497,21675.5924,20982.4269,21129.4748,4740813
2022-02-02,Banking ETF,ETF,21129.4748,21174.8445,20426.666,20486.334,2230525
2022-02-03,Banking ETF,ETF,20486.334,20877.3967,20434.9562,20482.3422,1948629
2022-02-04,Banking ETF,ETF,20482.3422,21261.4769,20438.5428,20915.6461,12187084
2022-02-07,Banking ETF,ETF,20915.6461,21779.7165,20567.2838,21527.066,3424713
2022-02-08,Banking ETF,ETF,21527.066,21831.5207,21363.8216,21600.812,2048490
2022-02-09,Banking ETF,ETF,21600.812,22372.9503,21386.456,21981.2465,710967
2022-02-10,Banking ETF,ETF,21981.2465,22026.2616,21842.4056,21869.3074,10778927
2022-02-11,Banking ETF,ETF,21869.3074,22016.8105,21516.4006,21829.8498,1933498
2022-02-14,Banking ETF,ETF,21829.8498,22068.9355,21536.6028,21599.0306,1335016
2022-02-15,Banking ETF,ETF,21599.0306,21774.66,21286.841,21439.3269,5328674
2022-02-16,Banking ETF,ETF,21439.3269,21517.2251,21122.4571,21462.346,14213184
2022-02-17,Banking ETF,ETF,21462.346,21623.5277,20780.3014,20989.2522,1710256
2022-02-18,Banking ETF,ETF,20989.2522,21156.5374,20605.6286,20613.533,1563510
2022-02-21,Banking ETF,ETF,20613.533,20631.6336,20163.7227,20430.8349,5421446
2022-02-22,Banking ETF,ETF,20430.8349,20837.9211,20346.918,20634.2572,5734095
2022-02-23,Banking ETF,ETF,20634.2572,21019.0154,20261.4342,20915.9954,9411936
2022-02-24,Banking ETF,ETF,20915.9954,21449.7524,20613.8383,21054.4551,7332106
2022-02-25,Banking ETF,ETF,21054.4551,21084.5642,20818.3645,20981.8794,858734
2022-02-28,Banking ETF,ETF,20981.8794,21120.4832,20528.6888,20776.0719,13712720
2022-03-01,Banking ETF,ETF,20776.0719,21065.0065,20400.9828,20444.2119,2272606
2022-03-02,Banking ETF,ETF,20444.2119,20525.5459,19693.1505,20068.9834,8525156
2022-03-03,Banking ETF,ETF,20068.9834,20077.6641,19867.7224,20061.7569,2325598
2022-03-04,Banking ETF,ETF,20061.7569,20114.7849,19310.2364,19456.7016,3308237
2022-03-07,Banking ETF,ETF,19456.7016,19992.819,19227.1769,19782.8241,6384846
2022-03-08,Banking ETF,ETF,19782.8241,19846.8791,19500.1115,19597.8245,1321410
2022-03-09,Banking ETF,ETF,19597.8245,19856.6581,19227.4462,19635.6826,701658
2022-03-10,Banking ETF,ETF,19635.6826,20122.0113,19415.6681,19798.4028,1041167
2022-03-11,Banking ETF,ETF,19798.4028,19813.9457,19429.3709,19548.7923,1345322
2022-03-14,Banking ETF,ETF,19548.7923,20072.783,19370.7738,19763.4255,1240405
2022-03-15,Banking ETF,ETF,19763.4255,19826.6342,19354.9935,19510.3542,15316513
2022-03-16,Banking ETF,ETF,19510.3542,19719.9626,19312.3654,19692.8845,3640924
2022-03-17,Banking ETF,ETF,19692.8845,19737.9255,19569.5971,19728.4655,413482
2022-03-18,Banking ETF,ETF,19728.4655,19977.5452,19615.8061,19799.1225,11962044
2022-03-21,Banking ETF,ETF,19799.1225,20129.9938,19167.2161,19545.3057,721397
2022-03-22,Banking ETF,ETF,19545.3057,19876.2276,18787.5172,18949.3084,1003660
2022-03-23,Banking ETF,ETF,18949.3084,19231.0856,18325.1058,18522.1774,4388037
2022-03-24,Banking ETF,ETF,18522.1774,18766.7385,18257.0748,18686.3852,6129351
2022-03-25,Banking ETF,ETF,18686.3852,18750.894,18530.4559,18531.4314,9987732
2022-03-28,Banking ETF,ETF,18531.4314,18737.0969,17899.3566,17966.927,1652316
2022-03-29,Banking ETF,ETF,17966.927,18048.2919,17686.9934,17858.6919,6113258
2022-03-30,Banking ETF,ETF,17858.6919,17955.7935,17402.9957,17462.2644,3249304
2022-03-31,Banking ETF,ETF,17462.2644,17877.0933,17212.8729,17713.306,6983303
2022-04-01,Banking ETF,ETF,17713.306,18055.5901,17260.1138,17548.2676,4966316
2022-04-04,Banking ETF,ETF,17548.2676,17592.3703,17357.7453,17405.9175,1927894
2022-04-05,Banking ETF,ETF,17405.9175,17678.4712,17099.2974,17358.3728,17068563
2022-04-06,Banking ETF,ETF,17358.3728,17788.7544,17250.1337,17782.2263,8060877
2022-04-07,Banking ETF,ETF,17782.2263,18026.8965,17208.6429,17485.7773,7939670
2022-04-08,Banking ETF,ETF,17485.7773,17523.0157,17268.2039,17439.7613,5645287
2022-04-11,Banking ETF,ETF,17439.7613,17533.7581,17170.367,17254.1236,6607545
2022-04-12,Banking ETF,ETF,17254.1236,17505.5642,16919.0989,17454.2847,3736982
2022-04-13,Banking ETF,ETF,17454.2847,17878.6341,17110.0765,17610.6384,956448
2022-04-14,Banking ETF,ETF,17610.6384,17881.4081,17548.7806,17761.0587,1689548
2022-04-15,Banking ETF,ETF,17761.0587,18297.8104,17570.1191,18129.2628,2270580
2022-04-18,Banking ETF,ETF,18129.2628,18271.681,17467.7538,17714.2084,12288632
2022-04-19,Banking ETF,ETF,17714.2084,18010.4235,17682.6039,17737.8286,6663729
2022-04-20,Banking ETF,ETF,17737.8286,17753.1614,17648.1266,17746.0588,743075
2022-04-21,Banking ETF,ETF,17746.0588,17839.9519,17478.085,17659.6369,3309690
2022-04-22,Banking ETF,ETF,17659.6369,18095.1609,17513.1553,17864.5842,3720965
2022-04-25,Banking ETF,ETF,17864.5842,18106.0461,17578.0081,17777.0698,2466603
2022-04-26,Banking ETF,ETF,17777.0698,18188.6323,17426.3701,17964.0062,7467791
2022-04-27,Banking ETF,ETF,17964.0062,18261.5885,17610.3447,17699.4983,3566016
2022-04-28,Banking ETF,ETF,17699.4983,18081.3658,17570.5009,17916.3966,16738625
2022-04-29,Banking ETF,ETF,17916.3966,18545.7415,17673.265,18271.2081,804897
2022-05-02,Banking ETF,ETF,18271.2081,18560.4925,18095.1104,18268.9224,789010
2022-05-03,Banking ETF,ETF,18268.9224,18943.4082,18119.3566,18696.146,4024375
2022-05-04,Banking ETF,ETF,18696.146,19239.0587,18374.9513,18931.9762,1313873
2022-05-05,Banking ETF,ETF,18931.9762,19086.0103,18438.7139,18756.819,4630182
2022-05-06,Banking ETF,ETF,18756.819,19294.8609,18514.499,19102.3953,565036
2022-05-09,Banking ETF,ETF,19102.3953,19602.5116,19072.3941,19415.5851,4067794
2022-05-10,Banking ETF,ETF,19415.5851,19475.7508,18544.9613,18865.3073,6506986
2022-05-11,Banking ETF,ETF,18865.3073,19391.6053,18603.8448,19083.9655,3394012
2022-05-12,Banking ETF,ETF,19083.9655,19281.2314,18832.7465,18932.4689,1417761
2022-05-13,Banking ETF,ETF,18932.4689,19100.45,18910.4437,19066.5384,870118
2022-05-16,Banking ETF,ETF,19066.5384,19694.6202,18905.2826,19478.4843,1436420
2022-05-17,Banking ETF,ETF,19478.4843,19843.1785,18887.0951,18907.8577,8573432
2022-05-18,Banking ETF,ETF,18907.8577,19425.4267,18838.2613,19118.0525,4499847
2022-05-19,Banking ETF,ETF,19118.0525,19457.2009,18807.6282,19424.4627,1219790
2022-05-20,Banking ETF,ETF,19424.4627,19754.2978,19145.6205,19714.7731,8292603
2022-05-23,Banking ETF,ETF,19714.7731,20013.9586,19705.6606,19997.3224,5434689
2022-05-24,Banking ETF,ETF,19997.3224,20220.6463,19337.1652,19698.5745,2264001
2022-05-25,Banking ETF,ETF,19698.5745,20025.4653,19632.1846,20025.3688,2322961
2022-05-26,Banking ETF,ETF,20025.3688,20401.2323,19682.6788,19731.0274,29314786
2022-05-27,Banking ETF,ETF,19731.0274,20074.3101,19006.6852,19239.4599,1983077
2022-05-30,Banking ETF,ETF,19239.4599,19467.4881,19068.2215,19431.7918,32974958
2022-05-31,Banking ETF,ETF,19431.7918,19433.0049,19255.9834,19373.585,2373849
2022-06-01,Banking ETF,ETF,19373.585,19635.9527,19020.9497,19359.5502,1223849
2022-06-02,Banking ETF,ETF,19359.5502,19457.7035,18872.6096,18998.3356,8606472
2022-06-03,Banking ETF,ETF,18998.3356,19196.4326,18803.6298,19028.9216,563631
2022-06-06,Banking ETF,ETF,19028.9216,19124.5639,18678.5207,18740.8154,15793946
2022-06-07,Banking ETF,ETF,18740.8154,19393.6095,18490.8484,19104.4805,1479384
2022-06-08,Banking ETF,ETF,19104.4805,19467.0281,18919.4474,19247.3429,770737
2022-06-09,Banking ETF,ETF,19247.3429,19465.0135,18838.0101,19111.4979,64768463
2022-06-10,Banking ETF,ETF,19111.4979,19254.6272,19086.0307,19202.4403,2053747
2022-06-13,Banking ETF,ETF,19202.4403,19273.9674,18996.3875,19182.5909,1641754
2022-06-14,Banking ETF,ETF,19182.5909,19414.0579,18663.7796,18780.9734,12007183
2022-06-15,Banking ETF,ETF,18780.9734,18891.1762,18240.733,18252.9325,6135717
2022-06-16,Banking ETF,ETF,18252.9325,18371.6251,18030.0741,18201.5731,12253426
2022-06-17,Banking ETF,ETF,18201.5731,18513.7868,17829.7973,18155.6952,3834925
2022-06-20,Banking ETF,ETF,18155.6952,18234.5419,17989.7534,18125.1997,5810096
2022-06-21,Banking ETF,ETF,18125.1997,18345.3363,17688.6155,17858.8547,1951741
2022-06-22,Banking ETF,ETF,17858.8547,18476.8933,17542.3694,18200.4336,6496078
2022-06-23,Banking ETF,ETF,18200.4336,18410.841,18017.261,18289.1608,3848854
2022-06-24,Banking ETF,ETF,18289.1608,18384.3418,18128.9618,18193.3822,2570726
2022-06-27,Banking ETF,ETF,18193.3822,18526.6959,18191.4394,18280.9148,7043319
2022-06-28,Banking ETF,ETF,18280.9148,18495.1179,17954.1805,18368.4538,6868417
2022-06-29,Banking ETF,ETF,18368.4538,18555.6384,18029.7558,18518.7006,570134
2022-06-30,Banking ETF,ETF,18518.7006,18725.419,18136.0446,18417.4982,1979091
2022-07-01,Banking ETF,ETF,18417.4982,18417.8456,17780.9664,18054.3639,5924363
2022-07-04,Banking ETF,ETF,18054.3639,18456.2183,17864.8168,18306.1636,2988661
2022-07-05,Banking ETF,ETF,18306.1636,18589.9789,17385.3306,17570.4419,1005837
2022-07-06,Banking ETF,ETF,17570.4419,17583.7066,17077.2969,17278.8355,1392098
2022-07-07,Banking ETF,ETF,17278.8355,17504.7839,16908.1371,17141.6785,2144732
2022-07-08,Banking ETF,ETF,17141.6785,17459.5674,16820.6688,17152.8556,17098140
2022-07-11,Banking ETF,ETF,17152.8556,17393.9912,16815.6493,17288.9708,10364469
2022-07-12,Banking ETF,ETF,17288.9708,17441.8586,17051.5815,17070.988,1700313
2022-07-13,Banking ETF,ETF,17070.988,17281.8334,16847.0862,17091.451,4520699
2022-07-14,Banking ETF,ETF,17091.451,17300.7567,16721.6083,16964.6003,3258330
2022-07-15,Banking ETF,ETF,16964.6003,17428.0683,16889.523,17349.3021,2017393
2022-07-18,Banking ETF,ETF,17349.3021,17643.2034,16964.2662,17249.8941,1128857
2022-07-19,Banking ETF,ETF,17249.8941,17855.2243,17166.6782,17601.4757,562270
2022-07-20,Banking ETF,ETF,17601.4757,17774.4601,17353.9878,17655.1971,3418807
2022-07-21,Banking ETF,ETF,17655.1971,17835.9518,17355.8471,17467.5058,1402109
2022-07-22,Banking ETF,ETF,17467.5058,17479.9945,17091.5178,17335.752,1570805
2022-07-25,Banking ETF,ETF,17335.752,17395.2809,17068.3553,17103.4291,3211514
2022-07-26,Banking ETF,ETF,17103.4291,17361.4454,16896.7595,16903.6937,4079836
2022-07-27,Banking ETF,ETF,16903.6937,17269.8551,16879.025,17025.1924,2434914
2022-07-28,Banking ETF,ETF,17025.1924,17313.5253,16818.4053,17022.9324,12362266
2022-07-29,Banking ETF,ETF,17022.9324,17342.1322,17009.5006,17183.9296,874652
2022-08-01,Banking ETF,ETF,17183.9296,17605.6707,17172.9811,17412.934,22472726
2022-08-02,Banking ETF,ETF,17412.934,17767.2577,17195.2994,17627.0899,3085340
2022-08-03,Banking ETF,ETF,17627.0899,17996.6356,17324.626,17811.6508,6377031
2022-08-04,Banking ETF,ETF,17811.6508,18141.9332,17711.8285,18055.1863,2548105
2022-08-05,Banking ETF,ETF,18055.1863,18138.8866,17351.6722,17670.2311,2102507
2022-08-08,Banking ETF,ETF,17670.2311,17946.452,17502.6022,17728.0038,11238759
2022-08-09,Banking ETF,ETF,17728.0038,17979.2116,17579.6392,17934.1564,2684685
2022-08-10,Banking ETF,ETF,17934.1564,18098.3013,17746.5175,17932.6185,376398
2022-08-11,Banking ETF,ETF,17932.6185,18036.2535,17866.5076,17949.2288,1041331
2022-08-12,Banking ETF,ETF,17949.2288,18741.8838,17705.3646,18473.0662,1084629
2022-08-15,Banking ETF,ETF,18473.0662,18611.9688,17602.3894,17830.639,1766741
2022-08-16,Banking ETF,ETF,17830.639,18474.1088,17769.815,18156.4786,3211129
2022-08-17,Banking ETF,ETF,18156.4786,18365.2029,18149.735,18255.224,1257155
2022-08-18,Banking ETF,ETF,18255.224,18594.5085,17928.3964,18189.3903,4735502
2022-08-19,Banking ETF,ETF,18189.3903,18274.5874,17811.1165,17998.76,6152070
2022-08-22,Banking ETF,ETF,17998.76,18114.4785,17803.6771,17860.6992,1335071
2022-08-23,Banking ETF,ETF,17860.6992,18090.7051,17850.5338,18030.4129,1746645
2022-08-24,Banking ETF,ETF,18030.4129,18216.5678,17987.6247,18096.6904,3475199
2022-08-25,Banking ETF,ETF,18096.6904,18624.428,17871.3808,18336.883,3797320
2022-08-26,Banking ETF,ETF,18336.883,18495.7062,18087.8881,18462.0149,478930
2022-08-29,Banking ETF,ETF,18462.0149,19268.7439,18390.4787,18968.881,4873239
2022-08-30,Banking ETF,ETF,18968.881,19126.0357,18642.4222,19000.4047,586567
2022-08-31,Banking ETF,ETF,19000.4047,19636.3978,18706.6242,19410.9897,2886540
2022-09-01,Banking ETF,ETF,19410.9897,19808.6274,19198.9833,19700.4435,1999045
2022-09-02,Banking ETF,ETF,19700.4435,19825.8073,19563.8985,19668.8133,740787
2022-09-05,Banking ETF,ETF,19668.8133,19874.2348,19437.5531,19869.5594,2821106
2022-09-06,Banking ETF,ETF,19869.5594,20231.5546,19598.727,20197.6219,3282257
2022-09-07,Banking ETF,ETF,20197.6219,20939.2467,19865.1337,20551.9112,11121483
2022-09-08,Banking ETF,ETF,20551.9112,20715.4851,20419.2546,20546.7047,1822473
2022-09-09,Banking ETF,ETF,20546.7047,20724.3654,19495.5184,19884.9703,1315013
2022-09-12,Banking ETF,ETF,19884.9703,20925.6754,19741.6144,20583.9072,2255637
2022-09-13,Banking ETF,ETF,20583.9072,20738.1758,19625.0028,19995.1242,742837
2022-09-14,Banking ETF,ETF,19995.1242,20034.5776,19702.376,19949.3866,1280612
2022-09-15,Banking ETF,ETF,19949.3866,19980.0238,19823.0685,19977.1392,1026346
2022-09-16,Banking ETF,ETF,19977.1392,20367.9997,19580.0846,19928.4758,24763192
2022-09-19,Banking ETF,ETF,19928.4758,20265.5166,19446.4453,19807.4295,2865466
2022-09-20,Banking ETF,ETF,19807.4295,20202.7521,19651.0425,19753.1998,3892380
2022-09-21,Banking ETF,ETF,19753.1998,19991.6315,19394.3795,19897.8382,4227992
2022-09-22,Banking ETF,ETF,19897.8382,20145.8801,19707.6638,19933.7408,2639353
2022-09-23,Banking ETF,ETF,19933.7408,20234.3737,19713.3367,20157.449,1227734
2022-09-26,Banking ETF,ETF,20157.449,20251.274,19817.3908,20014.0686,742673
2022-09-27,Banking ETF,ETF,20014.0686,20370.2519,19978.4423,20136.6817,6466988
2022-09-28,Banking ETF,ETF,20136.6817,20453.3783,19777.5221,19876.9293,5453297
2022-09-29,Banking ETF,ETF,19876.9293,20218.3409,19293.8047,19342.7591,1196635
2022-09-30,Banking ETF,ETF,19342.7591,19615.413,18682.4327,19026.8484,4006200
2022-10-03,Banking ETF,ETF,19026.8484,19379.7671,18690.4909,18887.2932,199768
2022-10-04,Banking ETF,ETF,18887.2932,19923.2727,18846.9184,19652.3727,2138477
2022-10-05,Banking ETF,ETF,19652.3727,19680.8091,19274.8442,19582.7566,11703206
2022-10-06,Banking ETF,ETF,19582.7566,19830.9795,19010.6005,19351.233,2548848
2022-10-07,Banking ETF,ETF,19351.233,19838.3609,19118.4189,19694.1004,2112608
2022-10-10,Banking ETF,ETF,19694.1004,20050.3564,19026.8737,19220.3179,11746195
2022-10-11,Banking ETF,ETF,19220.3179,19444.8066,19151.7404,19254.7619,3246081
2022-10-12,Banking ETF,ETF,19254.7619,19959.1648,18951.0828,19653.7997,3459623
2022-10-13,Banking ETF,ETF,19653.7997,19992.6643,19015.1807,19361.1424,7703076
2022-10-14,Banking ETF,ETF,19361.1424,19738.919,18941.0851,19275.8386,2521457
2022-10-17,Banking ETF,ETF,19275.8386,20105.0689,19256.0977,19888.1438,5940497
2022-10-18,Banking ETF,ETF,19888.1438,20162.8882,19688.2124,19905.0348,17647296
2022-10-19,Banking ETF,ETF,19905.0348,20015.9909,19461.8054,19523.8337,3164948
2022-10-20,Banking ETF,ETF,19523.8337,19754.4452,19154.4926,19391.1336,1605094
2022-10-21,Banking ETF,ETF,19391.1336,19820.517,19299.0965,19514.067,2034271
2022-10-24,Banking ETF,ETF,19514.067,19931.5704,19241.7298,19607.7787,2828265
2022-10-25,Banking ETF,ETF,19607.7787,19827.112,19495.0087,19568.3553,1487599
2022-10-26,Banking ETF,ETF,19568.3553,20342.6954,19262.7192,20210.3674,1076619
2022-10-27,Banking ETF,ETF,20210.3674,20549.3588,20031.1439,20072.7252,8161377
2022-10-28,Banking ETF,ETF,20072.7252,20106.0167,19745.1567,20001.8911,4190203
2022-10-31,Banking ETF,ETF,20001.8911,20423.7301,19887.0194,20276.4464,3073777
2022-11-01,Banking ETF,ETF,20276.4464,20416.1219,19066.3453,19334.6096,3443476
2022-11-02,Banking ETF,ETF,19334.6096,19889.8404,19231.4958,19510.2273,5028173
2022-11-03,Banking ETF,ETF,19510.2273,19774.4278,19112.3496,19296.0409,15195868
2022-11-04,Banking ETF,ETF,19296.0409,19438.9551,18820.7774,18828.3977,2497658
2022-11-07,Banking ETF,ETF,18828.3977,19236.3338,18461.6088,19036.3567,97769900
2022-11-08,Banking ETF,ETF,19036.3567,19173.6214,18429.9515,18729.053,493803
2022-11-09,Banking ETF,ETF,18729.053,19798.3729,18427.1675,19466.273,7788911
2022-11-10,Banking ETF,ETF,19466.273,19760.6762,19351.5587,19590.0717,1632189
2022-11-11,Banking ETF,ETF,19590.0717,19729.8188,19491.5285,19590.5547,1710305
2022-11-14,Banking ETF,ETF,19590.5547,19998.2206,19571.1807,19900.7905,6908034
2022-11-15,Banking ETF,ETF,19900.7905,20086.3964,19802.6884,19957.9286,5880179
2022-11-16,Banking ETF,ETF,19957.9286,20123.8324,19746.9214,20057.0242,1197194
2022-11-17,Banking ETF,ETF,20057.0242,20071.0902,19552.1677,19566.7464,6824835
2022-11-18,Banking ETF,ETF,19566.7464,20045.6613,19389.4724,19874.0556,1739623
2022-11-21,Banking ETF,ETF,19874.0556,20540.8866,19825.727,20429.138,3654211
2022-11-22,Banking ETF,ETF,20429.138,20609.9324,19592.1266,19848.9509,6076251
2022-11-23,Banking ETF,ETF,19848.9509,20788.3668,19555.2672,20564.5424,2909800
2022-11-24,Banking ETF,ETF,20564.5424,20945.736,20205.2553,20665.1434,20664457
2022-11-25,Banking ETF,ETF,20665.1434,20981.0084,19835.7408,20069.5729,724177
2022-11-28,Banking ETF,ETF,20069.5729,20286.3771,19936.8597,20114.2632,1809742
2022-11-29,Banking ETF,ETF,20114.2632,20352.9637,20072.2025,20159.8163,1388234
2022-11-30,Banking ETF,ETF,20159.8163,20920.0378,19794.7731,20603.8599,6483165
2022-12-01,Banking ETF,ETF,20603.8599,21140.0657,20481.6784,20780.3866,2928112
2022-12-02,Banking ETF,ETF,20780.3866,20947.4188,20477.8275,20716.3637,995900
2022-12-05,Banking ETF,ETF,20716.3637,21410.5267,20672.9328,21194.3905,5424602
2022-12-06,Banking ETF,ETF,21194.3905,21606.1117,21014.7533,21064.4064,7331756
2022-12-07,Banking ETF,ETF,21064.4064,21504.7704,20673.231,21319.6852,5185431
2022-12-08,Banking ETF,ETF,21319.6852,22259.5719,21193.1315,21889.4565,11112785
2022-12-09,Banking ETF,ETF,21889.4565,22532.4371,21461.963,22133.6057,2521181
2022-12-12,Banking ETF,ETF,22133.6057,22572.2058,21819.8756,22027.9432,11012130
2022-12-13,Banking ETF,ETF,22027.9432,22642.2688,21994.8916,22497.5032,41174883
2022-12-14,Banking ETF,ETF,22497.5032,22592.0946,22147.9963,22529.226,3601051
2022-12-15,Banking ETF,ETF,22529.226,22643.684,21727.951,22108.0902,18883994
2022-12-16,Banking ETF,ETF,22108.0902,22531.0547,22067.8243,22259.6787,20438900
2022-12-19,Banking ETF,ETF,22259.6787,22352.4498,21513.9287,21802.2874,2904170
2022-12-20,Banking ETF,ETF,21802.2874,21892.8756,21465.433,21747.6069,7274803
2022-12-21,Banking ETF,ETF,21747.6069,22256.1615,21514.2313,21876.0618,5715651
2022-12-22,Banking ETF,ETF,21876.0618,22028.4393,21520.2226,21689.2028,4938066
2022-12-23,Banking ETF,ETF,21689.2028,22333.6374,21630.8478,21949.8243,3336932
2022-12-26,Banking ETF,ETF,21949.8243,22077.4598,21535.743,21803.8302,1126745
2022-12-27,Banking ETF,ETF,21803.8302,22367.6074,21712.9837,22135.0993,5131955
2022-12-28,Banking ETF,ETF,22135.0993,23364.7166,22037.7567,23022.8468,10739276
2022-12-29,Banking ETF,ETF,23022.8468,23464.6274,22340.6411,22540.7784,829589
2022-12-30,Banking ETF,ETF,22540.7784,22943.0651,22282.9706,22821.8609,7460878
2023-01-02,Banking ETF,ETF,22821.8609,23253.2477,22710.0222,22807.8489,8612127
2023-01-03,Banking ETF,ETF,22807.8489,23346.1889,22422.6579,22966.3489,3921975
2023-01-04,Banking ETF,ETF,22966.3489,23395.6166,22103.6484,22296.3411,10374808
2023-01-05,Banking ETF,ETF,22296.3411,22548.2087,21329.3005,21531.9181,17209840
2023-01-06,Banking ETF,ETF,21531.9181,22284.7103,21530.4591,22222.8473,868987
2023-01-09,Banking ETF,ETF,22222.8473,22546.5086,21818.886,22501.8674,1182082
2023-01-10,Banking ETF,ETF,22501.8674,22583.5527,22286.5667,22292.8005,1764128
2023-01-11,Banking ETF,ETF,22292.8005,22725.0229,22208.8904,22449.2728,4522777
2023-01-12,Banking ETF,ETF,22449.2728,22877.7602,22276.5256,22387.276,529372
2023-01-13,Banking ETF,ETF,22387.276,22520.6359,22045.3737,22248.2402,17200118
2023-01-16,Banking ETF,ETF,22248.2402,22557.5148,21823.255,22526.7215,1293018
2023-01-17,Banking ETF,ETF,22526.7215,22971.9132,22090.6672,22605.9352,2752481
2023-01-18,Banking ETF,ETF,22605.9352,23382.1645,22522.5789,23210.08,2754417
2023-01-19,Banking ETF,ETF,23210.08,23665.9467,22745.3755,22789.2431,2651763
2023-01-20,Banking ETF,ETF,22789.2431,23652.8955,22487.4288,23401.0628,11392525
2023-01-23,Banking ETF,ETF,23401.0628,23593.064,22961.0404,23458.3136,1204658
2023-01-24,Banking ETF,ETF,23458.3136,23849.0483,23219.5063,23739.3303,1064211
2023-01-25,Banking ETF,ETF,23739.3303,24055.0422,23562.4871,23866.6726,6425287
2023-01-26,Banking ETF,ETF,23866.6726,24169.3024,23239.3762,23409.8716,2737005
2023-01-27,Banking ETF,ETF,23409.8716,23857.8454,23239.3531,23570.0489,5950819
2023-01-30,Banking ETF,ETF,23570.0489,24038.3866,23464.1015,23806.7898,1652259
2023-01-31,Banking ETF,ETF,23806.7898,24176.824,23539.0694,23647.3683,2137341
2023-02-01,Banking ETF,ETF,23647.3683,23921.4937,22333.2213,22732.0112,13659253
2023-02-02,Banking ETF,ETF,22732.0112,22738.9973,22496.1828,22689.7005,9655619
2023-02-03,Banking ETF,ETF,22689.7005,23384.7746,22619.7818,23084.0649,26519628
2023-02-06,Banking ETF,ETF,23084.0649,23430.5678,22560.7688,22714.8151,5398543
2023-02-07,Banking ETF,ETF,22714.8151,22900.1044,22367.6069,22687.5166,3424543
2023-02-08,Banking ETF,ETF,22687.5166,23216.626,22420.9102,22927.3834,1735049
2023-02-09,Banking ETF,ETF,22927.3834,23201.2965,22627.988,22843.845,364364
2023-02-10,Banking ETF,ETF,22843.845,22936.2589,22550.903,22647.8057,19211529
2023-02-13,Banking ETF,ETF,22647.8057,23012.1116,22213.4008,22919.3033,6320703
2023-02-14,Banking ETF,ETF,22919.3033,23547.3575,22588.1499,23219.1477,3285109
2023-02-15,Banking ETF,ETF,23219.1477,23786.4614,22838.6631,23626.3052,1752302
2023-02-16,Banking ETF,ETF,23626.3052,23787.3783,23385.0933,23577.7173,2736999
2023-02-17,Banking ETF,ETF,23577.7173,24064.1507,23412.0994,24017.5799,1619698
2023-02-20,Banking ETF,ETF,24017.5799,24196.4632,23560.7049,23932.3219,1971089
2023-02-21,Banking ETF,ETF,23932.3219,24927.0136,23875.8516,24555.0005,10214015
2023-02-22,Banking ETF,ETF,24555.0005,25039.4816,24118.0515,24753.6552,7584423
2023-02-23,Banking ETF,ETF,24753.6552,24966.4106,24165.5403,24406.6994,6205138
2023-02-24,Banking ETF,ETF,24406.6994,24805.5319,24394.1875,24556.9026,1568907
2023-02-27,Banking ETF,ETF,24556.9026,24616.6362,23817.6082,23991.9783,3756662
2023-02-28,Banking ETF,ETF,23991.9783,24479.9995,23716.0928,24015.8173,603079
2023-03-01,Banking ETF,ETF,24015.8173,24362.3664,23605.3354,24132.984,7194908
2023-03-02,Banking ETF,ETF,24132.984,24679.8579,24070.8112,24536.7709,3002376
2023-03-03,Banking ETF,ETF,24536.7709,25080.5807,24076.5459,24642.3935,9676180
2023-03-06,Banking ETF,ETF,24642.3935,24835.1869,24333.9405,24650.3269,1666678
2023-03-07,Banking ETF,ETF,24650.3269,24924.8321,24065.0038,24411.0195,7982677
2023-03-08,Banking ETF,ETF,24411.0195,24806.956,23947.436,24509.843,2443971
2023-03-09,Banking ETF,ETF,24509.843,24758.1283,24198.1936,24239.7943,2400064
2023-03-10,Banking ETF,ETF,24239.7943,24485.1037,24207.8743,24305.9105,16757947
2023-03-13,Banking ETF,ETF,24305.9105,24911.4479,23863.4352,24772.2855,19877308
2023-03-14,Banking ETF,ETF,24772.2855,25041.6903,24554.6293,24603.9513,517587
2023-03-15,Banking ETF,ETF,24603.9513,24643.701,24354.4203,24544.538,6097613
2023-03-16,Banking ETF,ETF,24544.538,25020.3656,24517.3014,24677.5734,40035024
2023-03-17,Banking ETF,ETF,24677.5734,25038.4221,24255.347,24998.4777,1845722
2023-03-20,Banking ETF,ETF,24998.4777,25561.1534,24965.3953,25483.2322,673982
2023-03-21,Banking ETF,ETF,25483.2322,25642.4545,25074.3859,25335.0242,2394725
2023-03-22,Banking ETF,ETF,25335.0242,26196.0641,25026.566,25856.7001,4946632
2023-03-23,Banking ETF,ETF,25856.7001,26071.063,25146.4237,25577.2291,269856
2023-03-24,Banking ETF,ETF,25577.2291,26032.5627,24718.0497,25150.1526,5817025
2023-03-27,Banking ETF,ETF,25150.1526,26230.5113,24789.6012,26087.0802,2931701
2023-03-28,Banking ETF,ETF,26087.0802,26100.3175,25053.2681,25434.8675,8153358
2023-03-29,Banking ETF,ETF,25434.8675,25866.4534,25141.3098,25650.8375,2051941
2023-03-30,Banking ETF,ETF,25650.8375,26048.5004,24967.1184,25185.2632,1899559
2023-03-31,Banking ETF,ETF,25185.2632,25545.0399,25028.5899,25211.4047,2695369
2023-04-03,Banking ETF,ETF,25211.4047,25554.3598,24760.3017,24789.1234,913819
2023-04-04,Banking ETF,ETF,24789.1234,24829.2059,24099.5636,24528.7846,6629351
2023-04-05,Banking ETF,ETF,24528.7846,24873.3631,24159.8223,24432.0273,9367613
2023-04-06,Banking ETF,ETF,24432.0273,24687.9149,24041.6182,24277.2887,7602373
2023-04-07,Banking ETF,ETF,24277.2887,24655.2196,24204.6954,24573.6949,2430707
2023-04-10,Banking ETF,ETF,24573.6949,25357.6335,24381.6675,25259.3145,8028831
2023-04-11,Banking ETF,ETF,25259.3145,25950.6022,24785.6892,25720.084,7561263
2023-04-12,Banking ETF,ETF,25720.084,26012.951,25257.4201,25612.2073,17631956
2023-04-13,Banking ETF,ETF,25612.2073,26178.0159,25458.5925,25992.4874,4139552
2023-04-14,Banking ETF,ETF,25992.4874,26772.2781,25551.021,26447.1669,11683700
2023-04-17,Banking ETF,ETF,26447.1669,27081.3229,25956.9912,26888.0276,3084384
2023-04-18,Banking ETF,ETF,26888.0276,27191.3702,26187.6857,26469.8707,7760613
2023-04-19,Banking ETF,ETF,26469.8707,26750.0006,26442.1574,26582.6439,1146460
2023-04-20,Banking ETF,ETF,26582.6439,27117.2255,26223.2168,26649.8307,5234994
2023-04-21,Banking ETF,ETF,26649.8307,27098.0904,26138.0194,26736.745,353169
2023-04-24,Banking ETF,ETF,26736.745,27463.8147,26378.2504,26965.4512,2277338
2023-04-25,Banking ETF,ETF,26965.4512,27479.4214,26530.5857,26908.8067,6426050
2023-04-26,Banking ETF,ETF,26908.8067,27213.6655,25660.2855,25737.1802,1041437
2023-04-27,Banking ETF,ETF,25737.1802,26243.9614,25596.6978,26235.8375,2903957
2023-04-28,Banking ETF,ETF,26235.8375,27079.9619,25916.545,26577.5455,6251004
2023-05-01,Banking ETF,ETF,26577.5455,27097.3312,26272.2075,26683.5674,2835473
2023-05-02,Banking ETF,ETF,26683.5674,27263.7863,26486.9765,26880.7919,4065190
2023-05-03,Banking ETF,ETF,26880.7919,26970.4868,26309.3646,26321.5175,593585
2023-05-04,Banking ETF,ETF,26321.5175,26900.9043,25801.2972,26476.0751,1354902
2023-05-05,Banking ETF,ETF,26476.0751,27421.038,26387.6229,26916.5439,607006
2023-05-08,Banking ETF,ETF,26916.5439,27361.5502,26452.9068,27312.9465,7429595
2023-05-09,Banking ETF,ETF,27312.9465,27660.8925,27166.7311,27369.4908,400483
2023-05-10,Banking ETF,ETF,27369.4908,27394.4245,27118.314,27282.1307,6765388
2023-05-11,Banking ETF,ETF,27282.1307,27431.5508,26228.3195,26297.3886,7440378
2023-05-12,Banking ETF,ETF,26297.3886,26622.4441,25511.3793,25883.2919,700527
2023-05-15,Banking ETF,ETF,25883.2919,26499.8265,25650.1404,26206.3137,2632618
2023-05-16,Banking ETF,ETF,26206.3137,26799.3848,26185.3417,26380.1762,3748210
2023-05-17,Banking ETF,ETF,26380.1762,26546.1168,25878.4382,26245.9803,423133
2023-05-18,Banking ETF,ETF,26245.9803,26992.7667,26102.9147,26469.0328,7066203
2023-05-19,Banking ETF,ETF,26469.0328,26802.3949,26080.4015,26609.6459,5230270
2023-05-22,Banking ETF,ETF,26609.6459,26967.3758,26454.0912,26683.2892,2610088
2023-05-23,Banking ETF,ETF,26683.2892,27306.0338,26667.0671,27192.1064,12946475
2023-05-24,Banking ETF,ETF,27192.1064,28448.0555,26687.303,27957.8948,554754
2023-05-25,Banking ETF,ETF,27957.8948,28900.9916,27540.717,28649.2772,3932711
2023-05-26,Banking ETF,ETF,28649.2772,29012.6806,28419.4417,28429.7662,969685
2023-05-29,Banking ETF,ETF,28429.7662,28998.8678,28175.0682,28769.208,5468287
2023-05-30,Banking ETF,ETF,28769.208,29123.912,28582.7973,28957.033,5549233
2023-05-31,Banking ETF,ETF,28957.033,29345.5063,28777.5399,29250.6,20923713
2023-06-01,Banking ETF,ETF,29250.6,29970.0676,28801.8885,29390.502,6170269
2023-06-02,Banking ETF,ETF,29390.502,29594.3311,28734.4072,29238.7192,24768694
2023-06-05,Banking ETF,ETF,29238.7192,29481.7871,28073.9787,28549.0583,12230235
2023-06-06,Banking ETF,ETF,28549.0583,28810.8897,28170.6563,28707.752,2812347
2023-06-07,Banking ETF,ETF,28707.752,28894.2092,27742.558,28213.6116,7354800
2023-06-08,Banking ETF,ETF,28213.6116,28514.9085,27870.6207,27905.0445,10299093
2023-06-09,Banking ETF,ETF,27905.0445,27953.0266,27413.2219,27883.5235,753959
2023-06-12,Banking ETF,ETF,27883.5235,28360.1973,27359.0894,27972.2409,3592672
2023-06-13,Banking ETF,ETF,27972.2409,29440.9666,27613.0051,28876.732,10445462
2023-06-14,Banking ETF,ETF,28876.732,30236.4784,28824.3715,29649.3084,7749104
2023-06-15,Banking ETF,ETF,29649.3084,30028.8731,28757.8388,29111.6169,8443844
2023-06-16,Banking ETF,ETF,29111.6169,29473.5498,28870.7969,28945.0293,2034070
2023-06-19,Banking ETF,ETF,28945.0293,29463.3978,28662.491,29271.9059,1956506
2023-06-20,Banking ETF,ETF,29271.9059,30395.8034,28744.0437,29943.4543,683528
2023-06-21,Banking ETF,ETF,29943.4543,30109.8873,29928.5967,29973.012,3501832
2023-06-22,Banking ETF,ETF,29973.012,30398.8612,29136.6865,29527.112,2354725
2023-06-23,Banking ETF,ETF,29527.112,29921.5551,29097.4853,29349.5503,686650
2023-06-26,Banking ETF,ETF,29349.5503,29585.194,28597.5061,29041.7566,2966212
2023-06-27,Banking ETF,ETF,29041.7566,29287.7902,28571.138,28978.3576,7235415
2023-06-28,Banking ETF,ETF,28978.3576,29953.0036,28914.2654,29592.1606,2466896
2023-06-29,Banking ETF,ETF,29592.1606,29894.1284,28779.4114,29087.2142,5240940
2023-06-30,Banking ETF,ETF,29087.2142,29249.7782,28915.9795,29050.1718,9362303
2023-07-03,Banking ETF,ETF,29050.1718,29297.6028,28916.6071,29025.2621,3568947
2023-07-04,Banking ETF,ETF,29025.2621,29229.1028,28761.7903,28971.0188,15278731
2023-07-05,Banking ETF,ETF,28971.0188,29473.2354,28451.2564,29056.0671,10333241
2023-07-06,Banking ETF,ETF,29056.0671,29609.5568,28924.599,28938.9967,6427555
2023-07-07,Banking ETF,ETF,28938.9967,29467.5921,28780.9426,29306.6185,2527368
2023-07-10,Banking ETF,ETF,29306.6185,29962.0861,28880.6557,29701.7015,697827
2023-07-11,Banking ETF,ETF,29701.7015,29970.5769,29147.6567,29848.5164,6594259
2023-07-12,Banking ETF,ETF,29848.5164,29902.2242,29218.3907,29551.3659,2063888
2023-07-13,Banking ETF,ETF,29551.3659,29908.4879,28611.8441,29086.9772,1229622
2023-07-14,Banking ETF,ETF,29086.9772,29229.684,28194.3176,28749.6408,7824414
2023-07-17,Banking ETF,ETF,28749.6408,29156.2301,28105.8452,28440.1127,464904
2023-07-18,Banking ETF,ETF,28440.1127,29105.9369,28416.0325,28686.7054,495173
2023-07-19,Banking ETF,ETF,28686.7054,28762.3446,28304.0389,28685.1755,2484102
2023-07-20,Banking ETF,ETF,28685.1755,28798.58,28237.1059,28550.2933,790101
2023-07-21,Banking ETF,ETF,28550.2933,28785.2397,28488.5331,28746.1873,1543329
2023-07-24,Banking ETF,ETF,28746.1873,29293.2734,26882.4811,27400.2558,7230061
2023-07-25,Banking ETF,ETF,27400.2558,27862.7712,27205.0681,27611.5282,12647144
2023-07-26,Banking ETF,ETF,27611.5282,27994.8226,27483.4653,27674.3139,5790365
2023-07-27,Banking ETF,ETF,27674.3139,27737.7656,26985.871,27445.2632,511407
2023-07-28,Banking ETF,ETF,27445.2632,27755.8437,26974.7195,27144.4572,5467746
2023-07-31,Banking ETF,ETF,27144.4572,27488.0477,26928.0922,27267.9827,2536107
2023-08-01,Banking ETF,ETF,27267.9827,27743.3274,26916.2648,27113.1762,1061358
2023-08-02,Banking ETF,ETF,27113.1762,27580.9729,26798.1015,27010.2731,2420670
2023-08-03,Banking ETF,ETF,27010.2731,27615.8671,26950.5581,27542.3903,4984948
2023-08-04,Banking ETF,ETF,27542.3903,27932.7258,27118.6854,27607.0839,4112586
2023-08-07,Banking ETF,ETF,27607.0839,28455.8551,27472.3091,28245.8175,2149864
2023-08-08,Banking ETF,ETF,28245.8175,28800.2134,27820.0189,28015.8413,16265029
2023-08-09,Banking ETF,ETF,28015.8413,28579.127,27501.7368,28333.7148,1728117
2023-08-10,Banking ETF,ETF,28333.7148,29308.0946,28204.626,29036.9088,2341491
2023-08-11,Banking ETF,ETF,29036.9088,29475.6534,28550.7757,28900.5133,853220
2023-08-14,Banking ETF,ETF,28900.5133,29178.7878,28397.3413,28422.5778,8646891
2023-08-15,Banking ETF,ETF,28422.5778,28519.0967,28005.4585,28375.7777,3189227
2023-08-16,Banking ETF,ETF,28375.7777,29081.6879,27942.4047,28934.7664,5408826
2023-08-17,Banking ETF,ETF,28934.7664,29250.4378,28375.7839,28459.611,10667512
2023-08-18,Banking ETF,ETF,28459.611,29146.6274,27981.7361,28903.1522,2879703
2023-08-21,Banking ETF,ETF,28903.1522,29239.0683,28071.0285,28358.0021,4752458
2023-08-22,Banking ETF,ETF,28358.0021,28594.3426,27923.7932,27964.4885,2541215
2023-08-23,Banking ETF,ETF,27964.4885,28135.2852,27379.8148,27896.1982,1366413
2023-08-24,Banking ETF,ETF,27896.1982,28769.4722,27503.3719,28467.5749,1709040
2023-08-25,Banking ETF,ETF,28467.5749,29230.8571,28410.5195,29018.9919,3669087
2023-08-28,Banking ETF,ETF,29018.9919,29383.108,27867.2766,28424.0584,2924009
2023-08-29,Banking ETF,ETF,28424.0584,29294.2245,28142.1827,28999.7126,2816107
2023-08-30,Banking ETF,ETF,28999.7126,29315.8143,28579.4479,28708.0008,8612671
2023-08-31,Banking ETF,ETF,28708.0008,29185.4952,27865.9793,28374.4658,194340
2023-09-01,Banking ETF,ETF,28374.4658,28863.5133,28164.098,28262.6094,3109382
2023-09-04,Banking ETF,ETF,28262.6094,28488.4314,27601.6028,28156.8332,3503068
2023-09-05,Banking ETF,ETF,28156.8332,28329.8006,27584.6171,28093.1527,1337545
2023-09-06,Banking ETF,ETF,28093.1527,28138.7691,27597.7168,27948.2654,5456370
2023-09-07,Banking ETF,ETF,27948.2654,28499.252,27873.6999,28480.956,995276
2023-09-08,Banking ETF,ETF,28480.956,28969.4543,28015.9714,28048.8396,6377928
2023-09-11,Banking ETF,ETF,28048.8396,28899.2061,27706.7174,28794.014,1835078
2023-09-12,Banking ETF,ETF,28794.014,29271.3595,28058.6558,28401.414,10142024
2023-09-13,Banking ETF,ETF,28401.414,29205.7781,28307.3853,28872.725,404517
2023-09-14,Banking ETF,ETF,28872.725,29104.2281,27717.9423,28146.3926,1139038
2023-09-15,Banking ETF,ETF,28146.3926,28621.8513,27912.3815,28454.7217,3178219
2023-09-18,Banking ETF,ETF,28454.7217,28875.3298,28424.3661,28562.8363,14000527
2023-09-19,Banking ETF,ETF,28562.8363,29133.7132,27748.0759,27920.263,1669149
2023-09-20,Banking ETF,ETF,27920.263,28262.8017,27616.7505,28071.4016,6877156
2023-09-21,Banking ETF,ETF,28071.4016,28259.6053,27863.9706,27887.421,1242602
2023-09-22,Banking ETF,ETF,27887.421,28558.1448,27474.6672,28341.8543,4391744
2023-09-25,Banking ETF,ETF,28341.8543,28421.8122,27354.273,27747.9182,14009449
2023-09-26,Banking ETF,ETF,27747.9182,27948.4626,27627.918,27938.4727,7536433
2023-09-27,Banking ETF,ETF,27938.4727,28420.3835,27876.6844,27996.8044,1576887
2023-09-28,Banking ETF,ETF,27996.8044,28476.3338,27452.8814,28088.7268,10987403
2023-09-29,Banking ETF,ETF,28088.7268,28567.0434,27473.7477,27980.9039,1246985
2023-10-02,Banking ETF,ETF,27980.9039,29482.6528,27514.8771,29070.9229,3892212
2023-10-03,Banking ETF,ETF,29070.9229,29441.6924,28808.9221,29161.0025,2603211
2023-10-04,Banking ETF,ETF,29161.0025,29867.7713,28841.2791,29313.7125,215566
2023-10-05,Banking ETF,ETF,29313.7125,30092.1558,28957.8896,29688.904,5945559
2023-10-06,Banking ETF,ETF,29688.904,30681.9924,29616.2916,30185.9487,3980155
2023-10-09,Banking ETF,ETF,30185.9487,30339.1103,29547.1785,30070.2619,9994852
2023-10-10,Banking ETF,ETF,30070.2619,30838.1241,30067.8988,30676.518,2441495
2023-10-11,Banking ETF,ETF,30676.518,31139.3505,30083.4979,30250.5262,3234087
2023-10-12,Banking ETF,ETF,30250.5262,30423.9581,29409.0241,29875.9799,2912814
2023-10-13,Banking ETF,ETF,29875.9799,30620.9175,29469.7641,30069.1924,1235003
2023-10-16,Banking ETF,ETF,30069.1924,30219.9785,29521.4192,30059.2017,3380473
2023-10-17,Banking ETF,ETF,30059.2017,30873.7988,29810.1909,30469.3085,12879417
2023-10-18,Banking ETF,ETF,30469.3085,31017.6096,30135.7634,30339.7434,24018740
2023-10-19,Banking ETF,ETF,30339.7434,31157.1732,30027.2563,30668.3276,2219269
2023-10-20,Banking ETF,ETF,30668.3276,31070.8359,30294.2153,30529.3162,2153174
2023-10-23,Banking ETF,ETF,30529.3162,31010.8773,30105.2059,30318.3083,10853305
2023-10-24,Banking ETF,ETF,30318.3083,30840.9548,30193.0857,30694.2446,2601420
2023-10-25,Banking ETF,ETF,30694.2446,30717.2579,29838.9423,30396.9095,9484630
2023-10-26,Banking ETF,ETF,30396.9095,30646.1446,30357.2763,30479.0862,1071829
2023-10-27,Banking ETF,ETF,30479.0862,30734.1162,28962.0433,29510.3135,2685794
2023-10-30,Banking ETF,ETF,29510.3135,30156.0753,29321.6552,29631.781,5306871
2023-10-31,Banking ETF,ETF,29631.781,30666.2621,29346.3085,30288.4884,712219
2023-11-01,Banking ETF,ETF,30288.4884,30873.9011,30024.9905,30375.0674,3157048
2023-11-02,Banking ETF,ETF,30375.0674,30435.9204,29745.1993,29956.3502,8253719
2023-11-03,Banking ETF,ETF,29956.3502,30444.5141,29646.9712,29861.4922,3120861
2023-11-06,Banking ETF,ETF,29861.4922,29966.0056,29012.4582,29538.0546,3760546
2023-11-07,Banking ETF,ETF,29538.0546,30379.9929,29318.3741,29785.0367,3721818
2023-11-08,Banking ETF,ETF,29785.0367,30740.9284,29409.959,30138.9857,2118960
2023-11-09,Banking ETF,ETF,30138.9857,30645.7639,29792.8272,30429.5076,6275904
2023-11-10,Banking ETF,ETF,30429.5076,30683.9691,30224.5919,30670.9868,8050701
2023-11-13,Banking ETF,ETF,30670.9868,31226.4319,30468.3923,30490.8905,1890172
2023-11-14,Banking ETF,ETF,30490.8905,30867.0774,29856.8775,30179.2533,1164723
2023-11-15,Banking ETF,ETF,30179.2533,30322.1811,29635.7225,29936.6031,2050207
2023-11-16,Banking ETF,ETF,29936.6031,30373.2382,29438.3536,29633.2487,3088000
2023-11-17,Banking ETF,ETF,29633.2487,29971.5086,28618.1548,29067.0385,8048572
2023-11-20,Banking ETF,ETF,29067.0385,29261.7045,28746.4079,29015.8294,4181923
2023-11-21,Banking ETF,ETF,29015.8294,29216.3757,28513.4554,28598.3269,3232676
2023-11-22,Banking ETF,ETF,28598.3269,29386.8293,28383.7015,28812.4622,3779204
2023-11-23,Banking ETF,ETF,28812.4622,29347.3474,28415.1013,29278.5649,4387049
2023-11-24,Banking ETF,ETF,29278.5649,29514.4059,28659.15,28702.7554,2163153
2023-11-27,Banking ETF,ETF,28702.7554,28881.5194,28183.9759,28252.3926,7591112
2023-11-28,Banking ETF,ETF,28252.3926,28575.683,27930.5554,28252.3112,10050942
2023-11-29,Banking ETF,ETF,28252.3112,28673.3456,27647.1477,27717.5816,2250942
2023-11-30,Banking ETF,ETF,27717.5816,27970.8263,27547.5216,27854.4853,1824831
2023-12-01,Banking ETF,ETF,27854.4853,28249.2275,26420.3023,26753.8868,892547
2023-12-04,Banking ETF,ETF,26753.8868,27462.6024,26581.4134,27302.8194,8115074
2023-12-05,Banking ETF,ETF,27302.8194,27840.651,26136.7435,26569.3197,1824475
2023-12-06,Banking ETF,ETF,26569.3197,27068.6652,26177.8206,26612.0058,1193279
2023-12-07,Banking ETF,ETF,26612.0058,26882.3274,26002.298,26430.5822,855962
2023-12-08,Banking ETF,ETF,26430.5822,27268.957,26131.7639,27208.1195,3585394
2023-12-11,Banking ETF,ETF,27208.1195,27553.1459,26904.429,27043.4246,687761
2023-12-12,Banking ETF,ETF,27043.4246,27163.0764,26405.2824,26936.9073,2142195
2023-12-13,Banking ETF,ETF,26936.9073,27230.8227,26188.5971,26645.8166,2223240
2023-12-14,Banking ETF,ETF,26645.8166,26945.111,25807.8438,26182.1735,9160256
2023-12-15,Banking ETF,ETF,26182.1735,27002.2942,25726.5484,26540.0668,11081448
2023-12-18,Banking ETF,ETF,26540.0668,26880.6132,25464.8866,25888.5328,21089173
2023-12-19,Banking ETF,ETF,25888.5328,26340.0442,25731.2445,25847.5795,858341
2023-12-20,Banking ETF,ETF,25847.5795,26051.8148,25337.0779,25427.1589,3048782
2023-12-21,Banking ETF,ETF,25427.1589,25932.2291,24423.0924,24918.885,760874
2023-12-22,Banking ETF,ETF,24918.885,25079.4085,24903.838,25053.4804,1830761
2023-12-25,Banking ETF,ETF,25053.4804,25311.8053,24594.9681,24878.4352,1735066
2023-12-26,Banking ETF,ETF,24878.4352,25308.3458,24419.6116,25152.6243,1505422
2023-12-27,Banking ETF,ETF,25152.6243,25549.9915,24457.8407,24864.5828,22501474
2023-12-28,Banking ETF,ETF,24864.5828,25330.0255,24428.8611,24509.6159,917851
2023-12-29,Banking ETF,ETF,24509.6159,24902.3629,24117.7576,24495.8104,1842227
2024-01-01,Banking ETF,ETF,24495.8104,24576.3136,24207.4021,24527.2274,7479774
2024-01-02,Banking ETF,ETF,24527.2274,24611.9236,24455.6257,24461.6387,3744254
2024-01-03,Banking ETF,ETF,24461.6387,25142.6033,23981.1925,24809.8226,4093663
2024-01-04,Banking ETF,ETF,24809.8226,25292.883,24462.9098,24604.6017,8590532
2024-01-05,Banking ETF,ETF,24604.6017,24811.9157,24342.8227,24752.5083,15335389
2024-01-08,Banking ETF,ETF,24752.5083,25578.9825,24301.7094,25196.9319,1836202
2024-01-09,Banking ETF,ETF,25196.9319,25539.3655,24699.588,25221.7368,2758451
2024-01-10,Banking ETF,ETF,25221.7368,25536.7184,24197.9844,24604.2541,1200076
2024-01-11,Banking ETF,ETF,24604.2541,25749.8543,24362.8324,25316.2879,1158104
2024-01-12,Banking ETF,ETF,25316.2879,25316.3677,24748.3295,25109.0145,2011986
2024-01-15,Banking ETF,ETF,25109.0145,25258.6021,24725.8072,25006.0651,2094137
2024-01-16,Banking ETF,ETF,25006.0651,25658.2586,24944.0804,25629.7385,1252104
2024-01-17,Banking ETF,ETF,25629.7385,25781.3709,24790.2117,24823.4891,3235715
2024-01-18,Banking ETF,ETF,24823.4891,25008.0057,24791.1958,24947.3248,6229715
2024-01-19,Banking ETF,ETF,24947.3248,25973.0002,24558.1654,25585.9706,1639429
2024-01-22,Banking ETF,ETF,25585.9706,25591.6138,24124.6423,24580.1404,1420906
2024-01-23,Banking ETF,ETF,24580.1404,25032.22,23671.7669,24113.002,5116048
2024-01-24,Banking ETF,ETF,24113.002,24354.3969,24065.5295,24242.4259,4675878
2024-01-25,Banking ETF,ETF,24242.4259,24358.1663,23904.8801,24239.3056,2188849
2024-01-26,Banking ETF,ETF,24239.3056,24318.1455,23776.3468,23962.318,3690672
2024-01-29,Banking ETF,ETF,23962.318,24361.7501,23917.5411,24160.6991,1844488
2024-01-30,Banking ETF,ETF,24160.6991,24223.0035,23729.9582,23844.2244,3159166
2024-01-31,Banking ETF,ETF,23844.2244,23974.1498,23410.3073,23670.2807,8847231
2024-02-01,Banking ETF,ETF,23670.2807,24396.9829,23349.0922,23990.8897,5479678
2024-02-02,Banking ETF,ETF,23990.8897,24442.1907,23526.5162,24003.4957,6077376
2024-02-05,Banking ETF,ETF,24003.4957,24097.693,23582.0809,23843.4625,7629862
2024-02-06,Banking ETF,ETF,23843.4625,24269.7386,23720.5542,24221.2807,2873655
2024-02-07,Banking ETF,ETF,24221.2807,24376.6672,23907.785,24094.3502,4112885
2024-02-08,Banking ETF,ETF,24094.3502,24509.0643,23504.5784,23716.8644,4788452
2024-02-09,Banking ETF,ETF,23716.8644,23847.3262,23633.6572,23700.8865,7591297
2024-02-12,Banking ETF,ETF,23700.8865,23762.1994,23515.2006,23711.3828,2822187
2024-02-13,Banking ETF,ETF,23711.3828,23794.479,22795.7914,23154.5582,6144184
2024-02-14,Banking ETF,ETF,23154.5582,23440.7506,22851.5547,23293.0978,2767774
2024-02-15,Banking ETF,ETF,23293.0978,23653.5256,23009.9077,23255.808,2658980
2024-02-16,Banking ETF,ETF,23255.808,23660.3718,23011.1361,23219.6276,6873143
2024-02-19,Banking ETF,ETF,23219.6276,23886.994,23121.7892,23488.8064,2342396
2024-02-20,Banking ETF,ETF,23488.8064,23881.8731,23183.7165,23264.9324,3955559
2024-02-21,Banking ETF,ETF,23264.9324,23533.3735,22818.7707,23215.721,1635434
2024-02-22,Banking ETF,ETF,23215.721,23243.7874,22856.3754,23204.0253,4975262
2024-02-23,Banking ETF,ETF,23204.0253,23347.551,22401.9338,22629.3125,26434613
2024-02-26,Banking ETF,ETF,22629.3125,23293.0954,22232.4632,23042.4426,1542031
2024-02-27,Banking ETF,ETF,23042.4426,23434.6674,22255.7408,22506.5625,4245039
2024-02-28,Banking ETF,ETF,22506.5625,22851.9251,22126.4691,22689.5961,946558
2024-02-29,Banking ETF,ETF,22689.5961,23326.3702,22509.8835,23281.8849,2292652
2024-03-01,Banking ETF,ETF,23281.8849,23435.4596,22814.0843,23114.7449,1524320
2024-03-04,Banking ETF,ETF,23114.7449,23639.2718,22739.9067,23400.6442,7486860
2024-03-05,Banking ETF,ETF,23400.6442,23664.8102,22608.3257,23047.2849,2753110
2024-03-06,Banking ETF,ETF,23047.2849,23480.8521,22618.3464,23180.9803,12804229
2024-03-07,Banking ETF,ETF,23180.9803,23634.0486,22157.2684,22546.6229,1492778
2024-03-08,Banking ETF,ETF,22546.6229,22733.7951,22349.6819,22416.526,452655
2024-03-11,Banking ETF,ETF,22416.526,22808.9628,22302.9185,22387.7035,5421105
2024-03-12,Banking ETF,ETF,22387.7035,22729.8864,21995.5651,22254.1197,3409285
2024-03-13,Banking ETF,ETF,22254.1197,22348.0491,22056.1642,22089.002,3776023
2024-03-14,Banking ETF,ETF,22089.002,22637.0668,21818.5665,22383.6011,774835
2024-03-15,Banking ETF,ETF,22383.6011,22493.0603,21755.8761,21815.6771,4739213
2024-03-18,Banking ETF,ETF,21815.6771,22018.7477,21738.3582,21936.9182,9345444
2024-03-19,Banking ETF,ETF,21936.9182,22356.9677,21758.4113,22065.9622,5791815
2024-03-20,Banking ETF,ETF,22065.9622,22440.0088,21527.8519,21859.6517,8577681
2024-03-21,Banking ETF,ETF,21859.6517,21940.9493,21613.5077,21661.6192,583120
2024-03-22,Banking ETF,ETF,21661.6192,22016.8955,20931.5721,21356.8331,8186059
2024-03-25,Banking ETF,ETF,21356.8331,21699.4234,21009.9021,21346.7326,1455597
2024-03-26,Banking ETF,ETF,21346.7326,21540.4982,20872.4019,21123.7613,11222058
2024-03-27,Banking ETF,ETF,21123.7613,21541.6207,20789.4193,21071.8938,4579085
2024-03-28,Banking ETF,ETF,21071.8938,21917.7743,20956.3465,21798.9564,1569429
2024-03-29,Banking ETF,ETF,21798.9564,22474.881,21754.2316,22204.8824,1610682
2024-04-01,Banking ETF,ETF,22204.8824,22743.0187,21907.2547,22314.2042,9540156
2024-04-02,Banking ETF,ETF,22314.2042,22603.6183,22273.065,22285.663,887082
2024-04-03,Banking ETF,ETF,22285.663,22502.9217,22082.8556,22143.9852,683885
2024-04-04,Banking ETF,ETF,22143.9852,22592.7274,22137.9355,22460.4514,17580204
2024-04-05,Banking ETF,ETF,22460.4514,22529.6181,22236.401,22405.2558,1596183
2024-04-08,Banking ETF,ETF,22405.2558,22781.5682,22251.1872,22676.722,27718528
2024-04-09,Banking ETF,ETF,22676.722,23372.7492,22425.736,23025.8811,4493091
2024-04-10,Banking ETF,ETF,23025.8811,23430.8683,22543.1133,22560.8206,810643
2024-04-11,Banking ETF,ETF,22560.8206,22834.0454,22294.5879,22512.8628,3482996
2024-04-12,Banking ETF,ETF,22512.8628,22913.7333,22168.2919,22414.8501,1884691
2024-04-15,Banking ETF,ETF,22414.8501,22734.9886,21865.9174,22177.6692,2822160
2024-04-16,Banking ETF,ETF,22177.6692,22449.8121,21914.5218,22256.7198,36703813
2024-04-17,Banking ETF,ETF,22256.7198,22456.8877,21348.8906,21698.5342,7244219
2024-04-18,Banking ETF,ETF,21698.5342,21993.4208,21405.6673,21541.5901,1439360
2024-04-19,Banking ETF,ETF,21541.5901,21870.1795,21395.5585,21424.847,4420665
2024-04-22,Banking ETF,ETF,21424.847,21524.5131,20587.3367,20844.5104,8906314
2024-04-23,Banking ETF,ETF,20844.5104,21343.3624,20579.7748,20931.7537,3284560
2024-04-24,Banking ETF,ETF,20931.7537,21217.4633,20754.4469,20796.6952,179346
2024-04-25,Banking ETF,ETF,20796.6952,20827.2084,20550.9988,20631.8091,2619004
2024-04-26,Banking ETF,ETF,20631.8091,21306.1017,20493.3794,21101.2107,3025212
2024-04-29,Banking ETF,ETF,21101.2107,21253.688,20841.6936,21139.0011,1432089
2024-04-30,Banking ETF,ETF,21139.0011,21548.5117,20775.9377,21101.6671,748810
2024-05-01,Banking ETF,ETF,21101.6671,21520.3405,20971.1857,21014.4051,6636729
2024-05-02,Banking ETF,ETF,21014.4051,21422.1168,20689.6481,20969.7453,2623307
2024-05-03,Banking ETF,ETF,20969.7453,21421.063,20635.2825,21194.2532,6581779
2024-05-06,Banking ETF,ETF,21194.2532,21432.0994,20452.0636,20672.6443,7709382
2024-05-07,Banking ETF,ETF,20672.6443,21171.1629,20351.4611,21129.0051,2002088
2024-05-08,Banking ETF,ETF,21129.0051,21282.5057,20749.9518,21006.5011,2918308
2024-05-09,Banking ETF,ETF,21006.5011,21170.6671,20390.2542,20696.9034,11067163
2024-05-10,Banking ETF,ETF,20696.9034,21380.7204,20494.9789,21215.5932,8674359
2024-05-13,Banking ETF,ETF,21215.5932,21540.2391,20374.9731,20691.1389,1692679
2024-05-14,Banking ETF,ETF,20691.1389,20695.87,20376.8716,20552.5758,2594036
2024-05-15,Banking ETF,ETF,20552.5758,20802.8328,20447.1746,20609.188,3172272
2024-05-16,Banking ETF,ETF,20609.188,20856.1584,20568.9533,20608.3849,8795927
2024-05-17,Banking ETF,ETF,20608.3849,21033.6551,20466.3924,20788.5558,2818323
2024-05-20,Banking ETF,ETF,20788.5558,21143.0004,20578.5428,21027.7721,4109341
2024-05-21,Banking ETF,ETF,21027.7721,21567.6683,20880.0648,21278.42,14452761
2024-05-22,Banking ETF,ETF,21278.42,21739.2508,21099.8282,21645.938,1042158
2024-05-23,Banking ETF,ETF,21645.938,22065.5877,21570.5746,21631.2821,5118221
2024-05-24,Banking ETF,ETF,21631.2821,21973.0885,20876.8841,21209.3202,4808052
2024-05-27,Banking ETF,ETF,21209.3202,21781.3466,20835.0196,21360.2784,956952
2024-05-28,Banking ETF,ETF,21360.2784,21405.3809,21247.4253,21327.7657,4649880
2024-05-29,Banking ETF,ETF,21327.7657,21867.0419,21046.3537,21801.5702,3277088
2024-05-30,Banking ETF,ETF,21801.5702,22090.1871,21230.2731,21430.4331,906120
2024-05-31,Banking ETF,ETF,21430.4331,21769.0118,21280.2382,21307.6122,4707306
2024-06-03,Banking ETF,ETF,21307.6122,21859.5432,21199.9322,21492.0609,1097418
2024-06-04,Banking ETF,ETF,21492.0609,21728.1474,21143.3925,21636.5931,445078
2024-06-05,Banking ETF,ETF,21636.5931,21837.307,21140.0015,21472.7553,4900587
2024-06-06,Banking ETF,ETF,21472.7553,21880.9111,21211.3508,21858.9589,773806
2024-06-07,Banking ETF,ETF,21858.9589,22114.0814,21735.8694,21957.9823,2430706
2024-06-10,Banking ETF,ETF,21957.9823,22083.0551,21032.6924,21423.349,884783
2024-06-11,Banking ETF,ETF,21423.349,21891.409,21289.2621,21503.9643,20086881
2024-06-12,Banking ETF,ETF,21503.9643,21730.1929,21307.8028,21519.4909,51788803
2024-06-13,Banking ETF,ETF,21519.4909,21933.2751,21106.9553,21737.0607,1539694
2024-06-14,Banking ETF,ETF,21737.0607,22440.0007,21448.628,22025.6035,1053761
2024-06-17,Banking ETF,ETF,22025.6035,22234.7496,21761.2416,22075.7522,3795825
2024-06-18,Banking ETF,ETF,22075.7522,22225.7121,21747.3812,22123.7561,975642
2024-06-19,Banking ETF,ETF,22123.7561,22242.6921,20884.2532,21309.8965,7141742
2024-06-20,Banking ETF,ETF,21309.8965,21724.1788,21169.8771,21230.505,4669813
2024-06-21,Banking ETF,ETF,21230.505,21850.3858,20815.2804,21691.3159,4739305
2024-06-24,Banking ETF,ETF,21691.3159,21893.4645,21034.9216,21324.5245,2635944
2024-06-25,Banking ETF,ETF,21324.5245,21577.6922,21167.2307,21281.0181,11491117
2024-06-26,Banking ETF,ETF,21281.0181,21687.4386,20579.3236,20780.2077,4872845
2024-06-27,Banking ETF,ETF,20780.2077,20881.803,20129.8677,20470.8503,1914499
2024-06-28,Banking ETF,ETF,20470.8503,20805.0588,20421.2541,20708.9822,4029568
2024-07-01,Banking ETF,ETF,20708.9822,21129.9078,20421.1417,20716.2836,2622970
2024-07-02,Banking ETF,ETF,20716.2836,21276.9519,20709.8967,20949.4194,2255135
2024-07-03,Banking ETF,ETF,20949.4194,21012.1308,20681.5909,20775.6342,8123337
2024-07-04,Banking ETF,ETF,20775.6342,20895.6706,19938.336,20007.2483,1156023
2024-07-05,Banking ETF,ETF,20007.2483,20105.2074,19710.3496,19796.5302,8736761
2024-07-08,Banking ETF,ETF,19796.5302,20089.0184,19517.2001,19848.6903,1086332
2024-07-09,Banking ETF,ETF,19848.6903,19979.8152,19240.9857,19506.87,9008391
2024-07-10,Banking ETF,ETF,19506.87,19652.9125,19067.4639,19171.7908,1775489
2024-07-11,Banking ETF,ETF,19171.7908,19196.6267,18780.7981,19062.4757,5412124
2024-07-12,Banking ETF,ETF,19062.4757,19086.9273,18844.3714,18930.0373,883851
2024-07-15,Banking ETF,ETF,18930.0373,19182.8567,18802.86,19103.7349,5776879
2024-07-16,Banking ETF,ETF,19103.7349,19883.9376,18795.5096,19555.3771,4183799
2024-07-17,Banking ETF,ETF,19555.3771,19939.6335,18952.8896,19208.5184,14640124
2024-07-18,Banking ETF,ETF,19208.5184,19588.6798,19037.7911,19098.022,7437475
2024-07-19,Banking ETF,ETF,19098.022,19690.4661,18919.2324,19521.5491,3546160
2024-07-22,Banking ETF,ETF,19521.5491,19757.3975,19494.8684,19516.1565,4198107
2024-07-23,Banking ETF,ETF,19516.1565,19806.7552,19509.8451,19647.9915,8832315
2024-07-24,Banking ETF,ETF,19647.9915,19648.4645,19359.7228,19601.2488,3380704
2024-07-25,Banking ETF,ETF,19601.2488,19857.3476,19435.3485,19456.2434,1947456
2024-07-26,Banking ETF,ETF,19456.2434,19682.0044,18960.4834,19214.797,2082346
2024-07-29,Banking ETF,ETF,19214.797,19249.0953,18914.8969,18944.7097,7761397
2024-07-30,Banking ETF,ETF,18944.7097,19211.9769,18847.4318,19128.6795,2946358
2024-07-31,Banking ETF,ETF,19128.6795,19459.6974,18882.711,19198.6446,1402499
2024-08-01,Banking ETF,ETF,19198.6446,19250.2725,19080.9917,19192.0774,10209005
2024-08-02,Banking ETF,ETF,19192.0774,19721.8296,18929.9273,19514.5835,15868823
2024-08-05,Banking ETF,ETF,19514.5835,20004.5374,19210.7019,19772.7938,4459812
2024-08-06,Banking ETF,ETF,19772.7938,20378.7005,19620.2536,20017.5069,1050294
2024-08-07,Banking ETF,ETF,20017.5069,20264.9914,19784.7,20240.8941,8031671
2024-08-08,Banking ETF,ETF,20240.8941,20290.1815,19988.5564,20229.0694,3426446
2024-08-09,Banking ETF,ETF,20229.0694,20448.2075,19998.1284,20154.4647,2991640
2024-08-12,Banking ETF,ETF,20154.4647,20542.5205,20067.1996,20210.0958,4262297
2024-08-13,Banking ETF,ETF,20210.0958,20519.3359,19585.4758,19963.9593,1664750
2024-08-14,Banking ETF,ETF,19963.9593,20415.6071,19809.1748,20158.1078,4672298
2024-08-15,Banking ETF,ETF,20158.1078,20170.7902,19657.5237,19934.8071,2863074
2024-08-16,Banking ETF,ETF,19934.8071,20691.3453,19824.2184,20463.1156,416740
2024-08-19,Banking ETF,ETF,20463.1156,20622.0842,19384.9906,19708.4758,423583
2024-08-20,Banking ETF,ETF,19708.4758,20728.3325,19367.0329,20363.612,1161508
2024-08-21,Banking ETF,ETF,20363.612,20377.8594,20166.5903,20272.4395,5613195
2024-08-22,Banking ETF,ETF,20272.4395,20687.0822,20239.3127,20421.9067,2533469
2024-08-23,Banking ETF,ETF,20421.9067,21208.2811,20037.7149,20849.8128,7009722
2024-08-26,Banking ETF,ETF,20849.8128,20950.0265,20510.0372,20658.265,1212539
2024-08-27,Banking ETF,ETF,20658.265,21015.902,20455.7648,20710.1409,7376325
2024-08-28,Banking ETF,ETF,20710.1409,21359.4827,20411.1239,21267.8902,4446977
2024-08-29,Banking ETF,ETF,21267.8902,21585.3854,20988.1879,21159.1667,11666947
2024-08-30,Banking ETF,ETF,21159.1667,21945.5264,21013.0006,21518.6284,6931757
2024-09-02,Banking ETF,ETF,21518.6284,21606.4558,20853.3038,21146.5622,2392892
2024-09-03,Banking ETF,ETF,21146.5622,21222.624,20972.3441,21092.6139,6935272
2024-09-04,Banking ETF,ETF,21092.6139,21191.1498,20227.0127,20529.1961,2220772
2024-09-05,Banking ETF,ETF,20529.1961,20866.9514,20419.8871,20540.8584,2612428
2024-09-06,Banking ETF,ETF,20540.8584,21328.8309,20357.6957,21053.0259,8924741
2024-09-09,Banking ETF,ETF,21053.0259,21699.8246,20917.758,21375.5802,2069138
2024-09-10,Banking ETF,ETF,21375.5802,21459.8595,21231.54,21437.7091,1396158
2024-09-11,Banking ETF,ETF,21437.7091,21764.9807,20863.3842,21179.1513,9016675
2024-09-12,Banking ETF,ETF,21179.1513,21768.251,21010.7966,21447.4924,1307943
2024-09-13,Banking ETF,ETF,21447.4924,21884.6677,21173.1289,21488.6755,751276
2024-09-16,Banking ETF,ETF,21488.6755,21849.1352,21234.452,21664.0364,1279692
2024-09-17,Banking ETF,ETF,21664.0364,22059.9486,21351.1403,21706.5726,18560623
2024-09-18,Banking ETF,ETF,21706.5726,22069.4844,20970.1665,21370.1758,4625275
2024-09-19,Banking ETF,ETF,21370.1758,21480.8257,21042.4482,21364.8538,1055954
2024-09-20,Banking ETF,ETF,21364.8538,21739.605,21070.0965,21146.6359,5038300
2024-09-23,Banking ETF,ETF,21146.6359,21285.473,21021.3734,21088.1127,13430796
2024-09-24,Banking ETF,ETF,21088.1127,21480.5401,21036.6217,21246.6442,1217222
2024-09-25,Banking ETF,ETF,21246.6442,21554.6031,21008.567,21529.4434,8867272
2024-09-26,Banking ETF,ETF,21529.4434,22025.5007,21180.0407,21624.9253,5758216
2024-09-27,Banking ETF,ETF,21624.9253,21849.2834,21530.7276,21716.3536,11230792
2024-09-30,Banking ETF,ETF,21716.3536,22155.9173,21604.0191,22079.6733,749364
2024-10-01,Banking ETF,ETF,22079.6733,22339.6145,21170.0146,21568.2402,2711062
2024-10-02,Banking ETF,ETF,21568.2402,22087.8573,21357.7567,21833.4014,10766564
2024-10-03,Banking ETF,ETF,21833.4014,22160.9091,21650.5162,21726.8275,2643115
2024-10-04,Banking ETF,ETF,21726.8275,21786.3886,21563.7119,21638.6698,3021028
2024-10-07,Banking ETF,ETF,21638.6698,22059.7413,21477.1088,21696.5379,2083951
2024-10-08,Banking ETF,ETF,21696.5379,21837.7348,21542.3795,21607.5205,4797245
2024-10-09,Banking ETF,ETF,21607.5205,21872.5512,20891.3429,21214.5141,20882737
2024-10-10,Banking ETF,ETF,21214.5141,22315.1381,21087.6241,21905.3975,7062333
2024-10-11,Banking ETF,ETF,21905.3975,22632.4624,21827.1808,22359.0976,1355503
2024-10-14,Banking ETF,ETF,22359.0976,22546.6412,22089.9404,22168.9839,341157
2024-10-15,Banking ETF,ETF,22168.9839,22405.3007,21867.4586,22191.659,3534099
2024-10-16,Banking ETF,ETF,22191.659,22647.1106,22175.5679,22290.8975,643133
2024-10-17,Banking ETF,ETF,22290.8975,22451.0492,22156.6942,22287.1742,4566232
2024-10-18,Banking ETF,ETF,22287.1742,22886.5153,22102.7947,22457.3931,1893000
2024-10-21,Banking ETF,ETF,22457.3931,23351.673,22206.4437,23150.2729,2618768
2024-10-22,Banking ETF,ETF,23150.2729,23233.2575,22771.9581,23208.7376,2340583
2024-10-23,Banking ETF,ETF,23208.7376,23358.9737,22808.6399,23030.3347,6312659
2024-10-24,Banking ETF,ETF,23030.3347,23303.2379,22354.5978,22488.5337,6729604
2024-10-25,Banking ETF,ETF,22488.5337,22970.7325,22296.4968,22537.3698,2757170
2024-10-28,Banking ETF,ETF,22537.3698,22785.7458,22081.9987,22146.0695,3410232
2024-10-29,Banking ETF,ETF,22146.0695,22455.0127,21807.4279,22367.4671,3859105
2024-10-30,Banking ETF,ETF,22367.4671,22417.0104,22195.7353,22353.3152,2576710
2024-10-31,Banking ETF,ETF,22353.3152,22539.9756,22081.6772,22215.2312,1074424
2024-11-01,Banking ETF,ETF,22215.2312,22610.1943,22129.7723,22430.4834,4131148
2024-11-04,Banking ETF,ETF,22430.4834,22929.3809,22226.361,22670.1971,2087564
2024-11-05,Banking ETF,ETF,22670.1971,22796.4665,22193.5322,22620.2234,1021130
2024-11-06,Banking ETF,ETF,22620.2234,22806.0608,21716.3441,22103.9807,3588945
2024-11-07,Banking ETF,ETF,22103.9807,22195.8839,21084.5534,21427.5331,4601632
2024-11-08,Banking ETF,ETF,21427.5331,21520.7362,21105.8031,21247.8434,31260200
2024-11-11,Banking ETF,ETF,21247.8434,21432.6172,21026.2616,21262.2221,5808554
2024-11-12,Banking ETF,ETF,21262.2221,21338.2159,20811.5213,21057.8715,10354047
2024-11-13,Banking ETF,ETF,21057.8715,21835.1158,20901.5487,21456.6263,8579598
2024-11-14,Banking ETF,ETF,21456.6263,22401.2795,21222.0994,22106.6834,1138952
2024-11-15,Banking ETF,ETF,22106.6834,22688.8136,21862.1943,22329.8602,1537421
2024-11-18,Banking ETF,ETF,22329.8602,22367.3528,21846.9467,21996.3303,3172096
2024-11-19,Banking ETF,ETF,21996.3303,22428.718,21706.0121,22082.629,2955808
2024-11-20,Banking ETF,ETF,22082.629,22514.7669,21505.1172,21667.6422,3497402
2024-11-21,Banking ETF,ETF,21667.6422,22047.8895,21283.1321,21669.1142,1226085
2024-11-22,Banking ETF,ETF,21669.1142,22508.6492,21328.3416,22148.462,21439833
2024-11-25,Banking ETF,ETF,22148.462,22628.2537,21707.1996,22198.6446,8616617
2024-11-26,Banking ETF,ETF,22198.6446,22470.8321,21367.8424,21391.7865,3256415
2024-11-27,Banking ETF,ETF,21391.7865,21841.6535,21209.3616,21748.8028,3331836
2024-11-28,Banking ETF,ETF,21748.8028,21904.6842,21528.3117,21719.678,6403003
2024-11-29,Banking ETF,ETF,21719.678,22826.9157,21523.2877,22467.1303,4570693
2024-12-02,Banking ETF,ETF,22467.1303,22674.0121,22171.485,22521.55,12385435
2024-12-03,Banking ETF,ETF,22521.55,22709.3881,22445.0295,22683.7033,18352670
2024-12-04,Banking ETF,ETF,22683.7033,22989.2169,22342.5099,22350.712,1219102
2024-12-05,Banking ETF,ETF,22350.712,22489.2962,21850.2805,22083.4418,7963813
2024-12-06,Banking ETF,ETF,22083.4418,22240.9147,21887.172,22203.0058,2541042
2024-12-09,Banking ETF,ETF,22203.0058,22456.1814,22016.163,22325.6524,9345993
2024-12-10,Banking ETF,ETF,22325.6524,22771.3608,22229.2835,22230.8417,6964154
2024-12-11,Banking ETF,ETF,22230.8417,22555.6638,21821.1928,22097.1131,731206
2024-12-12,Banking ETF,ETF,22097.1131,22519.9554,21736.9267,22110.3765,656192
2024-12-13,Banking ETF,ETF,22110.3765,22125.9248,21937.4608,22011.5993,3803905
2024-12-16,Banking ETF,ETF,22011.5993,22236.7722,21710.2868,21750.8565,5858312
2024-12-17,Banking ETF,ETF,21750.8565,22145.9095,21273.1361,21682.8888,6051730
2024-12-18,Banking ETF,ETF,21682.8888,21695.4459,21288.8271,21684.7527,2685851
2024-12-19,Banking ETF,ETF,21684.7527,21732.5792,21265.7363,21430.1091,3384676
2024-12-20,Banking ETF,ETF,21430.1091,21860.6713,21273.045,21487.8068,4704223
2024-12-23,Banking ETF,ETF,21487.8068,21854.3889,21170.0374,21579.3366,905412
2024-12-24,Banking ETF,ETF,21579.3366,22146.751,21400.5402,21910.0932,4879254
2024-12-25,Banking ETF,ETF,21910.0932,22316.9701,21492.3587,21936.6442,4653914
2024-12-26,Banking ETF,ETF,21936.6442,22122.5916,21919.0862,22121.0383,22663745
2024-12-27,Banking ETF,ETF,22121.0383,22233.7489,21812.5846,21946.4291,1942714
2024-12-30,Banking ETF,ETF,21946.4291,21989.8244,21588.5466,21606.8527,513104
2024-12-31,Banking ETF,ETF,21606.8527,21944.8322,21332.6877,21751.6151,23862209
2025-01-01,Banking ETF,ETF,21751.6151,22030.5228,21256.0779,21669.3436,11221500
2025-01-02,Banking ETF,ETF,21669.3436,21948.7554,21515.9277,21592.3954,10620550
2025-01-03,Banking ETF,ETF,21592.3954,21935.6509,21191.7967,21710.5923,3413920
2025-01-06,Banking ETF,ETF,21710.5923,21965.3682,21424.7293,21543.0318,3585868
2025-01-07,Banking ETF,ETF,21543.0318,21955.8952,21459.3043,21830.0591,1695325
2025-01-08,Banking ETF,ETF,21830.0591,22092.6207,21549.8244,21815.9712,4056722
2025-01-09,Banking ETF,ETF,21815.9712,22392.6602,21639.8146,22094.6297,3690456
2025-01-10,Banking ETF,ETF,22094.6297,22335.1238,21600.5777,22019.1846,4331282
2025-01-13,Banking ETF,ETF,22019.1846,22698.8572,21649.5394,22405.9838,5154558
2025-01-14,Banking ETF,ETF,22405.9838,22482.0122,22183.1403,22399.9679,3520753
2025-01-15,Banking ETF,ETF,22399.9679,22401.8053,21919.0386,22070.413,6855402
2025-01-16,Banking ETF,ETF,22070.413,22227.5939,21586.5366,21660.1115,2182052
2025-01-17,Banking ETF,ETF,21660.1115,21860.1032,21527.6132,21616.1622,2177670
2025-01-20,Banking ETF,ETF,21616.1622,21950.8931,21008.0068,21311.7323,1729672
2025-01-21,Banking ETF,ETF,21311.7323,21699.197,20493.7939,20899.0399,15692067
2025-01-22,Banking ETF,ETF,20899.0399,21118.7436,20707.5442,20745.4048,1792263
2025-01-23,Banking ETF,ETF,20745.4048,21591.3653,20608.1082,21368.2494,701054
2025-01-24,Banking ETF,ETF,21368.2494,21645.9695,21088.3974,21557.1465,3445819
2025-01-27,Banking ETF,ETF,21557.1465,21566.7812,21185.1625,21258.0833,3700423
2025-01-28,Banking ETF,ETF,21258.0833,21913.4406,20973.965,21825.0584,5726875
2025-01-29,Banking ETF,ETF,21825.0584,22150.9054,21539.6742,21969.8912,1002342
2025-01-30,Banking ETF,ETF,21969.8912,22010.1568,21665.2455,21714.0033,749322
2025-01-31,Banking ETF,ETF,21714.0033,22014.1256,21403.1239,21748.4687,3415353
2025-02-03,Banking ETF,ETF,21748.4687,21768.1422,21496.2186,21497.0238,7829392
2025-02-04,Banking ETF,ETF,21497.0238,21523.8167,21026.7247,21102.4946,1593824
2025-02-05,Banking ETF,ETF,21102.4946,21397.1624,20873.1149,21146.3222,1054011
2025-02-06,Banking ETF,ETF,21146.3222,21168.0058,20892.595,21059.2452,1703700
2025-02-07,Banking ETF,ETF,21059.2452,21441.2743,20835.1244,21148.2407,871172
2025-02-10,Banking ETF,ETF,21148.2407,21504.2467,20429.432,20519.4583,1015968
2025-02-11,Banking ETF,ETF,20519.4583,20974.0509,20397.4493,20799.6665,7347968
2025-02-12,Banking ETF,ETF,20799.6665,20818.7731,20479.1989,20525.012,3062680
2025-02-13,Banking ETF,ETF,20525.012,20885.5684,20428.2808,20536.7975,831322
2025-02-14,Banking ETF,ETF,20536.7975,20770.4318,20122.0234,20349.4,2675820
2025-02-17,Banking ETF,ETF,20349.4,20425.0598,19693.8781,19695.7688,3663382
2025-02-18,Banking ETF,ETF,19695.7688,20902.7476,19497.0082,20563.4756,5276886
2025-02-19,Banking ETF,ETF,20563.4756,20983.7548,20502.4836,20636.9158,6643417
2025-02-20,Banking ETF,ETF,20636.9158,20845.9044,20558.5931,20775.172,7768275
2025-02-21,Banking ETF,ETF,20775.172,21051.514,19841.8609,20180.7479,2219625
2025-02-24,Banking ETF,ETF,20180.7479,20577.0646,19573.3094,19885.0741,487057
2025-02-25,Banking ETF,ETF,19885.0741,19978.1666,19685.061,19848.5589,8233961
2025-02-26,Banking ETF,ETF,19848.5589,19955.9274,19660.6455,19679.0005,4529666
2025-02-27,Banking ETF,ETF,19679.0005,20061.544,19413.2066,20051.653,2528925
2025-02-28,Banking ETF,ETF,20051.653,20649.7044,19916.8745,20374.9536,8402519
2025-03-03,Banking ETF,ETF,20374.9536,20669.2907,20077.9544,20471.2597,978050
2025-03-04,Banking ETF,ETF,20471.2597,20591.4172,19796.5469,19880.6301,1613205
2025-03-05,Banking ETF,ETF,19880.6301,20018.5449,19739.388,19753.8358,2527170
2025-03-06,Banking ETF,ETF,19753.8358,20063.5678,19489.8309,19933.8111,1549687
2025-03-07,Banking ETF,ETF,19933.8111,20509.5674,19925.2635,20123.7162,16907558
2025-03-10,Banking ETF,ETF,20123.7162,20255.2529,20006.9736,20076.2172,3966780
2025-03-11,Banking ETF,ETF,20076.2172,20684.6807,19859.5922,20554.3359,6910014
2025-03-12,Banking ETF,ETF,20554.3359,20905.4103,20025.7424,20339.6028,18605946
2025-03-13,Banking ETF,ETF,20339.6028,20493.7422,20112.8088,20397.74,1770921
2025-03-14,Banking ETF,ETF,20397.74,20493.367,19700.5691,19912.6447,1567081
2025-03-17,Banking ETF,ETF,19912.6447,19957.0971,19783.6706,19956.5648,1209165
2025-03-18,Banking ETF,ETF,19956.5648,19993.6222,19501.4915,19705.1643,11990059
2025-03-19,Banking ETF,ETF,19705.1643,20096.5401,19462.4784,19766.2996,751917
2025-03-20,Banking ETF,ETF,19766.2996,20338.7492,19397.8943,19968.4284,28281383
2025-03-21,Banking ETF,ETF,19968.4284,20151.9731,19321.4582,19393.8196,3711583
2025-03-24,Banking ETF,ETF,19393.8196,19440.1677,19317.1567,19400.0869,31955200
2025-03-25,Banking ETF,ETF,19400.0869,19921.5495,19135.6502,19698.4096,3100823
2025-03-26,Banking ETF,ETF,19698.4096,20127.6187,19438.7333,19949.122,505061
2025-03-27,Banking ETF,ETF,19949.122,20070.3091,19818.9799,19952.1951,1701968
2025-03-28,Banking ETF,ETF,19952.1951,20334.1015,19785.9254,19989.0792,455933
2025-03-31,Banking ETF,ETF,19989.0792,20309.7059,19832.0649,20184.5551,5037575
2025-04-01,Banking ETF,ETF,20184.5551,20524.2203,20060.0482,20506.0327,2086586
2025-04-02,Banking ETF,ETF,20506.0327,20899.7959,20284.5888,20719.0062,20651862
2025-04-03,Banking ETF,ETF,20719.0062,20926.902,20257.514,20629.3326,850225
2025-04-04,Banking ETF,ETF,20629.3326,21091.391,20620.9402,20823.089,2204200
2025-04-07,Banking ETF,ETF,20823.089,20981.9447,20358.6302,20504.692,1371916
2025-04-08,Banking ETF,ETF,20504.692,20759.415,19991.5006,20057.3946,1160425
2025-04-09,Banking ETF,ETF,20057.3946,20362.3908,19715.3237,20170.1758,4842802
2025-04-10,Banking ETF,ETF,20170.1758,20398.972,19581.333,19939.9893,29841290
2025-04-11,Banking ETF,ETF,19939.9893,20275.9345,19906.5665,19970.7591,4367291
2025-04-14,Banking ETF,ETF,19970.7591,20299.9814,19792.6338,20126.3452,1580835
2025-04-15,Banking ETF,ETF,20126.3452,20475.9844,19873.9945,20400.4354,671370
2025-04-16,Banking ETF,ETF,20400.4354,20763.1518,20036.1995,20058.2449,1594070
2025-04-17,Banking ETF,ETF,20058.2449,20316.2787,20039.8506,20122.6716,901133
2025-04-18,Banking ETF,ETF,20122.6716,20311.9987,19658.0441,19763.4029,13636140
2025-04-21,Banking ETF,ETF,19763.4029,20502.2906,19690.6222,20146.5779,869378
2025-04-22,Banking ETF,ETF,20146.5779,20533.2821,19558.823,19908.8169,3025289
2025-04-23,Banking ETF,ETF,19908.8169,20359.5893,19562.4994,20082.455,2048993
2025-04-24,Banking ETF,ETF,20082.455,20393.4915,19808.3635,19912.8887,10094026
2025-04-25,Banking ETF,ETF,19912.8887,20285.2903,19588.2304,19702.9026,2383133
2025-04-28,Banking ETF,ETF,19702.9026,20081.17,18868.2457,18995.5345,5168099
2025-04-29,Banking ETF,ETF,18995.5345,19311.1972,18851.863,19144.4087,4846701
2025-04-30,Banking ETF,ETF,19144.4087,19536.3096,19057.4447,19245.7254,3991573
2025-05-01,Banking ETF,ETF,19245.7254,19467.5245,18858.5762,19177.4728,7926533
2025-05-02,Banking ETF,ETF,19177.4728,19573.6694,18834.8321,19343.0375,1778960
2025-05-05,Banking ETF,ETF,19343.0375,19665.2318,19255.9219,19263.3313,966253
2025-05-06,Banking ETF,ETF,19263.3313,19553.3867,18877.1912,19128.842,1077899
2025-05-07,Banking ETF,ETF,19128.842,19724.7007,19038.9561,19397.4882,39271917
2025-05-08,Banking ETF,ETF,19397.4882,19628.6836,18964.0722,19059.5777,2683813
2025-05-09,Banking ETF,ETF,19059.5777,19069.7824,18928.7931,18963.6627,418912
2025-05-12,Banking ETF,ETF,18963.6627,19291.6545,18513.6526,18774.4949,19640696
2025-05-13,Banking ETF,ETF,18774.4949,19188.5969,18575.0351,18815.483,2726259
2025-05-14,Banking ETF,ETF,18815.483,18980.1553,18194.6628,18511.617,7011498
2025-05-15,Banking ETF,ETF,18511.617,18676.5309,18110.2278,18371.9356,1556719
2025-05-16,Banking ETF,ETF,18371.9356,18592.5446,18235.6878,18557.4869,2704496
2025-05-19,Banking ETF,ETF,18557.4869,18801.1145,18232.8791,18292.9594,6851106
2025-05-20,Banking ETF,ETF,18292.9594,18615.1367,18171.2546,18323.303,6938793
2025-05-21,Banking ETF,ETF,18323.303,18669.8838,18016.5311,18289.9938,43649165
2025-05-22,Banking ETF,ETF,18289.9938,18629.3984,17760.747,17852.6317,37092848
2025-05-23,Banking ETF,ETF,17852.6317,17939.5275,17650.4439,17696.1651,680864
2025-05-26,Banking ETF,ETF,17696.1651,18055.781,17402.0071,17749.9973,10030473
2025-05-27,Banking ETF,ETF,17749.9973,17887.3816,17425.0829,17857.6602,565276
2025-05-28,Banking ETF,ETF,17857.6602,17965.7902,17257.2116,17417.6855,731615
2025-05-29,Banking ETF,ETF,17417.6855,17696.35,16954.997,17242.6933,832135
2025-05-30,Banking ETF,ETF,17242.6933,17544.0334,17152.0193,17170.1074,488961
2025-06-02,Banking ETF,ETF,17170.1074,17403.1192,16914.7837,17114.1816,4540856
2025-06-03,Banking ETF,ETF,17114.1816,17441.8088,16995.3996,17406.4486,3854595
2025-06-04,Banking ETF,ETF,17406.4486,17842.5344,17126.9255,17765.6294,3861593
2025-06-05,Banking ETF,ETF,17765.6294,18035.3069,17408.5701,17440.2761,2190547
2025-06-06,Banking ETF,ETF,17440.2761,17564.5967,17045.1898,17252.5925,3351671
2025-06-09,Banking ETF,ETF,17252.5925,17400.6363,16634.1513,16709.9374,11363463
2025-06-10,Banking ETF,ETF,16709.9374,17154.3649,16661.4007,16867.4652,3081027
2025-06-11,Banking ETF,ETF,16867.4652,17783.1945,16761.3051,17509.7903,19396922
2025-06-12,Banking ETF,ETF,17509.7903,17885.0523,17455.9494,17647.8133,3205841
2025-06-13,Banking ETF,ETF,17647.8133,17918.4289,17468.2843,17572.0921,2236538
2025-06-16,Banking ETF,ETF,17572.0921,17720.4024,17055.1668,17375.0023,1526296
2025-06-17,Banking ETF,ETF,17375.0023,17517.79,17157.0287,17349.6126,9183266
2025-06-18,Banking ETF,ETF,17349.6126,17520.1986,17314.9186,17321.3047,797897
2025-06-19,Banking ETF,ETF,17321.3047,17558.1669,17155.5703,17234.3029,1172588
2025-06-20,Banking ETF,ETF,17234.3029,17949.6726,17121.911,17636.2439,416450
2025-06-23,Banking ETF,ETF,17636.2439,17899.6312,17594.1667,17632.9096,1073369
2025-06-24,Banking ETF,ETF,17632.9096,17644.7446,17387.3654,17556.9492,3115873
2025-06-25,Banking ETF,ETF,17556.9492,17991.3563,17397.5556,17777.2632,2027894
2025-06-26,Banking ETF,ETF,17777.2632,17791.641,17444.6986,17761.8518,242772
2025-06-27,Banking ETF,ETF,17761.8518,18408.4529,17494.7753,18101.4793,11427449
2025-06-30,Banking ETF,ETF,18101.4793,18950.6543,17915.8535,18693.3277,1248181
2025-07-01,Banking ETF,ETF,18693.3277,19525.9514,18452.5792,19310.6475,2266863
2025-07-02,Banking ETF,ETF,19310.6475,20003.4456,19109.9162,19749.5441,7059049
2025-07-03,Banking ETF,ETF,19749.5441,19845.002,19598.3159,19598.8718,21906263
2025-07-04,Banking ETF,ETF,19598.8718,20603.4722,19457.1805,20210.5592,12775608
2025-07-07,Banking ETF,ETF,20210.5592,20239.0699,19523.6577,19830.1543,2079046
2025-07-08,Banking ETF,ETF,19830.1543,20296.13,19643.2604,20020.7355,784881
2025-07-09,Banking ETF,ETF,20020.7355,20134.8171,19622.3298,19980.3845,9190016
2025-07-10,Banking ETF,ETF,19980.3845,19990.7587,19904.0236,19939.9096,3862654
2025-07-11,Banking ETF,ETF,19939.9096,20294.328,19157.229,19332.4336,8427197
2025-07-14,Banking ETF,ETF,19332.4336,19781.2823,19006.2303,19450.8062,2778551
2025-07-15,Banking ETF,ETF,19450.8062,19958.675,19227.8133,19887.3378,3480388
2025-07-16,Banking ETF,ETF,19887.3378,19903.1704,19575.9051,19879.2705,13996391
2025-07-17,Banking ETF,ETF,19879.2705,20047.3921,19502.8098,20013.104,1109020
2025-07-18,Banking ETF,ETF,20013.104,20064.7924,19353.5367,19726.768,1557363
2025-07-21,Banking ETF,ETF,19726.768,20228.5246,19539.4711,20028.4784,7854054
2025-07-22,Banking ETF,ETF,20028.4784,20177.9973,19637.0637,20078.8414,1249003
2025-07-23,Banking ETF,ETF,20078.8414,20139.6165,19653.6423,19967.2608,12372645
2025-07-24,Banking ETF,ETF,19967.2608,20051.7305,19695.3169,19917.1504,2602874
2025-07-25,Banking ETF,ETF,19917.1504,19950.8781,19539.7892,19723.0313,9206280
2025-07-28,Banking ETF,ETF,19723.0313,19809.7829,19120.4862,19489.7098,6721645
2025-07-29,Banking ETF,ETF,19489.7098,19572.339,19212.5511,19344.1786,5448785
2025-07-30,Banking ETF,ETF,19344.1786,19727.4023,19064.0715,19420.9115,2965686
2025-07-31,Banking ETF,ETF,19420.9115,19759.29,19217.2473,19322.4572,4634013
2025-08-01,Banking ETF,ETF,19322.4572,19649.529,19285.7708,19395.9063,1751815
2025-08-04,Banking ETF,ETF,19395.9063,19823.9104,19365.3453,19739.8513,8050914
2025-08-05,Banking ETF,ETF,19739.8513,19832.4486,19391.5051,19466.5503,1414316
2025-08-06,Banking ETF,ETF,19466.5503,19785.936,18872.2423,18941.9287,7203252
2025-08-07,Banking ETF,ETF,18941.9287,19124.4085,18836.8354,18857.8953,3194796
2025-08-08,Banking ETF,ETF,18857.8953,19081.3407,18334.585,18617.1047,3201597
2025-08-11,Banking ETF,ETF,18617.1047,19008.5475,18331.0537,18703.968,873496
2025-08-12,Banking ETF,ETF,18703.968,19137.1279,18552.2709,18784.8437,4050222
2025-08-13,Banking ETF,ETF,18784.8437,19451.5988,18410.8298,19184.1185,4549501
2025-08-14,Banking ETF,ETF,19184.1185,19269.4993,18642.0565,18910.2507,1335455
2025-08-15,Banking ETF,ETF,18910.2507,19236.0805,18815.3953,18972.9538,2313928
2025-08-18,Banking ETF,ETF,18972.9538,19472.1541,18640.3633,19179.7885,842686
2025-08-19,Banking ETF,ETF,19179.7885,19740.6075,18836.5978,19426.4762,3862332
2025-08-20,Banking ETF,ETF,19426.4762,19898.5753,19272.6414,19848.0801,2880110
2025-08-21,Banking ETF,ETF,19848.0801,19897.0078,19260.5079,19575.9802,1173516
2025-08-22,Banking ETF,ETF,19575.9802,19779.0261,19474.5772,19678.9577,975544
2025-08-25,Banking ETF,ETF,19678.9577,20374.507,19609.88,20325.1962,2769891
2025-08-26,Banking ETF,ETF,20325.1962,20905.2217,20125.8224,20804.7171,651257
2025-08-27,Banking ETF,ETF,20804.7171,20861.6723,19792.3084,20068.2881,1568703
2025-08-28,Banking ETF,ETF,20068.2881,20529.2746,19882.2341,20193.4435,3636296
2025-08-29,Banking ETF,ETF,20193.4435,20400.2663,19907.2312,20018.9611,4783367
2025-09-01,Banking ETF,ETF,20018.9611,20071.4166,19668.8655,19947.7288,1002245
2025-09-02,Banking ETF,ETF,19947.7288,20531.9426,19891.9663,20472.0104,286697
2025-09-03,Banking ETF,ETF,20472.0104,20593.9547,20355.0204,20554.3872,3411618
2025-09-04,Banking ETF,ETF,20554.3872,20749.7693,20427.0814,20581.7127,9456295
2025-09-05,Banking ETF,ETF,20581.7127,20945.928,19970.293,20263.6273,1091111
2025-09-08,Banking ETF,ETF,20263.6273,20699.3467,20013.1516,20593.4491,5986980
2025-09-09,Banking ETF,ETF,20593.4491,21188.1481,20328.5438,21057.9024,2650456
2025-09-10,Banking ETF,ETF,21057.9024,21085.9609,20771.3458,20987.9629,8393900
2025-09-11,Banking ETF,ETF,20987.9629,21813.7819,20784.1243,21406.614,1013160
2025-09-12,Banking ETF,ETF,21406.614,22131.6773,21298.0798,22085.9605,2067073
2025-09-15,Banking ETF,ETF,22085.9605,22177.5504,21995.5735,22171.5889,5885064
2025-09-16,Banking ETF,ETF,22171.5889,22920.4875,22042.0284,22541.8478,6962490
2025-09-17,Banking ETF,ETF,22541.8478,22894.1154,22272.8159,22579.5645,6887730
2025-09-18,Banking ETF,ETF,22579.5645,22946.9917,22188.2898,22466.2408,1894465
2025-09-19,Banking ETF,ETF,22466.2408,22662.1386,22052.0328,22492.5478,11383918
2025-09-22,Banking ETF,ETF,22492.5478,22752.524,22231.5358,22689.3583,2116285
2025-09-23,Banking ETF,ETF,22689.3583,23028.1407,22308.0828,22672.9687,8883348
2025-09-24,Banking ETF,ETF,22672.9687,22981.0966,22594.4633,22777.5409,3835636
2025-09-25,Banking ETF,ETF,22777.5409,22931.2753,22759.8046,22846.7672,1061927
2025-09-26,Banking ETF,ETF,22846.7672,23255.3716,22222.0497,22253.2918,10107949
2025-09-29,Banking ETF,ETF,22253.2918,22358.6781,21951.0614,22276.9377,4032831
2025-09-30,Banking ETF,ETF,22276.9377,22660.8284,22082.0202,22148.791,14710434
2025-10-01,Banking ETF,ETF,22148.791,22242.2048,21888.0811,21993.0888,2505865
2025-10-02,Banking ETF,ETF,21993.0888,22766.3552,21554.2403,22364.3809,274668
2025-10-03,Banking ETF,ETF,22364.3809,22544.1548,21930.4587,22217.7778,4095544
2025-10-06,Banking ETF,ETF,22217.7778,22474.3483,21382.4992,21789.3064,1383185
2025-10-07,Banking ETF,ETF,21789.3064,22026.9125,20997.9203,21324.3327,3611224
2025-10-08,Banking ETF,ETF,21324.3327,21466.8756,21068.5745,21383.3663,4092809
2025-10-09,Banking ETF,ETF,21383.3663,21743.7697,21205.1883,21315.3916,2731178
2025-10-10,Banking ETF,ETF,21315.3916,21359.2197,21086.3497,21119.0789,2280788
2025-10-13,Banking ETF,ETF,21119.0789,21271.6612,20368.8821,20726.2093,4772164
2025-10-14,Banking ETF,ETF,20726.2093,21192.4084,20560.8819,20983.4393,2822244
2025-10-15,Banking ETF,ETF,20983.4393,21020.9906,20661.4985,20934.4731,3623661
2025-10-16,Banking ETF,ETF,20934.4731,21794.9862,20771.8679,21402.7715,3059733
2025-10-17,Banking ETF,ETF,21402.7715,21835.5711,21047.0213,21415.1444,42535163
2025-10-20,Banking ETF,ETF,21415.1444,21746.0197,21240.7618,21354.1408,4647385
2025-10-21,Banking ETF,ETF,21354.1408,21577.8562,21204.3619,21459.4333,2329191
2025-10-22,Banking ETF,ETF,21459.4333,21751.0336,21177.2877,21600.6518,816776
2025-10-23,Banking ETF,ETF,21600.6518,21952.6544,21166.5439,21549.3368,1353844
2025-10-24,Banking ETF,ETF,21549.3368,22033.0437,21424.8551,21699.5797,710497
2025-10-27,Banking ETF,ETF,21699.5797,21979.5743,21688.3036,21920.444,268476
2025-10-28,Banking ETF,ETF,21920.444,22083.5229,21837.2794,22051.0557,1164188
2025-10-29,Banking ETF,ETF,22051.0557,22135.5992,21463.4742,21861.9163,2604294
2025-10-30,Banking ETF,ETF,21861.9163,22642.6767,21764.194,22379.1878,1152336
2025-10-31,Banking ETF,ETF,22379.1878,22747.3416,22194.7937,22376.4964,10929796
2025-11-03,Banking ETF,ETF,22376.4964,22600.7762,22038.4082,22388.6699,5548926
2025-11-04,Banking ETF,ETF,22388.6699,22842.0446,22144.3762,22746.2168,1769843
2025-11-05,Banking ETF,ETF,22746.2168,23169.9144,22514.9927,22580.9701,1134797
2025-11-06,Banking ETF,ETF,22580.9701,23056.7737,22433.7516,23001.2311,18602347
2025-11-07,Banking ETF,ETF,23001.2311,23369.5376,22116.2605,22554.7963,4258984
2025-11-10,Banking ETF,ETF,22554.7963,22760.0157,22023.4284,22357.7961,1888481
2025-11-11,Banking ETF,ETF,22357.7961,22737.8001,22169.9304,22561.2463,3446814
2025-11-12,Banking ETF,ETF,22561.2463,23176.1171,22250.4125,22733.0012,17968135
2025-11-13,Banking ETF,ETF,22733.0012,23183.1375,22600.963,22847.2303,6101774
2025-11-14,Banking ETF,ETF,22847.2303,23335.309,22590.0755,23197.6512,1629528
2025-11-17,Banking ETF,ETF,23197.6512,23508.3459,22812.8269,23456.5064,1844248
2025-11-18,Banking ETF,ETF,23456.5064,23710.7915,22901.6519,23031.7809,4889692
2025-11-19,Banking ETF,ETF,23031.7809,23060.948,22200.9227,22647.5144,850622
2025-11-20,Banking ETF,ETF,22647.5144,22842.9905,22354.9038,22674.6414,2750927
2025-11-21,Banking ETF,ETF,22674.6414,23486.7501,22361.4807,23149.1268,1047959
2025-11-24,Banking ETF,ETF,23149.1268,23397.9872,23135.7923,23267.6939,1482211
2025-11-25,Banking ETF,ETF,23267.6939,23485.0952,22422.5414,22743.1396,464270
2025-11-26,Banking ETF,ETF,22743.1396,22770.6826,22065.782,22373.1085,1042194
2025-11-27,Banking ETF,ETF,22373.1085,22688.6539,21502.1152,21735.7123,7760370
2025-11-28,Banking ETF,ETF,21735.7123,22395.6179,21448.7997,22114.1717,147539
2025-12-01,Banking ETF,ETF,22114.1717,22183.4484,21596.7886,21876.5419,2121055
2025-12-02,Banking ETF,ETF,21876.5419,21950.7122,21473.5228,21803.4538,8886443
2025-12-03,Banking ETF,ETF,21803.4538,22151.3177,21756.6916,22144.4905,4425506
2025-12-04,Banking ETF,ETF,22144.4905,22271.3396,21924.6558,22240.3891,1953371
2025-12-05,Banking ETF,ETF,22240.3891,22627.552,21526.0558,21599.6818,2471183
2025-12-08,Banking ETF,ETF,21599.6818,22012.2792,21308.9715,21998.894,1702681
2025-12-09,Banking ETF,ETF,21998.894,22256.8813,21850.3116,21884.1417,7033377
2025-12-10,Banking ETF,ETF,21884.1417,22022.0937,21375.86,21756.6834,2562196
2025-12-11,Banking ETF,ETF,21756.6834,22212.1418,21556.9933,22021.2699,463966
2025-12-12,Banking ETF,ETF,22021.2699,22048.2002,21430.9902,21642.8,20933130
2025-12-15,Banking ETF,ETF,21642.8,22150.9413,21440.1254,21903.4248,8235882
2025-12-16,Banking ETF,ETF,21903.4248,22358.0521,21547.1602,22000.7847,4888284
2025-12-17,Banking ETF,ETF,22000.7847,22381.2565,21398.5098,21802.2914,27031658
2025-12-18,Banking ETF,ETF,21802.2914,21854.2245,21680.6283,21715.5657,8516515
2025-12-19,Banking ETF,ETF,21715.5657,21927.7348,21264.7889,21567.3783,1702713
2025-12-22,Banking ETF,ETF,21567.3783,21790.8961,21337.7781,21562.8144,4341008
2025-12-23,Banking ETF,ETF,21562.8144,21988.3709,21562.0706,21984.5128,56719157
2025-12-24,Banking ETF,ETF,21984.5128,22377.9098,21276.9806,21679.6172,6298890
2025-12-25,Banking ETF,ETF,21679.6172,21786.9636,21330.0509,21710.7783,557329
2025-12-26,Banking ETF,ETF,21710.7783,22260.0517,21693.3034,22216.694,2202223
2025-12-29,Banking ETF,ETF,22216.694,22659.0503,22029.8324,22072.7658,15143301
2025-12-30,Banking ETF,ETF,22072.7658,22437.9157,21697.2372,22057.7164,10457998
2025-12-31,Banking ETF,ETF,22057.7164,22476.7245,21916.9031,21983.5868,5401623
2022-01-03,Technology Fund,Equity,2098.3912,2158.2112,2063.5878,2137.968,2526322
2022-01-04,Technology Fund,Equity,2137.968,2178.5415,2108.4807,2111.0469,6448597
2022-01-05,Technology Fund,Equity,2111.0469,2132.1636,2084.2767,2102.0327,6079912
2022-01-06,Technology Fund,Equity,2102.0327,2110.1438,2079.6567,2088.1717,1128885
2022-01-07,Technology Fund,Equity,2088.1717,2121.4961,2063.543,2087.2951,832903
2022-01-10,Technology Fund,Equity,2087.2951,2125.6241,2059.4253,2096.717,7341021
2022-01-11,Technology Fund,Equity,2096.717,2159.1693,2060.6597,2156.1633,1984342
2022-01-12,Technology Fund,Equity,2156.1633,2189.2834,2133.0332,2133.5726,7156028
2022-01-13,Technology Fund,Equity,2133.5726,2191.9781,2133.3814,2156.8798,7100496
2022-01-14,Technology Fund,Equity,2156.8798,2225.5468,2128.8494,2218.6512,3306397
2022-01-17,Technology Fund,Equity,2218.6512,2297.0617,2210.4322,2290.3797,2334842
2022-01-18,Technology Fund,Equity,2290.3797,2300.7576,2250.9799,2268.911,1576255
2022-01-19,Technology Fund,Equity,2268.911,2304.1233,2210.6,2242.8644,22953089
2022-01-20,Technology Fund,Equity,2242.8644,2328.2069,2203.0791,2283.1421,20463115
2022-01-21,Technology Fund,Equity,2283.1421,2296.6972,2216.3844,2223.1609,955621
2022-01-24,Technology Fund,Equity,2223.1609,2236.7964,2171.2297,2213.8046,2090727
2022-01-25,Technology Fund,Equity,2213.8046,2238.302,2193.5427,2221.7514,3386459
2022-01-26,Technology Fund,Equity,2221.7514,2228.1129,2147.9475,2189.3293,1887495
2022-01-27,Technology Fund,Equity,2189.3293,2197.4882,2165.9932,2181.872,1056352
2022-01-28,Technology Fund,Equity,2181.872,2193.7281,2163.0769,2178.4088,1117839
2022-01-31,Technology Fund,Equity,2178.4088,2221.2475,2159.7485,2174.0465,1374433
2022-02-01,Technology Fund,Equity,2174.0465,2207.6044,2153.9222,2204.2696,4905415
2022-02-02,Technology Fund,Equity,2204.2696,2251.2408,2181.205,2217.5124,6522060
2022-02-03,Technology Fund,Equity,2217.5124,2247.0718,2215.9322,2233.4664,8150641
2022-02-04,Technology Fund,Equity,2233.4664,2251.9597,2226.8046,2238.6111,6424725
2022-02-07,Technology Fund,Equity,2238.6111,2287.6834,2209.7294,2251.0141,4602450
2022-02-08,Technology Fund,Equity,2251.0141,2251.3992,2166.8366,2203.5749,1233723
2022-02-09,Technology Fund,Equity,2203.5749,2234.1227,2180.3629,2211.8242,1584273
2022-02-10,Technology Fund,Equity,2211.8242,2214.6144,2175.0105,2209.8889,1952323
2022-02-11,Technology Fund,Equity,2209.8889,2211.679,2167.7436,2194.6353,3369047
2022-02-14,Technology Fund,Equity,2194.6353,2218.9774,2151.3283,2186.3017,12538125
2022-02-15,Technology Fund,Equity,2186.3017,2213.108,2116.0439,2142.9716,5601265
2022-02-16,Technology Fund,Equity,2142.9716,2209.2335,2134.5159,2167.2223,13557127
2022-02-17,Technology Fund,Equity,2167.2223,2198.7655,2162.9112,2169.6079,6126308
2022-02-18,Technology Fund,Equity,2169.6079,2244.8226,2167.8661,2213.5273,1813150
2022-02-21,Technology Fund,Equity,2213.5273,2257.6144,2146.3665,2185.5889,3603762
2022-02-22,Technology Fund,Equity,2185.5889,2217.0396,2159.5485,2178.8137,6256601
2022-02-23,Technology Fund,Equity,2178.8137,2192.8697,2119.1749,2137.3179,11452685
2022-02-24,Technology Fund,Equity,2137.3179,2160.5486,2120.213,2145.5853,2534208
2022-02-25,Technology Fund,Equity,2145.5853,2169.3189,2104.5404,2145.9599,8673967
2022-02-28,Technology Fund,Equity,2145.9599,2178.1188,2130.0123,2162.0175,3181253
2022-03-01,Technology Fund,Equity,2162.0175,2194.0286,2122.8724,2156.0773,2783853
2022-03-02,Technology Fund,Equity,2156.0773,2201.7619,2146.8118,2176.2949,2469971
2022-03-03,Technology Fund,Equity,2176.2949,2234.2354,2133.9277,2194.0916,299979
2022-03-04,Technology Fund,Equity,2194.0916,2197.6248,2142.939,2167.2906,1637932
2022-03-07,Technology Fund,Equity,2167.2906,2170.4715,2149.141,2166.7011,2648396
2022-03-08,Technology Fund,Equity,2166.7011,2204.4037,2114.5453,2146.5837,1109847
2022-03-09,Technology Fund,Equity,2146.5837,2179.4728,2103.5128,2122.4148,14956253
2022-03-10,Technology Fund,Equity,2122.4148,2154.1898,2064.6683,2102.6086,430809
2022-03-11,Technology Fund,Equity,2102.6086,2105.706,2082.9109,2104.3241,1719884
2022-03-14,Technology Fund,Equity,2104.3241,2143.5677,2068.9841,2095.4118,7584613
2022-03-15,Technology Fund,Equity,2095.4118,2111.9308,2081.6463,2088.7525,2322100
2022-03-16,Technology Fund,Equity,2088.7525,2128.7003,1968.1025,1985.3243,1811703
2022-03-17,Technology Fund,Equity,1985.3243,2005.02,1964.1627,1977.9188,4628176
2022-03-18,Technology Fund,Equity,1977.9188,2010.6082,1911.2427,1928.6833,976467
2022-03-21,Technology Fund,Equity,1928.6833,1942.3282,1909.861,1940.001,3329161
2022-03-22,Technology Fund,Equity,1940.001,1963.7285,1915.5349,1924.7531,5012152
2022-03-23,Technology Fund,Equity,1924.7531,1937.4204,1891.2136,1914.1138,7463664
2022-03-24,Technology Fund,Equity,1914.1138,1930.0635,1884.5659,1897.9899,1389524
2022-03-25,Technology Fund,Equity,1897.9899,1990.3662,1873.1578,1968.0615,6013454
2022-03-28,Technology Fund,Equity,1968.0615,1998.0078,1913.6268,1946.752,2231598
2022-03-29,Technology Fund,Equity,1946.752,1966.1638,1909.8854,1930.4769,722163
2022-03-30,Technology Fund,Equity,1930.4769,1958.3328,1919.2419,1921.6236,3661320
2022-03-31,Technology Fund,Equity,1921.6236,1976.9768,1915.8937,1959.2955,2886200
2022-04-01,Technology Fund,Equity,1959.2955,1966.4996,1909.5906,1946.2348,13577151
2022-04-04,Technology Fund,Equity,1946.2348,1994.5616,1933.1838,1981.0077,3640111
2022-04-05,Technology Fund,Equity,1981.0077,1987.6287,1972.3042,1982.0514,4575941
2022-04-06,Technology Fund,Equity,1982.0514,2000.3867,1948.5571,1965.0217,3193429
2022-04-07,Technology Fund,Equity,1965.0217,2003.6362,1940.089,1947.1286,10935262
2022-04-08,Technology Fund,Equity,1947.1286,1975.7072,1885.6668,1923.9438,3915556
2022-04-11,Technology Fund,Equity,1923.9438,1949.7801,1891.8128,1931.0588,11970029
2022-04-12,Technology Fund,Equity,1931.0588,1934.4967,1907.4421,1917.8653,1683131
2022-04-13,Technology Fund,Equity,1917.8653,1964.5007,1893.6593,1934.3674,4976860
2022-04-14,Technology Fund,Equity,1934.3674,2004.5471,1901.8194,1988.9998,3703035
2022-04-15,Technology Fund,Equity,1988.9998,2046.656,1953.7854,2024.9512,9449847
2022-04-18,Technology Fund,Equity,2024.9512,2056.4449,1985.496,2005.2578,810552
2022-04-19,Technology Fund,Equity,2005.2578,2020.0698,1961.0516,1996.5396,7167923
2022-04-20,Technology Fund,Equity,1996.5396,2050.1144,1985.4919,2036.5605,178320
2022-04-21,Technology Fund,Equity,2036.5605,2072.3744,1980.7733,2012.1305,4575666
2022-04-22,Technology Fund,Equity,2012.1305,2055.2007,2004.7043,2030.7251,1264130
2022-04-25,Technology Fund,Equity,2030.7251,2059.1245,1986.4329,2012.1369,679780
2022-04-26,Technology Fund,Equity,2012.1369,2090.9619,1987.2725,2059.7388,3941246
2022-04-27,Technology Fund,Equity,2059.7388,2096.0417,2015.4445,2040.5395,9926094
2022-04-28,Technology Fund,Equity,2040.5395,2055.7898,2018.4033,2046.8476,11950177
2022-04-29,Technology Fund,Equity,2046.8476,2111.9473,2012.6197,2092.0398,1267388
2022-05-02,Technology Fund,Equity,2092.0398,2138.8202,2050.858,2129.5713,10168127
2022-05-03,Technology Fund,Equity,2129.5713,2158.1098,2106.758,2143.9505,5435898
2022-05-04,Technology Fund,Equity,2143.9505,2154.6676,2120.2367,2148.3991,1070820
2022-05-05,Technology Fund,Equity,2148.3991,2169.8205,2073.8897,2110.8573,16271643
2022-05-06,Technology Fund,Equity,2110.8573,2124.5718,2109.3076,2117.3409,2551224
2022-05-09,Technology Fund,Equity,2117.3409,2153.383,2080.3924,2136.0754,1662687
2022-05-10,Technology Fund,Equity,2136.0754,2166.6945,2118.5828,2123.2639,3340773
2022-05-11,Technology Fund,Equity,2123.2639,2137.9334,2074.7097,2106.7864,5222692
2022-05-12,Technology Fund,Equity,2106.7864,2141.7338,2095.2662,2103.292,5185260
2022-05-13,Technology Fund,Equity,2103.292,2129.6234,2090.567,2121.4455,9657658
2022-05-16,Technology Fund,Equity,2121.4455,2130.0861,2085.0881,2112.2943,1242017
2022-05-17,Technology Fund,Equity,2112.2943,2226.833,2090.9177,2186.8483,11946248
2022-05-18,Technology Fund,Equity,2186.8483,2198.6093,2131.4217,2133.8128,40766585
2022-05-19,Technology Fund,Equity,2133.8128,2157.3057,2102.5598,2115.5618,2897916
2022-05-20,Technology Fund,Equity,2115.5618,2155.0225,2043.8568,2081.0884,3618809
2022-05-23,Technology Fund,Equity,2081.0884,2106.623,2060.7711,2064.7225,1112651
2022-05-24,Technology Fund,Equity,2064.7225,2102.5282,1991.1152,2025.653,1546010
2022-05-25,Technology Fund,Equity,2025.653,2084.5072,1987.8775,2046.4141,44122476
2022-05-26,Technology Fund,Equity,2046.4141,2084.0136,2045.6584,2061.6882,1306337
2022-05-27,Technology Fund,Equity,2061.6882,2098.4296,2027.1422,2051.5007,8065112
2022-05-30,Technology Fund,Equity,2051.5007,2056.1534,2024.7227,2042.4399,12304802
2022-05-31,Technology Fund,Equity,2042.4399,2114.2134,2001.9423,2109.7583,527035
2022-06-01,Technology Fund,Equity,2109.7583,2131.9868,2064.5896,2087.0128,1746234
2022-06-02,Technology Fund,Equity,2087.0128,2156.4617,2061.564,2134.4066,2348626
2022-06-03,Technology Fund,Equity,2134.4066,2167.0885,2117.1102,2166.3351,3912532
2022-06-06,Technology Fund,Equity,2166.3351,2186.2103,2117.7668,2160.1728,6007334
2022-06-07,Technology Fund,Equity,2160.1728,2246.6715,2128.2645,2209.7333,168256
2022-06-08,Technology Fund,Equity,2209.7333,2288.6976,2167.4732,2248.4135,3063683
2022-06-09,Technology Fund,Equity,2248.4135,2276.1618,2213.5698,2256.1003,8762119
2022-06-10,Technology Fund,Equity,2256.1003,2269.7694,2214.3137,2265.812,17515100
2022-06-13,Technology Fund,Equity,2265.812,2294.3417,2164.73,2194.3021,1639640
2022-06-14,Technology Fund,Equity,2194.3021,2224.9841,2186.1093,2212.1564,2087344
2022-06-15,Technology Fund,Equity,2212.1564,2307.9062,2176.3513,2264.1866,1743765
2022-06-16,Technology Fund,Equity,2264.1866,2281.4802,2226.6892,2268.3105,1538459
2022-06-17,Technology Fund,Equity,2268.3105,2291.0499,2254.8325,2265.6704,607202
2022-06-20,Technology Fund,Equity,2265.6704,2285.9128,2205.1995,2221.3145,26831486
2022-06-21,Technology Fund,Equity,2221.3145,2237.4394,2221.2559,2222.5374,2269039
2022-06-22,Technology Fund,Equity,2222.5374,2240.0265,2180.6285,2186.3941,1254279
2022-06-23,Technology Fund,Equity,2186.3941,2279.4371,2151.2476,2251.0653,3533987
2022-06-24,Technology Fund,Equity,2251.0653,2326.4572,2231.8096,2289.3513,198796
2022-06-27,Technology Fund,Equity,2289.3513,2308.4782,2235.885,2270.4045,19048009
2022-06-28,Technology Fund,Equity,2270.4045,2280.5838,2237.7615,2253.9499,1186352
2022-06-29,Technology Fund,Equity,2253.9499,2305.3468,2218.4901,2269.1238,762191
2022-06-30,Technology Fund,Equity,2269.1238,2307.0427,2180.9543,2213.2624,15399084
2022-07-01,Technology Fund,Equity,2213.2624,2233.9929,2151.0132,2188.7395,6091342
2022-07-04,Technology Fund,Equity,2188.7395,2281.6387,2151.8655,2255.1214,3416286
2022-07-05,Technology Fund,Equity,2255.1214,2281.213,2223.9912,2275.6043,614563
2022-07-06,Technology Fund,Equity,2275.6043,2281.2522,2228.522,2247.396,18701292
2022-07-07,Technology Fund,Equity,2247.396,2264.6712,2202.9432,2235.9635,890510
2022-07-08,Technology Fund,Equity,2235.9635,2255.4096,2194.3289,2254.3867,12687232
2022-07-11,Technology Fund,Equity,2254.3867,2280.5025,2217.262,2238.15,5565082
2022-07-12,Technology Fund,Equity,2238.15,2290.1163,2234.7774,2270.2578,2696306
2022-07-13,Technology Fund,Equity,2270.2578,2274.4741,2223.6294,2259.3611,23044658
2022-07-14,Technology Fund,Equity,2259.3611,2259.7104,2199.7315,2218.5051,3740767
2022-07-15,Technology Fund,Equity,2218.5051,2221.9176,2206.4682,2215.5561,2910772
2022-07-18,Technology Fund,Equity,2215.5561,2265.5566,2193.1101,2245.2357,6010295
2022-07-19,Technology Fund,Equity,2245.2357,2289.3745,2218.0682,2256.0059,624283
2022-07-20,Technology Fund,Equity,2256.0059,2291.2345,2209.1477,2225.3387,2516096
2022-07-21,Technology Fund,Equity,2225.3387,2262.1105,2184.9582,2229.1783,18408616
2022-07-22,Technology Fund,Equity,2229.1783,2254.9628,2217.3334,2232.1278,7407415
2022-07-25,Technology Fund,Equity,2232.1278,2237.8238,2211.1496,2230.4521,6752469
2022-07-26,Technology Fund,Equity,2230.4521,2256.4154,2215.3851,2231.3672,1106994
2022-07-27,Technology Fund,Equity,2231.3672,2267.9376,2197.4133,2251.4181,5215215
2022-07-28,Technology Fund,Equity,2251.4181,2257.0206,2188.5547,2203.7629,3047920
2022-07-29,Technology Fund,Equity,2203.7629,2223.6891,2188.546,2201.7845,1773374
2022-08-01,Technology Fund,Equity,2201.7845,2236.3047,2150.5199,2164.9143,4121171
2022-08-02,Technology Fund,Equity,2164.9143,2257.0789,2128.7261,2217.6472,6448650
2022-08-03,Technology Fund,Equity,2217.6472,2239.9659,2133.4055,2166.7181,14727042
2022-08-04,Technology Fund,Equity,2166.7181,2229.4464,2152.3212,2210.3642,1882902
2022-08-05,Technology Fund,Equity,2210.3642,2313.7215,2188.5704,2268.3631,735951
2022-08-08,Technology Fund,Equity,2268.3631,2270.2844,2226.4249,2251.5895,2097965
2022-08-09,Technology Fund,Equity,2251.5895,2282.9014,2171.5651,2204.2366,4053259
2022-08-10,Technology Fund,Equity,2204.2366,2247.9012,2161.8212,2178.1251,935439
2022-08-11,Technology Fund,Equity,2178.1251,2212.6852,2136.1258,2169.4936,15678352
2022-08-12,Technology Fund,Equity,2169.4936,2240.4113,2144.3282,2199.1025,4979134
2022-08-15,Technology Fund,Equity,2199.1025,2232.4544,2153.3449,2181.7461,794554
2022-08-16,Technology Fund,Equity,2181.7461,2203.5492,2113.7577,2145.8052,7436578
2022-08-17,Technology Fund,Equity,2145.8052,2153.7696,2110.8198,2120.1198,3696949
2022-08-18,Technology Fund,Equity,2120.1198,2156.0465,2111.5053,2134.5319,657546
2022-08-19,Technology Fund,Equity,2134.5319,2171.5594,2098.2254,2134.458,4609152
2022-08-22,Technology Fund,Equity,2134.458,2203.5995,2105.0709,2195.1371,3629168
2022-08-23,Technology Fund,Equity,2195.1371,2224.8008,2161.1942,2221.0816,1931116
2022-08-24,Technology Fund,Equity,2221.0816,2278.1604,2204.8098,2256.1627,882067
2022-08-25,Technology Fund,Equity,2256.1627,2274.5717,2214.7011,2272.6958,3806685
2022-08-26,Technology Fund,Equity,2272.6958,2333.1604,2251.2487,2315.384,5062508
2022-08-29,Technology Fund,Equity,2315.384,2340.1429,2306.9045,2307.8366,9138063
2022-08-30,Technology Fund,Equity,2307.8366,2356.4278,2280.9456,2323.1154,1184353
2022-08-31,Technology Fund,Equity,2323.1154,2339.6139,2294.8136,2317.7904,1056989
2022-09-01,Technology Fund,Equity,2317.7904,2334.113,2276.5194,2330.1988,5138513
2022-09-02,Technology Fund,Equity,2330.1988,2396.1587,2298.9406,2389.4663,2692566
2022-09-05,Technology Fund,Equity,2389.4663,2390.2722,2370.1993,2377.4081,711275
2022-09-06,Technology Fund,Equity,2377.4081,2382.1638,2338.3621,2371.1749,2408924
2022-09-07,Technology Fund,Equity,2371.1749,2381.5339,2326.352,2374.8507,2342243
2022-09-08,Technology Fund,Equity,2374.8507,2419.1078,2339.0299,2363.7542,3542567
2022-09-09,Technology Fund,Equity,2363.7542,2367.3872,2341.6373,2360.1858,2303901
2022-09-12,Technology Fund,Equity,2360.1858,2378.2989,2342.556,2348.152,24919438
2022-09-13,Technology Fund,Equity,2348.152,2386.0745,2328.8919,2335.2082,2553124
2022-09-14,Technology Fund,Equity,2335.2082,2345.7623,2246.8958,2276.0045,9222636
2022-09-15,Technology Fund,Equity,2276.0045,2302.9912,2177.6127,2199.2209,1230495
2022-09-16,Technology Fund,Equity,2199.2209,2247.4981,2198.0468,2217.8018,536279
2022-09-19,Technology Fund,Equity,2217.8018,2226.07,2170.9121,2195.5243,3099612
2022-09-20,Technology Fund,Equity,2195.5243,2221.1244,2185.2906,2191.7373,1594962
2022-09-21,Technology Fund,Equity,2191.7373,2257.9062,2191.3654,2217.8369,7580132
2022-09-22,Technology Fund,Equity,2217.8369,2267.6206,2178.1647,2237.6107,1987981
2022-09-23,Technology Fund,Equity,2237.6107,2268.3025,2236.0142,2242.7776,1773218
2022-09-26,Technology Fund,Equity,2242.7776,2334.429,2230.5173,2325.5319,4418198
2022-09-27,Technology Fund,Equity,2325.5319,2365.4386,2293.2636,2309.0753,28840564
2022-09-28,Technology Fund,Equity,2309.0753,2310.3446,2284.1751,2296.7473,4244712
2022-09-29,Technology Fund,Equity,2296.7473,2357.7548,2251.6571,2324.7129,1845198
2022-09-30,Technology Fund,Equity,2324.7129,2357.209,2257.0181,2303.0543,17173356
2022-10-03,Technology Fund,Equity,2303.0543,2381.6322,2297.8194,2337.7588,7207785
2022-10-04,Technology Fund,Equity,2337.7588,2411.2295,2327.8949,2366.067,5176167
2022-10-05,Technology Fund,Equity,2366.067,2450.4582,2337.6519,2438.3897,3415752
2022-10-06,Technology Fund,Equity,2438.3897,2459.9216,2383.4518,2408.9476,983803
2022-10-07,Technology Fund,Equity,2408.9476,2423.3333,2387.5183,2395.1332,163782
2022-10-10,Technology Fund,Equity,2395.1332,2453.8842,2389.9331,2445.606,4860383
2022-10-11,Technology Fund,Equity,2445.606,2492.1458,2381.2639,2415.7766,9492036
2022-10-12,Technology Fund,Equity,2415.7766,2441.0794,2369.1645,2372.9205,1214674
2022-10-13,Technology Fund,Equity,2372.9205,2376.9069,2340.9565,2376.4047,15311162
2022-10-14,Technology Fund,Equity,2376.4047,2401.0817,2350.1795,2390.8433,218040
2022-10-17,Technology Fund,Equity,2390.8433,2402.7281,2339.0667,2356.9183,1451097
2022-10-18,Technology Fund,Equity,2356.9183,2394.9422,2332.3202,2364.8192,797468
2022-10-19,Technology Fund,Equity,2364.8192,2387.9102,2299.7699,2318.3732,2459551
2022-10-20,Technology Fund,Equity,2318.3732,2347.6946,2314.2688,2341.4196,6720272
2022-10-21,Technology Fund,Equity,2341.4196,2385.0673,2338.6965,2344.8392,7954619
2022-10-24,Technology Fund,Equity,2344.8392,2477.0118,2340.2616,2435.0939,18115974
2022-10-25,Technology Fund,Equity,2435.0939,2477.2621,2371.3579,2416.7387,765968
2022-10-26,Technology Fund,Equity,2416.7387,2456.8526,2359.8438,2402.7403,1268083
2022-10-27,Technology Fund,Equity,2402.7403,2464.1235,2380.4557,2419.7281,1003301
2022-10-28,Technology Fund,Equity,2419.7281,2437.9146,2388.8775,2416.7992,1268932
2022-10-31,Technology Fund,Equity,2416.7992,2464.8451,2379.4898,2405.641,3135627
2022-11-01,Technology Fund,Equity,2405.641,2435.96,2396.5363,2428.3902,3155295
2022-11-02,Technology Fund,Equity,2428.3902,2467.2069,2393.773,2406.8437,7185267
2022-11-03,Technology Fund,Equity,2406.8437,2417.7251,2370.3634,2408.2517,1941060
2022-11-04,Technology Fund,Equity,2408.2517,2470.1128,2399.5446,2432.0278,4043924
2022-11-07,Technology Fund,Equity,2432.0278,2485.5119,2391.5461,2452.6972,10402113
2022-11-08,Technology Fund,Equity,2452.6972,2483.927,2397.5753,2411.9485,37829016
2022-11-09,Technology Fund,Equity,2411.9485,2439.6325,2408.0934,2428.2756,1010400
2022-11-10,Technology Fund,Equity,2428.2756,2495.1417,2404.6725,2476.5588,1601880
2022-11-11,Technology Fund,Equity,2476.5588,2559.8497,2428.8222,2541.7453,1120775
2022-11-14,Technology Fund,Equity,2541.7453,2569.0147,2501.0914,2538.7715,7347436
2022-11-15,Technology Fund,Equity,2538.7715,2601.2198,2488.1034,2564.4795,4542061
2022-11-16,Technology Fund,Equity,2564.4795,2640.7287,2529.0186,2604.3904,2057667
2022-11-17,Technology Fund,Equity,2604.3904,2695.1362,2593.0067,2647.462,1689346
2022-11-18,Technology Fund,Equity,2647.462,2699.8578,2568.9773,2593.8174,16109507
2022-11-21,Technology Fund,Equity,2593.8174,2627.7362,2568.2317,2572.1459,867284
2022-11-22,Technology Fund,Equity,2572.1459,2643.1001,2568.6646,2598.8999,3843106
2022-11-23,Technology Fund,Equity,2598.8999,2614.3271,2586.7814,2613.1961,2333718
2022-11-24,Technology Fund,Equity,2613.1961,2674.6576,2574.1993,2633.432,14401355
2022-11-25,Technology Fund,Equity,2633.432,2679.9297,2624.5506,2645.8361,727118
2022-11-28,Technology Fund,Equity,2645.8361,2649.2464,2596.2393,2646.1957,5075029
2022-11-29,Technology Fund,Equity,2646.1957,2742.0334,2602.0181,2713.5317,6756638
2022-11-30,Technology Fund,Equity,2713.5317,2751.8417,2660.3776,2681.4897,3085220
2022-12-01,Technology Fund,Equity,2681.4897,2735.529,2651.2308,2714.0855,5501396
2022-12-02,Technology Fund,Equity,2714.0855,2739.5085,2687.5611,2738.8436,881477
2022-12-05,Technology Fund,Equity,2738.8436,2787.9532,2696.9289,2766.8512,4106933
2022-12-06,Technology Fund,Equity,2766.8512,2819.3976,2749.1934,2797.1114,3844765
2022-12-07,Technology Fund,Equity,2797.1114,2797.3366,2769.237,2791.6622,9942136
2022-12-08,Technology Fund,Equity,2791.6622,2850.1241,2764.4419,2811.918,1017133
2022-12-09,Technology Fund,Equity,2811.918,2864.901,2771.4082,2817.4529,2356467
2022-12-12,Technology Fund,Equity,2817.4529,2867.5409,2780.9831,2799.0196,5403593
2022-12-13,Technology Fund,Equity,2799.0196,2819.9767,2784.9269,2806.984,5293381
2022-12-14,Technology Fund,Equity,2806.984,2856.156,2760.6141,2847.636,3019505
2022-12-15,Technology Fund,Equity,2847.636,2940.0132,2823.289,2886.879,1780117
2022-12-16,Technology Fund,Equity,2886.879,2969.6564,2847.3605,2938.5383,1936205
2022-12-19,Technology Fund,Equity,2938.5383,2988.1873,2882.1203,2893.4496,4728185
2022-12-20,Technology Fund,Equity,2893.4496,2935.9185,2875.9905,2892.4576,3521063
2022-12-21,Technology Fund,Equity,2892.4576,2935.7225,2811.5022,2843.1646,1078665
2022-12-22,Technology Fund,Equity,2843.1646,2882.5135,2786.3788,2828.9803,6589396
2022-12-23,Technology Fund,Equity,2828.9803,2856.2979,2796.5862,2816.623,1097947
2022-12-26,Technology Fund,Equity,2816.623,2879.6202,2776.6612,2867.2414,1062180
2022-12-27,Technology Fund,Equity,2867.2414,2907.7925,2863.2884,2872.6636,6634485
2022-12-28,Technology Fund,Equity,2872.6636,2908.0003,2799.7193,2855.6391,6616973
2022-12-29,Technology Fund,Equity,2855.6391,2949.2827,2852.1915,2923.2471,6339472
2022-12-30,Technology Fund,Equity,2923.2471,2953.3139,2885.9129,2920.796,3542416
2023-01-02,Technology Fund,Equity,2920.796,2948.1238,2814.8338,2832.4754,1899689
2023-01-03,Technology Fund,Equity,2832.4754,2864.5506,2735.8095,2748.89,1367383
2023-01-04,Technology Fund,Equity,2748.89,2760.4148,2722.6619,2749.7369,4425803
2023-01-05,Technology Fund,Equity,2749.7369,2781.142,2704.78,2771.7426,22347489
2023-01-06,Technology Fund,Equity,2771.7426,2817.6496,2678.5517,2713.2006,1318404
2023-01-09,Technology Fund,Equity,2713.2006,2765.0004,2667.8117,2724.6313,7274511
2023-01-10,Technology Fund,Equity,2724.6313,2752.345,2694.0869,2698.5372,3890014
2023-01-11,Technology Fund,Equity,2698.5372,2764.4754,2688.6533,2712.7395,17518776
2023-01-12,Technology Fund,Equity,2712.7395,2746.0554,2621.8102,2660.2589,5290946
2023-01-13,Technology Fund,Equity,2660.2589,2740.289,2656.1476,2694.2947,5883691
2023-01-16,Technology Fund,Equity,2694.2947,2774.9725,2684.02,2747.5744,1101872
2023-01-17,Technology Fund,Equity,2747.5744,2769.0076,2616.2614,2659.3294,11191283
2023-01-18,Technology Fund,Equity,2659.3294,2662.4176,2600.0361,2645.3372,3040864
2023-01-19,Technology Fund,Equity,2645.3372,2667.4933,2595.6789,2648.195,3712343
2023-01-20,Technology Fund,Equity,2648.195,2727.6044,2628.1143,2686.4558,5106106
2023-01-23,Technology Fund,Equity,2686.4558,2702.1455,2591.5595,2632.5283,2981193
2023-01-24,Technology Fund,Equity,2632.5283,2670.1545,2627.9735,2645.5418,5628421
2023-01-25,Technology Fund,Equity,2645.5418,2670.083,2607.9618,2640.1249,1882784
2023-01-26,Technology Fund,Equity,2640.1249,2709.3959,2633.2373,2680.714,2207119
2023-01-27,Technology Fund,Equity,2680.714,2736.1807,2653.1266,2707.6188,8207094
2023-01-30,Technology Fund,Equity,2707.6188,2768.1518,2702.5693,2718.6055,1684379
2023-01-31,Technology Fund,Equity,2718.6055,2753.4589,2683.0492,2737.8889,2504969
2023-02-01,Technology Fund,Equity,2737.8889,2859.5571,2721.462,2835.9738,7694744
2023-02-02,Technology Fund,Equity,2835.9738,2908.5048,2822.1503,2871.5403,10599782
2023-02-03,Technology Fund,Equity,2871.5403,2877.3944,2785.0258,2788.5238,2989641
2023-02-06,Technology Fund,Equity,2788.5238,2887.9826,2738.5116,2835.8749,1883202
2023-02-07,Technology Fund,Equity,2835.8749,2881.1381,2760.7731,2772.624,3783707
2023-02-08,Technology Fund,Equity,2772.624,2801.1811,2719.0212,2736.6357,1509611
2023-02-09,Technology Fund,Equity,2736.6357,2784.467,2699.6897,2730.8516,996112
2023-02-10,Technology Fund,Equity,2730.8516,2739.9712,2691.4965,2722.8406,4274454
2023-02-13,Technology Fund,Equity,2722.8406,2852.2745,2681.9268,2807.6538,2041407
2023-02-14,Technology Fund,Equity,2807.6538,2819.243,2771.7371,2802.617,5997150
2023-02-15,Technology Fund,Equity,2802.617,2814.2697,2767.3651,2789.4893,1771698
2023-02-16,Technology Fund,Equity,2789.4893,2877.6576,2752.6465,2837.4588,16223845
2023-02-17,Technology Fund,Equity,2837.4588,2844.8093,2776.0367,2823.6417,1730192
2023-02-20,Technology Fund,Equity,2823.6417,2842.9164,2737.5457,2791.5121,6224881
2023-02-21,Technology Fund,Equity,2791.5121,2861.6444,2779.7848,2846.5809,4900958
2023-02-22,Technology Fund,Equity,2846.5809,2915.7325,2815.1185,2876.5551,9264800
2023-02-23,Technology Fund,Equity,2876.5551,2963.885,2856.2599,2947.9659,5081087
2023-02-24,Technology Fund,Equity,2947.9659,2980.1759,2890.5216,2931.7204,6942784
2023-02-27,Technology Fund,Equity,2931.7204,3032.0678,2888.8542,2983.9955,2557888
2023-02-28,Technology Fund,Equity,2983.9955,3020.3244,2845.5283,2896.2842,2162036
2023-03-01,Technology Fund,Equity,2896.2842,2952.9132,2806.5909,2845.1713,287758
2023-03-02,Technology Fund,Equity,2845.1713,2877.3437,2824.9755,2830.4142,3043182
2023-03-03,Technology Fund,Equity,2830.4142,2879.0371,2806.1174,2852.7626,6392827
2023-03-06,Technology Fund,Equity,2852.7626,2866.9705,2787.2259,2840.5832,5793071
2023-03-07,Technology Fund,Equity,2840.5832,2873.455,2832.4423,2862.281,5240198
2023-03-08,Technology Fund,Equity,2862.281,2904.019,2817.6021,2831.8695,7047574
2023-03-09,Technology Fund,Equity,2831.8695,2855.4611,2810.5528,2841.5482,3125033
2023-03-10,Technology Fund,Equity,2841.5482,2869.3894,2793.4769,2814.7957,2350158
2023-03-13,Technology Fund,Equity,2814.7957,2885.7413,2812.9831,2854.6683,5764436
2023-03-14,Technology Fund,Equity,2854.6683,2889.8581,2792.9136,2831.7097,3793352
2023-03-15,Technology Fund,Equity,2831.7097,2906.6974,2785.6612,2854.6803,1996917
2023-03-16,Technology Fund,Equity,2854.6803,2940.4825,2836.3724,2887.6492,605084
2023-03-17,Technology Fund,Equity,2887.6492,2974.9111,2880.8397,2920.5866,6387697
2023-03-20,Technology Fund,Equity,2920.5866,2944.7805,2880.7364,2934.379,2687911
2023-03-21,Technology Fund,Equity,2934.379,2951.1204,2867.9186,2898.0802,3477188
2023-03-22,Technology Fund,Equity,2898.0802,2955.0377,2869.3294,2918.7354,7079602
2023-03-23,Technology Fund,Equity,2918.7354,2942.6151,2888.0632,2889.7114,2278237
2023-03-24,Technology Fund,Equity,2889.7114,2913.9044,2873.7814,2876.3296,800658
2023-03-27,Technology Fund,Equity,2876.3296,2934.7764,2822.0726,2930.1991,29569183
2023-03-28,Technology Fund,Equity,2930.1991,3013.7988,2926.0436,2989.7763,1505477
2023-03-29,Technology Fund,Equity,2989.7763,3094.8555,2976.7867,3070.7047,2770604
2023-03-30,Technology Fund,Equity,3070.7047,3163.8233,3047.6028,3106.4963,6517101
2023-03-31,Technology Fund,Equity,3106.4963,3122.4688,2956.4197,3001.5042,3626683
2023-04-03,Technology Fund,Equity,3001.5042,3025.7368,2922.4933,2964.7506,505625
2023-04-04,Technology Fund,Equity,2964.7506,3004.4315,2918.5476,2976.3595,5979915
2023-04-05,Technology Fund,Equity,2976.3595,2982.0541,2950.9299,2953.1694,3886686
2023-04-06,Technology Fund,Equity,2953.1694,3029.7904,2930.4796,3010.9369,2757479
2023-04-07,Technology Fund,Equity,3010.9369,3017.985,2955.7318,2956.6815,7759213
2023-04-10,Technology Fund,Equity,2956.6815,2989.3108,2939.5812,2943.3487,1780632
2023-04-11,Technology Fund,Equity,2943.3487,2980.5516,2897.5294,2933.6597,2487696
2023-04-12,Technology Fund,Equity,2933.6597,2955.4345,2858.1532,2863.691,4536166
2023-04-13,Technology Fund,Equity,2863.691,2934.2231,2826.597,2877.8352,2642616
2023-04-14,Technology Fund,Equity,2877.8352,2890.5648,2820.4649,2888.647,6407438
2023-04-17,Technology Fund,Equity,2888.647,2916.9535,2866.0011,2902.2775,1711984
2023-04-18,Technology Fund,Equity,2902.2775,2916.8206,2846.8032,2865.9735,23255875
2023-04-19,Technology Fund,Equity,2865.9735,2926.5963,2839.6897,2880.5868,2927429
2023-04-20,Technology Fund,Equity,2880.5868,2914.311,2868.4617,2905.1781,1924173
2023-04-21,Technology Fund,Equity,2905.1781,2951.9288,2898.0759,2944.1688,2402096
2023-04-24,Technology Fund,Equity,2944.1688,2977.6574,2839.9753,2865.8618,3114815
2023-04-25,Technology Fund,Equity,2865.8618,2873.9464,2778.8152,2825.2095,2780483
2023-04-26,Technology Fund,Equity,2825.2095,2831.6205,2810.7601,2813.7661,4984418
2023-04-27,Technology Fund,Equity,2813.7661,2900.4931,2775.5172,2879.0265,7042748
2023-04-28,Technology Fund,Equity,2879.0265,2897.35,2867.9542,2893.5956,3818033
2023-05-01,Technology Fund,Equity,2893.5956,2914.5712,2877.7785,2909.7025,12945152
2023-05-02,Technology Fund,Equity,2909.7025,2949.0227,2905.4566,2933.8813,552272
2023-05-03,Technology Fund,Equity,2933.8813,2960.4255,2886.8681,2894.2581,9407887
2023-05-04,Technology Fund,Equity,2894.2581,2960.287,2865.5776,2907.8534,12653590
2023-05-05,Technology Fund,Equity,2907.8534,2958.2772,2886.5888,2939.2842,3698572
2023-05-08,Technology Fund,Equity,2939.2842,2987.3811,2893.8124,2944.8618,1899883
2023-05-09,Technology Fund,Equity,2944.8618,2955.2785,2898.6892,2937.5904,1027138
2023-05-10,Technology Fund,Equity,2937.5904,2987.5827,2878.4134,2905.0508,1227615
2023-05-11,Technology Fund,Equity,2905.0508,2910.6159,2847.8013,2905.7027,2098600
2023-05-12,Technology Fund,Equity,2905.7027,2938.4626,2835.7135,2840.0797,5678084
2023-05-15,Technology Fund,Equity,2840.0797,2858.5838,2823.8585,2825.8415,7558453
2023-05-16,Technology Fund,Equity,2825.8415,2873.4367,2774.5451,2847.279,26881266
2023-05-17,Technology Fund,Equity,2847.279,2866.162,2837.0013,2848.2697,1934076
2023-05-18,Technology Fund,Equity,2848.2697,2887.4394,2796.4633,2816.1349,6283064
2023-05-19,Technology Fund,Equity,2816.1349,2850.8758,2787.9586,2848.7477,3336729
2023-05-22,Technology Fund,Equity,2848.7477,2876.9867,2826.0898,2861.1433,9704424
2023-05-23,Technology Fund,Equity,2861.1433,2894.5572,2857.0497,2892.1818,4521552
2023-05-24,Technology Fund,Equity,2892.1818,2907.5064,2831.8643,2844.4522,1570035
2023-05-25,Technology Fund,Equity,2844.4522,2897.5839,2823.3296,2831.495,2504131
2023-05-26,Technology Fund,Equity,2831.495,2884.3316,2762.3126,2804.7037,1531619
2023-05-29,Technology Fund,Equity,2804.7037,2851.6157,2773.0945,2795.92,3865847
2023-05-30,Technology Fund,Equity,2795.92,2864.4067,2752.379,2818.0674,666072
2023-05-31,Technology Fund,Equity,2818.0674,2818.8919,2751.2847,2800.5361,732927
2023-06-01,Technology Fund,Equity,2800.5361,2820.1721,2779.9167,2801.7151,3243914
2023-06-02,Technology Fund,Equity,2801.7151,2851.494,2797.4461,2798.8762,2589363
2023-06-05,Technology Fund,Equity,2798.8762,2819.6395,2772.5913,2782.1977,3007408
2023-06-06,Technology Fund,Equity,2782.1977,2829.7545,2766.9625,2805.2896,2303706
2023-06-07,Technology Fund,Equity,2805.2896,2819.843,2730.9347,2761.0996,4270050
2023-06-08,Technology Fund,Equity,2761.0996,2820.8219,2718.4688,2793.3636,1074981
2023-06-09,Technology Fund,Equity,2793.3636,2801.8098,2697.5405,2741.9772,1043419
2023-06-12,Technology Fund,Equity,2741.9772,2771.4683,2735.5628,2738.8244,16399808
2023-06-13,Technology Fund,Equity,2738.8244,2830.0878,2724.2919,2797.9766,4284495
2023-06-14,Technology Fund,Equity,2797.9766,2828.4675,2723.1891,2750.0052,13347071
2023-06-15,Technology Fund,Equity,2750.0052,2861.0574,2749.7185,2811.3596,1473848
2023-06-16,Technology Fund,Equity,2811.3596,2852.4708,2763.2502,2813.047,6945776
2023-06-19,Technology Fund,Equity,2813.047,2876.9104,2804.0921,2866.7266,2890763
2023-06-20,Technology Fund,Equity,2866.7266,2956.3385,2829.8181,2904.4975,4709917
2023-06-21,Technology Fund,Equity,2904.4975,2961.4256,2798.0043,2816.0097,4457367
2023-06-22,Technology Fund,Equity,2816.0097,2860.481,2793.8488,2826.0868,17344882
2023-06-23,Technology Fund,Equity,2826.0868,2883.2126,2825.6578,2830.1314,5330680
2023-06-26,Technology Fund,Equity,2830.1314,2945.3728,2778.9073,2902.1265,5727337
2023-06-27,Technology Fund,Equity,2902.1265,2958.6908,2869.1508,2881.9504,3177200
2023-06-28,Technology Fund,Equity,2881.9504,2912.0407,2830.2121,2851.8839,3126526
2023-06-29,Technology Fund,Equity,2851.8839,2874.2105,2791.1551,2847.5317,2335639
2023-06-30,Technology Fund,Equity,2847.5317,2914.203,2802.4257,2857.7725,779521
2023-07-03,Technology Fund,Equity,2857.7725,2947.8281,2832.5585,2941.3311,2949754
2023-07-04,Technology Fund,Equity,2941.3311,2984.6346,2897.461,2943.27,13084774
2023-07-05,Technology Fund,Equity,2943.27,2995.5736,2930.8973,2968.276,2284042
2023-07-06,Technology Fund,Equity,2968.276,3012.8186,2926.2355,2958.6645,9330455
2023-07-07,Technology Fund,Equity,2958.6645,3047.9132,2935.5536,3012.6966,2070921
2023-07-10,Technology Fund,Equity,3012.6966,3131.7475,3003.5556,3075.0316,833832
2023-07-11,Technology Fund,Equity,3075.0316,3193.2292,3042.7049,3145.5685,4790365
2023-07-12,Technology Fund,Equity,3145.5685,3263.9525,3097.6418,3209.9592,6270276
2023-07-13,Technology Fund,Equity,3209.9592,3233.2389,3183.5029,3191.6597,3093762
2023-07-14,Technology Fund,Equity,3191.6597,3195.0668,3131.3432,3175.0646,1731839
2023-07-17,Technology Fund,Equity,3175.0646,3261.6752,3119.4656,3199.9365,645434
2023-07-18,Technology Fund,Equity,3199.9365,3216.8902,3190.5734,3195.4556,3728630
2023-07-19,Technology Fund,Equity,3195.4556,3211.014,3058.6007,3120.4305,4669100
2023-07-20,Technology Fund,Equity,3120.4305,3187.7329,3066.0717,3151.6787,5354978
2023-07-21,Technology Fund,Equity,3151.6787,3193.1204,3114.1536,3175.254,3821259
2023-07-24,Technology Fund,Equity,3175.254,3231.1199,3072.2392,3133.6464,15980817
2023-07-25,Technology Fund,Equity,3133.6464,3163.2241,2967.4473,3018.9344,2841441
2023-07-26,Technology Fund,Equity,3018.9344,3051.6699,3000.461,3001.4996,3720697
2023-07-27,Technology Fund,Equity,3001.4996,3029.8342,2924.1649,2971.6325,9906230
2023-07-28,Technology Fund,Equity,2971.6325,2991.7149,2852.6138,2910.7219,1936043
2023-07-31,Technology Fund,Equity,2910.7219,2928.0161,2889.9698,2903.5621,5419634
2023-08-01,Technology Fund,Equity,2903.5621,2940.4988,2881.6696,2926.6748,8359497
2023-08-02,Technology Fund,Equity,2926.6748,3126.3246,2904.399,3071.726,7154873
2023-08-03,Technology Fund,Equity,3071.726,3117.5791,3009.8529,3066.9131,7780700
2023-08-04,Technology Fund,Equity,3066.9131,3093.3839,3023.352,3062.608,768825
2023-08-07,Technology Fund,Equity,3062.608,3117.374,2943.1534,3001.0485,2642246
2023-08-08,Technology Fund,Equity,3001.0485,3048.1826,2917.4152,2958.6674,3104264
2023-08-09,Technology Fund,Equity,2958.6674,3054.179,2925.6574,2995.7128,2408146
2023-08-10,Technology Fund,Equity,2995.7128,3030.733,2891.9699,2917.6241,5783876
2023-08-11,Technology Fund,Equity,2917.6241,2932.3702,2889.3173,2900.7961,2717233
2023-08-14,Technology Fund,Equity,2900.7961,3037.1383,2878.2754,3000.6165,8371718
2023-08-15,Technology Fund,Equity,3000.6165,3084.3236,2941.3379,3055.2236,2467676
2023-08-16,Technology Fund,Equity,3055.2236,3149.7097,3015.3016,3146.5403,1474323
2023-08-17,Technology Fund,Equity,3146.5403,3182.0218,3070.1488,3079.8475,29257258
2023-08-18,Technology Fund,Equity,3079.8475,3088.5224,2959.3243,3000.355,2193325
2023-08-21,Technology Fund,Equity,3000.355,3068.2964,2961.6093,3027.6644,2497894
2023-08-22,Technology Fund,Equity,3027.6644,3084.0953,2964.2252,3001.9257,3529733
2023-08-23,Technology Fund,Equity,3001.9257,3046.1298,2998.5509,3003.4738,3953891
2023-08-24,Technology Fund,Equity,3003.4738,3110.5393,2957.2136,3062.8498,6237457
2023-08-25,Technology Fund,Equity,3062.8498,3105.0733,3036.0322,3056.7023,4496577
2023-08-28,Technology Fund,Equity,3056.7023,3076.6334,2892.1905,2930.0191,2996188
2023-08-29,Technology Fund,Equity,2930.0191,3006.2934,2882.8716,2948.4685,1654870
2023-08-30,Technology Fund,Equity,2948.4685,2967.6269,2902.7115,2933.042,8418489
2023-08-31,Technology Fund,Equity,2933.042,2974.9549,2858.8688,2890.9634,8669621
2023-09-01,Technology Fund,Equity,2890.9634,2994.5063,2856.0197,2964.7978,2321571
2023-09-04,Technology Fund,Equity,2964.7978,2996.97,2897.1414,2922.8755,1734726
2023-09-05,Technology Fund,Equity,2922.8755,3035.0147,2920.1911,2993.6717,1184098
2023-09-06,Technology Fund,Equity,2993.6717,2999.473,2937.5201,2951.4451,565179
2023-09-07,Technology Fund,Equity,2951.4451,2952.6404,2892.9108,2935.1349,4084525
2023-09-08,Technology Fund,Equity,2935.1349,3054.3422,2899.9544,2998.953,2414269
2023-09-11,Technology Fund,Equity,2998.953,3082.6028,2964.1512,3024.7804,1768383
2023-09-12,Technology Fund,Equity,3024.7804,3047.8611,2930.7881,2974.4926,11565522
2023-09-13,Technology Fund,Equity,2974.4926,3031.1645,2964.282,2984.026,6213769
2023-09-14,Technology Fund,Equity,2984.026,3002.7944,2946.1291,2992.2286,753196
2023-09-15,Technology Fund,Equity,2992.2286,3084.3377,2964.4734,3035.2809,1670759
2023-09-18,Technology Fund,Equity,3035.2809,3119.5259,2997.4861,3058.7913,1110727
2023-09-19,Technology Fund,Equity,3058.7913,3108.5304,2962.2323,3013.1427,1795326
2023-09-20,Technology Fund,Equity,3013.1427,3027.3796,2921.875,2975.9408,1017430
2023-09-21,Technology Fund,Equity,2975.9408,3098.6664,2938.3836,3073.1298,3390892
2023-09-22,Technology Fund,Equity,3073.1298,3112.1266,2966.0496,3001.5314,1066523
2023-09-25,Technology Fund,Equity,3001.5314,3023.6573,2942.5762,2967.2159,2062509
2023-09-26,Technology Fund,Equity,2967.2159,3002.2524,2952.756,3000.0813,4085768
2023-09-27,Technology Fund,Equity,3000.0813,3027.2478,2956.3378,3001.4533,806084
2023-09-28,Technology Fund,Equity,3001.4533,3079.8762,2946.7861,3026.3785,763324
2023-09-29,Technology Fund,Equity,3026.3785,3038.3376,3018.2457,3018.6374,4374813
2023-10-02,Technology Fund,Equity,3018.6374,3045.6974,2980.1834,3034.3528,3815752
2023-10-03,Technology Fund,Equity,3034.3528,3083.6306,2975.4685,3044.2466,3662870
2023-10-04,Technology Fund,Equity,3044.2466,3077.3079,2964.1097,2987.0203,875193
2023-10-05,Technology Fund,Equity,2987.0203,3045.8736,2955.8185,3024.9998,7599175
2023-10-06,Technology Fund,Equity,3024.9998,3029.8423,2934.3029,2979.3203,3876392
2023-10-09,Technology Fund,Equity,2979.3203,3000.177,2944.5499,2996.701,3307329
2023-10-10,Technology Fund,Equity,2996.701,3063.7168,2981.0889,3041.7419,2124885
2023-10-11,Technology Fund,Equity,3041.7419,3042.7659,3003.129,3026.7552,8832978
2023-10-12,Technology Fund,Equity,3026.7552,3052.9056,2967.6023,2970.9723,7170475
2023-10-13,Technology Fund,Equity,2970.9723,3062.9388,2946.0023,3037.8273,5437137
2023-10-16,Technology Fund,Equity,3037.8273,3069.9831,2978.1922,3035.8082,972144
2023-10-17,Technology Fund,Equity,3035.8082,3076.306,3004.4645,3044.2501,1612436
2023-10-18,Technology Fund,Equity,3044.2501,3046.7326,2991.6697,3032.4421,4653076
2023-10-19,Technology Fund,Equity,3032.4421,3069.8527,2985.1642,2995.5038,1104642
2023-10-20,Technology Fund,Equity,2995.5038,3023.0167,2915.1406,2973.0521,248129
2023-10-23,Technology Fund,Equity,2973.0521,3060.1162,2946.0665,3034.0,4747469
2023-10-24,Technology Fund,Equity,3034.0,3064.1115,2948.1114,3002.167,1749590
2023-10-25,Technology Fund,Equity,3002.167,3097.3761,2955.4128,3054.1205,869059
2023-10-26,Technology Fund,Equity,3054.1205,3113.1882,2926.3555,2962.5778,12269386
2023-10-27,Technology Fund,Equity,2962.5778,3002.2733,2909.9504,2925.0317,11701727
2023-10-30,Technology Fund,Equity,2925.0317,2992.8003,2885.0596,2961.9138,1234075
2023-10-31,Technology Fund,Equity,2961.9138,3018.4176,2926.5509,2991.8539,709899
2023-11-01,Technology Fund,Equity,2991.8539,3087.7265,2976.3013,3038.7462,1208908
2023-11-02,Technology Fund,Equity,3038.7462,3129.4333,2995.9546,3086.4949,916865
2023-11-03,Technology Fund,Equity,3086.4949,3110.8691,3028.4827,3043.996,16169666
2023-11-06,Technology Fund,Equity,3043.996,3072.4962,2986.9033,3066.7804,1392252
2023-11-07,Technology Fund,Equity,3066.7804,3135.6844,3041.7184,3079.8366,4160209
2023-11-08,Technology Fund,Equity,3079.8366,3081.1696,3022.0152,3070.2108,4120730
2023-11-09,Technology Fund,Equity,3070.2108,3139.288,3028.8326,3123.9305,7207885
2023-11-10,Technology Fund,Equity,3123.9305,3163.5988,3119.6537,3149.4589,1357969
2023-11-13,Technology Fund,Equity,3149.4589,3195.406,3075.1864,3089.8673,3042815
2023-11-14,Technology Fund,Equity,3089.8673,3146.3771,3066.5087,3128.5464,487660
2023-11-15,Technology Fund,Equity,3128.5464,3133.6898,3087.3654,3107.7746,5153443
2023-11-16,Technology Fund,Equity,3107.7746,3192.9233,3058.6772,3169.3168,326159
2023-11-17,Technology Fund,Equity,3169.3168,3193.5466,3125.5424,3166.5543,1929239
2023-11-20,Technology Fund,Equity,3166.5543,3230.5914,3147.4125,3168.0617,5539632
2023-11-21,Technology Fund,Equity,3168.0617,3174.2112,3065.6961,3092.4558,1302898
2023-11-22,Technology Fund,Equity,3092.4558,3110.7704,3001.3798,3055.5508,2303954
2023-11-23,Technology Fund,Equity,3055.5508,3143.9143,3029.4453,3105.8952,1205303
2023-11-24,Technology Fund,Equity,3105.8952,3142.6757,3054.5942,3076.1738,881242
2023-11-27,Technology Fund,Equity,3076.1738,3130.3001,3034.3889,3061.3479,2536486
2023-11-28,Technology Fund,Equity,3061.3479,3114.7725,3020.6153,3054.0223,34074292
2023-11-29,Technology Fund,Equity,3054.0223,3136.3299,3047.2088,3091.8268,3152015
2023-11-30,Technology Fund,Equity,3091.8268,3168.5085,3058.1141,3116.4114,1843937
2023-12-01,Technology Fund,Equity,3116.4114,3242.3358,3074.0158,3214.1085,7681837
2023-12-04,Technology Fund,Equity,3214.1085,3269.4656,3203.7619,3248.9116,12466050
2023-12-05,Technology Fund,Equity,3248.9116,3376.8439,3224.0482,3334.5807,1232926
2023-12-06,Technology Fund,Equity,3334.5807,3397.2266,3304.5281,3395.4417,5035987
2023-12-07,Technology Fund,Equity,3395.4417,3455.2618,3360.3548,3410.8204,15867871
2023-12-08,Technology Fund,Equity,3410.8204,3421.7204,3340.1175,3365.9029,3205309
2023-12-11,Technology Fund,Equity,3365.9029,3408.9695,3323.3242,3359.1837,4962048
2023-12-12,Technology Fund,Equity,3359.1837,3383.612,3307.9108,3383.5949,10325599
2023-12-13,Technology Fund,Equity,3383.5949,3449.1457,3322.1186,3387.9645,17506023
2023-12-14,Technology Fund,Equity,3387.9645,3580.842,3367.7167,3510.8688,5559869
2023-12-15,Technology Fund,Equity,3510.8688,3573.7743,3408.1323,3459.6457,1888314
2023-12-18,Technology Fund,Equity,3459.6457,3500.2957,3424.7059,3496.9281,5179389
2023-12-19,Technology Fund,Equity,3496.9281,3565.9374,3439.7272,3519.0185,20894308
2023-12-20,Technology Fund,Equity,3519.0185,3586.0668,3499.9534,3574.4201,2255621
2023-12-21,Technology Fund,Equity,3574.4201,3601.5793,3511.2985,3568.7751,2143593
2023-12-22,Technology Fund,Equity,3568.7751,3615.32,3523.1515,3526.8747,22806979
2023-12-25,Technology Fund,Equity,3526.8747,3597.3694,3472.2692,3551.8091,1048956
2023-12-26,Technology Fund,Equity,3551.8091,3685.6386,3483.3734,3635.9009,1657428
2023-12-27,Technology Fund,Equity,3635.9009,3695.3292,3563.2812,3651.3838,763283
2023-12-28,Technology Fund,Equity,3651.3838,3683.8805,3612.979,3658.5498,785076
2023-12-29,Technology Fund,Equity,3658.5498,3671.8626,3534.984,3558.0355,7411539
2024-01-01,Technology Fund,Equity,3558.0355,3657.621,3493.755,3626.9286,4536317
2024-01-02,Technology Fund,Equity,3626.9286,3810.9177,3573.7377,3773.799,1785994
2024-01-03,Technology Fund,Equity,3773.799,3784.7838,3636.6481,3681.2743,5298046
2024-01-04,Technology Fund,Equity,3681.2743,3710.4019,3594.0668,3631.4546,3189269
2024-01-05,Technology Fund,Equity,3631.4546,3737.762,3610.3952,3689.9095,1993698
2024-01-08,Technology Fund,Equity,3689.9095,3726.6869,3617.6427,3689.7092,11030401
2024-01-09,Technology Fund,Equity,3689.7092,3700.0831,3658.3787,3682.3632,5297326
2024-01-10,Technology Fund,Equity,3682.3632,3781.9359,3644.6968,3717.1565,2829221
2024-01-11,Technology Fund,Equity,3717.1565,3733.1775,3710.083,3711.9222,3318534
2024-01-12,Technology Fund,Equity,3711.9222,3776.4389,3632.3038,3679.648,5029041
2024-01-15,Technology Fund,Equity,3679.648,3725.8367,3583.0478,3648.787,2068187
2024-01-16,Technology Fund,Equity,3648.787,3691.6518,3577.9061,3600.2827,12073868
2024-01-17,Technology Fund,Equity,3600.2827,3644.7932,3508.8971,3533.036,21547891
2024-01-18,Technology Fund,Equity,3533.036,3598.7844,3485.5557,3529.7696,2265707
2024-01-19,Technology Fund,Equity,3529.7696,3550.7429,3442.7364,3482.9437,1445856
2024-01-22,Technology Fund,Equity,3482.9437,3532.9265,3431.603,3453.466,68386565
2024-01-23,Technology Fund,Equity,3453.466,3507.5211,3378.6889,3424.1486,5438670
2024-01-24,Technology Fund,Equity,3424.1486,3469.8269,3409.4404,3414.8904,23887948
2024-01-25,Technology Fund,Equity,3414.8904,3479.1799,3409.6826,3428.4788,1064517
2024-01-26,Technology Fund,Equity,3428.4788,3479.3159,3384.9084,3407.2845,37540239
2024-01-29,Technology Fund,Equity,3407.2845,3518.0597,3344.1088,3452.0798,3224014
2024-01-30,Technology Fund,Equity,3452.0798,3472.631,3378.2313,3408.3138,1516240
2024-01-31,Technology Fund,Equity,3408.3138,3450.6203,3306.8227,3358.0344,742310
2024-02-01,Technology Fund,Equity,3358.0344,3400.8194,3354.8286,3398.6318,5890385
2024-02-02,Technology Fund,Equity,3398.6318,3447.5712,3395.0573,3408.1633,14085836
2024-02-05,Technology Fund,Equity,3408.1633,3506.6157,3345.6587,3447.3772,872214
2024-02-06,Technology Fund,Equity,3447.3772,3668.6599,3410.3093,3608.5381,3363745
2024-02-07,Technology Fund,Equity,3608.5381,3716.955,3542.9296,3659.1454,3395895
2024-02-08,Technology Fund,Equity,3659.1454,3729.179,3651.0113,3667.3856,726396
2024-02-09,Technology Fund,Equity,3667.3856,3726.6593,3593.3465,3637.8742,5483259
2024-02-12,Technology Fund,Equity,3637.8742,3687.4879,3586.342,3632.39,816443
2024-02-13,Technology Fund,Equity,3632.39,3720.6643,3595.6399,3682.4214,2775568
2024-02-14,Technology Fund,Equity,3682.4214,3749.1882,3666.5536,3689.8867,880515
2024-02-15,Technology Fund,Equity,3689.8867,3745.9505,3561.5134,3602.1705,3872469
2024-02-16,Technology Fund,Equity,3602.1705,3714.4015,3574.4749,3674.0443,7760713
2024-02-19,Technology Fund,Equity,3674.0443,3744.9791,3650.9412,3714.0278,4222527
2024-02-20,Technology Fund,Equity,3714.0278,3719.492,3613.7502,3650.1378,435823
2024-02-21,Technology Fund,Equity,3650.1378,3822.5116,3605.3793,3794.9738,2761343
2024-02-22,Technology Fund,Equity,3794.9738,3868.5383,3712.7725,3765.9371,3601632
2024-02-23,Technology Fund,Equity,3765.9371,3776.7393,3703.3002,3715.7662,2143175
2024-02-26,Technology Fund,Equity,3715.7662,3883.5508,3656.9425,3820.2787,4771762
2024-02-27,Technology Fund,Equity,3820.2787,3912.3186,3814.8793,3856.5308,3008983
2024-02-28,Technology Fund,Equity,3856.5308,3995.7095,3827.7663,3924.6065,10081757
2024-02-29,Technology Fund,Equity,3924.6065,3950.6718,3909.4561,3914.3289,3381637
2024-03-01,Technology Fund,Equity,3914.3289,4010.751,3873.0373,3994.2593,3585545
2024-03-04,Technology Fund,Equity,3994.2593,4035.0804,3970.6342,3976.9296,2568121
2024-03-05,Technology Fund,Equity,3976.9296,3985.4175,3909.0427,3952.5202,3541269
2024-03-06,Technology Fund,Equity,3952.5202,3997.8459,3864.1604,3930.0678,3531998
2024-03-07,Technology Fund,Equity,3930.0678,3976.6372,3839.8939,3892.2251,4871949
2024-03-08,Technology Fund,Equity,3892.2251,3975.0882,3839.3977,3925.3592,6753626
2024-03-11,Technology Fund,Equity,3925.3592,3985.8633,3895.8436,3959.9079,9517494
2024-03-12,Technology Fund,Equity,3959.9079,4026.5079,3881.1919,3970.4273,3501425
2024-03-13,Technology Fund,Equity,3970.4273,4005.8481,3914.6371,3939.2251,7465871
2024-03-14,Technology Fund,Equity,3939.2251,3969.0649,3862.2024,3911.7516,636473
2024-03-15,Technology Fund,Equity,3911.7516,3928.4721,3826.6738,3878.4036,8104903
2024-03-18,Technology Fund,Equity,3878.4036,3920.5215,3812.2349,3919.2716,4367863
2024-03-19,Technology Fund,Equity,3919.2716,4065.0194,3885.3609,4057.6044,4896055
2024-03-20,Technology Fund,Equity,4057.6044,4098.5128,3948.3078,4013.524,1431496
2024-03-21,Technology Fund,Equity,4013.524,4092.437,3979.2239,4048.7576,14860951
2024-03-22,Technology Fund,Equity,4048.7576,4073.9247,4030.1259,4053.3365,5050755
2024-03-25,Technology Fund,Equity,4053.3365,4084.9032,3986.0458,4084.2744,35484189
2024-03-26,Technology Fund,Equity,4084.2744,4152.6714,4054.6997,4146.9668,11588489
2024-03-27,Technology Fund,Equity,4146.9668,4184.2138,4070.4657,4099.6413,2006146
2024-03-28,Technology Fund,Equity,4099.6413,4173.2392,4063.3261,4066.4125,2743216
2024-03-29,Technology Fund,Equity,4066.4125,4152.4289,4050.1745,4075.6686,4697076
2024-04-01,Technology Fund,Equity,4075.6686,4112.7135,4048.6476,4075.9789,1827678
2024-04-02,Technology Fund,Equity,4075.9789,4135.8406,3959.3273,4017.7463,5209876
2024-04-03,Technology Fund,Equity,4017.7463,4078.1442,3996.2644,4064.5703,2860406
2024-04-04,Technology Fund,Equity,4064.5703,4077.887,3970.6888,3973.8797,8814015
2024-04-05,Technology Fund,Equity,3973.8797,3993.5247,3944.1221,3964.6576,940023
2024-04-08,Technology Fund,Equity,3964.6576,4026.285,3961.826,3968.4057,9506324
2024-04-09,Technology Fund,Equity,3968.4057,3983.2012,3939.3893,3948.8817,343680
2024-04-10,Technology Fund,Equity,3948.8817,4024.5649,3930.1959,3936.7437,1745477
2024-04-11,Technology Fund,Equity,3936.7437,4028.0593,3899.6419,3950.7647,3492544
2024-04-12,Technology Fund,Equity,3950.7647,4021.0568,3854.8834,3926.4774,2009535
2024-04-15,Technology Fund,Equity,3926.4774,4068.2675,3874.5049,4008.9407,5719291
2024-04-16,Technology Fund,Equity,4008.9407,4084.9369,3989.9418,4041.7706,8272014
2024-04-17,Technology Fund,Equity,4041.7706,4065.6002,3967.2381,4031.9055,17499521
2024-04-18,Technology Fund,Equity,4031.9055,4069.0806,3979.5561,4055.6611,3865808
2024-04-19,Technology Fund,Equity,4055.6611,4086.8961,4002.4377,4078.7794,2602150
2024-04-22,Technology Fund,Equity,4078.7794,4156.6138,3975.3973,4044.2079,10573294
2024-04-23,Technology Fund,Equity,4044.2079,4116.1919,3904.6166,3981.631,1229656
2024-04-24,Technology Fund,Equity,3981.631,4025.2961,3972.3495,3979.7448,1510739
2024-04-25,Technology Fund,Equity,3979.7448,4022.4122,3839.637,3891.0921,1193066
2024-04-26,Technology Fund,Equity,3891.0921,3954.3572,3796.4553,3848.6852,4966446
2024-04-29,Technology Fund,Equity,3848.6852,3917.4912,3775.9643,3842.4991,8679701
2024-04-30,Technology Fund,Equity,3842.4991,3914.1856,3672.8645,3726.1609,1136759
2024-05-01,Technology Fund,Equity,3726.1609,3747.883,3605.0816,3676.317,4237228
2024-05-02,Technology Fund,Equity,3676.317,3728.3408,3589.5386,3643.0184,2478194
2024-05-03,Technology Fund,Equity,3643.0184,3677.1821,3588.0624,3589.6267,1135687
2024-05-06,Technology Fund,Equity,3589.6267,3650.9205,3498.2079,3555.2794,9254703
2024-05-07,Technology Fund,Equity,3555.2794,3591.9924,3457.7641,3488.8025,10504252
2024-05-08,Technology Fund,Equity,3488.8025,3572.9637,3430.6984,3538.7436,2121425
2024-05-09,Technology Fund,Equity,3538.7436,3579.2426,3501.7173,3543.1191,4590634
2024-05-10,Technology Fund,Equity,3543.1191,3587.5177,3502.492,3581.4449,1312173
2024-05-13,Technology Fund,Equity,3581.4449,3664.8505,3571.6273,3626.6845,3762021
2024-05-14,Technology Fund,Equity,3626.6845,3641.4665,3579.3357,3581.564,3802678
2024-05-15,Technology Fund,Equity,3581.564,3615.1873,3470.4989,3536.4859,3360121
2024-05-16,Technology Fund,Equity,3536.4859,3552.3442,3469.4284,3516.8113,4005889
2024-05-17,Technology Fund,Equity,3516.8113,3570.1882,3449.4423,3531.6165,12207252
2024-05-20,Technology Fund,Equity,3531.6165,3591.8165,3492.4605,3566.5656,5139654
2024-05-21,Technology Fund,Equity,3566.5656,3607.2421,3468.0354,3484.528,8929126
2024-05-22,Technology Fund,Equity,3484.528,3536.0495,3403.6409,3467.1725,1207195
2024-05-23,Technology Fund,Equity,3467.1725,3585.3397,3404.4538,3577.9664,1750109
2024-05-24,Technology Fund,Equity,3577.9664,3714.4246,3559.6129,3656.3298,4650209
2024-05-27,Technology Fund,Equity,3656.3298,3695.0669,3606.3807,3688.4546,3388314
2024-05-28,Technology Fund,Equity,3688.4546,3713.0935,3641.2633,3643.873,6986163
2024-05-29,Technology Fund,Equity,3643.873,3706.5783,3618.1816,3660.2606,4262167
2024-05-30,Technology Fund,Equity,3660.2606,3721.3102,3593.4534,3668.0121,2669353
2024-05-31,Technology Fund,Equity,3668.0121,3766.6859,3621.7447,3711.3164,5598356
2024-06-03,Technology Fund,Equity,3711.3164,3810.5949,3681.748,3761.621,2784318
2024-06-04,Technology Fund,Equity,3761.621,3802.5269,3728.6671,3749.3361,2036804
2024-06-05,Technology Fund,Equity,3749.3361,3771.6008,3689.316,3758.8343,718474
2024-06-06,Technology Fund,Equity,3758.8343,3923.1789,3734.4337,3911.6487,1849893
2024-06-07,Technology Fund,Equity,3911.6487,4049.2261,3894.2045,3987.8012,2251763
2024-06-10,Technology Fund,Equity,3987.8012,4066.6199,3832.0409,3906.4289,6108003
2024-06-11,Technology Fund,Equity,3906.4289,4076.2911,3850.0984,4011.9845,5760920
2024-06-12,Technology Fund,Equity,4011.9845,4185.9911,3958.2327,4116.078,10961437
2024-06-13,Technology Fund,Equity,4116.078,4146.6412,4050.6456,4062.6141,7104888
2024-06-14,Technology Fund,Equity,4062.6141,4143.6359,3828.6033,3875.984,4883778
2024-06-17,Technology Fund,Equity,3875.984,3940.4451,3792.4773,3839.7122,9930736
2024-06-18,Technology Fund,Equity,3839.7122,3881.8445,3730.5401,3778.4537,9233844
2024-06-19,Technology Fund,Equity,3778.4537,3893.0884,3705.0773,3824.3817,3873223
2024-06-20,Technology Fund,Equity,3824.3817,3857.0752,3777.3349,3795.431,6998401
2024-06-21,Technology Fund,Equity,3795.431,3853.2522,3634.2076,3695.7408,1617421
2024-06-24,Technology Fund,Equity,3695.7408,3733.822,3673.1772,3699.6719,3876336
2024-06-25,Technology Fund,Equity,3699.6719,3729.9493,3590.3125,3662.9702,1691185
2024-06-26,Technology Fund,Equity,3662.9702,3723.0755,3629.4715,3697.0126,1382622
2024-06-27,Technology Fund,Equity,3697.0126,3704.6433,3642.5598,3681.8111,1101476
2024-06-28,Technology Fund,Equity,3681.8111,3730.4896,3628.5008,3688.6892,2828661
2024-07-01,Technology Fund,Equity,3688.6892,3695.9344,3550.4161,3588.008,922747
2024-07-02,Technology Fund,Equity,3588.008,3641.1477,3372.2279,3429.3265,12604271
2024-07-03,Technology Fund,Equity,3429.3265,3471.9914,3393.6541,3399.1146,5013660
2024-07-04,Technology Fund,Equity,3399.1146,3408.1222,3295.3843,3353.1969,14891311
2024-07-05,Technology Fund,Equity,3353.1969,3355.2575,3240.0269,3275.2231,11209630
2024-07-08,Technology Fund,Equity,3275.2231,3348.2363,3266.285,3284.4103,6806223
2024-07-09,Technology Fund,Equity,3284.4103,3387.9699,3278.4283,3352.73,4471091
2024-07-10,Technology Fund,Equity,3352.73,3495.3136,3301.6872,3445.104,12580745
2024-07-11,Technology Fund,Equity,3445.104,3497.313,3417.2513,3482.2827,10414970
2024-07-12,Technology Fund,Equity,3482.2827,3508.7266,3466.585,3486.9318,1443264
2024-07-15,Technology Fund,Equity,3486.9318,3618.6768,3432.5212,3617.9696,3745720
2024-07-16,Technology Fund,Equity,3617.9696,3669.7428,3593.7417,3638.6956,962834
2024-07-17,Technology Fund,Equity,3638.6956,3719.9989,3568.1486,3718.2846,4566581
2024-07-18,Technology Fund,Equity,3718.2846,3809.8577,3689.3518,3752.7862,6841831
2024-07-19,Technology Fund,Equity,3752.7862,3820.2393,3705.1109,3718.2902,13339396
2024-07-22,Technology Fund,Equity,3718.2902,3767.9778,3686.7415,3744.0748,546317
2024-07-23,Technology Fund,Equity,3744.0748,3850.4021,3716.9333,3810.5293,3189148
2024-07-24,Technology Fund,Equity,3810.5293,3849.8338,3724.5485,3780.9692,741324
2024-07-25,Technology Fund,Equity,3780.9692,3809.6784,3738.3204,3765.4617,2192548
2024-07-26,Technology Fund,Equity,3765.4617,3864.0555,3727.6641,3839.1659,2035225
2024-07-29,Technology Fund,Equity,3839.1659,3894.3497,3723.221,3764.412,6015274
2024-07-30,Technology Fund,Equity,3764.412,3860.0801,3697.9193,3841.373,2595498
2024-07-31,Technology Fund,Equity,3841.373,4030.2456,3778.5602,3960.9247,10314020
2024-08-01,Technology Fund,Equity,3960.9247,4083.0384,3917.5623,4047.9572,5836126
2024-08-02,Technology Fund,Equity,4047.9572,4077.2705,4025.094,4077.177,1952390
2024-08-05,Technology Fund,Equity,4077.177,4250.8765,4035.922,4185.8162,15346510
2024-08-06,Technology Fund,Equity,4185.8162,4341.9008,4134.8755,4299.0287,3521531
2024-08-07,Technology Fund,Equity,4299.0287,4332.142,4286.1807,4286.485,7770713
2024-08-08,Technology Fund,Equity,4286.485,4329.7055,4196.4216,4265.0231,3560244
2024-08-09,Technology Fund,Equity,4265.0231,4332.0837,4135.4344,4157.8633,4720000
2024-08-12,Technology Fund,Equity,4157.8633,4216.8189,4082.5948,4202.5306,14237648
2024-08-13,Technology Fund,Equity,4202.5306,4328.5245,4180.9549,4261.0003,9725329
2024-08-14,Technology Fund,Equity,4261.0003,4426.6871,4201.5742,4388.0922,1641876
2024-08-15,Technology Fund,Equity,4388.0922,4456.638,4270.8721,4333.3307,4395977
2024-08-16,Technology Fund,Equity,4333.3307,4356.557,4238.5222,4272.1162,5048188
2024-08-19,Technology Fund,Equity,4272.1162,4340.9278,4160.0941,4213.8828,1542784
2024-08-20,Technology Fund,Equity,4213.8828,4291.2561,4106.2669,4122.0281,4648062
2024-08-21,Technology Fund,Equity,4122.0281,4138.8311,4024.216,4050.509,6132330
2024-08-22,Technology Fund,Equity,4050.509,4129.7643,4011.6276,4100.3099,1817690
2024-08-23,Technology Fund,Equity,4100.3099,4178.1433,4059.225,4159.7573,7429049
2024-08-26,Technology Fund,Equity,4159.7573,4289.208,4120.1578,4236.4654,1679046
2024-08-27,Technology Fund,Equity,4236.4654,4300.3193,4120.4517,4193.0224,6866808
2024-08-28,Technology Fund,Equity,4193.0224,4246.3881,4110.6876,4212.0168,4763001
2024-08-29,Technology Fund,Equity,4212.0168,4322.6443,4129.4235,4308.7637,879702
2024-08-30,Technology Fund,Equity,4308.7637,4381.8315,4242.976,4376.0746,7439709
2024-09-02,Technology Fund,Equity,4376.0746,4449.0548,4333.2162,4423.2312,9988843
2024-09-03,Technology Fund,Equity,4423.2312,4444.801,4388.9031,4419.7616,1213240
2024-09-04,Technology Fund,Equity,4419.7616,4426.5299,4308.6842,4389.4413,1800142
2024-09-05,Technology Fund,Equity,4389.4413,4436.4109,4181.0085,4234.2151,6584453
2024-09-06,Technology Fund,Equity,4234.2151,4246.7182,4220.3726,4222.597,3094861
2024-09-09,Technology Fund,Equity,4222.597,4229.4876,4156.7725,4197.199,3577023
2024-09-10,Technology Fund,Equity,4197.199,4342.189,4118.7888,4304.4094,738846
2024-09-11,Technology Fund,Equity,4304.4094,4507.8305,4291.7655,4428.4301,4596770
2024-09-12,Technology Fund,Equity,4428.4301,4440.7977,4360.684,4405.8514,2551757
2024-09-13,Technology Fund,Equity,4405.8514,4492.4255,4342.8388,4356.4924,548562
2024-09-16,Technology Fund,Equity,4356.4924,4384.243,4252.1445,4297.4852,3590875
2024-09-17,Technology Fund,Equity,4297.4852,4303.064,4256.6258,4289.9295,5742527
2024-09-18,Technology Fund,Equity,4289.9295,4342.9608,4258.9435,4264.6944,1903560
2024-09-19,Technology Fund,Equity,4264.6944,4450.8358,4263.063,4413.5975,1553933
2024-09-20,Technology Fund,Equity,4413.5975,4455.5282,4335.4688,4369.416,9803360
2024-09-23,Technology Fund,Equity,4369.416,4485.4511,4356.7078,4424.3602,2436092
2024-09-24,Technology Fund,Equity,4424.3602,4548.6421,4411.2035,4485.8373,4035478
2024-09-25,Technology Fund,Equity,4485.8373,4526.5755,4413.1968,4460.1301,6887280
2024-09-26,Technology Fund,Equity,4460.1301,4511.7936,4406.1884,4468.8988,576232
2024-09-27,Technology Fund,Equity,4468.8988,4542.0184,4444.407,4520.2715,3155580
2024-09-30,Technology Fund,Equity,4520.2715,4675.9476,4457.5091,4629.1431,8503071
2024-10-01,Technology Fund,Equity,4629.1431,4663.548,4592.0347,4650.5241,2502519
2024-10-02,Technology Fund,Equity,4650.5241,4720.1702,4562.9806,4657.7796,1484744
2024-10-03,Technology Fund,Equity,4657.7796,4766.5558,4613.2106,4679.2764,17454882
2024-10-04,Technology Fund,Equity,4679.2764,4864.2342,4600.8065,4824.6738,12074629
2024-10-07,Technology Fund,Equity,4824.6738,4912.6923,4737.446,4842.7405,874776
2024-10-08,Technology Fund,Equity,4842.7405,4908.2259,4804.5567,4845.8921,9131082
2024-10-09,Technology Fund,Equity,4845.8921,5004.3427,4759.1105,4912.8937,3046079
2024-10-10,Technology Fund,Equity,4912.8937,4963.8548,4827.0027,4903.4071,5286205
2024-10-11,Technology Fund,Equity,4903.4071,4960.2727,4833.3921,4915.4718,3328786
2024-10-14,Technology Fund,Equity,4915.4718,4999.7214,4861.0863,4914.7708,14124700
2024-10-15,Technology Fund,Equity,4914.7708,4953.4415,4777.8861,4849.0642,2662317
2024-10-16,Technology Fund,Equity,4849.0642,4883.5154,4824.6121,4839.5141,4225656
2024-10-17,Technology Fund,Equity,4839.5141,4911.3039,4779.7871,4849.1425,3425238
2024-10-18,Technology Fund,Equity,4849.1425,4919.8919,4730.6719,4788.3281,3653764
2024-10-21,Technology Fund,Equity,4788.3281,4917.279,4713.5425,4841.3701,4372796
2024-10-22,Technology Fund,Equity,4841.3701,4885.8265,4700.2284,4775.4514,3964137
2024-10-23,Technology Fund,Equity,4775.4514,4834.1298,4740.2183,4786.1565,2565037
2024-10-24,Technology Fund,Equity,4786.1565,4840.1361,4760.7589,4809.2587,1958141
2024-10-25,Technology Fund,Equity,4809.2587,4901.0977,4747.5571,4865.8291,23500324
2024-10-28,Technology Fund,Equity,4865.8291,4952.2753,4850.3716,4929.6659,1684261
2024-10-29,Technology Fund,Equity,4929.6659,5001.5581,4918.2049,4983.355,8531309
2024-10-30,Technology Fund,Equity,4983.355,5052.4076,4917.7543,5019.5538,5768914
2024-10-31,Technology Fund,Equity,5019.5538,5024.4491,4980.2405,5022.5676,1123518
2024-11-01,Technology Fund,Equity,5022.5676,5064.9261,4975.9312,5020.5524,1469241
2024-11-04,Technology Fund,Equity,5020.5524,5096.5117,4975.1983,5012.1796,2124397
2024-11-05,Technology Fund,Equity,5012.1796,5054.6066,4893.2535,4949.0683,13481569
2024-11-06,Technology Fund,Equity,4949.0683,5051.5124,4851.1042,4957.4111,2191953
2024-11-07,Technology Fund,Equity,4957.4111,5021.3581,4689.6726,4742.3732,770934
2024-11-08,Technology Fund,Equity,4742.3732,4879.7734,4695.2456,4808.0084,4518237
2024-11-11,Technology Fund,Equity,4808.0084,5009.6281,4763.9883,4964.3821,1817835
2024-11-12,Technology Fund,Equity,4964.3821,5092.5375,4912.4901,5064.3063,3118745
2024-11-13,Technology Fund,Equity,5064.3063,5161.3686,4922.9953,5008.6099,2432716
2024-11-14,Technology Fund,Equity,5008.6099,5060.664,4908.9536,5025.7272,2194375
2024-11-15,Technology Fund,Equity,5025.7272,5082.8084,4866.3738,4949.0351,1491709
2024-11-18,Technology Fund,Equity,4949.0351,5002.0993,4858.0783,4995.9636,1330580
2024-11-19,Technology Fund,Equity,4995.9636,5093.2158,4681.5009,4776.1045,1937474
2024-11-20,Technology Fund,Equity,4776.1045,4824.4549,4665.55,4715.4549,4634376
2024-11-21,Technology Fund,Equity,4715.4549,4912.2279,4648.3796,4910.3889,5773388
2024-11-22,Technology Fund,Equity,4910.3889,4966.3909,4810.1604,4865.4673,4629299
2024-11-25,Technology Fund,Equity,4865.4673,4926.4319,4797.8454,4824.9376,4210886
2024-11-26,Technology Fund,Equity,4824.9376,5008.5087,4813.4636,4938.8077,3401746
2024-11-27,Technology Fund,Equity,4938.8077,4986.8023,4854.5608,4971.2156,3545337
2024-11-28,Technology Fund,Equity,4971.2156,5075.4343,4942.5924,5046.9736,6825850
2024-11-29,Technology Fund,Equity,5046.9736,5053.3343,4968.8195,5029.2303,6830012
2024-12-02,Technology Fund,Equity,5029.2303,5115.29,4941.2463,5050.4677,2348270
2024-12-03,Technology Fund,Equity,5050.4677,5088.9594,4950.207,5028.0983,4120638
2024-12-04,Technology Fund,Equity,5028.0983,5134.4323,5026.5396,5059.9757,3046608
2024-12-05,Technology Fund,Equity,5059.9757,5182.0229,5005.6974,5093.9016,1698804
2024-12-06,Technology Fund,Equity,5093.9016,5128.8345,4991.0109,5023.8344,865095
2024-12-09,Technology Fund,Equity,5023.8344,5161.5084,4992.9798,5070.2037,801419
2024-12-10,Technology Fund,Equity,5070.2037,5179.1254,4975.813,5103.4129,2223161
2024-12-11,Technology Fund,Equity,5103.4129,5158.6757,5025.256,5087.778,2647603
2024-12-12,Technology Fund,Equity,5087.778,5297.6625,5038.9747,5278.6194,1988789
2024-12-13,Technology Fund,Equity,5278.6194,5350.3503,5169.0328,5216.102,21898159
2024-12-16,Technology Fund,Equity,5216.102,5258.9682,5118.0197,5120.3843,1139991
2024-12-17,Technology Fund,Equity,5120.3843,5229.6491,5115.6702,5192.8188,5130791
2024-12-18,Technology Fund,Equity,5192.8188,5269.5227,5139.136,5169.5241,1309749
2024-12-19,Technology Fund,Equity,5169.5241,5181.6998,4996.0915,5029.3139,16475066
2024-12-20,Technology Fund,Equity,5029.3139,5098.8152,5012.8859,5086.6299,14435724
2024-12-23,Technology Fund,Equity,5086.6299,5209.5903,5026.0674,5173.4306,5399689
2024-12-24,Technology Fund,Equity,5173.4306,5175.5279,5055.5938,5134.4878,1314319
2024-12-25,Technology Fund,Equity,5134.4878,5304.4473,5049.3843,5230.3466,2227793
2024-12-26,Technology Fund,Equity,5230.3466,5332.0146,5090.1738,5164.2632,1817625
2024-12-27,Technology Fund,Equity,5164.2632,5274.2499,5105.6654,5266.0367,1505321
2024-12-30,Technology Fund,Equity,5266.0367,5290.8898,5212.955,5242.8173,3121543
2024-12-31,Technology Fund,Equity,5242.8173,5292.437,5213.7071,5266.9033,1404599
2025-01-01,Technology Fund,Equity,5266.9033,5308.2093,5186.1434,5262.3284,8399658
2025-01-02,Technology Fund,Equity,5262.3284,5468.2608,5181.0351,5433.6417,1196959
2025-01-03,Technology Fund,Equity,5433.6417,5537.6949,5315.0832,5364.2875,1552293
2025-01-06,Technology Fund,Equity,5364.2875,5450.6273,5335.6157,5419.7972,1271890
2025-01-07,Technology Fund,Equity,5419.7972,5485.5877,5399.0465,5412.3704,2649401
2025-01-08,Technology Fund,Equity,5412.3704,5692.7012,5387.4876,5597.682,1973431
2025-01-09,Technology Fund,Equity,5597.682,5673.4485,5504.6144,5552.4402,6381823
2025-01-10,Technology Fund,Equity,5552.4402,5607.1357,5532.8264,5582.8211,1758509
2025-01-13,Technology Fund,Equity,5582.8211,5726.1262,5562.3141,5699.4531,919190
2025-01-14,Technology Fund,Equity,5699.4531,5748.6859,5672.7948,5699.8218,2492733
2025-01-15,Technology Fund,Equity,5699.8218,5789.6744,5611.5781,5693.0204,1744366
2025-01-16,Technology Fund,Equity,5693.0204,5805.7875,5659.2963,5688.0345,4116614
2025-01-17,Technology Fund,Equity,5688.0345,5728.5061,5412.6172,5505.3585,2145530
2025-01-20,Technology Fund,Equity,5505.3585,5515.2762,5337.5787,5446.1267,31886361
2025-01-21,Technology Fund,Equity,5446.1267,5641.89,5386.4681,5596.3644,5217739
2025-01-22,Technology Fund,Equity,5596.3644,5685.035,5525.0674,5531.932,2043229
2025-01-23,Technology Fund,Equity,5531.932,5588.8211,5469.2061,5514.0102,2002798
2025-01-24,Technology Fund,Equity,5514.0102,5587.0405,5485.0978,5560.6301,16222322
2025-01-27,Technology Fund,Equity,5560.6301,5593.0185,5252.54,5338.7622,2437377
2025-01-28,Technology Fund,Equity,5338.7622,5532.8796,5281.7968,5512.014,2529178
2025-01-29,Technology Fund,Equity,5512.014,5623.8902,5427.2488,5537.415,451657
2025-01-30,Technology Fund,Equity,5537.415,5758.3837,5468.1232,5651.9807,1178827
2025-01-31,Technology Fund,Equity,5651.9807,5703.1134,5553.3977,5691.1728,1376012
2025-02-03,Technology Fund,Equity,5691.1728,5697.6615,5446.8824,5488.6824,4624876
2025-02-04,Technology Fund,Equity,5488.6824,5597.0776,5441.68,5553.2248,3125423
2025-02-05,Technology Fund,Equity,5553.2248,5571.9505,5458.8234,5460.85,35784031
2025-02-06,Technology Fund,Equity,5460.85,5533.4391,5437.8104,5521.6929,3947576
2025-02-07,Technology Fund,Equity,5521.6929,5650.2878,5424.2842,5620.0228,2001493
2025-02-10,Technology Fund,Equity,5620.0228,5827.8083,5532.1263,5785.2647,6867347
2025-02-11,Technology Fund,Equity,5785.2647,5967.5859,5725.427,5878.8243,2391479
2025-02-12,Technology Fund,Equity,5878.8243,5977.6686,5697.5251,5788.6335,4005775
2025-02-13,Technology Fund,Equity,5788.6335,5900.2916,5650.1185,5751.2287,26331173
2025-02-14,Technology Fund,Equity,5751.2287,5822.3165,5576.3183,5641.2424,14060575
2025-02-17,Technology Fund,Equity,5641.2424,5687.1633,5445.3128,5508.5411,1371161
2025-02-18,Technology Fund,Equity,5508.5411,5592.3771,5320.2962,5377.455,2006078
2025-02-19,Technology Fund,Equity,5377.455,5472.6267,5283.1007,5364.1244,1779353
2025-02-20,Technology Fund,Equity,5364.1244,5409.5116,5261.0007,5401.2366,2736017
2025-02-21,Technology Fund,Equity,5401.2366,5459.4715,5160.8859,5244.4587,1305875
2025-02-24,Technology Fund,Equity,5244.4587,5289.5449,5205.1885,5220.6602,10000729
2025-02-25,Technology Fund,Equity,5220.6602,5239.7583,5144.0387,5233.0143,2102468
2025-02-26,Technology Fund,Equity,5233.0143,5289.4809,5105.9861,5124.7425,3919512
2025-02-27,Technology Fund,Equity,5124.7425,5280.2457,5109.5015,5231.9113,2468143
2025-02-28,Technology Fund,Equity,5231.9113,5309.1918,5118.6412,5168.1888,5923920
2025-03-03,Technology Fund,Equity,5168.1888,5334.4412,5164.7871,5259.8975,2805015
2025-03-04,Technology Fund,Equity,5259.8975,5319.8851,5202.538,5317.936,2206159
2025-03-05,Technology Fund,Equity,5317.936,5462.5143,5240.7523,5380.6708,13701121
2025-03-06,Technology Fund,Equity,5380.6708,5527.251,5337.3652,5456.7831,5673154
2025-03-07,Technology Fund,Equity,5456.7831,5704.3677,5427.0743,5606.1143,2587287
2025-03-10,Technology Fund,Equity,5606.1143,5719.5344,5586.0487,5654.1149,2671241
2025-03-11,Technology Fund,Equity,5654.1149,5726.3075,5555.039,5702.5795,6755186
2025-03-12,Technology Fund,Equity,5702.5795,5827.5054,5695.5024,5789.3159,3491522
2025-03-13,Technology Fund,Equity,5789.3159,5872.1296,5531.4824,5639.4332,2724398
2025-03-14,Technology Fund,Equity,5639.4332,5750.9998,5552.4008,5699.3609,4591801
2025-03-17,Technology Fund,Equity,5699.3609,5801.0519,5628.0201,5742.7313,7222705
2025-03-18,Technology Fund,Equity,5742.7313,5835.7152,5547.0345,5654.5068,7632520
2025-03-19,Technology Fund,Equity,5654.5068,5900.1577,5579.6131,5814.4497,2367751
2025-03-20,Technology Fund,Equity,5814.4497,5957.9165,5807.3441,5904.8992,3706351
2025-03-21,Technology Fund,Equity,5904.8992,6048.3062,5888.537,5947.2905,8106870
2025-03-24,Technology Fund,Equity,5947.2905,6077.3029,5862.993,5978.8657,2235760
2025-03-25,Technology Fund,Equity,5978.8657,6121.6558,5927.9818,6014.7039,1416660
2025-03-26,Technology Fund,Equity,6014.7039,6024.6007,5786.6202,5891.7317,403052
2025-03-27,Technology Fund,Equity,5891.7317,6051.2067,5813.0737,6026.7775,5451575
2025-03-28,Technology Fund,Equity,6026.7775,6196.5372,5913.6589,6095.2593,4304832
2025-03-31,Technology Fund,Equity,6095.2593,6102.1487,5871.5611,5952.2346,13582373
2025-04-01,Technology Fund,Equity,5952.2346,6033.3907,5812.3129,5920.272,435730
2025-04-02,Technology Fund,Equity,5920.272,5966.1876,5876.4959,5904.8129,11739681
2025-04-03,Technology Fund,Equity,5904.8129,6019.4969,5764.3636,5831.2973,2473649
2025-04-04,Technology Fund,Equity,5831.2973,5895.0963,5740.8536,5802.6971,1359522
2025-04-07,Technology Fund,Equity,5802.6971,5832.9394,5797.8548,5816.9096,1533739
2025-04-08,Technology Fund,Equity,5816.9096,5960.6966,5780.4577,5947.3935,769305
2025-04-09,Technology Fund,Equity,5947.3935,6007.5899,5835.7717,5845.7345,2470610
2025-04-10,Technology Fund,Equity,5845.7345,5878.8746,5834.5839,5849.8713,1756209
2025-04-11,Technology Fund,Equity,5849.8713,6008.472,5754.4463,5922.6886,2818091
2025-04-14,Technology Fund,Equity,5922.6886,6018.9106,5901.1723,5975.2404,13096374
2025-04-15,Technology Fund,Equity,5975.2404,6195.8236,5923.6223,6135.075,2527354
2025-04-16,Technology Fund,Equity,6135.075,6194.4568,6043.1994,6149.3335,238681
2025-04-17,Technology Fund,Equity,6149.3335,6223.7108,6111.2928,6181.485,2607802
2025-04-18,Technology Fund,Equity,6181.485,6188.0332,6051.0802,6096.6364,9680962
2025-04-21,Technology Fund,Equity,6096.6364,6173.4003,5933.6099,6012.9958,10811816
2025-04-22,Technology Fund,Equity,6012.9958,6111.6351,5992.9807,6059.2151,4368062
2025-04-23,Technology Fund,Equity,6059.2151,6145.7275,5997.3036,5998.878,526753
2025-04-24,Technology Fund,Equity,5998.878,6177.582,5911.0856,6095.7938,1630129
2025-04-25,Technology Fund,Equity,6095.7938,6232.4155,6042.1921,6148.5271,6033778
2025-04-28,Technology Fund,Equity,6148.5271,6179.3073,6112.5197,6154.349,4421244
2025-04-29,Technology Fund,Equity,6154.349,6222.4192,6144.2132,6200.257,4063330
2025-04-30,Technology Fund,Equity,6200.257,6282.1237,6088.2634,6128.7043,775740
2025-05-01,Technology Fund,Equity,6128.7043,6136.7562,5982.3724,6074.1661,2329330
2025-05-02,Technology Fund,Equity,6074.1661,6236.119,6044.9709,6208.1325,1064322
2025-05-05,Technology Fund,Equity,6208.1325,6458.4654,6114.0404,6360.6727,23995659
2025-05-06,Technology Fund,Equity,6360.6727,6473.9741,6228.6745,6307.2092,22915600
2025-05-07,Technology Fund,Equity,6307.2092,6379.348,6208.2254,6299.1178,2500415
2025-05-08,Technology Fund,Equity,6299.1178,6474.5389,6275.9481,6438.1433,4219926
2025-05-09,Technology Fund,Equity,6438.1433,6538.8479,6396.1473,6450.0183,1747155
2025-05-12,Technology Fund,Equity,6450.0183,6462.8272,6309.4231,6399.237,3753475
2025-05-13,Technology Fund,Equity,6399.237,6649.213,6290.1143,6540.4169,1069667
2025-05-14,Technology Fund,Equity,6540.4169,6636.4207,6435.8652,6537.0563,893666
2025-05-15,Technology Fund,Equity,6537.0563,6562.2286,6396.3937,6472.774,6632465
2025-05-16,Technology Fund,Equity,6472.774,6486.3287,6300.1804,6391.8065,10203909
2025-05-19,Technology Fund,Equity,6391.8065,6410.6909,6271.6654,6311.4159,1952470
2025-05-20,Technology Fund,Equity,6311.4159,6314.024,6136.4977,6148.4143,10221595
2025-05-21,Technology Fund,Equity,6148.4143,6252.071,6079.4713,6239.7767,915059
2025-05-22,Technology Fund,Equity,6239.7767,6261.2651,6208.8074,6217.1668,2315725
2025-05-23,Technology Fund,Equity,6217.1668,6320.5028,6166.9121,6179.1332,24226244
2025-05-26,Technology Fund,Equity,6179.1332,6273.781,6102.6263,6140.1745,1456775
2025-05-27,Technology Fund,Equity,6140.1745,6150.0263,5877.3122,5989.8536,1524804
2025-05-28,Technology Fund,Equity,5989.8536,6202.249,5928.2475,6121.6444,4172334
2025-05-29,Technology Fund,Equity,6121.6444,6165.2002,6070.9103,6146.1017,1610111
2025-05-30,Technology Fund,Equity,6146.1017,6349.5511,6063.5555,6263.7323,5806924
2025-06-02,Technology Fund,Equity,6263.7323,6269.1081,6137.0946,6226.6939,1270914
2025-06-03,Technology Fund,Equity,6226.6939,6333.3818,6155.0251,6223.7318,1365783
2025-06-04,Technology Fund,Equity,6223.7318,6338.4723,6153.9275,6209.9021,3798037
2025-06-05,Technology Fund,Equity,6209.9021,6313.5543,6068.4519,6149.5621,363506
2025-06-06,Technology Fund,Equity,6149.5621,6271.3687,6126.4978,6192.5821,1723330
2025-06-09,Technology Fund,Equity,6192.5821,6259.6875,6111.5117,6207.5817,2882611
2025-06-10,Technology Fund,Equity,6207.5817,6435.825,6171.903,6374.7243,3374588
2025-06-11,Technology Fund,Equity,6374.7243,6528.9331,6347.5107,6468.3845,2269216
2025-06-12,Technology Fund,Equity,6468.3845,6499.0664,6298.7021,6387.1572,5345760
2025-06-13,Technology Fund,Equity,6387.1572,6419.9832,6282.6232,6321.4522,6966632
2025-06-16,Technology Fund,Equity,6321.4522,6334.6315,6127.2466,6211.583,4648423
2025-06-17,Technology Fund,Equity,6211.583,6259.1369,6157.9096,6213.9203,15053670
2025-06-18,Technology Fund,Equity,6213.9203,6354.3388,6188.0596,6258.2015,2927322
2025-06-19,Technology Fund,Equity,6258.2015,6416.5722,6199.6017,6338.8596,359231
2025-06-20,Technology Fund,Equity,6338.8596,6460.8552,6230.5374,6396.2331,6427547
2025-06-23,Technology Fund,Equity,6396.2331,6598.4346,6362.1454,6474.5886,6702975
2025-06-24,Technology Fund,Equity,6474.5886,6629.7176,6354.6086,6528.8821,2369022
2025-06-25,Technology Fund,Equity,6528.8821,6566.6307,6463.0844,6547.691,1815076
2025-06-26,Technology Fund,Equity,6547.691,6589.9679,6450.1358,6472.0039,2464964
2025-06-27,Technology Fund,Equity,6472.0039,6515.2309,6349.555,6458.0316,4887846
2025-06-30,Technology Fund,Equity,6458.0316,6673.1173,6335.8202,6589.3012,8357008
2025-07-01,Technology Fund,Equity,6589.3012,6710.5551,6503.795,6622.8197,10713885
2025-07-02,Technology Fund,Equity,6622.8197,6679.0735,6521.8829,6628.9121,5694248
2025-07-03,Technology Fund,Equity,6628.9121,6726.5212,6502.5978,6599.2394,3321864
2025-07-04,Technology Fund,Equity,6599.2394,6614.3828,6498.994,6578.3662,723163
2025-07-07,Technology Fund,Equity,6578.3662,6687.1694,6432.0893,6433.3196,923686
2025-07-08,Technology Fund,Equity,6433.3196,6594.2822,6357.478,6466.7453,12749943
2025-07-09,Technology Fund,Equity,6466.7453,6647.8913,6341.6572,6583.4275,697700
2025-07-10,Technology Fund,Equity,6583.4275,6735.4562,6456.6588,6641.3015,2015778
2025-07-11,Technology Fund,Equity,6641.3015,6720.6516,6471.7071,6561.8114,3762179
2025-07-14,Technology Fund,Equity,6561.8114,6640.3567,6465.0721,6513.8091,855146
2025-07-15,Technology Fund,Equity,6513.8091,6636.366,6326.0447,6422.4449,2360742
2025-07-16,Technology Fund,Equity,6422.4449,6610.978,6322.5135,6551.6527,650891
2025-07-17,Technology Fund,Equity,6551.6527,6679.5955,6409.5631,6440.7415,2552666
2025-07-18,Technology Fund,Equity,6440.7415,6483.1232,6316.5232,6372.8628,5079989
2025-07-21,Technology Fund,Equity,6372.8628,6392.8943,6282.6553,6353.6904,841932
2025-07-22,Technology Fund,Equity,6353.6904,6464.3885,6285.7249,6309.0863,3923865
2025-07-23,Technology Fund,Equity,6309.0863,6435.128,6246.0717,6375.3589,1026911
2025-07-24,Technology Fund,Equity,6375.3589,6479.9184,6358.0967,6400.9241,2419776
2025-07-25,Technology Fund,Equity,6400.9241,6589.5012,6387.015,6515.4396,2030885
2025-07-28,Technology Fund,Equity,6515.4396,6582.8699,6279.1346,6386.8632,1688951
2025-07-29,Technology Fund,Equity,6386.8632,6502.5103,6137.1733,6208.7208,541992
2025-07-30,Technology Fund,Equity,6208.7208,6284.1844,5990.1335,6059.933,5125366
2025-07-31,Technology Fund,Equity,6059.933,6157.3275,6003.932,6091.8588,5426487
2025-08-01,Technology Fund,Equity,6091.8588,6186.156,5986.2765,6041.0993,1285333
2025-08-04,Technology Fund,Equity,6041.0993,6307.5307,5933.6611,6242.997,3705796
2025-08-05,Technology Fund,Equity,6242.997,6334.5586,6097.8314,6147.6856,14313928
2025-08-06,Technology Fund,Equity,6147.6856,6338.0136,6081.3516,6269.2753,6040735
2025-08-07,Technology Fund,Equity,6269.2753,6337.7078,6196.8855,6254.6763,1456003
2025-08-08,Technology Fund,Equity,6254.6763,6344.4058,6166.165,6215.3017,10170855
2025-08-11,Technology Fund,Equity,6215.3017,6224.123,6111.0734,6151.8947,992796
2025-08-12,Technology Fund,Equity,6151.8947,6247.6837,6040.8587,6208.7658,3105250
2025-08-13,Technology Fund,Equity,6208.7658,6273.2122,6065.9848,6148.686,1823812
2025-08-14,Technology Fund,Equity,6148.686,6236.3197,5906.5599,5967.5677,1943091
2025-08-15,Technology Fund,Equity,5967.5677,6155.9886,5852.6135,6061.4404,1300529
2025-08-18,Technology Fund,Equity,6061.4404,6325.2211,5979.2255,6283.1396,3168724
2025-08-19,Technology Fund,Equity,6283.1396,6390.64,6052.9252,6059.0046,799361
2025-08-20,Technology Fund,Equity,6059.0046,6102.8485,5650.779,5765.4155,27020038
2025-08-21,Technology Fund,Equity,5765.4155,5864.5783,5657.6795,5785.6982,1296729
2025-08-22,Technology Fund,Equity,5785.6982,5854.9687,5742.4521,5841.3219,10957463
2025-08-25,Technology Fund,Equity,5841.3219,5992.7737,5782.0859,5915.6039,7292323
2025-08-26,Technology Fund,Equity,5915.6039,5931.8027,5793.3004,5878.5288,1329272
2025-08-27,Technology Fund,Equity,5878.5288,6006.0042,5824.5281,5923.986,1421171
2025-08-28,Technology Fund,Equity,5923.986,5961.9105,5807.2213,5889.7228,1470552
2025-08-29,Technology Fund,Equity,5889.7228,5974.4364,5752.3188,5830.271,5818546
2025-09-01,Technology Fund,Equity,5830.271,5848.6469,5739.398,5766.6725,5932810
2025-09-02,Technology Fund,Equity,5766.6725,5959.1494,5659.937,5872.4806,1886899
2025-09-03,Technology Fund,Equity,5872.4806,5911.718,5716.7131,5779.9225,8589858
2025-09-04,Technology Fund,Equity,5779.9225,5843.4628,5706.7816,5805.7086,1509103
2025-09-05,Technology Fund,Equity,5805.7086,5913.7962,5715.0969,5776.4063,4695074
2025-09-08,Technology Fund,Equity,5776.4063,5865.8507,5578.1477,5646.5739,17054324
2025-09-09,Technology Fund,Equity,5646.5739,5765.4744,5621.7312,5722.3148,3231283
2025-09-10,Technology Fund,Equity,5722.3148,5911.9372,5666.6241,5860.4712,13064873
2025-09-11,Technology Fund,Equity,5860.4712,5974.818,5758.6299,5843.5324,2451711
2025-09-12,Technology Fund,Equity,5843.5324,5930.2349,5740.2338,5823.3922,5545732
2025-09-15,Technology Fund,Equity,5823.3922,5937.6564,5767.3558,5864.0723,539948
2025-09-16,Technology Fund,Equity,5864.0723,5999.0976,5769.8456,5898.748,4722361
2025-09-17,Technology Fund,Equity,5898.748,5996.8296,5633.8754,5689.6569,2572723
2025-09-18,Technology Fund,Equity,5689.6569,5711.5904,5610.9542,5695.4325,630008
2025-09-19,Technology Fund,Equity,5695.4325,5804.3871,5506.2844,5593.1893,1419536
2025-09-22,Technology Fund,Equity,5593.1893,5735.0473,5508.2665,5640.3822,11510396
2025-09-23,Technology Fund,Equity,5640.3822,5703.8699,5533.9617,5682.0966,3617620
2025-09-24,Technology Fund,Equity,5682.0966,5757.3,5620.7178,5743.2017,291042
2025-09-25,Technology Fund,Equity,5743.2017,5870.3947,5685.0996,5845.1064,2821684
2025-09-26,Technology Fund,Equity,5845.1064,5956.9576,5760.743,5936.0122,6121563
2025-09-29,Technology Fund,Equity,5936.0122,5949.4465,5856.1791,5868.908,4088135
2025-09-30,Technology Fund,Equity,5868.908,5923.8095,5768.0515,5809.5294,5049970
2025-10-01,Technology Fund,Equity,5809.5294,6049.5731,5749.6309,5967.8467,5073217
2025-10-02,Technology Fund,Equity,5967.8467,6070.7216,5722.4102,5760.5278,1446545
2025-10-03,Technology Fund,Equity,5760.5278,5879.925,5662.9447,5837.9196,1375039
2025-10-06,Technology Fund,Equity,5837.9196,5951.137,5792.9019,5945.7728,1163981
2025-10-07,Technology Fund,Equity,5945.7728,6158.5943,5890.9669,6041.7403,1938100
2025-10-08,Technology Fund,Equity,6041.7403,6210.8525,5943.7302,6092.9675,7936259
2025-10-09,Technology Fund,Equity,6092.9675,6179.5729,6090.9646,6114.091,2151661
2025-10-10,Technology Fund,Equity,6114.091,6252.5141,6016.4061,6138.8157,2821638
2025-10-13,Technology Fund,Equity,6138.8157,6246.5437,6032.9866,6142.4257,716939
2025-10-14,Technology Fund,Equity,6142.4257,6267.8214,6033.2089,6205.7561,3918079
2025-10-15,Technology Fund,Equity,6205.7561,6319.4968,5998.8892,6045.7967,2284262
2025-10-16,Technology Fund,Equity,6045.7967,6125.9444,5743.2487,5859.8637,3406444
2025-10-17,Technology Fund,Equity,5859.8637,5912.7516,5794.9968,5906.7726,1687083
2025-10-20,Technology Fund,Equity,5906.7726,5997.9517,5818.4921,5843.9034,2172915
2025-10-21,Technology Fund,Equity,5843.9034,5912.4835,5704.9581,5781.2317,1325221
2025-10-22,Technology Fund,Equity,5781.2317,5883.4636,5532.9758,5621.5385,1521537
2025-10-23,Technology Fund,Equity,5621.5385,5700.3156,5404.7833,5497.542,10412999
2025-10-24,Technology Fund,Equity,5497.542,5695.137,5434.679,5611.0713,5138593
2025-10-27,Technology Fund,Equity,5611.0713,5729.0373,5523.596,5705.44,1409143
2025-10-28,Technology Fund,Equity,5705.44,5804.6861,5683.4762,5750.298,5265114
2025-10-29,Technology Fund,Equity,5750.298,5877.2641,5675.4477,5774.9027,2113191
2025-10-30,Technology Fund,Equity,5774.9027,5843.6038,5684.2309,5773.9851,4092225
2025-10-31,Technology Fund,Equity,5773.9851,5873.2793,5671.1968,5793.1106,1254089
2025-11-03,Technology Fund,Equity,5793.1106,5956.8751,5744.1804,5906.4012,3425912
2025-11-04,Technology Fund,Equity,5906.4012,6091.1239,5876.1201,5973.3515,1848354
2025-11-05,Technology Fund,Equity,5973.3515,6044.6188,5964.866,6014.278,3664610
2025-11-06,Technology Fund,Equity,6014.278,6045.7676,5923.0507,5938.0119,3217844
2025-11-07,Technology Fund,Equity,5938.0119,6051.298,5878.0343,5910.9658,2605947
2025-11-10,Technology Fund,Equity,5910.9658,6075.7073,5837.9019,5994.5032,2871109
2025-11-11,Technology Fund,Equity,5994.5032,6179.7808,5917.457,6073.176,5578712
2025-11-12,Technology Fund,Equity,6073.176,6116.8745,5966.2788,6083.1385,8750048
2025-11-13,Technology Fund,Equity,6083.1385,6171.6613,6034.7757,6166.7073,3582172
2025-11-14,Technology Fund,Equity,6166.7073,6263.9265,6059.4538,6183.9141,8854732
2025-11-17,Technology Fund,Equity,6183.9141,6364.0048,6099.1108,6241.3915,11660257
2025-11-18,Technology Fund,Equity,6241.3915,6289.4351,6131.7073,6229.2239,1071510
2025-11-19,Technology Fund,Equity,6229.2239,6263.4529,6095.1347,6166.5886,542423
2025-11-20,Technology Fund,Equity,6166.5886,6195.635,6002.3119,6099.0405,5886880
2025-11-21,Technology Fund,Equity,6099.0405,6101.8538,6046.3657,6088.5971,1366011
2025-11-24,Technology Fund,Equity,6088.5971,6196.7714,5930.4656,6040.3392,4266119
2025-11-25,Technology Fund,Equity,6040.3392,6040.9514,5947.7038,5996.6996,2560683
2025-11-26,Technology Fund,Equity,5996.6996,6097.0504,5782.6645,5866.7475,10149714
2025-11-27,Technology Fund,Equity,5866.7475,6094.5877,5855.8241,5982.0665,1432292
2025-11-28,Technology Fund,Equity,5982.0665,6041.6467,5887.1623,5951.702,491474
2025-12-01,Technology Fund,Equity,5951.702,6124.227,5882.9216,6046.2205,947743
2025-12-02,Technology Fund,Equity,6046.2205,6089.2971,5983.2247,6042.5673,1189589
2025-12-03,Technology Fund,Equity,6042.5673,6044.2569,5987.9263,6040.9461,7429485
2025-12-04,Technology Fund,Equity,6040.9461,6153.1003,6010.7693,6090.5636,5980560
2025-12-05,Technology Fund,Equity,6090.5636,6441.2211,6012.0954,6314.9386,860254
2025-12-08,Technology Fund,Equity,6314.9386,6359.7102,6206.1676,6308.7418,22788033
2025-12-09,Technology Fund,Equity,6308.7418,6388.014,6300.1619,6330.1413,3262121
2025-12-10,Technology Fund,Equity,6330.1413,6361.8555,6260.8473,6305.4569,3659177
2025-12-11,Technology Fund,Equity,6305.4569,6309.0694,6225.6786,6303.4442,18167016
2025-12-12,Technology Fund,Equity,6303.4442,6440.3458,6214.0644,6376.6353,2790357
2025-12-15,Technology Fund,Equity,6376.6353,6538.4895,6261.3353,6445.5505,1537080
2025-12-16,Technology Fund,Equity,6445.5505,6533.1011,6429.76,6442.0209,1979277
2025-12-17,Technology Fund,Equity,6442.0209,6561.4408,6315.061,6504.7281,2878665
2025-12-18,Technology Fund,Equity,6504.7281,6592.0142,6439.6106,6516.2928,2675254
2025-12-19,Technology Fund,Equity,6516.2928,6582.63,6398.782,6548.7082,6232555
2025-12-22,Technology Fund,Equity,6548.7082,6729.7135,6437.2582,6677.7822,2443241
2025-12-23,Technology Fund,Equity,6677.7822,6764.5484,6558.4333,6583.6282,4710931
2025-12-24,Technology Fund,Equity,6583.6282,6586.5271,6440.2666,6467.6748,2376149
2025-12-25,Technology Fund,Equity,6467.6748,6532.5452,6299.355,6330.7157,55072827
2025-12-26,Technology Fund,Equity,6330.7157,6487.2987,6219.147,6441.1839,9215394
2025-12-29,Technology Fund,Equity,6441.1839,6610.1182,6441.1052,6573.6555,8148880
2025-12-30,Technology Fund,Equity,6573.6555,6612.8142,6524.4707,6596.5614,4158149
2025-12-31,Technology Fund,Equity,6596.5614,6836.602,6578.0556,6720.9545,12142326
2022-01-03,Energy Fund,Equity,8883.8251,8886.5093,8697.4853,8856.5981,1442152
2022-01-04,Energy Fund,Equity,8856.5981,9027.7306,8816.308,9016.9274,3583169
2022-01-05,Energy Fund,Equity,9016.9274,9161.7152,8859.0453,8928.0696,776380
2022-01-06,Energy Fund,Equity,8928.0696,9025.2524,8798.4017,8945.6712,2729990
2022-01-07,Energy Fund,Equity,8945.6712,8971.2357,8706.3477,8839.8905,4896785
2022-01-10,Energy Fund,Equity,8839.8905,8853.5786,8734.6594,8736.7733,13895426
2022-01-11,Energy Fund,Equity,8736.7733,8757.989,8664.5427,8682.6509,765378
2022-01-12,Energy Fund,Equity,8682.6509,8873.1641,8622.5971,8710.3749,7997115
2022-01-13,Energy Fund,Equity,8710.3749,8818.0945,8553.9208,8576.1477,6127267
2022-01-14,Energy Fund,Equity,8576.1477,8735.4116,8519.9249,8677.4753,3608143
2022-01-17,Energy Fund,Equity,8677.4753,8988.0144,8516.8804,8887.4426,1516413
2022-01-18,Energy Fund,Equity,8887.4426,8978.1648,8667.8091,8756.2585,1918861
2022-01-19,Energy Fund,Equity,8756.2585,8827.7384,8645.9344,8717.2083,2221341
2022-01-20,Energy Fund,Equity,8717.2083,8717.9708,8440.7004,8607.7308,2094858
2022-01-21,Energy Fund,Equity,8607.7308,8779.0336,8491.065,8607.0282,6518362
2022-01-24,Energy Fund,Equity,8607.0282,8783.7972,8452.3995,8638.1266,6627302
2022-01-25,Energy Fund,Equity,8638.1266,8670.6544,8549.7689,8561.1675,3045597
2022-01-26,Energy Fund,Equity,8561.1675,8581.4056,8488.5778,8516.9791,921058
2022-01-27,Energy Fund,Equity,8516.9791,8596.6398,8196.3826,8267.3449,1674218
2022-01-28,Energy Fund,Equity,8267.3449,8355.4179,8250.9325,8337.4317,3914359
2022-01-31,Energy Fund,Equity,8337.4317,8470.4861,8301.5104,8342.6097,10644206
2022-02-01,Energy Fund,Equity,8342.6097,8491.9916,8113.4439,8244.111,4314332
2022-02-02,Energy Fund,Equity,8244.111,8280.7785,8104.1279,8198.7637,4498802
2022-02-03,Energy Fund,Equity,8198.7637,8406.5801,8181.0299,8305.5726,949873
2022-02-04,Energy Fund,Equity,8305.5726,8409.5648,8206.3938,8382.5545,4073572
2022-02-07,Energy Fund,Equity,8382.5545,8430.6704,8260.3015,8319.2233,420680
2022-02-08,Energy Fund,Equity,8319.2233,8387.2576,8229.4798,8323.3814,34488240
2022-02-09,Energy Fund,Equity,8323.3814,8400.6135,8091.4901,8136.4003,891955
2022-02-10,Energy Fund,Equity,8136.4003,8304.4132,8111.5309,8166.7599,897186
2022-02-11,Energy Fund,Equity,8166.7599,8328.3496,8006.1556,8254.8354,3821315
2022-02-14,Energy Fund,Equity,8254.8354,8360.1751,8070.2304,8131.7313,1475470
2022-02-15,Energy Fund,Equity,8131.7313,8232.2262,7911.0878,7954.9588,8470395
2022-02-16,Energy Fund,Equity,7954.9588,8163.6044,7934.9215,8073.3439,10344707
2022-02-17,Energy Fund,Equity,8073.3439,8217.0746,7975.3423,8003.0279,1346996
2022-02-18,Energy Fund,Equity,8003.0279,8125.3376,7985.3821,8010.6934,7377112
2022-02-21,Energy Fund,Equity,8010.6934,8042.3512,7883.617,7904.021,1151707
2022-02-22,Energy Fund,Equity,7904.021,8058.292,7816.483,7985.5646,935162
2022-02-23,Energy Fund,Equity,7985.5646,8140.9737,7982.1164,8015.2789,2458161
2022-02-24,Energy Fund,Equity,8015.2789,8142.2579,7822.6595,7939.734,2743838
2022-02-25,Energy Fund,Equity,7939.734,8012.1913,7886.996,7916.2049,4555236
2022-02-28,Energy Fund,Equity,7916.2049,7973.905,7803.0237,7965.4089,333363
2022-03-01,Energy Fund,Equity,7965.4089,8163.6519,7821.5025,8119.5174,3863625
2022-03-02,Energy Fund,Equity,8119.5174,8293.014,8088.6382,8198.9321,5736093
2022-03-03,Energy Fund,Equity,8198.9321,8511.2845,8110.1703,8346.7885,8743243
2022-03-04,Energy Fund,Equity,8346.7885,8629.6263,8317.2051,8463.8407,1046691
2022-03-07,Energy Fund,Equity,8463.8407,8555.6334,8460.0792,8526.6064,455471
2022-03-08,Energy Fund,Equity,8526.6064,8646.9698,8453.4602,8639.4589,2224947
2022-03-09,Energy Fund,Equity,8639.4589,8803.675,8630.6132,8636.7313,4220159
2022-03-10,Energy Fund,Equity,8636.7313,8780.6461,8549.0998,8737.0444,11989007
2022-03-11,Energy Fund,Equity,8737.0444,8939.0743,8701.019,8910.7779,750144
2022-03-14,Energy Fund,Equity,8910.7779,9003.1953,8879.5997,8914.996,924044
2022-03-15,Energy Fund,Equity,8914.996,8948.2249,8752.484,8810.986,12560826
2022-03-16,Energy Fund,Equity,8810.986,9121.6608,8718.3658,9034.5871,5230075
2022-03-17,Energy Fund,Equity,9034.5871,9068.6504,8937.5422,9065.4537,5312709
2022-03-18,Energy Fund,Equity,9065.4537,9312.784,9007.4947,9237.5547,5211601
2022-03-21,Energy Fund,Equity,9237.5547,9303.5231,8923.3108,9079.0376,2896002
2022-03-22,Energy Fund,Equity,9079.0376,9260.0712,9015.9214,9047.2898,1228098
2022-03-23,Energy Fund,Equity,9047.2898,9293.8729,8957.8117,9153.3253,11213707
2022-03-24,Energy Fund,Equity,9153.3253,9235.6645,8914.0234,9081.369,808565
2022-03-25,Energy Fund,Equity,9081.369,9155.4481,8929.9074,9004.9167,3529515
2022-03-28,Energy Fund,Equity,9004.9167,9134.794,8876.461,9020.121,5047292
2022-03-29,Energy Fund,Equity,9020.121,9152.0041,8862.4411,9108.7931,11645534
2022-03-30,Energy Fund,Equity,9108.7931,9420.2745,8962.5921,9236.1868,7846710
2022-03-31,Energy Fund,Equity,9236.1868,9345.1389,9175.3618,9237.8748,984799
2022-04-01,Energy Fund,Equity,9237.8748,9441.16,9053.644,9306.9752,6071394
2022-04-04,Energy Fund,Equity,9306.9752,9536.6062,9248.7155,9432.5829,1330382
2022-04-05,Energy Fund,Equity,9432.5829,9709.6391,9391.0838,9604.8796,4647590
2022-04-06,Energy Fund,Equity,9604.8796,9791.7781,9444.6511,9445.7153,699124
2022-04-07,Energy Fund,Equity,9445.7153,9629.5736,9370.9809,9447.4626,3845824
2022-04-08,Energy Fund,Equity,9447.4626,9501.577,9321.8068,9338.2595,3561459
2022-04-11,Energy Fund,Equity,9338.2595,9547.8695,9209.6991,9378.6585,9432183
2022-04-12,Energy Fund,Equity,9378.6585,9502.7699,9270.5585,9382.9107,5323360
2022-04-13,Energy Fund,Equity,9382.9107,9679.3179,9232.5378,9556.1345,3093814
2022-04-14,Energy Fund,Equity,9556.1345,9680.3955,9434.1414,9471.9626,5739088
2022-04-15,Energy Fund,Equity,9471.9626,9917.6347,9466.1767,9723.6984,7441740
2022-04-18,Energy Fund,Equity,9723.6984,10068.2913,9580.375,9901.1487,2239596
2022-04-19,Energy Fund,Equity,9901.1487,9918.6054,9847.3309,9858.7972,6476618
2022-04-20,Energy Fund,Equity,9858.7972,10067.7261,9791.8212,9928.9952,6548955
2022-04-21,Energy Fund,Equity,9928.9952,10011.8501,9775.3476,9999.0903,2904766
2022-04-22,Energy Fund,Equity,9999.0903,10147.5908,9921.8866,9987.9895,3144525
2022-04-25,Energy Fund,Equity,9987.9895,10243.683,9832.7016,10135.2787,9159743
2022-04-26,Energy Fund,Equity,10135.2787,10284.088,9770.1076,9886.5994,6131017
2022-04-27,Energy Fund,Equity,9886.5994,10227.4681,9798.6152,10050.0373,3737712
2022-04-28,Energy Fund,Equity,10050.0373,10140.3745,9480.0037,9652.8175,4161557
2022-04-29,Energy Fund,Equity,9652.8175,9770.6413,9409.1582,9600.3799,4390016
2022-05-02,Energy Fund,Equity,9600.3799,9948.287,9533.1163,9797.588,5132193
2022-05-03,Energy Fund,Equity,9797.588,10108.0648,9685.7837,10007.9882,1458137
2022-05-04,Energy Fund,Equity,10007.9882,10208.5043,9978.606,10153.3682,6766281
2022-05-05,Energy Fund,Equity,10153.3682,10236.2952,10037.9522,10166.7261,503802
2022-05-06,Energy Fund,Equity,10166.7261,10246.8759,10058.0099,10172.0129,1669920
2022-05-09,Energy Fund,Equity,10172.0129,10355.9449,9884.7831,9921.4458,1799900
2022-05-10,Energy Fund,Equity,9921.4458,10109.3891,9747.541,10001.6375,4079961
2022-05-11,Energy Fund,Equity,10001.6375,10093.3994,10000.0134,10001.9762,1119531
2022-05-12,Energy Fund,Equity,10001.9762,10135.9624,9514.7286,9696.7027,1342146
2022-05-13,Energy Fund,Equity,9696.7027,9782.822,9574.8443,9662.8117,1780774
2022-05-16,Energy Fund,Equity,9662.8117,9668.0608,9484.6166,9621.2585,14489648
2022-05-17,Energy Fund,Equity,9621.2585,9741.3864,9589.9055,9629.471,9078320
2022-05-18,Energy Fund,Equity,9629.471,9712.4274,9353.8001,9530.7179,1556142
2022-05-19,Energy Fund,Equity,9530.7179,9581.4381,9263.8007,9335.5001,3605711
2022-05-20,Energy Fund,Equity,9335.5001,9408.7735,9095.0216,9198.9195,25289334
2022-05-23,Energy Fund,Equity,9198.9195,9203.4112,9129.5782,9175.6877,2912484
2022-05-24,Energy Fund,Equity,9175.6877,9317.5316,9010.8595,9141.8243,1683037
2022-05-25,Energy Fund,Equity,9141.8243,9340.8128,8980.0042,9288.4135,4547590
2022-05-26,Energy Fund,Equity,9288.4135,9363.715,9053.7634,9071.5608,658190
2022-05-27,Energy Fund,Equity,9071.5608,9085.11,8872.5784,8899.6798,1056137
2022-05-30,Energy Fund,Equity,8899.6798,8921.6961,8737.5245,8851.8361,7757063
2022-05-31,Energy Fund,Equity,8851.8361,8903.1198,8686.7755,8860.6503,865754
2022-06-01,Energy Fund,Equity,8860.6503,8903.59,8592.6814,8748.538,623325
2022-06-02,Energy Fund,Equity,8748.538,8863.4121,8701.5578,8730.4649,7318654
2022-06-03,Energy Fund,Equity,8730.4649,9062.3421,8668.0247,8993.0233,1224307
2022-06-06,Energy Fund,Equity,8993.0233,9096.8701,8813.2889,9048.1396,18742274
2022-06-07,Energy Fund,Equity,9048.1396,9408.9909,8895.1805,9282.3049,7609484
2022-06-08,Energy Fund,Equity,9282.3049,9514.701,9205.5418,9386.0485,4429325
2022-06-09,Energy Fund,Equity,9386.0485,9718.8556,9272.091,9576.8807,1503054
2022-06-10,Energy Fund,Equity,9576.8807,9746.2999,9425.4717,9639.8985,2662145
2022-06-13,Energy Fund,Equity,9639.8985,9808.5157,9542.4279,9552.0004,1034916
2022-06-14,Energy Fund,Equity,9552.0004,9695.5154,9083.397,9134.8984,23514426
2022-06-15,Energy Fund,Equity,9134.8984,9170.1657,8831.5049,9011.5238,3863019
2022-06-16,Energy Fund,Equity,9011.5238,9151.2717,8851.9118,9075.0183,946827
2022-06-17,Energy Fund,Equity,9075.0183,9154.9356,8915.3352,9152.9697,13999304
2022-06-20,Energy Fund,Equity,9152.9697,9349.0085,9025.8854,9257.2618,2973270
2022-06-21,Energy Fund,Equity,9257.2618,9335.6559,9192.2094,9272.9713,2775591
2022-06-22,Energy Fund,Equity,9272.9713,9438.3956,9130.9166,9198.6667,1186201
2022-06-23,Energy Fund,Equity,9198.6667,9307.4131,9056.8453,9144.983,4073292
2022-06-24,Energy Fund,Equity,9144.983,9390.7343,9042.1319,9354.6182,2552012
2022-06-27,Energy Fund,Equity,9354.6182,9396.8753,9193.2289,9327.3392,1793390
2022-06-28,Energy Fund,Equity,9327.3392,9660.6179,9311.2058,9562.0721,3061978
2022-06-29,Energy Fund,Equity,9562.0721,9845.3713,9452.6835,9670.6172,5500787
2022-06-30,Energy Fund,Equity,9670.6172,9822.4597,9638.8549,9791.9578,7433314
2022-07-01,Energy Fund,Equity,9791.9578,9884.6894,9569.5626,9764.4409,1994563
2022-07-04,Energy Fund,Equity,9764.4409,10148.5976,9724.5079,10009.7825,1973234
2022-07-05,Energy Fund,Equity,10009.7825,10163.9148,9809.9368,10023.5242,1645665
2022-07-06,Energy Fund,Equity,10023.5242,10221.612,9885.3175,10144.1246,2473162
2022-07-07,Energy Fund,Equity,10144.1246,10160.0282,10054.6119,10058.7891,3714153
2022-07-08,Energy Fund,Equity,10058.7891,10302.1442,9936.9061,10266.6717,1601575
2022-07-11,Energy Fund,Equity,10266.6717,10577.1683,10107.4532,10410.9274,1703467
2022-07-12,Energy Fund,Equity,10410.9274,10579.4687,10092.762,10130.4677,4030201
2022-07-13,Energy Fund,Equity,10130.4677,10267.069,9863.4306,10000.6872,1827698
2022-07-14,Energy Fund,Equity,10000.6872,10020.7228,9674.9778,9854.5613,19704759
2022-07-15,Energy Fund,Equity,9854.5613,9970.6135,9439.3047,9475.8418,4051423
2022-07-18,Energy Fund,Equity,9475.8418,9518.9039,9395.3658,9441.4951,1181577
2022-07-19,Energy Fund,Equity,9441.4951,9546.5707,9311.3008,9455.1453,8664333
2022-07-20,Energy Fund,Equity,9455.1453,9528.1343,9398.9535,9500.3618,10704938
2022-07-21,Energy Fund,Equity,9500.3618,9828.3313,9398.731,9780.8731,2731147
2022-07-22,Energy Fund,Equity,9780.8731,9949.6961,9538.1612,9706.9572,21577010
2022-07-25,Energy Fund,Equity,9706.9572,9792.0362,9706.3045,9777.2559,3176588
2022-07-26,Energy Fund,Equity,9777.2559,10110.2359,9684.0893,9984.5898,630900
2022-07-27,Energy Fund,Equity,9984.5898,10154.7568,9806.8646,9980.1014,3088246
2022-07-28,Energy Fund,Equity,9980.1014,10281.0598,9939.597,10159.6154,11394664
2022-07-29,Energy Fund,Equity,10159.6154,10542.309,10155.84,10430.2356,1718420
2022-08-01,Energy Fund,Equity,10430.2356,10736.6531,10410.2073,10541.9974,784133
2022-08-02,Energy Fund,Equity,10541.9974,10628.485,9884.9731,10052.9762,4055130
2022-08-03,Energy Fund,Equity,10052.9762,10066.2135,9955.4289,9963.947,2766334
2022-08-04,Energy Fund,Equity,9963.947,10247.2868,9835.1195,10205.7042,1681906
2022-08-05,Energy Fund,Equity,10205.7042,10328.2865,9901.9837,10039.4984,7610527
2022-08-08,Energy Fund,Equity,10039.4984,10163.8178,9542.8669,9733.2189,2148017
2022-08-09,Energy Fund,Equity,9733.2189,9823.5952,9441.4554,9455.8696,893413
2022-08-10,Energy Fund,Equity,9455.8696,9478.8326,9098.7397,9184.3853,5957878
2022-08-11,Energy Fund,Equity,9184.3853,9265.0314,9093.7212,9213.8103,774503
2022-08-12,Energy Fund,Equity,9213.8103,9342.8762,8965.1336,8987.8713,2076000
2022-08-15,Energy Fund,Equity,8987.8713,9072.1428,8898.4579,8988.0524,26705914
2022-08-16,Energy Fund,Equity,8988.0524,9077.8773,8624.3418,8716.4777,988430
2022-08-17,Energy Fund,Equity,8716.4777,8930.9763,8644.3853,8864.03,8950402
2022-08-18,Energy Fund,Equity,8864.03,9033.2607,8706.3218,8952.0914,354883
2022-08-19,Energy Fund,Equity,8952.0914,9165.6782,8778.2432,9037.5017,4427927
2022-08-22,Energy Fund,Equity,9037.5017,9117.3363,9028.0163,9088.5855,3629068
2022-08-23,Energy Fund,Equity,9088.5855,9205.9547,9050.042,9129.7025,3423195
2022-08-24,Energy Fund,Equity,9129.7025,9489.0219,8999.1899,9429.5818,4475442
2022-08-25,Energy Fund,Equity,9429.5818,9499.6514,9217.5739,9290.8888,981215
2022-08-26,Energy Fund,Equity,9290.8888,9394.322,9127.4026,9326.1776,2290272
2022-08-29,Energy Fund,Equity,9326.1776,9422.8935,8934.3943,8992.7799,5094218
2022-08-30,Energy Fund,Equity,8992.7799,9104.4922,8842.4638,8891.428,4124725
2022-08-31,Energy Fund,Equity,8891.428,9002.0649,8815.5718,8899.1114,2317030
2022-09-01,Energy Fund,Equity,8899.1114,8990.048,8693.4112,8780.7364,4252173
2022-09-02,Energy Fund,Equity,8780.7364,8945.3659,8649.1996,8803.0511,1767916
2022-09-05,Energy Fund,Equity,8803.0511,8918.4805,8636.4079,8857.7971,2365458
2022-09-06,Energy Fund,Equity,8857.7971,8963.5813,8813.2246,8857.0938,1490449
2022-09-07,Energy Fund,Equity,8857.0938,8943.5399,8749.3263,8940.3018,11954744
2022-09-08,Energy Fund,Equity,8940.3018,9118.3476,8596.8479,8753.9216,3142333
2022-09-09,Energy Fund,Equity,8753.9216,8859.5737,8618.149,8803.845,529803
2022-09-12,Energy Fund,Equity,8803.845,8945.6898,8693.0634,8780.5896,5943273
2022-09-13,Energy Fund,Equity,8780.5896,8956.5485,8698.5068,8866.0431,2818366
2022-09-14,Energy Fund,Equity,8866.0431,8923.6357,8549.4363,8711.8329,7662623
2022-09-15,Energy Fund,Equity,8711.8329,8886.9474,8617.0847,8839.0201,5504297
2022-09-16,Energy Fund,Equity,8839.0201,8915.5758,8810.81,8846.9551,943332
2022-09-19,Energy Fund,Equity,8846.9551,9199.1907,8722.924,9043.811,4710905
2022-09-20,Energy Fund,Equity,9043.811,9087.4076,8916.3319,8927.8675,675757
2022-09-21,Energy Fund,Equity,8927.8675,9070.0058,8694.2555,8695.656,4118794
2022-09-22,Energy Fund,Equity,8695.656,8991.774,8659.2958,8826.9636,8143656
2022-09-23,Energy Fund,Equity,8826.9636,8923.3148,8605.5395,8719.5773,12679480
2022-09-26,Energy Fund,Equity,8719.5773,8931.4114,8657.5552,8916.7199,7827514
2022-09-27,Energy Fund,Equity,8916.7199,8947.5053,8679.4609,8703.6444,2095363
2022-09-28,Energy Fund,Equity,8703.6444,8714.6069,8527.0336,8691.5575,329820
2022-09-29,Energy Fund,Equity,8691.5575,8826.1383,8586.5981,8795.7296,8001077
2022-09-30,Energy Fund,Equity,8795.7296,8979.0768,8694.4447,8846.787,3343771
2022-10-03,Energy Fund,Equity,8846.787,8849.4793,8703.9212,8825.7578,3919699
2022-10-04,Energy Fund,Equity,8825.7578,8936.7208,8554.0906,8713.9759,8216676
2022-10-05,Energy Fund,Equity,8713.9759,8732.5476,8556.5512,8578.9357,1650678
2022-10-06,Energy Fund,Equity,8578.9357,8700.1665,8200.5974,8345.8556,1631315
2022-10-07,Energy Fund,Equity,8345.8556,8385.4958,8227.3833,8368.3504,14422486
2022-10-10,Energy Fund,Equity,8368.3504,8509.3515,8226.9724,8283.0014,2592893
2022-10-11,Energy Fund,Equity,8283.0014,8488.2861,8226.8474,8337.849,2374569
2022-10-12,Energy Fund,Equity,8337.849,8590.9844,8327.3184,8466.7866,517413
2022-10-13,Energy Fund,Equity,8466.7866,8583.7012,8312.8896,8538.9412,3660068
2022-10-14,Energy Fund,Equity,8538.9412,8664.9095,8303.7077,8438.2849,7161249
2022-10-17,Energy Fund,Equity,8438.2849,8684.6489,8377.769,8545.8465,1237090
2022-10-18,Energy Fund,Equity,8545.8465,8735.5249,8471.3541,8594.075,3457883
2022-10-19,Energy Fund,Equity,8594.075,8622.103,8287.7394,8368.4246,4386634
2022-10-20,Energy Fund,Equity,8368.4246,8737.2506,8267.3515,8573.8662,221769
2022-10-21,Energy Fund,Equity,8573.8662,8744.7414,8320.4109,8451.0377,4313500
2022-10-24,Energy Fund,Equity,8451.0377,8535.9078,8337.1441,8425.1164,8780547
2022-10-25,Energy Fund,Equity,8425.1164,8657.5595,8397.5316,8503.9816,1232856
2022-10-26,Energy Fund,Equity,8503.9816,8580.5622,8397.8752,8533.9325,2251232
2022-10-27,Energy Fund,Equity,8533.9325,8673.0602,8306.6856,8399.0736,10638811
2022-10-28,Energy Fund,Equity,8399.0736,8594.1645,8395.6868,8447.4201,5442663
2022-10-31,Energy Fund,Equity,8447.4201,8522.1093,8261.0323,8410.7367,2693555
2022-11-01,Energy Fund,Equity,8410.7367,8618.6058,8353.616,8562.576,2928926
2022-11-02,Energy Fund,Equity,8562.576,8697.8246,8502.6539,8543.0872,8168042
2022-11-03,Energy Fund,Equity,8543.0872,8688.5333,8527.7924,8558.559,5993641
2022-11-04,Energy Fund,Equity,8558.559,8833.9236,8550.5458,8681.6409,3213362
2022-11-07,Energy Fund,Equity,8681.6409,8711.5517,8490.1046,8615.8964,530860
2022-11-08,Energy Fund,Equity,8615.8964,8730.1915,8468.7573,8551.2062,1120339
2022-11-09,Energy Fund,Equity,8551.2062,8638.5412,8480.3207,8598.927,1716609
2022-11-10,Energy Fund,Equity,8598.927,8753.6363,8330.2253,8455.6759,900299
2022-11-11,Energy Fund,Equity,8455.6759,8508.9917,8400.265,8468.0548,4731915
2022-11-14,Energy Fund,Equity,8468.0548,8582.0288,8235.5666,8323.9349,985667
2022-11-15,Energy Fund,Equity,8323.9349,8327.6206,8159.8005,8195.6704,2322266
2022-11-16,Energy Fund,Equity,8195.6704,8241.5734,8076.9597,8223.0718,2473122
2022-11-17,Energy Fund,Equity,8223.0718,8356.7346,8047.2395,8141.6222,2724129
2022-11-18,Energy Fund,Equity,8141.6222,8197.4744,8108.7594,8190.061,2540428
2022-11-21,Energy Fund,Equity,8190.061,8342.5696,8179.9012,8294.5818,8887007
2022-11-22,Energy Fund,Equity,8294.5818,8327.049,8158.843,8243.9306,7429011
2022-11-23,Energy Fund,Equity,8243.9306,8367.2248,8121.2476,8296.6289,14499653
2022-11-24,Energy Fund,Equity,8296.6289,8391.7514,8089.9593,8212.4252,21809758
2022-11-25,Energy Fund,Equity,8212.4252,8317.4891,7937.4207,8003.9702,1782770
2022-11-28,Energy Fund,Equity,8003.9702,8028.4617,7749.7624,7823.2109,19848690
2022-11-29,Energy Fund,Equity,7823.2109,8019.7105,7797.3571,7941.3569,6134837
2022-11-30,Energy Fund,Equity,7941.3569,8174.5434,7830.7289,8107.5975,2169693
2022-12-01,Energy Fund,Equity,8107.5975,8236.6948,7899.4415,7912.7687,3420220
2022-12-02,Energy Fund,Equity,7912.7687,7923.3822,7663.9046,7741.7766,3703864
2022-12-05,Energy Fund,Equity,7741.7766,8080.8623,7629.0886,7962.2642,3256046
2022-12-06,Energy Fund,Equity,7962.2642,8269.3078,7895.1325,8174.9775,975378
2022-12-07,Energy Fund,Equity,8174.9775,8280.5121,8026.8841,8248.6897,3709141
2022-12-08,Energy Fund,Equity,8248.6897,8296.2261,8131.5132,8234.6714,2396100
2022-12-09,Energy Fund,Equity,8234.6714,8372.1628,8081.0197,8296.1018,9168791
2022-12-12,Energy Fund,Equity,8296.1018,8414.7459,8202.0356,8298.2593,11824607
2022-12-13,Energy Fund,Equity,8298.2593,8374.9493,8071.1982,8083.8286,8094664
2022-12-14,Energy Fund,Equity,8083.8286,8410.4446,7928.1237,8253.1047,1199778
2022-12-15,Energy Fund,Equity,8253.1047,8549.1239,8138.3357,8517.4863,9876420
2022-12-16,Energy Fund,Equity,8517.4863,8631.3418,8444.3447,8497.0793,2284418
2022-12-19,Energy Fund,Equity,8497.0793,8509.7889,8405.552,8448.0896,2742696
2022-12-20,Energy Fund,Equity,8448.0896,8572.6456,8312.1267,8517.8445,1753855
2022-12-21,Energy Fund,Equity,8517.8445,8635.0563,8405.6981,8516.7551,885056
2022-12-22,Energy Fund,Equity,8516.7551,8650.1191,8432.6573,8610.7636,3876387
2022-12-23,Energy Fund,Equity,8610.7636,8643.5258,8360.9356,8438.3664,6923943
2022-12-26,Energy Fund,Equity,8438.3664,8489.1133,8161.6193,8263.0163,6168171
2022-12-27,Energy Fund,Equity,8263.0163,8414.0596,8202.3971,8284.3426,4818087
2022-12-28,Energy Fund,Equity,8284.3426,8418.0739,8168.7527,8243.9873,587212
2022-12-29,Energy Fund,Equity,8243.9873,8265.5935,8060.8875,8203.7416,1147529
2022-12-30,Energy Fund,Equity,8203.7416,8444.5934,8122.1803,8283.5076,4232916
2023-01-02,Energy Fund,Equity,8283.5076,8320.4386,8083.8384,8200.0484,1794039
2023-01-03,Energy Fund,Equity,8200.0484,8512.9224,8139.0596,8401.143,11177005
2023-01-04,Energy Fund,Equity,8401.143,8440.6088,8267.2121,8422.8424,13056380
2023-01-05,Energy Fund,Equity,8422.8424,8447.5164,8244.2102,8389.8084,282210
2023-01-06,Energy Fund,Equity,8389.8084,8623.1884,8289.4586,8508.9986,1611860
2023-01-09,Energy Fund,Equity,8508.9986,8517.0564,8397.213,8437.8348,1729568
2023-01-10,Energy Fund,Equity,8437.8348,8630.7046,8310.4873,8567.9201,2048162
2023-01-11,Energy Fund,Equity,8567.9201,8926.2792,8526.8212,8755.3276,2407894
2023-01-12,Energy Fund,Equity,8755.3276,8945.1911,8641.2306,8801.3257,8729839
2023-01-13,Energy Fund,Equity,8801.3257,8813.6537,8519.512,8611.747,2175562
2023-01-16,Energy Fund,Equity,8611.747,8874.1471,8563.2395,8739.7328,1958620
2023-01-17,Energy Fund,Equity,8739.7328,8878.3214,8443.9096,8605.2998,1206557
2023-01-18,Energy Fund,Equity,8605.2998,8715.5856,8514.8155,8673.4895,12532319
2023-01-19,Energy Fund,Equity,8673.4895,8833.039,8528.8682,8765.2032,1807403
2023-01-20,Energy Fund,Equity,8765.2032,8977.6886,8688.0461,8918.2365,2152608
2023-01-23,Energy Fund,Equity,8918.2365,9087.3632,8731.3466,8832.676,3903055
2023-01-24,Energy Fund,Equity,8832.676,9156.0032,8740.4169,9000.1631,3364084
2023-01-25,Energy Fund,Equity,9000.1631,9098.0238,8916.6011,9034.0508,1298658
2023-01-26,Energy Fund,Equity,9034.0508,9182.6874,8804.0677,8909.823,603005
2023-01-27,Energy Fund,Equity,8909.823,8969.6789,8638.5637,8786.754,1324261
2023-01-30,Energy Fund,Equity,8786.754,8863.2601,8748.2426,8823.2297,6873151
2023-01-31,Energy Fund,Equity,8823.2297,8970.5063,8623.7944,8758.8573,691378
2023-02-01,Energy Fund,Equity,8758.8573,8931.876,8701.758,8771.9547,12732606
2023-02-02,Energy Fund,Equity,8771.9547,8933.8538,8622.0269,8838.512,1470169
2023-02-03,Energy Fund,Equity,8838.512,8977.5744,8730.7562,8970.375,890079
2023-02-06,Energy Fund,Equity,8970.375,9009.0213,8763.2465,8858.4985,13383030
2023-02-07,Energy Fund,Equity,8858.4985,8903.2285,8746.01,8795.0751,8360693
2023-02-08,Energy Fund,Equity,8795.0751,8795.7091,8641.0778,8778.3146,5226789
2023-02-09,Energy Fund,Equity,8778.3146,8951.2306,8579.432,8685.0531,4831760
2023-02-10,Energy Fund,Equity,8685.0531,8841.1535,8333.5178,8374.3787,3321459
2023-02-13,Energy Fund,Equity,8374.3787,8501.5217,8195.9642,8294.763,2255888
2023-02-14,Energy Fund,Equity,8294.763,8402.7888,8007.9452,8132.4462,5461025
2023-02-15,Energy Fund,Equity,8132.4462,8333.2083,8009.1358,8275.4801,1898316
2023-02-16,Energy Fund,Equity,8275.4801,8445.4527,8113.0747,8284.8059,1978024
2023-02-17,Energy Fund,Equity,8284.8059,8295.2411,8086.104,8229.8534,584578
2023-02-20,Energy Fund,Equity,8229.8534,8248.4151,7837.6334,7988.9061,10604440
2023-02-21,Energy Fund,Equity,7988.9061,8044.8628,7733.6247,7775.722,4199359
2023-02-22,Energy Fund,Equity,7775.722,7992.5047,7704.1262,7857.869,3844038
2023-02-23,Energy Fund,Equity,7857.869,7897.5209,7672.1572,7826.083,11183806
2023-02-24,Energy Fund,Equity,7826.083,7980.9913,7682.2549,7702.8874,994712
2023-02-27,Energy Fund,Equity,7702.8874,7760.6682,7672.0763,7689.2339,3279743
2023-02-28,Energy Fund,Equity,7689.2339,7917.8191,7622.8104,7848.9506,2203611
2023-03-01,Energy Fund,Equity,7848.9506,8235.6408,7800.5453,8096.9726,13944220
2023-03-02,Energy Fund,Equity,8096.9726,8179.903,8049.18,8131.0307,11646373
2023-03-03,Energy Fund,Equity,8131.0307,8332.6763,7981.3655,8294.3875,734361
2023-03-06,Energy Fund,Equity,8294.3875,8402.2411,8237.5524,8394.4503,3759807
2023-03-07,Energy Fund,Equity,8394.4503,8464.4333,8132.9312,8271.7059,2768738
2023-03-08,Energy Fund,Equity,8271.7059,8507.6593,8115.4703,8448.67,6790290
2023-03-09,Energy Fund,Equity,8448.67,8520.7312,8217.7497,8371.5662,17567978
2023-03-10,Energy Fund,Equity,8371.5662,8659.0668,8334.1131,8587.4415,6132039
2023-03-13,Energy Fund,Equity,8587.4415,8770.7476,8480.2667,8683.6776,14762008
2023-03-14,Energy Fund,Equity,8683.6776,8932.794,8528.9166,8766.5517,1773418
2023-03-15,Energy Fund,Equity,8766.5517,8908.2897,8549.5053,8652.4902,605721
2023-03-16,Energy Fund,Equity,8652.4902,8849.6519,8563.3802,8755.7856,3566645
2023-03-17,Energy Fund,Equity,8755.7856,8903.8261,8543.7909,8649.1805,289646
2023-03-20,Energy Fund,Equity,8649.1805,8793.433,8422.9988,8451.0275,7517535
2023-03-21,Energy Fund,Equity,8451.0275,8564.358,8300.7425,8337.0629,1226228
2023-03-22,Energy Fund,Equity,8337.0629,8361.6076,8177.4163,8261.4888,4281221
2023-03-23,Energy Fund,Equity,8261.4888,8385.2213,8158.2164,8273.3957,4143307
2023-03-24,Energy Fund,Equity,8273.3957,8363.367,8086.4354,8149.3595,4661402
2023-03-27,Energy Fund,Equity,8149.3595,8307.2165,8090.7676,8285.9389,225998
2023-03-28,Energy Fund,Equity,8285.9389,8433.6428,8166.3371,8245.9451,1905148
2023-03-29,Energy Fund,Equity,8245.9451,8265.0539,8176.7385,8209.6124,1217799
2023-03-30,Energy Fund,Equity,8209.6124,8342.0558,8105.2962,8201.4117,1744578
2023-03-31,Energy Fund,Equity,8201.4117,8257.82,7911.713,8047.7591,5130509
2023-04-03,Energy Fund,Equity,8047.7591,8253.4961,7993.2206,8201.3346,3076868
2023-04-04,Energy Fund,Equity,8201.3346,8338.4648,8041.7577,8300.3422,6536143
2023-04-05,Energy Fund,Equity,8300.3422,8660.8989,8233.1184,8497.5945,6393026
2023-04-06,Energy Fund,Equity,8497.5945,8558.6347,8424.0143,8509.3323,2344134
2023-04-07,Energy Fund,Equity,8509.3323,8592.0399,8345.3896,8417.1576,3205408
2023-04-10,Energy Fund,Equity,8417.1576,8567.5316,8382.4555,8535.9119,12524895
2023-04-11,Energy Fund,Equity,8535.9119,8648.1102,8278.3023,8446.2872,1870300
2023-04-12,Energy Fund,Equity,8446.2872,8664.0432,8393.4843,8593.5882,16671448
2023-04-13,Energy Fund,Equity,8593.5882,8725.9505,8333.8214,8355.9575,3176738
2023-04-14,Energy Fund,Equity,8355.9575,8462.6794,8192.7052,8441.5917,5678864
2023-04-17,Energy Fund,Equity,8441.5917,8539.8534,8166.5399,8235.709,3186066
2023-04-18,Energy Fund,Equity,8235.709,8345.061,8182.7426,8194.3644,833623
2023-04-19,Energy Fund,Equity,8194.3644,8297.3375,8036.2562,8286.9503,11998708
2023-04-20,Energy Fund,Equity,8286.9503,8426.0907,8156.3651,8297.2563,2341185
2023-04-21,Energy Fund,Equity,8297.2563,8394.6944,8289.8108,8314.5285,7345676
2023-04-24,Energy Fund,Equity,8314.5285,8443.0389,7998.3405,8063.4746,13122884
2023-04-25,Energy Fund,Equity,8063.4746,8084.9158,7964.21,7986.526,4422536
2023-04-26,Energy Fund,Equity,7986.526,8122.4432,7889.0247,7995.4802,1790500
2023-04-27,Energy Fund,Equity,7995.4802,8268.3193,7937.6002,8212.5324,6870332
2023-04-28,Energy Fund,Equity,8212.5324,8382.3104,8210.3929,8355.2993,1205865
2023-05-01,Energy Fund,Equity,8355.2993,8537.8104,8224.4684,8435.0032,3737547
2023-05-02,Energy Fund,Equity,8435.0032,8556.1961,8294.6604,8433.6648,25680576
2023-05-03,Energy Fund,Equity,8433.6648,8471.4014,8274.3304,8349.8418,1038571
2023-05-04,Energy Fund,Equity,8349.8418,8412.3766,8168.9921,8312.0199,7282272
2023-05-05,Energy Fund,Equity,8312.0199,8830.0167,8230.4746,8680.5718,11679439
2023-05-08,Energy Fund,Equity,8680.5718,8711.5843,8538.1058,8607.721,4213969
2023-05-09,Energy Fund,Equity,8607.721,8847.5615,8461.1836,8679.0744,3249779
2023-05-10,Energy Fund,Equity,8679.0744,8810.3829,8610.8673,8690.5676,3181504
2023-05-11,Energy Fund,Equity,8690.5676,8838.2603,8627.2665,8725.6,2503083
2023-05-12,Energy Fund,Equity,8725.6,8960.0475,8656.1181,8848.2799,3273955
2023-05-15,Energy Fund,Equity,8848.2799,9021.4125,8725.5199,8802.5179,1670258
2023-05-16,Energy Fund,Equity,8802.5179,8958.1647,8676.808,8782.8927,110499
2023-05-17,Energy Fund,Equity,8782.8927,8788.0022,8506.7415,8668.1376,15565273
2023-05-18,Energy Fund,Equity,8668.1376,8890.0004,8644.8429,8784.4905,5224006
2023-05-19,Energy Fund,Equity,8784.4905,8895.9323,8632.022,8833.894,3011885
2023-05-22,Energy Fund,Equity,8833.894,8895.8997,8791.4686,8800.5512,1678865
2023-05-23,Energy Fund,Equity,8800.5512,8948.016,8767.4917,8778.6234,2594652
2023-05-24,Energy Fund,Equity,8778.6234,9017.7864,8712.8921,8902.9416,14690298
2023-05-25,Energy Fund,Equity,8902.9416,9141.6146,8878.2624,8995.6834,1338314
2023-05-26,Energy Fund,Equity,8995.6834,9025.9281,8646.187,8775.062,2997399
2023-05-29,Energy Fund,Equity,8775.062,8829.4673,8416.9732,8582.9071,3987374
2023-05-30,Energy Fund,Equity,8582.9071,8936.6171,8569.5672,8869.7801,1602007
2023-05-31,Energy Fund,Equity,8869.7801,9133.4409,8719.3574,9081.2881,626306
2023-06-01,Energy Fund,Equity,9081.2881,9103.9739,8958.4832,9031.609,1190439
2023-06-02,Energy Fund,Equity,9031.609,9129.818,8911.5652,8960.8482,277758
2023-06-05,Energy Fund,Equity,8960.8482,9190.9501,8812.0622,9133.1958,82625518
2023-06-06,Energy Fund,Equity,9133.1958,9306.2404,8714.3577,8864.1824,5608346
2023-06-07,Energy Fund,Equity,8864.1824,8981.7778,8503.5635,8673.7099,1458359
2023-06-08,Energy Fund,Equity,8673.7099,8849.456,8603.1139,8791.5891,4387214
2023-06-09,Energy Fund,Equity,8791.5891,8995.3803,8655.361,8822.216,4573075
2023-06-12,Energy Fund,Equity,8822.216,9186.3963,8724.881,9023.8735,270459
2023-06-13,Energy Fund,Equity,9023.8735,9117.0569,8952.346,8969.697,662211
2023-06-14,Energy Fund,Equity,8969.697,9042.3368,8763.5309,8906.8642,4429900
2023-06-15,Energy Fund,Equity,8906.8642,9134.5296,8736.2735,9072.4952,2911987
2023-06-16,Energy Fund,Equity,9072.4952,9167.202,8893.814,9124.8656,5602597
2023-06-19,Energy Fund,Equity,9124.8656,9308.531,9038.7498,9215.4496,3279640
2023-06-20,Energy Fund,Equity,9215.4496,9313.8156,8864.888,8945.8578,1781764
2023-06-21,Energy Fund,Equity,8945.8578,9112.3896,8809.2218,9004.5386,2360037
2023-06-22,Energy Fund,Equity,9004.5386,9201.411,8948.3928,9024.0682,4853178
2023-06-23,Energy Fund,Equity,9024.0682,9109.0388,8814.3408,8975.0592,946300
2023-06-26,Energy Fund,Equity,8975.0592,9108.363,8652.4995,8740.9284,5429604
2023-06-27,Energy Fund,Equity,8740.9284,8938.7772,8593.6223,8778.759,1003439
2023-06-28,Energy Fund,Equity,8778.759,8794.0303,8465.3936,8545.6628,11574264
2023-06-29,Energy Fund,Equity,8545.6628,8585.9038,8298.4618,8455.9763,11975148
2023-06-30,Energy Fund,Equity,8455.9763,8541.6606,8431.4694,8518.3572,9792991
2023-07-03,Energy Fund,Equity,8518.3572,8572.0115,8374.8012,8552.2451,1416044
2023-07-04,Energy Fund,Equity,8552.2451,8948.6385,8399.3149,8783.9995,2210988
2023-07-05,Energy Fund,Equity,8783.9995,8916.3171,8695.7968,8892.6238,9666870
2023-07-06,Energy Fund,Equity,8892.6238,9047.5845,8795.5043,8804.8324,6434490
2023-07-07,Energy Fund,Equity,8804.8324,8933.9435,8677.8786,8877.9768,12002954
2023-07-10,Energy Fund,Equity,8877.9768,9182.2389,8784.7215,9072.8894,1171532
2023-07-11,Energy Fund,Equity,9072.8894,9150.6525,8908.15,9118.1384,551953
2023-07-12,Energy Fund,Equity,9118.1384,9266.7097,8994.4526,9076.3002,28769826
2023-07-13,Energy Fund,Equity,9076.3002,9201.4966,8863.0499,8948.784,2290596
2023-07-14,Energy Fund,Equity,8948.784,8986.3027,8745.5439,8910.4018,496112
2023-07-17,Energy Fund,Equity,8910.4018,9287.311,8738.1285,9231.4412,4103977
2023-07-18,Energy Fund,Equity,9231.4412,9510.1325,9068.7658,9324.8631,655492
2023-07-19,Energy Fund,Equity,9324.8631,9495.0633,9285.941,9363.7148,3332044
2023-07-20,Energy Fund,Equity,9363.7148,9428.1397,8988.0423,9126.8538,1235141
2023-07-21,Energy Fund,Equity,9126.8538,9287.0206,9008.2581,9062.0497,3576875
2023-07-24,Energy Fund,Equity,9062.0497,9129.4615,9014.9859,9088.6892,724586
2023-07-25,Energy Fund,Equity,9088.6892,9264.9113,8862.3591,9028.2392,3656353
2023-07-26,Energy Fund,Equity,9028.2392,9157.0029,8868.945,9072.4262,306220
2023-07-27,Energy Fund,Equity,9072.4262,9153.5049,8846.1265,8922.677,8472366
2023-07-28,Energy Fund,Equity,8922.677,9314.0954,8910.2838,9210.3204,3784052
2023-07-31,Energy Fund,Equity,9210.3204,9270.1851,9016.6807,9187.9988,3388085
2023-08-01,Energy Fund,Equity,9187.9988,9285.8616,9130.1948,9239.6387,2791181
2023-08-02,Energy Fund,Equity,9239.6387,9519.7412,9076.6301,9425.2274,6245723
2023-08-03,Energy Fund,Equity,9425.2274,9535.8029,9268.2489,9459.9599,2734982
2023-08-04,Energy Fund,Equity,9459.9599,9633.6538,9277.3845,9323.1645,5505605
2023-08-07,Energy Fund,Equity,9323.1645,9445.3685,9281.7629,9425.4105,1831921
2023-08-08,Energy Fund,Equity,9425.4105,9638.5131,9322.1706,9610.1662,3316164
2023-08-09,Energy Fund,Equity,9610.1662,9900.239,9459.3558,9718.3951,5015819
2023-08-10,Energy Fund,Equity,9718.3951,9740.1857,9463.2898,9599.5529,22364679
2023-08-11,Energy Fund,Equity,9599.5529,9720.0591,9467.1417,9602.0221,2261247
2023-08-14,Energy Fund,Equity,9602.0221,9713.4968,9421.0815,9670.2975,18198430
2023-08-15,Energy Fund,Equity,9670.2975,9732.6365,9347.0157,9522.5986,7102074
2023-08-16,Energy Fund,Equity,9522.5986,9529.8943,9483.9677,9493.1756,8229026
2023-08-17,Energy Fund,Equity,9493.1756,9729.4102,9372.8348,9617.0457,788383
2023-08-18,Energy Fund,Equity,9617.0457,9646.8316,9564.887,9579.3173,1481773
2023-08-21,Energy Fund,Equity,9579.3173,9888.3888,9422.7836,9741.7508,5370335
2023-08-22,Energy Fund,Equity,9741.7508,9976.0832,9548.278,9922.1506,7693885
2023-08-23,Energy Fund,Equity,9922.1506,9979.4851,9653.6131,9845.6691,1807655
2023-08-24,Energy Fund,Equity,9845.6691,10093.3975,9708.6916,9901.1914,32273156
2023-08-25,Energy Fund,Equity,9901.1914,9967.2868,9712.9895,9881.9159,4700230
2023-08-28,Energy Fund,Equity,9881.9159,10070.4699,9740.4149,10003.0905,3315034
2023-08-29,Energy Fund,Equity,10003.0905,10457.72,9809.6076,10353.2818,2391684
2023-08-30,Energy Fund,Equity,10353.2818,10541.6446,10128.9573,10188.8739,7521345
2023-08-31,Energy Fund,Equity,10188.8739,10372.2668,10011.2632,10068.8798,2521043
2023-09-01,Energy Fund,Equity,10068.8798,10281.4079,10040.4696,10118.3951,2739829
2023-09-04,Energy Fund,Equity,10118.3951,10167.3791,9951.3981,10151.439,3718843
2023-09-05,Energy Fund,Equity,10151.439,10557.4086,10009.7649,10454.359,5677016
2023-09-06,Energy Fund,Equity,10454.359,10485.9239,10277.778,10449.9034,1972041
2023-09-07,Energy Fund,Equity,10449.9034,10539.5115,10219.2893,10379.6553,488795
2023-09-08,Energy Fund,Equity,10379.6553,10628.0167,10339.8817,10612.4147,2969049
2023-09-11,Energy Fund,Equity,10612.4147,10734.2328,10603.2701,10718.2074,3521152
2023-09-12,Energy Fund,Equity,10718.2074,10874.183,10541.2386,10788.0956,1191786
2023-09-13,Energy Fund,Equity,10788.0956,11091.0575,10761.2972,10941.1263,758675
2023-09-14,Energy Fund,Equity,10941.1263,11097.1837,10803.0924,10917.5537,5162147
2023-09-15,Energy Fund,Equity,10917.5537,11189.4825,10831.071,11009.3177,2120833
2023-09-18,Energy Fund,Equity,11009.3177,11161.2136,10693.7265,10760.2305,5718373
2023-09-19,Energy Fund,Equity,10760.2305,10763.4162,10636.2678,10693.6947,5532973
2023-09-20,Energy Fund,Equity,10693.6947,10746.473,10530.4683,10702.8688,816926
2023-09-21,Energy Fund,Equity,10702.8688,10960.1636,10491.7547,10834.8112,1200201
2023-09-22,Energy Fund,Equity,10834.8112,10998.0434,10534.632,10740.1284,12990775
2023-09-25,Energy Fund,Equity,10740.1284,10795.6183,10620.2951,10748.7541,2144346
2023-09-26,Energy Fund,Equity,10748.7541,11270.1038,10542.355,11147.2693,1103838
2023-09-27,Energy Fund,Equity,11147.2693,11420.5782,11049.5968,11347.9918,3905596
2023-09-28,Energy Fund,Equity,11347.9918,11434.1889,10916.1352,11048.3872,2576597
2023-09-29,Energy Fund,Equity,11048.3872,11438.1102,10978.5987,11358.1899,9693226
2023-10-02,Energy Fund,Equity,11358.1899,11415.6695,11184.4461,11193.8776,4409567
2023-10-03,Energy Fund,Equity,11193.8776,11198.2497,11132.8844,11187.7965,2976837
2023-10-04,Energy Fund,Equity,11187.7965,11285.5189,10903.6387,11106.467,3906644
2023-10-05,Energy Fund,Equity,11106.467,11311.8934,10926.8812,10999.3994,8816252
2023-10-06,Energy Fund,Equity,10999.3994,11145.9943,10838.7319,10986.217,9674864
2023-10-09,Energy Fund,Equity,10986.217,11089.3954,10699.8706,10898.5675,1863342
2023-10-10,Energy Fund,Equity,10898.5675,11037.6055,10746.5837,10896.2456,1631625
2023-10-11,Energy Fund,Equity,10896.2456,11023.4783,10865.6962,10880.0678,1714456
2023-10-12,Energy Fund,Equity,10880.0678,11060.6548,10844.8537,10946.4531,1379978
2023-10-13,Energy Fund,Equity,10946.4531,11095.1697,10805.7618,11091.7118,3519510
2023-10-16,Energy Fund,Equity,11091.7118,11269.6992,10991.256,11053.5506,1056000
2023-10-17,Energy Fund,Equity,11053.5506,11105.3546,10737.4985,10849.0807,19244254
2023-10-18,Energy Fund,Equity,10849.0807,11119.3512,10775.6199,10934.2304,5127976
2023-10-19,Energy Fund,Equity,10934.2304,11095.7126,10630.3155,10835.8465,6150150
2023-10-20,Energy Fund,Equity,10835.8465,10976.2294,10681.3912,10833.4442,2461823
2023-10-23,Energy Fund,Equity,10833.4442,10837.8907,10489.7893,10656.73,4781676
2023-10-24,Energy Fund,Equity,10656.73,11113.1985,10572.8585,10962.5971,12850388
2023-10-25,Energy Fund,Equity,10962.5971,11325.2898,10812.1274,11118.8203,1145586
2023-10-26,Energy Fund,Equity,11118.8203,11237.8206,10819.4342,10942.5428,6623232
2023-10-27,Energy Fund,Equity,10942.5428,11002.3366,10806.3186,10972.414,2467286
2023-10-30,Energy Fund,Equity,10972.414,11019.7409,10708.3473,10897.1084,459653
2023-10-31,Energy Fund,Equity,10897.1084,11127.8295,10870.1036,11001.4022,3684959
2023-11-01,Energy Fund,Equity,11001.4022,11068.9966,10853.4199,10886.965,17114439
2023-11-02,Energy Fund,Equity,10886.965,10922.0004,10615.7034,10724.7061,1087917
2023-11-03,Energy Fund,Equity,10724.7061,10802.0225,10596.4613,10697.6968,5025432
2023-11-06,Energy Fund,Equity,10697.6968,10956.5079,10511.1833,10914.9609,4267690
2023-11-07,Energy Fund,Equity,10914.9609,11070.1839,10910.2367,11050.9983,8351864
2023-11-08,Energy Fund,Equity,11050.9983,11357.596,11003.8692,11226.3729,4276831
2023-11-09,Energy Fund,Equity,11226.3729,11437.5313,11187.6348,11274.7753,1888607
2023-11-10,Energy Fund,Equity,11274.7753,11406.1758,11106.2651,11265.3321,2213043
2023-11-13,Energy Fund,Equity,11265.3321,11367.2921,11111.5419,11342.1397,11055430
2023-11-14,Energy Fund,Equity,11342.1397,11512.4506,11087.2635,11279.2598,6796665
2023-11-15,Energy Fund,Equity,11279.2598,11494.4306,10990.1639,11090.157,7373152
2023-11-16,Energy Fund,Equity,11090.157,11111.1139,10793.1648,10955.3843,23348289
2023-11-17,Energy Fund,Equity,10955.3843,11109.6189,10804.2492,11064.8592,7710227
2023-11-20,Energy Fund,Equity,11064.8592,11345.7303,11062.3653,11257.8305,2315508
2023-11-21,Energy Fund,Equity,11257.8305,11472.1772,11045.9504,11258.49,359060
2023-11-22,Energy Fund,Equity,11258.49,11295.2786,11007.0417,11183.4999,2042432
2023-11-23,Energy Fund,Equity,11183.4999,11204.1573,10836.2671,10914.8273,4171739
2023-11-24,Energy Fund,Equity,10914.8273,11146.5398,10887.692,10932.4317,551424
2023-11-27,Energy Fund,Equity,10932.4317,11231.0275,10846.2249,11037.4585,2722871
2023-11-28,Energy Fund,Equity,11037.4585,11194.7513,10738.9623,10952.0582,4233992
2023-11-29,Energy Fund,Equity,10952.0582,10993.0887,10795.4691,10934.0667,81486444
2023-11-30,Energy Fund,Equity,10934.0667,11230.5844,10814.0711,11224.7288,9276488
2023-12-01,Energy Fund,Equity,11224.7288,11271.4984,10943.9786,11004.773,5028025
2023-12-04,Energy Fund,Equity,11004.773,11324.442,10939.6999,11136.0725,15323600
2023-12-05,Energy Fund,Equity,11136.0725,11263.1467,11114.8556,11174.8626,4680092
2023-12-06,Energy Fund,Equity,11174.8626,11217.2352,10816.9768,10994.3935,962609
2023-12-07,Energy Fund,Equity,10994.3935,11085.5036,10752.689,10846.7801,975290
2023-12-08,Energy Fund,Equity,10846.7801,11045.1289,10669.048,10868.085,236233
2023-12-11,Energy Fund,Equity,10868.085,11041.9046,10829.0789,10855.186,3520572
2023-12-12,Energy Fund,Equity,10855.186,11083.842,10640.3912,10893.2172,12013137
2023-12-13,Energy Fund,Equity,10893.2172,11315.1379,10842.6424,11146.9467,14682901
2023-12-14,Energy Fund,Equity,11146.9467,11312.4063,11116.8343,11234.9069,1708361
2023-12-15,Energy Fund,Equity,11234.9069,11451.7917,10905.1118,11059.4934,814816
2023-12-18,Energy Fund,Equity,11059.4934,11346.6389,10946.244,11145.3232,3377790
2023-12-19,Energy Fund,Equity,11145.3232,11196.6855,11064.1919,11115.9206,7499650
2023-12-20,Energy Fund,Equity,11115.9206,11268.1593,10963.3932,11121.5877,27270495
2023-12-21,Energy Fund,Equity,11121.5877,11262.2833,10775.7188,10896.0517,3779505
2023-12-22,Energy Fund,Equity,10896.0517,11035.487,10447.878,10624.1307,6789985
2023-12-25,Energy Fund,Equity,10624.1307,10768.9261,10216.8692,10412.1287,4211201
2023-12-26,Energy Fund,Equity,10412.1287,10443.1586,10156.3864,10308.2729,1455929
2023-12-27,Energy Fund,Equity,10308.2729,10488.6574,10096.4307,10210.3108,2842960
2023-12-28,Energy Fund,Equity,10210.3108,10269.5819,9938.8209,10030.1919,895497
2023-12-29,Energy Fund,Equity,10030.1919,10278.0329,9894.8924,10121.4505,445263
2024-01-01,Energy Fund,Equity,10121.4505,10334.6958,10107.6436,10163.9163,510262
2024-01-02,Energy Fund,Equity,10163.9163,10313.3091,10120.9406,10183.1451,1473660
2024-01-03,Energy Fund,Equity,10183.1451,10493.5951,10148.7354,10303.3359,11824597
2024-01-04,Energy Fund,Equity,10303.3359,10419.8238,10149.137,10262.4125,3882311
2024-01-05,Energy Fund,Equity,10262.4125,10432.7112,10155.6466,10431.7994,2303733
2024-01-08,Energy Fund,Equity,10431.7994,10554.4272,10258.3071,10545.344,1440273
2024-01-09,Energy Fund,Equity,10545.344,10631.6786,10412.3869,10599.3361,4530660
2024-01-10,Energy Fund,Equity,10599.3361,10797.3152,10579.3406,10641.8188,19178448
2024-01-11,Energy Fund,Equity,10641.8188,10848.8276,10173.5324,10350.9725,4209668
2024-01-12,Energy Fund,Equity,10350.9725,10459.7614,10164.4728,10387.7033,3672833
2024-01-15,Energy Fund,Equity,10387.7033,10729.8605,10383.8911,10574.1213,1351693
2024-01-16,Energy Fund,Equity,10574.1213,10849.7133,10471.5412,10806.2153,4043636
2024-01-17,Energy Fund,Equity,10806.2153,10974.4801,10565.9461,10629.5825,4642852
2024-01-18,Energy Fund,Equity,10629.5825,10766.2327,10433.9374,10678.6012,786215
2024-01-19,Energy Fund,Equity,10678.6012,10755.3299,10604.9803,10674.475,9291268
2024-01-22,Energy Fund,Equity,10674.475,10902.5535,10608.1317,10729.8082,597931
2024-01-23,Energy Fund,Equity,10729.8082,10744.6227,10565.236,10715.5275,827008
2024-01-24,Energy Fund,Equity,10715.5275,10779.9161,10413.9641,10605.8609,114542681
2024-01-25,Energy Fund,Equity,10605.8609,10908.6644,10583.7645,10751.9522,2443674
2024-01-26,Energy Fund,Equity,10751.9522,10844.2202,10723.2009,10837.219,8250171
2024-01-29,Energy Fund,Equity,10837.219,11237.2358,10681.1098,11071.8988,10718754
2024-01-30,Energy Fund,Equity,11071.8988,11401.6205,11014.1497,11271.9735,6647995
2024-01-31,Energy Fund,Equity,11271.9735,11606.4896,11266.3749,11508.1739,1464729
2024-02-01,Energy Fund,Equity,11508.1739,11767.2191,11381.155,11544.4426,1876462
2024-02-02,Energy Fund,Equity,11544.4426,11603.7096,11195.0929,11199.7935,3522835
2024-02-05,Energy Fund,Equity,11199.7935,11244.1334,11119.4224,11138.8816,593101
2024-02-06,Energy Fund,Equity,11138.8816,11447.0122,11001.2053,11236.4915,4462821
2024-02-07,Energy Fund,Equity,11236.4915,11470.0516,11073.3681,11294.0083,1562975
2024-02-08,Energy Fund,Equity,11294.0083,11502.8952,11073.5427,11113.4498,7885329
2024-02-09,Energy Fund,Equity,11113.4498,11142.3811,10886.4976,11069.5172,6033398
2024-02-12,Energy Fund,Equity,11069.5172,11316.7409,10922.0306,11162.37,2342819
2024-02-13,Energy Fund,Equity,11162.37,11347.6817,11036.2669,11074.1191,2765610
2024-02-14,Energy Fund,Equity,11074.1191,11403.9988,11030.1193,11295.0571,616880
2024-02-15,Energy Fund,Equity,11295.0571,11348.0718,11158.9622,11329.947,1275318
2024-02-16,Energy Fund,Equity,11329.947,11366.0874,11217.7687,11257.4165,11636173
2024-02-19,Energy Fund,Equity,11257.4165,11291.8567,11152.8405,11283.0432,9745251
2024-02-20,Energy Fund,Equity,11283.0432,11495.7329,11088.9636,11384.4426,7368580
2024-02-21,Energy Fund,Equity,11384.4426,11656.6091,11260.6219,11469.002,7205762
2024-02-22,Energy Fund,Equity,11469.002,11666.8529,11338.5167,11584.5036,21485003
2024-02-23,Energy Fund,Equity,11584.5036,11649.5565,11490.4445,11518.7548,648329
2024-02-26,Energy Fund,Equity,11518.7548,11761.2719,11346.4334,11672.3101,2106090
2024-02-27,Energy Fund,Equity,11672.3101,11699.1228,11593.0734,11625.3036,946276
2024-02-28,Energy Fund,Equity,11625.3036,11931.391,11514.9974,11880.6909,15844558
2024-02-29,Energy Fund,Equity,11880.6909,11885.2556,11692.6682,11847.154,4123260
2024-03-01,Energy Fund,Equity,11847.154,11949.0377,11603.3557,11737.8884,34306727
2024-03-04,Energy Fund,Equity,11737.8884,11869.9587,11507.5106,11538.2615,5171756
2024-03-05,Energy Fund,Equity,11538.2615,11693.292,11403.5646,11543.5756,3142195
2024-03-06,Energy Fund,Equity,11543.5756,11628.7492,11402.9199,11615.621,972787
2024-03-07,Energy Fund,Equity,11615.621,12180.5374,11418.0722,11966.2281,6538128
2024-03-08,Energy Fund,Equity,11966.2281,12060.2232,11954.4892,12042.0675,6259468
2024-03-11,Energy Fund,Equity,12042.0675,12238.2585,11963.4076,12038.7505,11433464
2024-03-12,Energy Fund,Equity,12038.7505,12555.5648,12017.6198,12329.848,1448517
2024-03-13,Energy Fund,Equity,12329.848,12474.2243,12242.2527,12395.9958,4958202
2024-03-14,Energy Fund,Equity,12395.9958,12444.0927,12022.2851,12229.394,3103139
2024-03-15,Energy Fund,Equity,12229.394,12634.4185,12026.7134,12587.2216,9121784
2024-03-18,Energy Fund,Equity,12587.2216,12834.2234,12374.5407,12604.1825,9835950
2024-03-19,Energy Fund,Equity,12604.1825,12808.8467,12535.9092,12781.9041,8114785
2024-03-20,Energy Fund,Equity,12781.9041,12908.9897,12457.2436,12512.0702,5545764
2024-03-21,Energy Fund,Equity,12512.0702,12679.8915,12276.0325,12436.9484,4083499
2024-03-22,Energy Fund,Equity,12436.9484,12593.6035,12315.2043,12571.7125,1522320
2024-03-25,Energy Fund,Equity,12571.7125,12657.621,12412.1287,12452.1155,5295766
2024-03-26,Energy Fund,Equity,12452.1155,12541.7932,12139.0533,12256.0347,6314109
2024-03-27,Energy Fund,Equity,12256.0347,12699.2601,12169.9204,12560.0409,9005779
2024-03-28,Energy Fund,Equity,12560.0409,12866.3311,12382.8601,12850.686,2712930
2024-03-29,Energy Fund,Equity,12850.686,12958.0781,12804.3883,12954.7263,9185840
2024-04-01,Energy Fund,Equity,12954.7263,13204.1442,12561.2996,12727.1584,1613373
2024-04-02,Energy Fund,Equity,12727.1584,12998.4849,12654.7136,12808.763,2696539
2024-04-03,Energy Fund,Equity,12808.763,13057.5281,12447.7587,12577.8886,1998132
2024-04-04,Energy Fund,Equity,12577.8886,12794.44,12513.0949,12526.5953,6941827
2024-04-05,Energy Fund,Equity,12526.5953,12957.4322,12300.8022,12765.3751,1753586
2024-04-08,Energy Fund,Equity,12765.3751,12986.216,12506.0893,12703.9094,485910
2024-04-09,Energy Fund,Equity,12703.9094,12927.0396,12505.2085,12914.9114,2338359
2024-04-10,Energy Fund,Equity,12914.9114,13042.3079,12674.5214,12789.5596,1309865
2024-04-11,Energy Fund,Equity,12789.5596,13412.4771,12744.7379,13324.1307,11651449
2024-04-12,Energy Fund,Equity,13324.1307,13458.9285,13053.4847,13223.994,13237076
2024-04-15,Energy Fund,Equity,13223.994,13292.3368,13002.2117,13280.2626,5500736
2024-04-16,Energy Fund,Equity,13280.2626,13538.6326,13134.8892,13281.0883,4333925
2024-04-17,Energy Fund,Equity,13281.0883,13455.7492,12827.0634,12886.2941,2023864
2024-04-18,Energy Fund,Equity,12886.2941,13028.5786,12663.7238,12738.3065,683584
2024-04-19,Energy Fund,Equity,12738.3065,12804.7053,12552.5207,12564.6662,2847122
2024-04-22,Energy Fund,Equity,12564.6662,12917.124,12472.2126,12866.761,4757259
2024-04-23,Energy Fund,Equity,12866.761,13056.142,12731.349,12954.5711,2873086
2024-04-24,Energy Fund,Equity,12954.5711,13437.318,12696.1268,13179.4859,589595
2024-04-25,Energy Fund,Equity,13179.4859,13309.8132,12994.3489,13087.725,13124418
2024-04-26,Energy Fund,Equity,13087.725,13223.9638,12781.1475,13037.7109,3176338
2024-04-29,Energy Fund,Equity,13037.7109,13043.472,12688.9043,12779.5635,3603102
2024-04-30,Energy Fund,Equity,12779.5635,13325.3844,12598.8479,13183.2709,12452428
2024-05-01,Energy Fund,Equity,13183.2709,13573.2082,13113.2162,13540.275,1388867
2024-05-02,Energy Fund,Equity,13540.275,13791.3046,13254.8525,13443.6181,3406859
2024-05-03,Energy Fund,Equity,13443.6181,13918.0817,13318.5013,13799.4684,711669
2024-05-06,Energy Fund,Equity,13799.4684,13860.182,13626.2622,13629.3258,2096610
2024-05-07,Energy Fund,Equity,13629.3258,13637.9307,13326.609,13490.6292,1046594
2024-05-08,Energy Fund,Equity,13490.6292,13651.1703,13049.6876,13315.6419,3802068
2024-05-09,Energy Fund,Equity,13315.6419,13332.5931,13126.9795,13205.1496,10391805
2024-05-10,Energy Fund,Equity,13205.1496,13436.2482,13007.3217,13260.9167,439852
2024-05-13,Energy Fund,Equity,13260.9167,13342.7052,13012.0539,13107.1428,1055308
2024-05-14,Energy Fund,Equity,13107.1428,13235.2208,12670.9535,12777.4845,772658
2024-05-15,Energy Fund,Equity,12777.4845,12853.0286,12557.4759,12755.145,11770140
2024-05-16,Energy Fund,Equity,12755.145,12925.5049,12696.6383,12711.5883,9851085
2024-05-17,Energy Fund,Equity,12711.5883,12719.0095,12445.4087,12599.8641,3399837
2024-05-20,Energy Fund,Equity,12599.8641,13034.5873,12564.7379,12805.0988,1377378
2024-05-21,Energy Fund,Equity,12805.0988,12859.8667,12638.2247,12831.0944,19452769
2024-05-22,Energy Fund,Equity,12831.0944,13140.8923,12697.374,12901.8289,37207725
2024-05-23,Energy Fund,Equity,12901.8289,12936.6077,12780.4301,12906.7024,4305703
2024-05-24,Energy Fund,Equity,12906.7024,13162.9511,12785.7833,12982.9728,962207
2024-05-27,Energy Fund,Equity,12982.9728,13004.1232,12795.8704,12972.8528,1298549
2024-05-28,Energy Fund,Equity,12972.8528,13145.4153,12733.5097,12997.8796,1007973
2024-05-29,Energy Fund,Equity,12997.8796,13111.3125,12638.7371,12806.4406,4684280
2024-05-30,Energy Fund,Equity,12806.4406,13002.5928,12562.7232,12955.8204,4965053
2024-05-31,Energy Fund,Equity,12955.8204,13229.7418,12936.9847,13038.0831,8042568
2024-06-03,Energy Fund,Equity,13038.0831,13117.4904,12813.7745,13061.2112,1389241
2024-06-04,Energy Fund,Equity,13061.2112,13598.9821,12977.6578,13423.7026,1967236
2024-06-05,Energy Fund,Equity,13423.7026,13637.5847,13122.1815,13277.8717,971608
2024-06-06,Energy Fund,Equity,13277.8717,13443.4181,13092.1983,13428.7112,1845485
2024-06-07,Energy Fund,Equity,13428.7112,14022.6594,13227.2713,13767.2869,2111045
2024-06-10,Energy Fund,Equity,13767.2869,13989.3122,13407.1378,13531.8214,2695469
2024-06-11,Energy Fund,Equity,13531.8214,13654.7307,13518.5905,13575.49,2239308
2024-06-12,Energy Fund,Equity,13575.49,13651.7737,13377.1878,13571.6385,8264086
2024-06-13,Energy Fund,Equity,13571.6385,13851.0306,13438.7386,13793.1195,6929841
2024-06-14,Energy Fund,Equity,13793.1195,14075.8495,13763.2749,13841.2525,2294573
2024-06-17,Energy Fund,Equity,13841.2525,14057.4713,13650.163,13960.6088,6240703
2024-06-18,Energy Fund,Equity,13960.6088,14604.1799,13803.8678,14412.5906,8002682
2024-06-19,Energy Fund,Equity,14412.5906,14748.6168,14244.7325,14485.6274,9190190
2024-06-20,Energy Fund,Equity,14485.6274,15032.9389,14463.842,14742.3721,9425487
2024-06-21,Energy Fund,Equity,14742.3721,14928.2518,14179.8786,14412.4411,2161217
2024-06-24,Energy Fund,Equity,14412.4411,14639.0676,14141.8566,14406.0789,5431088
2024-06-25,Energy Fund,Equity,14406.0789,14581.2148,13896.9807,14171.9021,7177620
2024-06-26,Energy Fund,Equity,14171.9021,14241.6501,13868.68,14138.1208,4118740
2024-06-27,Energy Fund,Equity,14138.1208,14257.0361,13918.1202,14084.1966,2364596
2024-06-28,Energy Fund,Equity,14084.1966,14343.5188,13505.7993,13757.5907,7142105
2024-07-01,Energy Fund,Equity,13757.5907,13950.8841,13330.867,13510.0086,440854
2024-07-02,Energy Fund,Equity,13510.0086,13604.0488,13186.6158,13248.988,542895
2024-07-03,Energy Fund,Equity,13248.988,13835.6333,13042.6023,13633.3239,2127063
2024-07-04,Energy Fund,Equity,13633.3239,13909.6614,13503.2483,13907.8488,1748063
2024-07-05,Energy Fund,Equity,13907.8488,14157.2242,13728.5371,14024.2566,11027293
2024-07-08,Energy Fund,Equity,14024.2566,14283.0764,13749.1728,14058.2052,7777286
2024-07-09,Energy Fund,Equity,14058.2052,14202.0678,13952.9155,14191.4282,18166470
2024-07-10,Energy Fund,Equity,14191.4282,14615.6108,13918.9362,14488.6597,4426193
2024-07-11,Energy Fund,Equity,14488.6597,14817.6414,14347.8333,14694.4923,1376318
2024-07-12,Energy Fund,Equity,14694.4923,14722.9444,14409.0686,14560.573,8298452
2024-07-15,Energy Fund,Equity,14560.573,15165.2651,14544.4688,14877.1485,3754668
2024-07-16,Energy Fund,Equity,14877.1485,15560.4427,14596.6874,15259.5844,7699668
2024-07-17,Energy Fund,Equity,15259.5844,15356.6902,15142.3369,15307.2405,20480933
2024-07-18,Energy Fund,Equity,15307.2405,15878.3067,15088.6155,15679.0574,5983584
2024-07-19,Energy Fund,Equity,15679.0574,16116.4828,15628.0734,16070.2835,1960046
2024-07-22,Energy Fund,Equity,16070.2835,16364.6772,15842.4891,16030.3446,682114
2024-07-23,Energy Fund,Equity,16030.3446,16325.4461,15735.9311,15871.5196,1311040
2024-07-24,Energy Fund,Equity,15871.5196,15991.6473,15550.4352,15620.1884,33776565
2024-07-25,Energy Fund,Equity,15620.1884,15977.9544,15373.6985,15890.5927,8602228
2024-07-26,Energy Fund,Equity,15890.5927,16164.0232,15714.5666,15777.2148,1388285
2024-07-29,Energy Fund,Equity,15777.2148,15918.053,15313.8302,15578.1207,569100
2024-07-30,Energy Fund,Equity,15578.1207,15952.0305,15413.8379,15757.6009,2399705
2024-07-31,Energy Fund,Equity,15757.6009,15954.2742,15353.6299,15492.0964,1501652
2024-08-01,Energy Fund,Equity,15492.0964,15651.1237,15362.9781,15492.5436,7940426
2024-08-02,Energy Fund,Equity,15492.5436,15575.9994,15147.6078,15413.3433,13106381
2024-08-05,Energy Fund,Equity,15413.3433,15976.0366,15191.7488,15783.2218,17393870
2024-08-06,Energy Fund,Equity,15783.2218,16011.0746,15696.4266,15722.3104,4122936
2024-08-07,Energy Fund,Equity,15722.3104,15886.5185,15383.1869,15586.7928,2758838
2024-08-08,Energy Fund,Equity,15586.7928,15876.7818,15353.9031,15490.9637,1087887
2024-08-09,Energy Fund,Equity,15490.9637,15779.6638,15231.5906,15527.3765,3097287
2024-08-12,Energy Fund,Equity,15527.3765,15721.8955,15455.1529,15696.3027,6796553
2024-08-13,Energy Fund,Equity,15696.3027,15826.1418,15432.6234,15701.2048,5724526
2024-08-14,Energy Fund,Equity,15701.2048,15819.1839,15557.7294,15667.3543,1449233
2024-08-15,Energy Fund,Equity,15667.3543,15721.5354,15238.4618,15436.1702,1679877
2024-08-16,Energy Fund,Equity,15436.1702,15536.9392,15387.0337,15444.8955,7555913
2024-08-19,Energy Fund,Equity,15444.8955,15630.6954,14908.8794,15143.7065,1261082
2024-08-20,Energy Fund,Equity,15143.7065,15860.6199,14852.7679,15636.533,1564377
2024-08-21,Energy Fund,Equity,15636.533,16178.1372,15484.3368,15995.0216,1577224
2024-08-22,Energy Fund,Equity,15995.0216,16035.3643,15644.9839,15799.469,15977121
2024-08-23,Energy Fund,Equity,15799.469,16095.1148,15394.7856,15465.1445,3631599
2024-08-26,Energy Fund,Equity,15465.1445,15630.8679,15115.5771,15209.1553,2432561
2024-08-27,Energy Fund,Equity,15209.1553,15225.5128,14630.2141,14861.8287,3078381
2024-08-28,Energy Fund,Equity,14861.8287,14875.9457,14305.7843,14557.8017,11138064
2024-08-29,Energy Fund,Equity,14557.8017,14773.7695,13854.1409,14101.4348,2463404
2024-08-30,Energy Fund,Equity,14101.4348,14223.5978,13586.599,13841.9337,573925
2024-09-02,Energy Fund,Equity,13841.9337,13893.1488,13560.7979,13623.5665,7405971
2024-09-03,Energy Fund,Equity,13623.5665,13802.9907,13419.3574,13450.5448,1529639
2024-09-04,Energy Fund,Equity,13450.5448,13847.5214,13432.9853,13767.4335,808770
2024-09-05,Energy Fund,Equity,13767.4335,13885.3966,13659.7532,13867.5013,8782951
2024-09-06,Energy Fund,Equity,13867.5013,14138.2085,13734.0615,13991.9074,634062
2024-09-09,Energy Fund,Equity,13991.9074,14199.6527,13583.241,13826.5487,2161417
2024-09-10,Energy Fund,Equity,13826.5487,14279.7549,13756.6099,14014.2935,8348811
2024-09-11,Energy Fund,Equity,14014.2935,14229.8079,13478.464,13715.2731,11632118
2024-09-12,Energy Fund,Equity,13715.2731,13838.7303,13600.9132,13806.3119,350708
2024-09-13,Energy Fund,Equity,13806.3119,14053.3009,13540.2297,13580.4517,2006941
2024-09-16,Energy Fund,Equity,13580.4517,14003.5162,13365.0006,13752.676,4356559
2024-09-17,Energy Fund,Equity,13752.676,13923.6406,13498.9672,13847.0485,2092075
2024-09-18,Energy Fund,Equity,13847.0485,14072.2323,13685.657,14048.341,6554481
2024-09-19,Energy Fund,Equity,14048.341,14118.1613,13784.4684,14110.0814,4165940
2024-09-20,Energy Fund,Equity,14110.0814,14335.6556,14079.7883,14139.5716,2031199
2024-09-23,Energy Fund,Equity,14139.5716,14355.2475,13724.7833,13961.9019,2541410
2024-09-24,Energy Fund,Equity,13961.9019,13966.1526,13531.3733,13723.7257,4406206
2024-09-25,Energy Fund,Equity,13723.7257,14376.1857,13604.5412,14146.1176,6424282
2024-09-26,Energy Fund,Equity,14146.1176,14889.8847,13882.5517,14617.011,7751186
2024-09-27,Energy Fund,Equity,14617.011,14908.5074,14047.8228,14241.7433,6057532
2024-09-30,Energy Fund,Equity,14241.7433,14655.028,13988.723,14534.1521,415011
2024-10-01,Energy Fund,Equity,14534.1521,15074.4113,14294.5327,14825.2941,3044490
2024-10-02,Energy Fund,Equity,14825.2941,15104.6254,14791.2958,14988.5452,5112014
2024-10-03,Energy Fund,Equity,14988.5452,15029.7536,14953.9779,14991.5623,11188060
2024-10-04,Energy Fund,Equity,14991.5623,15319.7211,14930.4511,15104.9717,1693672
2024-10-07,Energy Fund,Equity,15104.9717,15344.5322,14855.2596,15001.9202,6942650
2024-10-08,Energy Fund,Equity,15001.9202,15106.0757,14590.8458,14840.5709,13780472
2024-10-09,Energy Fund,Equity,14840.5709,15026.9847,14613.5368,14649.4987,22469919
2024-10-10,Energy Fund,Equity,14649.4987,14799.0925,14437.8785,14729.7831,3301886
2024-10-11,Energy Fund,Equity,14729.7831,15223.4337,14591.1862,15161.3065,1433287
2024-10-14,Energy Fund,Equity,15161.3065,15577.84,14974.7851,15403.7616,21597991
2024-10-15,Energy Fund,Equity,15403.7616,15681.0591,15069.1982,15322.6279,3274643
2024-10-16,Energy Fund,Equity,15322.6279,15558.7646,14954.0306,15253.0085,971745
2024-10-17,Energy Fund,Equity,15253.0085,15373.3617,15050.2598,15189.9799,8111241
2024-10-18,Energy Fund,Equity,15189.9799,15196.9516,14866.9285,14909.0405,7409088
2024-10-21,Energy Fund,Equity,14909.0405,15137.0046,14498.259,14529.2616,2039077
2024-10-22,Energy Fund,Equity,14529.2616,14615.9613,14401.9453,14584.7499,4877866
2024-10-23,Energy Fund,Equity,14584.7499,15016.8134,14316.2108,14786.3262,560327
2024-10-24,Energy Fund,Equity,14786.3262,15103.5004,14607.2933,14964.0409,10263379
2024-10-25,Energy Fund,Equity,14964.0409,15239.35,14697.5372,14842.7893,3448079
2024-10-28,Energy Fund,Equity,14842.7893,15232.6067,14706.8089,14963.5645,2299305
2024-10-29,Energy Fund,Equity,14963.5645,15253.3821,14621.2576,14683.8515,2587754
2024-10-30,Energy Fund,Equity,14683.8515,14882.3714,14408.1559,14810.4388,1125042
2024-10-31,Energy Fund,Equity,14810.4388,14858.8286,13889.4894,14028.2341,13888565
2024-11-01,Energy Fund,Equity,14028.2341,14228.7534,13754.3273,14226.1204,2654300
2024-11-04,Energy Fund,Equity,14226.1204,14239.4247,13858.7947,14009.5672,4731386
2024-11-05,Energy Fund,Equity,14009.5672,14078.2512,13671.9167,13852.041,1171576
2024-11-06,Energy Fund,Equity,13852.041,13997.9103,13473.8547,13690.4902,3616995
2024-11-07,Energy Fund,Equity,13690.4902,13856.3156,13418.4424,13815.383,3620812
2024-11-08,Energy Fund,Equity,13815.383,14151.7235,13808.8472,14007.3692,22692901
2024-11-11,Energy Fund,Equity,14007.3692,14073.775,14001.4996,14048.0315,5552784
2024-11-12,Energy Fund,Equity,14048.0315,14253.057,13907.6447,14080.1485,1897900
2024-11-13,Energy Fund,Equity,14080.1485,14296.7858,14074.681,14150.6655,483704
2024-11-14,Energy Fund,Equity,14150.6655,14405.4213,13920.1958,14125.0723,3052775
2024-11-15,Energy Fund,Equity,14125.0723,14312.6951,14062.1951,14184.1511,8458010
2024-11-18,Energy Fund,Equity,14184.1511,14348.0099,14134.3959,14280.802,4223450
2024-11-19,Energy Fund,Equity,14280.802,14400.7481,13996.3649,14104.7793,8681166
2024-11-20,Energy Fund,Equity,14104.7793,14364.8241,14027.2145,14197.5835,5627496
2024-11-21,Energy Fund,Equity,14197.5835,14516.681,14032.8583,14240.2838,5474780
2024-11-22,Energy Fund,Equity,14240.2838,14439.5847,13965.7252,14342.8198,5240410
2024-11-25,Energy Fund,Equity,14342.8198,14528.7345,14168.8552,14329.9883,4115069
2024-11-26,Energy Fund,Equity,14329.9883,14622.1358,14096.1502,14447.8815,4767857
2024-11-27,Energy Fund,Equity,14447.8815,14572.3262,14029.6462,14222.4274,1570130
2024-11-28,Energy Fund,Equity,14222.4274,14461.419,13996.1271,14348.3273,1216263
2024-11-29,Energy Fund,Equity,14348.3273,14557.2128,14078.3103,14370.448,2601917
2024-12-02,Energy Fund,Equity,14370.448,14834.5223,14176.432,14570.908,6295004
2024-12-03,Energy Fund,Equity,14570.908,14948.5665,14447.2192,14728.3546,2196862
2024-12-04,Energy Fund,Equity,14728.3546,15179.3349,14447.8232,14888.8089,4898303
2024-12-05,Energy Fund,Equity,14888.8089,14921.4263,14641.3864,14714.2349,546753
2024-12-06,Energy Fund,Equity,14714.2349,14896.854,14455.0261,14650.1561,7670224
2024-12-09,Energy Fund,Equity,14650.1561,14739.4673,14391.2336,14521.4435,5599422
2024-12-10,Energy Fund,Equity,14521.4435,14776.8084,14408.2624,14509.1453,11533026
2024-12-11,Energy Fund,Equity,14509.1453,14733.26,14237.4653,14368.6376,6507711
2024-12-12,Energy Fund,Equity,14368.6376,14484.2403,14091.0389,14305.4179,1900473
2024-12-13,Energy Fund,Equity,14305.4179,14560.9523,14118.3255,14355.3794,1849391
2024-12-16,Energy Fund,Equity,14355.3794,14523.9412,13946.8825,14214.4394,5645327
2024-12-17,Energy Fund,Equity,14214.4394,14758.2004,14119.7132,14543.9851,14917212
2024-12-18,Energy Fund,Equity,14543.9851,14662.0657,14290.8869,14658.8714,4172423
2024-12-19,Energy Fund,Equity,14658.8714,14908.7606,14371.4304,14612.214,742448
2024-12-20,Energy Fund,Equity,14612.214,15171.3736,14509.7191,15053.8099,1665908
2024-12-23,Energy Fund,Equity,15053.8099,15572.2562,14808.7159,15417.6356,2089029
2024-12-24,Energy Fund,Equity,15417.6356,15558.4384,14948.1166,15196.8505,24186808
2024-12-25,Energy Fund,Equity,15196.8505,15648.5847,15028.822,15428.6324,3697111
2024-12-26,Energy Fund,Equity,15428.6324,15732.3485,14918.001,15081.5728,2283822
2024-12-27,Energy Fund,Equity,15081.5728,15178.6369,14704.294,14803.6149,8177765
2024-12-30,Energy Fund,Equity,14803.6149,14956.8867,14577.6992,14752.3681,21758225
2024-12-31,Energy Fund,Equity,14752.3681,14981.5827,14538.447,14704.0841,3822108
2025-01-01,Energy Fund,Equity,14704.0841,14824.4772,14373.0591,14439.8189,10793609
2025-01-02,Energy Fund,Equity,14439.8189,14731.3327,14298.3705,14443.594,4931460
2025-01-03,Energy Fund,Equity,14443.594,14468.137,14182.2315,14456.6886,714438
2025-01-06,Energy Fund,Equity,14456.6886,14763.6393,14289.0389,14585.7438,7358049
2025-01-07,Energy Fund,Equity,14585.7438,14966.5229,14344.2613,14680.0043,13410007
2025-01-08,Energy Fund,Equity,14680.0043,14897.2955,14452.652,14688.3939,766493
2025-01-09,Energy Fund,Equity,14688.3939,14762.0643,14431.3729,14692.9385,3071627
2025-01-10,Energy Fund,Equity,14692.9385,14873.5441,14588.1655,14794.8173,1299909
2025-01-13,Energy Fund,Equity,14794.8173,15397.3962,14590.572,15297.2623,3516870
2025-01-14,Energy Fund,Equity,15297.2623,15419.4187,15032.491,15260.1619,5674531
2025-01-15,Energy Fund,Equity,15260.1619,15296.341,15034.5643,15172.6005,1480732
2025-01-16,Energy Fund,Equity,15172.6005,15180.682,14636.5145,14850.1656,4234090
2025-01-17,Energy Fund,Equity,14850.1656,15134.458,14832.4422,15003.9977,1046495
2025-01-20,Energy Fund,Equity,15003.9977,15655.7368,14784.2344,15392.6205,192418
2025-01-21,Energy Fund,Equity,15392.6205,15533.278,14932.9375,15232.8135,2305413
2025-01-22,Energy Fund,Equity,15232.8135,15839.0318,14973.8826,15625.6054,3622391
2025-01-23,Energy Fund,Equity,15625.6054,16071.3681,15572.0065,15792.9835,1502455
2025-01-24,Energy Fund,Equity,15792.9835,16092.8197,15703.7245,15845.3821,3061562
2025-01-27,Energy Fund,Equity,15845.3821,16000.6558,15261.9276,15371.1136,12571642
2025-01-28,Energy Fund,Equity,15371.1136,15835.5173,15102.4397,15592.7255,996115
2025-01-29,Energy Fund,Equity,15592.7255,15753.6735,15459.4587,15673.7996,2306630
2025-01-30,Energy Fund,Equity,15673.7996,15735.5743,15604.0027,15654.0545,8182520
2025-01-31,Energy Fund,Equity,15654.0545,16351.7647,15407.5318,16032.0205,2775942
2025-02-03,Energy Fund,Equity,16032.0205,16410.233,16007.5577,16121.5176,5585691
2025-02-04,Energy Fund,Equity,16121.5176,16418.674,16062.2927,16086.6584,6460751
2025-02-05,Energy Fund,Equity,16086.6584,16655.8224,15839.2922,16330.2268,8069252
2025-02-06,Energy Fund,Equity,16330.2268,16705.4235,16266.2062,16583.847,407291
2025-02-07,Energy Fund,Equity,16583.847,16765.8764,16093.7679,16390.8223,1591039
2025-02-10,Energy Fund,Equity,16390.8223,16474.435,16331.0411,16362.0928,2608895
2025-02-11,Energy Fund,Equity,16362.0928,16900.7531,16184.2598,16707.5595,560047
2025-02-12,Energy Fund,Equity,16707.5595,17311.561,16591.8515,17030.0596,1214771
2025-02-13,Energy Fund,Equity,17030.0596,17076.8475,16813.0123,16971.6493,1970878
2025-02-14,Energy Fund,Equity,16971.6493,17046.665,16693.2454,16943.5804,978508
2025-02-17,Energy Fund,Equity,16943.5804,17019.2494,16943.2442,16961.753,2096036
2025-02-18,Energy Fund,Equity,16961.753,17097.8126,16736.4764,17064.0453,7439647
2025-02-19,Energy Fund,Equity,17064.0453,17207.1301,16624.7437,16925.0171,34618549
2025-02-20,Energy Fund,Equity,16925.0171,17036.4228,16525.4476,16784.3294,775340
2025-02-21,Energy Fund,Equity,16784.3294,17389.8856,16781.9827,17054.6583,7477916
2025-02-24,Energy Fund,Equity,17054.6583,17725.3596,16753.1851,17405.8484,6981951
2025-02-25,Energy Fund,Equity,17405.8484,17409.6966,17167.2248,17356.283,3321435
2025-02-26,Energy Fund,Equity,17356.283,17495.2737,16627.9892,16938.8945,378886
2025-02-27,Energy Fund,Equity,16938.8945,17498.2733,16769.6743,17187.9062,2236585
2025-02-28,Energy Fund,Equity,17187.9062,17843.1795,17074.9695,17594.0576,2382880
2025-03-03,Energy Fund,Equity,17594.0576,17640.1641,17420.2755,17523.5708,2012243
2025-03-04,Energy Fund,Equity,17523.5708,18070.7161,17283.2372,17732.2096,857495
2025-03-05,Energy Fund,Equity,17732.2096,17847.3961,17280.8035,17578.3263,15984538
2025-03-06,Energy Fund,Equity,17578.3263,17581.5126,17277.3443,17555.6117,7994709
2025-03-07,Energy Fund,Equity,17555.6117,17822.8991,17234.4529,17581.9522,13277456
2025-03-10,Energy Fund,Equity,17581.9522,17754.263,17474.6341,17651.6497,76201876
2025-03-11,Energy Fund,Equity,17651.6497,17709.3798,17559.7562,17593.0172,13318816
2025-03-12,Energy Fund,Equity,17593.0172,17822.9432,16788.4132,16948.087,487044
2025-03-13,Energy Fund,Equity,16948.087,17267.2155,16894.0425,16959.639,1022315
2025-03-14,Energy Fund,Equity,16959.639,17430.9736,16908.5565,17173.8516,17225988
2025-03-17,Energy Fund,Equity,17173.8516,17511.1066,17089.1478,17219.3857,5793605
2025-03-18,Energy Fund,Equity,17219.3857,17579.7544,17087.1568,17441.1201,6677801
2025-03-19,Energy Fund,Equity,17441.1201,17697.7222,17251.2279,17266.0376,4271550
2025-03-20,Energy Fund,Equity,17266.0376,17450.293,16930.4403,17416.0448,1139286
2025-03-21,Energy Fund,Equity,17416.0448,17792.7416,17106.8821,17505.9736,8416706
2025-03-24,Energy Fund,Equity,17505.9736,17755.5404,17361.2544,17686.6355,2064024
2025-03-25,Energy Fund,Equity,17686.6355,18164.5921,17583.8728,18153.6486,5251527
2025-03-26,Energy Fund,Equity,18153.6486,18435.0392,17489.1293,17720.0758,11146611
2025-03-27,Energy Fund,Equity,17720.0758,17943.011,17418.5573,17576.9138,2149991
2025-03-28,Energy Fund,Equity,17576.9138,17683.4464,17412.3606,17450.0989,1257691
2025-03-31,Energy Fund,Equity,17450.0989,18068.1939,17161.7216,17862.6071,4311684
2025-04-01,Energy Fund,Equity,17862.6071,18080.322,17578.7512,17819.6737,1152550
2025-04-02,Energy Fund,Equity,17819.6737,18350.2219,17786.0914,18114.2191,8245385
2025-04-03,Energy Fund,Equity,18114.2191,18780.8665,17863.0247,18414.9685,8404996
2025-04-04,Energy Fund,Equity,18414.9685,18784.2496,18047.8349,18463.7474,23558254
2025-04-07,Energy Fund,Equity,18463.7474,18646.2958,18195.3808,18616.8979,12261710
2025-04-08,Energy Fund,Equity,18616.8979,18940.1955,18373.4885,18893.1307,6807383
2025-04-09,Energy Fund,Equity,18893.1307,19277.5349,18634.6807,19185.302,1478499
2025-04-10,Energy Fund,Equity,19185.302,19438.2761,18596.5389,18947.2948,4377946
2025-04-11,Energy Fund,Equity,18947.2948,19288.5193,18507.0093,18803.1551,9951265
2025-04-14,Energy Fund,Equity,18803.1551,18930.0079,18469.7011,18764.3696,1586890
2025-04-15,Energy Fund,Equity,18764.3696,19479.6726,18398.2247,19247.762,1432623
2025-04-16,Energy Fund,Equity,19247.762,19526.3072,18902.1597,19221.0211,6465060
2025-04-17,Energy Fund,Equity,19221.0211,19388.031,18856.0031,18920.0531,1013272
2025-04-18,Energy Fund,Equity,18920.0531,19720.2964,18668.1163,19526.0652,3112155
2025-04-21,Energy Fund,Equity,19526.0652,19923.9134,19474.7327,19578.7821,5931406
2025-04-22,Energy Fund,Equity,19578.7821,19738.549,19372.9047,19499.1887,4103245
2025-04-23,Energy Fund,Equity,19499.1887,19747.7307,18873.4246,19013.1282,6751260
2025-04-24,Energy Fund,Equity,19013.1282,19202.7003,18885.3108,19120.3687,8532645
2025-04-25,Energy Fund,Equity,19120.3687,19325.2622,18779.4355,19026.3757,9475157
2025-04-28,Energy Fund,Equity,19026.3757,19207.2233,18576.4191,18656.598,1236878
2025-04-29,Energy Fund,Equity,18656.598,18770.019,18465.4074,18584.6106,2851595
2025-04-30,Energy Fund,Equity,18584.6106,18909.5873,18567.7442,18616.4225,5306329
2025-05-01,Energy Fund,Equity,18616.4225,18767.1393,18094.0864,18291.1451,5249876
2025-05-02,Energy Fund,Equity,18291.1451,19095.2456,17995.8675,18728.9479,6597519
2025-05-05,Energy Fund,Equity,18728.9479,19293.27,18455.6043,19003.1759,1177752
2025-05-06,Energy Fund,Equity,19003.1759,19025.4254,18672.1071,18823.1551,7130376
2025-05-07,Energy Fund,Equity,18823.1551,19076.0788,18771.978,18773.3356,3868096
2025-05-08,Energy Fund,Equity,18773.3356,18804.7255,18377.493,18693.7546,1480978
2025-05-09,Energy Fund,Equity,18693.7546,18900.7681,18498.1255,18809.5495,5721711
2025-05-12,Energy Fund,Equity,18809.5495,19003.666,18376.09,18650.2538,1405508
2025-05-13,Energy Fund,Equity,18650.2538,18995.8883,18418.0136,18577.454,1869687
2025-05-14,Energy Fund,Equity,18577.454,18871.2664,18015.5181,18073.1029,4115065
2025-05-15,Energy Fund,Equity,18073.1029,18453.8309,18000.2546,18295.1585,1630634
2025-05-16,Energy Fund,Equity,18295.1585,18700.515,18193.8105,18653.8538,7539430
2025-05-19,Energy Fund,Equity,18653.8538,18938.6776,18238.8256,18502.9396,893029
2025-05-20,Energy Fund,Equity,18502.9396,18603.5792,18347.1547,18401.0427,1981408
2025-05-21,Energy Fund,Equity,18401.0427,18677.0665,17916.8559,18203.6436,2799065
2025-05-22,Energy Fund,Equity,18203.6436,18527.6988,17632.8518,17980.0963,3804935
2025-05-23,Energy Fund,Equity,17980.0963,18465.5463,17785.9676,18159.7582,1277239
2025-05-26,Energy Fund,Equity,18159.7582,18345.8118,17953.4804,18098.499,434563
2025-05-27,Energy Fund,Equity,18098.499,18220.3551,17886.5449,18132.8454,3944113
2025-05-28,Energy Fund,Equity,18132.8454,18262.831,17594.3108,17918.8383,4990583
2025-05-29,Energy Fund,Equity,17918.8383,17962.8415,17357.4566,17539.2427,4592631
2025-05-30,Energy Fund,Equity,17539.2427,17760.3831,16999.249,17022.6329,5787735
2025-06-02,Energy Fund,Equity,17022.6329,17087.027,16722.7252,17065.9282,1038275
2025-06-03,Energy Fund,Equity,17065.9282,17312.4185,16929.4732,17178.0165,1383617
2025-06-04,Energy Fund,Equity,17178.0165,17431.705,17004.4528,17182.3359,16096337
2025-06-05,Energy Fund,Equity,17182.3359,17774.2005,16970.7818,17560.9027,5478193
2025-06-06,Energy Fund,Equity,17560.9027,17907.501,17434.8843,17876.6555,496664
2025-06-09,Energy Fund,Equity,17876.6555,18382.8912,17615.275,18196.0569,2404252
2025-06-10,Energy Fund,Equity,18196.0569,18524.0654,18112.2636,18193.8864,2238580
2025-06-11,Energy Fund,Equity,18193.8864,18450.2135,18016.0564,18181.3112,2053651
2025-06-12,Energy Fund,Equity,18181.3112,18826.8282,17907.9044,18731.5264,2041514
2025-06-13,Energy Fund,Equity,18731.5264,18977.287,18336.4116,18645.3156,1101833
2025-06-16,Energy Fund,Equity,18645.3156,18975.1244,18599.7076,18839.8182,7946621
2025-06-17,Energy Fund,Equity,18839.8182,19296.5852,18481.2735,18971.2915,2313872
2025-06-18,Energy Fund,Equity,18971.2915,19243.1965,18701.6498,18996.7392,1469272
2025-06-19,Energy Fund,Equity,18996.7392,19494.096,18928.5665,19354.9449,6319309
2025-06-20,Energy Fund,Equity,19354.9449,19479.3929,18916.3288,19157.0215,2527459
2025-06-23,Energy Fund,Equity,19157.0215,19230.9953,18626.1778,18995.0567,2203403
2025-06-24,Energy Fund,Equity,18995.0567,19314.4571,18479.1385,18626.3579,4011830
2025-06-25,Energy Fund,Equity,18626.3579,18772.8437,18367.6907,18555.0776,5172890
2025-06-26,Energy Fund,Equity,18555.0776,18704.764,17806.8321,18161.2056,4797187
2025-06-27,Energy Fund,Equity,18161.2056,18695.7172,17967.9677,18529.0063,5443728
2025-06-30,Energy Fund,Equity,18529.0063,19340.3864,18340.9875,19016.5456,1781287
2025-07-01,Energy Fund,Equity,19016.5456,19083.901,18073.0173,18419.0177,2537440
2025-07-02,Energy Fund,Equity,18419.0177,18970.8507,18127.6592,18703.2642,1763745
2025-07-03,Energy Fund,Equity,18703.2642,19093.18,18640.5345,18756.3348,5949987
2025-07-04,Energy Fund,Equity,18756.3348,19230.1096,18478.4583,19126.2004,5971453
2025-07-07,Energy Fund,Equity,19126.2004,19419.6741,18865.4695,19298.9082,5332682
2025-07-08,Energy Fund,Equity,19298.9082,19797.1195,19068.2691,19615.4904,1357066
2025-07-09,Energy Fund,Equity,19615.4904,19685.3332,19248.1649,19278.0725,2444851
2025-07-10,Energy Fund,Equity,19278.0725,19595.1753,19252.5331,19587.0127,4662431
2025-07-11,Energy Fund,Equity,19587.0127,20149.6906,19480.596,20086.3352,2420545
2025-07-14,Energy Fund,Equity,20086.3352,20176.7232,19793.2148,19933.7873,808378
2025-07-15,Energy Fund,Equity,19933.7873,20187.4683,19679.5336,20154.7444,14363409
2025-07-16,Energy Fund,Equity,20154.7444,20503.7552,19862.0304,20385.8012,3143163
2025-07-17,Energy Fund,Equity,20385.8012,20754.0599,19926.3547,20124.0466,6757470
2025-07-18,Energy Fund,Equity,20124.0466,20227.8078,19637.9993,19870.9291,5043710
2025-07-21,Energy Fund,Equity,19870.9291,20024.5443,19616.3611,19875.8707,435307
2025-07-22,Energy Fund,Equity,19875.8707,20134.1301,19658.1419,19825.5174,3253033
2025-07-23,Energy Fund,Equity,19825.5174,19912.8963,19537.9329,19625.767,2496017
2025-07-24,Energy Fund,Equity,19625.767,19642.2785,19545.1571,19599.5721,6603135
2025-07-25,Energy Fund,Equity,19599.5721,19725.8812,19404.1418,19652.5295,1531060
2025-07-28,Energy Fund,Equity,19652.5295,20135.4787,19472.408,20007.2364,1970969
2025-07-29,Energy Fund,Equity,20007.2364,20324.6374,19598.3379,19861.1745,17580874
2025-07-30,Energy Fund,Equity,19861.1745,20286.8564,19598.3668,19901.8732,237956
2025-07-31,Energy Fund,Equity,19901.8732,20305.3926,19516.7066,20175.2172,3151092
2025-08-01,Energy Fund,Equity,20175.2172,20530.108,19847.1915,19947.704,2960295
2025-08-04,Energy Fund,Equity,19947.704,20019.7697,19627.7811,19924.6733,1214521
2025-08-05,Energy Fund,Equity,19924.6733,20002.9398,19617.0108,19836.2087,2055607
2025-08-06,Energy Fund,Equity,19836.2087,19874.8378,19612.6987,19851.7132,9630436
2025-08-07,Energy Fund,Equity,19851.7132,19880.582,19674.607,19748.7866,4393987
2025-08-08,Energy Fund,Equity,19748.7866,20136.0695,19650.2481,19920.6891,14708509
2025-08-11,Energy Fund,Equity,19920.6891,20078.2263,19561.4612,19982.0626,3057905
2025-08-12,Energy Fund,Equity,19982.0626,20168.8199,19315.1683,19688.6818,4047159
2025-08-13,Energy Fund,Equity,19688.6818,20110.054,19463.8677,20007.4443,2578202
2025-08-14,Energy Fund,Equity,20007.4443,20687.6593,19906.1173,20686.4263,2603639
2025-08-15,Energy Fund,Equity,20686.4263,20802.1441,20409.2254,20541.1497,2506126
2025-08-18,Energy Fund,Equity,20541.1497,20735.1315,20135.2342,20559.9586,3664182
2025-08-19,Energy Fund,Equity,20559.9586,20826.03,20517.6692,20540.5023,981585
2025-08-20,Energy Fund,Equity,20540.5023,20598.1316,20315.5826,20380.6742,4378289
2025-08-21,Energy Fund,Equity,20380.6742,20718.2244,20154.2476,20450.1525,5310216
2025-08-22,Energy Fund,Equity,20450.1525,20891.231,20390.6769,20721.2547,743821
2025-08-25,Energy Fund,Equity,20721.2547,20800.2725,20155.2433,20490.3421,4830675
2025-08-26,Energy Fund,Equity,20490.3421,21036.6341,20327.9436,20862.142,13994850
2025-08-27,Energy Fund,Equity,20862.142,21428.2127,20457.7213,21211.7623,7801518
2025-08-28,Energy Fund,Equity,21211.7623,21559.8992,20955.1305,21185.3165,5590612
2025-08-29,Energy Fund,Equity,21185.3165,21428.5132,20597.3907,20975.1865,3328377
2025-09-01,Energy Fund,Equity,20975.1865,21261.0621,20824.8157,21193.2737,6316158
2025-09-02,Energy Fund,Equity,21193.2737,21438.9205,20808.9808,20961.9122,1105970
2025-09-03,Energy Fund,Equity,20961.9122,21082.0724,20336.3038,20375.181,21029993
2025-09-04,Energy Fund,Equity,20375.181,20381.0369,19909.9896,19918.3001,4802114
2025-09-05,Energy Fund,Equity,19918.3001,20314.1286,19773.5377,19846.3277,3474974
2025-09-08,Energy Fund,Equity,19846.3277,20060.7051,19586.3303,19617.9589,5287286
2025-09-09,Energy Fund,Equity,19617.9589,19793.8441,19285.0083,19759.7913,13954450
2025-09-10,Energy Fund,Equity,19759.7913,20371.3192,19396.0105,20004.5858,3576442
2025-09-11,Energy Fund,Equity,20004.5858,20103.5209,19696.6494,20008.1962,4472294
2025-09-12,Energy Fund,Equity,20008.1962,20624.9639,19694.3623,20285.2725,1280813
2025-09-15,Energy Fund,Equity,20285.2725,20452.9307,19889.6508,20087.0149,699149
2025-09-16,Energy Fund,Equity,20087.0149,20292.217,19826.1974,20039.2989,938238
2025-09-17,Energy Fund,Equity,20039.2989,20159.636,19773.5262,20067.0131,12390121
2025-09-18,Energy Fund,Equity,20067.0131,20326.0004,19826.3372,19884.7738,9151853
2025-09-19,Energy Fund,Equity,19884.7738,20458.2004,19655.9698,20092.0004,2518959
2025-09-22,Energy Fund,Equity,20092.0004,20724.1678,19895.1444,20334.3369,5117503
2025-09-23,Energy Fund,Equity,20334.3369,20363.611,19557.0521,19723.8382,14297276
2025-09-24,Energy Fund,Equity,19723.8382,20262.4043,19703.5358,19907.1113,5788765
2025-09-25,Energy Fund,Equity,19907.1113,19987.0352,19268.2437,19621.5159,3497432
2025-09-26,Energy Fund,Equity,19621.5159,20131.2777,19457.9406,20105.3883,3203788
2025-09-29,Energy Fund,Equity,20105.3883,20236.4022,19837.0224,19862.6642,4838148
2025-09-30,Energy Fund,Equity,19862.6642,20257.287,19475.4919,19927.6653,3483992
2025-10-01,Energy Fund,Equity,19927.6653,20204.556,19721.1141,19973.9855,3727755
2025-10-02,Energy Fund,Equity,19973.9855,20422.3865,19951.5248,20348.2912,2275498
2025-10-03,Energy Fund,Equity,20348.2912,21064.4137,20248.4372,20725.398,1139624
2025-10-06,Energy Fund,Equity,20725.398,21046.1679,20708.0191,20941.7296,5965694
2025-10-07,Energy Fund,Equity,20941.7296,20969.0545,20461.1084,20762.5842,1824025
2025-10-08,Energy Fund,Equity,20762.5842,21151.5663,20574.3788,21045.4254,2477265
2025-10-09,Energy Fund,Equity,21045.4254,21551.8475,20888.2057,21328.0644,4512569
2025-10-10,Energy Fund,Equity,21328.0644,21361.9435,21017.3656,21206.118,7102398
2025-10-13,Energy Fund,Equity,21206.118,22166.6228,21084.6218,21762.4755,15743969
2025-10-14,Energy Fund,Equity,21762.4755,21917.8225,21300.7131,21619.0958,593332
2025-10-15,Energy Fund,Equity,21619.0958,22400.0245,21220.0154,22038.5735,6564770
2025-10-16,Energy Fund,Equity,22038.5735,22235.609,21723.7017,22140.1139,3137959
2025-10-17,Energy Fund,Equity,22140.1139,22805.3222,21792.984,22589.918,3772346
2025-10-20,Energy Fund,Equity,22589.918,22996.4751,22559.5683,22644.9823,4256222
2025-10-21,Energy Fund,Equity,22644.9823,23015.1189,22624.8785,22847.4296,19992609
2025-10-22,Energy Fund,Equity,22847.4296,22944.319,22768.315,22847.6917,322724
2025-10-23,Energy Fund,Equity,22847.6917,23872.667,22579.2818,23758.6644,4233208
2025-10-24,Energy Fund,Equity,23758.6644,24166.0733,23303.1048,23743.437,8336038
2025-10-27,Energy Fund,Equity,23743.437,24856.8015,23588.4158,24646.8676,1649036
2025-10-28,Energy Fund,Equity,24646.8676,25137.9086,24366.8579,24369.1001,1525789
2025-10-29,Energy Fund,Equity,24369.1001,25040.3504,24192.3102,24708.1378,4605602
2025-10-30,Energy Fund,Equity,24708.1378,25908.9828,24222.593,25417.1512,594211
2025-10-31,Energy Fund,Equity,25417.1512,26030.0305,25228.1427,25873.7632,2757629
2025-11-03,Energy Fund,Equity,25873.7632,26213.6789,25443.1956,25705.7966,1939895
2025-11-04,Energy Fund,Equity,25705.7966,25897.6561,25013.758,25517.6605,800855
2025-11-05,Energy Fund,Equity,25517.6605,25984.0807,25224.8835,25398.935,9267340
2025-11-06,Energy Fund,Equity,25398.935,25670.1388,25053.5679,25471.3204,3475207
2025-11-07,Energy Fund,Equity,25471.3204,25763.811,24590.1315,25081.3572,1317447
2025-11-10,Energy Fund,Equity,25081.3572,25819.7399,24954.063,25356.047,3029635
2025-11-11,Energy Fund,Equity,25356.047,26278.3619,25307.3844,26008.8859,1022445
2025-11-12,Energy Fund,Equity,26008.8859,26856.5801,25751.2411,26809.6243,1119453
2025-11-13,Energy Fund,Equity,26809.6243,27354.0699,26627.3138,26977.7925,414877
2025-11-14,Energy Fund,Equity,26977.7925,27314.4167,26974.6406,26989.6579,1551380
2025-11-17,Energy Fund,Equity,26989.6579,27177.5341,26687.2657,26979.2084,3068516
2025-11-18,Energy Fund,Equity,26979.2084,27448.2955,26490.7018,26567.7752,1258115
2025-11-19,Energy Fund,Equity,26567.7752,27161.9197,26186.6841,26826.5804,3248453
2025-11-20,Energy Fund,Equity,26826.5804,27173.2497,26358.0468,26695.4367,3110997
2025-11-21,Energy Fund,Equity,26695.4367,27184.1389,26555.76,26665.1323,1220733
2025-11-24,Energy Fund,Equity,26665.1323,27097.5135,25406.8121,25832.8348,399870
2025-11-25,Energy Fund,Equity,25832.8348,25870.0531,25400.0859,25578.8735,12012843
2025-11-26,Energy Fund,Equity,25578.8735,26538.3952,25346.8009,26035.9022,9235456
2025-11-27,Energy Fund,Equity,26035.9022,26374.3186,25795.7457,26295.108,28782176
2025-11-28,Energy Fund,Equity,26295.108,26744.3319,25779.6717,26549.7018,3478859
2025-12-01,Energy Fund,Equity,26549.7018,26651.4745,25850.4631,25923.9288,4245537
2025-12-02,Energy Fund,Equity,25923.9288,26154.6753,25267.3117,25776.8713,3143347
2025-12-03,Energy Fund,Equity,25776.8713,26293.55,25532.9701,26231.1172,6963326
2025-12-04,Energy Fund,Equity,26231.1172,26563.3718,25990.4554,26467.405,2385917
2025-12-05,Energy Fund,Equity,26467.405,27081.8835,26344.8857,26639.5374,43723039
2025-12-08,Energy Fund,Equity,26639.5374,27432.0598,26425.293,27145.3659,1937720
2025-12-09,Energy Fund,Equity,27145.3659,27651.5189,26864.7503,27185.8036,4463010
2025-12-10,Energy Fund,Equity,27185.8036,27611.043,26776.9199,27154.1907,28656315
2025-12-11,Energy Fund,Equity,27154.1907,27397.097,26998.467,27165.0128,4460830
2025-12-12,Energy Fund,Equity,27165.0128,27635.7167,26633.7194,27612.2795,3057553
2025-12-15,Energy Fund,Equity,27612.2795,27764.9701,27127.4445,27154.6564,1649184
2025-12-16,Energy Fund,Equity,27154.6564,27544.8548,26680.867,26880.8224,3144222
2025-12-17,Energy Fund,Equity,26880.8224,27498.1386,26507.1085,26972.8375,809753
2025-12-18,Energy Fund,Equity,26972.8375,28009.5635,26491.7848,27602.4405,3122725
2025-12-19,Energy Fund,Equity,27602.4405,27950.8207,27082.9632,27783.5492,2318639
2025-12-22,Energy Fund,Equity,27783.5492,28481.4127,27702.7039,27942.7926,2714919
2025-12-23,Energy Fund,Equity,27942.7926,28498.0703,27557.6765,27829.6068,757642
2025-12-24,Energy Fund,Equity,27829.6068,29163.8102,27393.5996,28609.7573,5279626
2025-12-25,Energy Fund,Equity,28609.7573,28665.6197,27942.4908,28307.3455,1185081
2025-12-26,Energy Fund,Equity,28307.3455,28810.1483,27890.9869,28074.4566,1547070
2025-12-29,Energy Fund,Equity,28074.4566,28116.0244,27047.2008,27244.9247,11930991
2025-12-30,Energy Fund,Equity,27244.9247,27795.1026,27038.2768,27615.9026,2659769
2025-12-31,Energy Fund,Equity,27615.9026,28357.9065,27089.1178,27912.2674,6988227
2022-01-03,Government Bond,Bond,16013.3712,16476.8243,15924.4285,16310.8856,2303197
2022-01-04,Government Bond,Bond,16310.8856,16358.1849,16008.4539,16067.7408,1585634
2022-01-05,Government Bond,Bond,16067.7408,16377.4291,16008.7493,16106.6792,6603803
2022-01-06,Government Bond,Bond,16106.6792,16136.7381,16061.1576,16115.0907,8331002
2022-01-07,Government Bond,Bond,16115.0907,16214.7765,16055.0708,16074.3376,3020924
2022-01-10,Government Bond,Bond,16074.3376,16394.0141,15815.3912,15890.2491,1352415
2022-01-11,Government Bond,Bond,15890.2491,16356.2908,15767.241,16079.9228,1106595
2022-01-12,Government Bond,Bond,16079.9228,16143.2828,15894.1934,15999.6757,7487462
2022-01-13,Government Bond,Bond,15999.6757,16214.9974,15547.6982,15621.7252,12148594
2022-01-14,Government Bond,Bond,15621.7252,15764.1542,15220.4009,15392.0982,12205337
2022-01-17,Government Bond,Bond,15392.0982,15649.4374,14927.6013,15146.2657,7082460
2022-01-18,Government Bond,Bond,15146.2657,15193.9847,14860.2713,15020.4558,23855710
2022-01-19,Government Bond,Bond,15020.4558,15143.2367,14752.4058,14967.9258,981103
2022-01-20,Government Bond,Bond,14967.9258,15181.369,14835.014,15082.988,2041768
2022-01-21,Government Bond,Bond,15082.988,15316.6273,14966.4862,15222.8468,11985177
2022-01-24,Government Bond,Bond,15222.8468,15513.3656,15001.9031,15410.8451,630178
2022-01-25,Government Bond,Bond,15410.8451,15506.4751,15093.2834,15160.4282,4191052
2022-01-26,Government Bond,Bond,15160.4282,15399.9909,14931.6502,15245.4741,288049
2022-01-27,Government Bond,Bond,15245.4741,15454.3915,14713.4497,14954.3695,1182042
2022-01-28,Government Bond,Bond,14954.3695,15539.8241,14725.0282,15269.9323,1651603
2022-01-31,Government Bond,Bond,15269.9323,15668.3637,14970.8171,15433.7636,10092277
2022-02-01,Government Bond,Bond,15433.7636,15576.0289,15258.1595,15272.3425,2916310
2022-02-02,Government Bond,Bond,15272.3425,15532.5173,15062.9907,15436.9248,625286
2022-02-03,Government Bond,Bond,15436.9248,15714.832,15345.84,15370.3831,11341078
2022-02-04,Government Bond,Bond,15370.3831,15550.1188,15278.5557,15450.6187,4590639
2022-02-07,Government Bond,Bond,15450.6187,15934.0955,15348.7304,15673.3988,1813658
2022-02-08,Government Bond,Bond,15673.3988,15820.3459,15123.0124,15431.2651,4279022
2022-02-09,Government Bond,Bond,15431.2651,15436.4708,15093.9036,15315.8927,1830582
2022-02-10,Government Bond,Bond,15315.8927,15558.2346,14982.5519,15072.7459,5297073
2022-02-11,Government Bond,Bond,15072.7459,15100.1692,14947.3852,15026.4978,1134326
2022-02-14,Government Bond,Bond,15026.4978,15500.3165,14893.4368,15258.4551,2260281
2022-02-15,Government Bond,Bond,15258.4551,15484.2018,15036.9406,15379.3632,17239365
2022-02-16,Government Bond,Bond,15379.3632,15805.304,15169.2866,15612.3492,15026160
2022-02-17,Government Bond,Bond,15612.3492,15895.0434,15336.3587,15843.6125,2415311
2022-02-18,Government Bond,Bond,15843.6125,16033.7446,15531.6793,15649.3583,2298535
2022-02-21,Government Bond,Bond,15649.3583,15858.6097,15491.453,15587.5528,11891456
2022-02-22,Government Bond,Bond,15587.5528,15776.7258,15273.1744,15476.5194,904946
2022-02-23,Government Bond,Bond,15476.5194,15744.9866,15188.1857,15530.3295,3381864
2022-02-24,Government Bond,Bond,15530.3295,15693.6677,15191.0923,15350.424,2165036
2022-02-25,Government Bond,Bond,15350.424,16020.1293,15080.7911,15714.8434,5273600
2022-02-28,Government Bond,Bond,15714.8434,15795.2478,15584.6345,15639.9428,1471531
2022-03-01,Government Bond,Bond,15639.9428,16222.6929,15417.2622,16149.296,19901034
2022-03-02,Government Bond,Bond,16149.296,16540.8314,16037.0171,16370.4742,2575058
2022-03-03,Government Bond,Bond,16370.4742,16403.1392,15904.3787,16168.6476,1457082
2022-03-04,Government Bond,Bond,16168.6476,16183.4179,15860.9608,16112.7668,1986087
2022-03-07,Government Bond,Bond,16112.7668,16297.5149,15977.3659,16109.3211,3010658
2022-03-08,Government Bond,Bond,16109.3211,16366.3583,15567.263,15876.5309,1261234
2022-03-09,Government Bond,Bond,15876.5309,15888.1416,15563.0918,15803.0495,2933377
2022-03-10,Government Bond,Bond,15803.0495,16378.9777,15516.2222,16153.6354,4279828
2022-03-11,Government Bond,Bond,16153.6354,16368.6654,16054.0882,16214.5657,4455854
2022-03-14,Government Bond,Bond,16214.5657,16703.5302,16154.2159,16502.1135,168480573
2022-03-15,Government Bond,Bond,16502.1135,16706.8073,16287.2859,16365.712,25333847
2022-03-16,Government Bond,Bond,16365.712,16652.2118,15868.7783,16025.1715,2377198
2022-03-17,Government Bond,Bond,16025.1715,16342.336,15602.712,15771.0523,6346303
2022-03-18,Government Bond,Bond,15771.0523,16090.5764,15512.3205,16002.4924,906587
2022-03-21,Government Bond,Bond,16002.4924,16294.0384,15891.0192,16270.3437,4567870
2022-03-22,Government Bond,Bond,16270.3437,16540.1618,16154.4328,16476.1542,11535637
2022-03-23,Government Bond,Bond,16476.1542,16767.4255,16374.3137,16652.666,767941
2022-03-24,Government Bond,Bond,16652.666,16717.7787,16235.201,16553.8864,859123
2022-03-25,Government Bond,Bond,16553.8864,16630.4712,15873.0059,16077.4324,1050267
2022-03-28,Government Bond,Bond,16077.4324,16095.3449,15706.2689,16000.1957,22901167
2022-03-29,Government Bond,Bond,16000.1957,16196.5696,15849.1596,15993.1939,4604437
2022-03-30,Government Bond,Bond,15993.1939,16139.0735,15608.4116,15868.1364,2602271
2022-03-31,Government Bond,Bond,15868.1364,16164.1043,15799.0943,15884.2954,2466502
2022-04-01,Government Bond,Bond,15884.2954,16102.5412,15823.3047,16020.8074,1718137
2022-04-04,Government Bond,Bond,16020.8074,16300.8835,15494.8217,15688.8753,666349
2022-04-05,Government Bond,Bond,15688.8753,16201.9014,15653.3511,15898.5678,301947
2022-04-06,Government Bond,Bond,15898.5678,15914.3768,15637.3571,15844.8946,1085887
2022-04-07,Government Bond,Bond,15844.8946,16126.822,15731.9265,15990.3298,3207001
2022-04-08,Government Bond,Bond,15990.3298,16116.5656,15866.929,15996.5145,3577269
2022-04-11,Government Bond,Bond,15996.5145,16155.373,15909.8789,16014.8094,803178
2022-04-12,Government Bond,Bond,16014.8094,16177.7387,15883.7257,15902.2783,1358103
2022-04-13,Government Bond,Bond,15902.2783,16122.7118,15715.8158,15735.2655,3508492
2022-04-14,Government Bond,Bond,15735.2655,16154.9267,15504.8369,15947.2681,7566550
2022-04-15,Government Bond,Bond,15947.2681,16052.8825,15838.9842,16009.1173,2119240
2022-04-18,Government Bond,Bond,16009.1173,16324.8746,15980.6459,16015.0077,6565816
2022-04-19,Government Bond,Bond,16015.0077,16216.8642,15820.5456,15845.4887,3149587
2022-04-20,Government Bond,Bond,15845.4887,16082.7729,15668.115,15719.6636,1560457
2022-04-21,Government Bond,Bond,15719.6636,16027.5934,15666.9155,15701.5665,2129884
2022-04-22,Government Bond,Bond,15701.5665,15866.2862,15476.3176,15767.8438,2159708
2022-04-25,Government Bond,Bond,15767.8438,15851.5048,15586.3162,15728.3521,802297
2022-04-26,Government Bond,Bond,15728.3521,16073.2555,15436.3169,15909.1456,7035672
2022-04-27,Government Bond,Bond,15909.1456,16104.4483,15508.8122,15703.9485,1468363
2022-04-28,Government Bond,Bond,15703.9485,15855.3827,15469.1925,15737.5287,1952001
2022-04-29,Government Bond,Bond,15737.5287,15796.8114,15537.2322,15796.2728,12634696
2022-05-02,Government Bond,Bond,15796.2728,15943.0663,15301.4845,15602.8462,7491080
2022-05-03,Government Bond,Bond,15602.8462,15668.6449,15203.1897,15375.0212,1584152
2022-05-04,Government Bond,Bond,15375.0212,15503.2694,15178.6607,15409.7865,5615555
2022-05-05,Government Bond,Bond,15409.7865,15768.7751,15214.2157,15718.6558,17811653
2022-05-06,Government Bond,Bond,15718.6558,15888.3432,15336.4483,15646.0098,3117066
2022-05-09,Government Bond,Bond,15646.0098,15746.931,15416.8114,15716.6903,2985426
2022-05-10,Government Bond,Bond,15716.6903,15896.1249,15456.2363,15641.6777,1837607
2022-05-11,Government Bond,Bond,15641.6777,15963.9613,15356.263,15776.6562,12302450
2022-05-12,Government Bond,Bond,15776.6562,15827.7058,15301.6969,15425.096,2515132
2022-05-13,Government Bond,Bond,15425.096,15476.3873,14907.0114,15085.8606,5350600
2022-05-16,Government Bond,Bond,15085.8606,15260.3148,14892.3196,14921.603,10440700
2022-05-17,Government Bond,Bond,14921.603,15219.2907,14592.3043,14883.6026,5424105
2022-05-18,Government Bond,Bond,14883.6026,15150.0601,14464.8334,14696.9382,3577173
2022-05-19,Government Bond,Bond,14696.9382,14872.4943,14544.3916,14718.7794,4614016
2022-05-20,Government Bond,Bond,14718.7794,14905.8293,14309.9817,14582.0678,321823
2022-05-23,Government Bond,Bond,14582.0678,15074.2277,14430.7547,14818.5252,4346519
2022-05-24,Government Bond,Bond,14818.5252,15239.6921,14794.3885,15104.9926,817037
2022-05-25,Government Bond,Bond,15104.9926,15386.402,14909.0126,15131.8276,2607798
2022-05-26,Government Bond,Bond,15131.8276,15660.7147,15104.1782,15527.3833,5832247
2022-05-27,Government Bond,Bond,15527.3833,15734.0184,15349.631,15514.4912,5469185
2022-05-30,Government Bond,Bond,15514.4912,15819.0869,15184.6047,15411.7434,4802996
2022-05-31,Government Bond,Bond,15411.7434,15994.792,15239.0051,15960.7201,1820811
2022-06-01,Government Bond,Bond,15960.7201,16161.8594,15681.5866,15985.1608,1498211
2022-06-02,Government Bond,Bond,15985.1608,16269.1935,15584.9181,15765.6692,7576543
2022-06-03,Government Bond,Bond,15765.6692,16036.1367,15210.4134,15498.9939,4727109
2022-06-06,Government Bond,Bond,15498.9939,15836.7843,15448.1828,15683.4338,2140655
2022-06-07,Government Bond,Bond,15683.4338,16068.739,15674.81,15977.0548,10078654
2022-06-08,Government Bond,Bond,15977.0548,16030.5981,15817.5519,15879.1726,906108
2022-06-09,Government Bond,Bond,15879.1726,16234.6837,15777.6258,15990.2744,2943172
2022-06-10,Government Bond,Bond,15990.2744,16174.759,15840.5094,16028.7532,5052610
2022-06-13,Government Bond,Bond,16028.7532,16152.6979,15522.2988,15687.9308,2021714
2022-06-14,Government Bond,Bond,15687.9308,16182.765,15463.0293,16067.4655,3876976
2022-06-15,Government Bond,Bond,16067.4655,16318.506,15777.8602,16193.722,3559732
2022-06-16,Government Bond,Bond,16193.722,16527.0757,16166.3061,16313.5269,9842254
2022-06-17,Government Bond,Bond,16313.5269,16453.7749,15662.9488,15856.4556,6599490
2022-06-20,Government Bond,Bond,15856.4556,16169.6934,15651.6811,15839.4778,7885067
2022-06-21,Government Bond,Bond,15839.4778,16066.3343,15735.4546,15751.3312,2130458
2022-06-22,Government Bond,Bond,15751.3312,15887.8066,15244.7893,15476.9175,3060160
2022-06-23,Government Bond,Bond,15476.9175,15554.8981,15082.6369,15194.3272,2809687
2022-06-24,Government Bond,Bond,15194.3272,15415.6662,15175.4401,15230.6041,1606740
2022-06-27,Government Bond,Bond,15230.6041,15332.2895,14718.8675,14884.9056,572879
2022-06-28,Government Bond,Bond,14884.9056,15122.3269,14623.7376,14671.3048,540451
2022-06-29,Government Bond,Bond,14671.3048,14790.122,14457.8271,14700.4283,35743299
2022-06-30,Government Bond,Bond,14700.4283,14896.7288,14209.1646,14440.8801,48968507
2022-07-01,Government Bond,Bond,14440.8801,14714.3393,14440.5649,14461.4263,4297403
2022-07-04,Government Bond,Bond,14461.4263,14488.6694,13993.7845,14144.2713,3824885
2022-07-05,Government Bond,Bond,14144.2713,14333.8349,13896.8017,14034.2586,14874760
2022-07-06,Government Bond,Bond,14034.2586,14141.6469,13576.3834,13672.0317,1939362
2022-07-07,Government Bond,Bond,13672.0317,13697.3623,13327.998,13506.2845,4480788
2022-07-08,Government Bond,Bond,13506.2845,13547.4632,12951.6449,13058.997,14327522
2022-07-11,Government Bond,Bond,13058.997,13301.0802,13043.3491,13116.7695,4010574
2022-07-12,Government Bond,Bond,13116.7695,13199.471,12842.941,12893.4506,6989452
2022-07-13,Government Bond,Bond,12893.4506,13182.1541,12721.2012,13022.798,10896573
2022-07-14,Government Bond,Bond,13022.798,13187.7328,12798.3515,12963.4,700091
2022-07-15,Government Bond,Bond,12963.4,13163.1235,12723.6129,12836.6226,8212673
2022-07-18,Government Bond,Bond,12836.6226,13080.1616,12695.6457,12741.3367,23644741
2022-07-19,Government Bond,Bond,12741.3367,12939.9512,12724.5165,12895.4025,19727908
2022-07-20,Government Bond,Bond,12895.4025,12943.5041,12558.8921,12809.5583,4901391
2022-07-21,Government Bond,Bond,12809.5583,12960.9542,12492.2743,12627.1606,7602511
2022-07-22,Government Bond,Bond,12627.1606,12933.878,12573.7461,12722.2507,6743530
2022-07-25,Government Bond,Bond,12722.2507,12739.7923,12472.998,12653.5713,3670581
2022-07-26,Government Bond,Bond,12653.5713,12882.2617,12557.4189,12669.3146,2246097
2022-07-27,Government Bond,Bond,12669.3146,12853.4512,12611.0284,12706.4509,4625366
2022-07-28,Government Bond,Bond,12706.4509,12930.855,12571.601,12811.3599,2194931
2022-07-29,Government Bond,Bond,12811.3599,13132.5868,12570.9081,12965.9354,6667828
2022-08-01,Government Bond,Bond,12965.9354,13250.4115,12939.031,13076.9263,7788629
2022-08-02,Government Bond,Bond,13076.9263,13115.2512,12809.649,13044.891,1094963
2022-08-03,Government Bond,Bond,13044.891,13400.9653,12798.2251,13189.1356,1859167
2022-08-04,Government Bond,Bond,13189.1356,13389.1911,12819.5674,12896.7604,1906709
2022-08-05,Government Bond,Bond,12896.7604,13135.5787,12825.6013,12930.2649,13025020
2022-08-08,Government Bond,Bond,12930.2649,13739.2544,12861.3213,13484.9001,4667025
2022-08-09,Government Bond,Bond,13484.9001,13828.6756,13419.0722,13663.2343,6540457
2022-08-10,Government Bond,Bond,13663.2343,13929.2663,13604.9731,13730.141,2521217
2022-08-11,Government Bond,Bond,13730.141,13773.7082,13390.0285,13533.9915,27608813
2022-08-12,Government Bond,Bond,13533.9915,13660.3876,13275.1584,13433.7053,2475283
2022-08-15,Government Bond,Bond,13433.7053,13502.9324,13406.0939,13414.317,1909155
2022-08-16,Government Bond,Bond,13414.317,13637.6275,13374.8559,13518.7995,1939841
2022-08-17,Government Bond,Bond,13518.7995,13734.5637,13364.0152,13462.1434,1808043
2022-08-18,Government Bond,Bond,13462.1434,13611.6571,13393.6867,13401.6163,1051651
2022-08-19,Government Bond,Bond,13401.6163,13404.2231,12959.9563,13137.0142,16617683
2022-08-22,Government Bond,Bond,13137.0142,13402.9512,12997.8656,13311.9163,13662600
2022-08-23,Government Bond,Bond,13311.9163,13781.4796,13290.1383,13622.4834,1378396
2022-08-24,Government Bond,Bond,13622.4834,14011.3098,13383.8759,13908.1938,9372469
2022-08-25,Government Bond,Bond,13908.1938,14159.7281,13721.9509,13844.0199,4620177
2022-08-26,Government Bond,Bond,13844.0199,14162.1947,13733.5164,14020.5556,5905184
2022-08-29,Government Bond,Bond,14020.5556,14092.6128,13900.6016,14001.8688,3867139
2022-08-30,Government Bond,Bond,14001.8688,14176.172,13730.053,14103.3415,2289167
2022-08-31,Government Bond,Bond,14103.3415,14292.5442,13829.9788,14229.1488,1671255
2022-09-01,Government Bond,Bond,14229.1488,14598.9476,13975.0998,14535.6256,8895577
2022-09-02,Government Bond,Bond,14535.6256,15007.5405,14499.1002,14725.8408,4840593
2022-09-05,Government Bond,Bond,14725.8408,14891.1702,14533.6304,14782.9588,9275299
2022-09-06,Government Bond,Bond,14782.9588,14927.2834,14491.5568,14554.4769,1498146
2022-09-07,Government Bond,Bond,14554.4769,14936.5852,14280.378,14689.859,3199745
2022-09-08,Government Bond,Bond,14689.859,14928.4356,14307.5144,14576.5734,10083971
2022-09-09,Government Bond,Bond,14576.5734,14673.4472,14564.9911,14611.6788,4606518
2022-09-12,Government Bond,Bond,14611.6788,15007.3371,14418.5657,14869.0419,2889973
2022-09-13,Government Bond,Bond,14869.0419,15371.6673,14641.679,15319.1163,1233374
2022-09-14,Government Bond,Bond,15319.1163,15611.5025,15110.8509,15580.9735,2026391
2022-09-15,Government Bond,Bond,15580.9735,15931.8145,15373.6376,15804.691,1696789
2022-09-16,Government Bond,Bond,15804.691,15960.9667,15477.4318,15490.4239,8465859
2022-09-19,Government Bond,Bond,15490.4239,15748.8179,15272.265,15420.1962,879748
2022-09-20,Government Bond,Bond,15420.1962,15753.5534,15204.0978,15656.8508,4121768
2022-09-21,Government Bond,Bond,15656.8508,15768.4773,15279.705,15585.114,4856385
2022-09-22,Government Bond,Bond,15585.114,15709.088,15422.0668,15559.3016,2554013
2022-09-23,Government Bond,Bond,15559.3016,15858.9425,15294.7983,15754.8509,4169145
2022-09-26,Government Bond,Bond,15754.8509,15878.5232,15311.496,15591.1317,3290493
2022-09-27,Government Bond,Bond,15591.1317,15878.7667,15577.1246,15783.3201,1195042
2022-09-28,Government Bond,Bond,15783.3201,16210.0746,15588.4612,16078.4027,4023357
2022-09-29,Government Bond,Bond,16078.4027,16177.0442,15842.5698,16114.5595,3911369
2022-09-30,Government Bond,Bond,16114.5595,16690.0083,16073.3197,16526.5555,3311672
2022-10-03,Government Bond,Bond,16526.5555,16697.7448,16164.6541,16453.8813,52864106
2022-10-04,Government Bond,Bond,16453.8813,16603.8525,16261.8927,16431.1955,8461667
2022-10-05,Government Bond,Bond,16431.1955,16810.1329,16340.0165,16594.602,3361730
2022-10-06,Government Bond,Bond,16594.602,17378.2524,16400.3608,17158.6994,5704671
2022-10-07,Government Bond,Bond,17158.6994,17179.909,16673.8773,16950.1537,510133
2022-10-10,Government Bond,Bond,16950.1537,17175.1254,16930.8526,17122.2485,2552001
2022-10-11,Government Bond,Bond,17122.2485,17443.2561,16770.9944,16774.451,3023210
2022-10-12,Government Bond,Bond,16774.451,17092.9607,16743.2139,16962.5465,2816564
2022-10-13,Government Bond,Bond,16962.5465,17025.4931,16804.265,16962.6797,474737
2022-10-14,Government Bond,Bond,16962.6797,17259.1674,16676.3358,17135.4512,686222
2022-10-17,Government Bond,Bond,17135.4512,17349.4927,16962.6032,17001.0298,4388309
2022-10-18,Government Bond,Bond,17001.0298,17059.8744,16612.0826,16819.4311,1873399
2022-10-19,Government Bond,Bond,16819.4311,17152.5139,16366.2429,16505.4954,4190059
2022-10-20,Government Bond,Bond,16505.4954,16781.356,16192.2074,16591.5648,3462064
2022-10-21,Government Bond,Bond,16591.5648,16757.4829,15872.4487,16096.9775,569273
2022-10-24,Government Bond,Bond,16096.9775,16340.8109,15955.4001,16331.2469,2313555
2022-10-25,Government Bond,Bond,16331.2469,17033.7557,16191.6213,16940.2213,4211133
2022-10-26,Government Bond,Bond,16940.2213,17716.7536,16690.2422,17446.8356,2776555
2022-10-27,Government Bond,Bond,17446.8356,17514.9152,17222.1,17330.9457,6404124
2022-10-28,Government Bond,Bond,17330.9457,17913.4527,17035.8877,17638.8641,2790721
2022-10-31,Government Bond,Bond,17638.8641,17913.8517,17600.4032,17812.9417,689321
2022-11-01,Government Bond,Bond,17812.9417,18050.8149,17368.0862,17596.1194,5020333
2022-11-02,Government Bond,Bond,17596.1194,17871.8436,17161.8839,17511.8679,4377401
2022-11-03,Government Bond,Bond,17511.8679,17867.7171,17364.1443,17634.1822,6084505
2022-11-04,Government Bond,Bond,17634.1822,18110.4301,17353.3479,17884.5489,8475153
2022-11-07,Government Bond,Bond,17884.5489,18084.5223,17520.9474,17614.3187,2844868
2022-11-08,Government Bond,Bond,17614.3187,17749.1706,17290.6023,17574.8942,3139197
2022-11-09,Government Bond,Bond,17574.8942,17740.0433,17411.6132,17513.7011,3341643
2022-11-10,Government Bond,Bond,17513.7011,17840.1492,16852.0333,16865.9232,1820239
2022-11-11,Government Bond,Bond,16865.9232,17415.1529,16806.0032,17087.3363,5112844
2022-11-14,Government Bond,Bond,17087.3363,17257.9306,16897.4988,16940.004,3405145
2022-11-15,Government Bond,Bond,16940.004,18033.4443,16718.0965,17689.6806,20703251
2022-11-16,Government Bond,Bond,17689.6806,17735.054,17171.2669,17435.0645,1466238
2022-11-17,Government Bond,Bond,17435.0645,17691.1922,17169.0651,17676.7537,15708078
2022-11-18,Government Bond,Bond,17676.7537,17978.9461,17569.296,17770.2515,3619104
2022-11-21,Government Bond,Bond,17770.2515,18027.1789,17223.4444,17470.7327,2152177
2022-11-22,Government Bond,Bond,17470.7327,17497.6393,17037.197,17353.7205,2171838
2022-11-23,Government Bond,Bond,17353.7205,17451.0764,17034.7942,17176.8898,986724
2022-11-24,Government Bond,Bond,17176.8898,17421.4274,16941.0813,17358.0363,4850166
2022-11-25,Government Bond,Bond,17358.0363,17373.483,16813.9436,17052.0825,3448721
2022-11-28,Government Bond,Bond,17052.0825,17282.9287,16800.3337,16983.1537,18088298
2022-11-29,Government Bond,Bond,16983.1537,17542.0421,16915.3466,17311.5141,17953056
2022-11-30,Government Bond,Bond,17311.5141,17465.9771,16938.1211,17204.5899,619466
2022-12-01,Government Bond,Bond,17204.5899,17291.1172,16864.7216,16937.4624,2159605
2022-12-02,Government Bond,Bond,16937.4624,17177.5105,16745.6749,16886.2426,18454433
2022-12-05,Government Bond,Bond,16886.2426,17280.0908,16570.5979,17106.3135,4858651
2022-12-06,Government Bond,Bond,17106.3135,17630.807,17017.6617,17441.439,5763066
2022-12-07,Government Bond,Bond,17441.439,17671.5273,17235.1138,17651.7757,2448530
2022-12-08,Government Bond,Bond,17651.7757,17964.0608,16997.017,17292.3082,693580
2022-12-09,Government Bond,Bond,17292.3082,17456.7429,16760.8107,16898.8041,6382336
2022-12-12,Government Bond,Bond,16898.8041,17082.3636,16608.9235,16709.7943,2465340
2022-12-13,Government Bond,Bond,16709.7943,16853.8874,16378.5236,16395.6933,10144127
2022-12-14,Government Bond,Bond,16395.6933,16409.4908,16218.2163,16401.5401,4173397
2022-12-15,Government Bond,Bond,16401.5401,16722.0295,16355.7914,16490.8584,5210295
2022-12-16,Government Bond,Bond,16490.8584,16982.8182,16196.4145,16790.5931,6621908
2022-12-19,Government Bond,Bond,16790.5931,17082.6049,16352.7224,16559.8524,1454765
2022-12-20,Government Bond,Bond,16559.8524,17371.4229,16479.1276,17256.8347,8726037
2022-12-21,Government Bond,Bond,17256.8347,17888.8294,17077.4993,17851.8117,2638209
2022-12-22,Government Bond,Bond,17851.8117,18362.1048,17747.0832,18276.2663,5391494
2022-12-23,Government Bond,Bond,18276.2663,18445.8567,17915.8934,18365.9672,3416769
2022-12-26,Government Bond,Bond,18365.9672,18634.0625,18255.6171,18600.7147,5648883
2022-12-27,Government Bond,Bond,18600.7147,18965.7685,18522.5884,18561.6693,1884775
2022-12-28,Government Bond,Bond,18561.6693,18826.241,18457.9046,18530.9881,3323207
2022-12-29,Government Bond,Bond,18530.9881,18816.7524,18394.2763,18433.5815,1408612
2022-12-30,Government Bond,Bond,18433.5815,18727.8888,18193.435,18462.072,4985868
2023-01-02,Government Bond,Bond,18462.072,18595.417,18313.9189,18546.6706,1121971
2023-01-03,Government Bond,Bond,18546.6706,19069.6053,18533.8971,19024.2995,23852530
2023-01-04,Government Bond,Bond,19024.2995,19247.0265,18975.8197,19215.5825,7713316
2023-01-05,Government Bond,Bond,19215.5825,19678.0694,19117.9722,19293.6775,4714040
2023-01-06,Government Bond,Bond,19293.6775,19533.9996,18793.6726,18837.1541,3036049
2023-01-09,Government Bond,Bond,18837.1541,19069.8801,18494.8883,18825.962,22903996
2023-01-10,Government Bond,Bond,18825.962,19196.591,18585.076,18756.2289,17470450
2023-01-11,Government Bond,Bond,18756.2289,18889.8,18567.3341,18773.7424,2182204
2023-01-12,Government Bond,Bond,18773.7424,18982.8289,18066.1543,18343.5309,4637242
2023-01-13,Government Bond,Bond,18343.5309,18441.9413,17852.9457,18150.8223,772313
2023-01-16,Government Bond,Bond,18150.8223,18393.7414,18124.1117,18331.3964,4827624
2023-01-17,Government Bond,Bond,18331.3964,18600.3659,17979.9805,18468.4145,3380728
2023-01-18,Government Bond,Bond,18468.4145,18649.753,18158.6302,18297.9585,1247311
2023-01-19,Government Bond,Bond,18297.9585,18753.4206,18068.2047,18720.4706,6784017
2023-01-20,Government Bond,Bond,18720.4706,19153.7146,18466.0766,19006.1467,2901361
2023-01-23,Government Bond,Bond,19006.1467,19149.1194,18683.7221,18798.038,1401046
2023-01-24,Government Bond,Bond,18798.038,19022.0289,18613.3531,18832.7814,1603659
2023-01-25,Government Bond,Bond,18832.7814,19082.485,18178.1796,18362.6887,5892720
2023-01-26,Government Bond,Bond,18362.6887,18914.135,18218.1338,18642.7998,1973650
2023-01-27,Government Bond,Bond,18642.7998,18984.2584,18166.5713,18235.6771,3956537
2023-01-30,Government Bond,Bond,18235.6771,18500.8116,17869.1125,18205.2817,2319295
2023-01-31,Government Bond,Bond,18205.2817,18369.5236,18183.161,18335.65,3756415
2023-02-01,Government Bond,Bond,18335.65,18641.5923,18316.7587,18456.0276,3588931
2023-02-02,Government Bond,Bond,18456.0276,18580.7376,18247.866,18263.7933,1497972
2023-02-03,Government Bond,Bond,18263.7933,18524.2005,18239.2567,18278.9227,8173263
2023-02-06,Government Bond,Bond,18278.9227,18641.8155,18085.721,18316.7676,1778661
2023-02-07,Government Bond,Bond,18316.7676,18401.3795,18242.7835,18373.5055,4100354
2023-02-08,Government Bond,Bond,18373.5055,18480.329,18032.3733,18184.6273,23414331
2023-02-09,Government Bond,Bond,18184.6273,18462.8384,18082.8913,18424.7146,2914424
2023-02-10,Government Bond,Bond,18424.7146,19186.5095,18077.7246,18947.5291,4660299
2023-02-13,Government Bond,Bond,18947.5291,19111.673,18776.67,19029.965,13238298
2023-02-14,Government Bond,Bond,19029.965,19653.6004,18799.5301,19283.4597,5371950
2023-02-15,Government Bond,Bond,19283.4597,19311.2661,19122.1181,19182.0063,3337366
2023-02-16,Government Bond,Bond,19182.0063,19311.2464,18905.7618,19149.8667,1809410
2023-02-17,Government Bond,Bond,19149.8667,20020.9921,19043.4941,19833.7704,7860511
2023-02-20,Government Bond,Bond,19833.7704,20037.1306,19746.4981,19789.577,4837393
2023-02-21,Government Bond,Bond,19789.577,20083.1345,19653.1097,19759.5603,1563412
2023-02-22,Government Bond,Bond,19759.5603,19913.1368,18913.4215,19262.6323,5271781
2023-02-23,Government Bond,Bond,19262.6323,19375.3741,19188.2077,19283.5437,10464456
2023-02-24,Government Bond,Bond,19283.5437,19663.684,19005.0343,19146.0085,10483630
2023-02-27,Government Bond,Bond,19146.0085,19898.318,18772.1982,19522.8864,809449
2023-02-28,Government Bond,Bond,19522.8864,20046.7852,19227.7879,19823.4141,7414204
2023-03-01,Government Bond,Bond,19823.4141,20069.1698,19603.2488,19816.2003,10274921
2023-03-02,Government Bond,Bond,19816.2003,20250.1229,19733.692,20107.1144,3811555
2023-03-03,Government Bond,Bond,20107.1144,20307.5423,19324.4311,19680.0528,2636434
2023-03-06,Government Bond,Bond,19680.0528,20054.006,19325.468,19987.571,4581668
2023-03-07,Government Bond,Bond,19987.571,20240.6612,19494.5779,19872.7147,3568390
2023-03-08,Government Bond,Bond,19872.7147,20288.3866,19868.8613,19923.5941,1515036
2023-03-09,Government Bond,Bond,19923.5941,20061.8596,19551.6679,19800.1745,31279102
2023-03-10,Government Bond,Bond,19800.1745,19921.936,18785.6877,19103.1186,3527826
2023-03-13,Government Bond,Bond,19103.1186,19758.9263,18946.764,19401.6025,3469963
2023-03-14,Government Bond,Bond,19401.6025,19587.5056,18888.2602,19252.6344,2454156
2023-03-15,Government Bond,Bond,19252.6344,19854.3685,19197.3717,19809.6447,6542470
2023-03-16,Government Bond,Bond,19809.6447,20146.7677,19461.9918,20002.4363,3111126
2023-03-17,Government Bond,Bond,20002.4363,20334.5249,19658.4445,20093.1607,1307603
2023-03-20,Government Bond,Bond,20093.1607,21046.0929,19711.8489,20696.7129,35758493
2023-03-21,Government Bond,Bond,20696.7129,21243.5901,20587.2029,20939.895,3500531
2023-03-22,Government Bond,Bond,20939.895,21186.2486,20655.0111,21012.227,5598643
2023-03-23,Government Bond,Bond,21012.227,21314.3739,20385.5847,20727.2054,2580707
2023-03-24,Government Bond,Bond,20727.2054,21123.7728,20444.6151,20454.9467,6966008
2023-03-27,Government Bond,Bond,20454.9467,20474.6351,19929.4794,20092.522,1414459
2023-03-28,Government Bond,Bond,20092.522,20769.8777,19767.7909,20366.7426,4353011
2023-03-29,Government Bond,Bond,20366.7426,21265.0748,20177.2068,20912.2336,2553089
2023-03-30,Government Bond,Bond,20912.2336,21073.8835,20670.1863,20889.9869,14563154
2023-03-31,Government Bond,Bond,20889.9869,21416.9671,20651.2895,21265.2454,8143468
2023-04-03,Government Bond,Bond,21265.2454,21553.0431,20885.4792,21060.1453,1814454
2023-04-04,Government Bond,Bond,21060.1453,21402.591,20724.2667,21062.7458,3151657
2023-04-05,Government Bond,Bond,21062.7458,21306.8662,19927.6083,20015.4347,1712804
2023-04-06,Government Bond,Bond,20015.4347,20205.8053,19800.7231,19934.7047,3319708
2023-04-07,Government Bond,Bond,19934.7047,20428.5544,19931.805,20274.132,13382380
2023-04-10,Government Bond,Bond,20274.132,20528.5006,20230.4849,20498.8292,859868
2023-04-11,Government Bond,Bond,20498.8292,21026.5806,20298.0747,20892.2228,6742910
2023-04-12,Government Bond,Bond,20892.2228,21449.1318,20484.622,21197.3313,1808184
2023-04-13,Government Bond,Bond,21197.3313,22026.1,20986.4463,21692.8385,2883839
2023-04-14,Government Bond,Bond,21692.8385,21745.8788,21302.4714,21485.1657,7380285
2023-04-17,Government Bond,Bond,21485.1657,21765.045,21216.961,21491.9854,6528613
2023-04-18,Government Bond,Bond,21491.9854,21795.8558,20987.329,21403.407,1218036
2023-04-19,Government Bond,Bond,21403.407,21444.1136,21204.2079,21307.4966,1002963
2023-04-20,Government Bond,Bond,21307.4966,21645.7615,21210.5208,21546.4037,360073
2023-04-21,Government Bond,Bond,21546.4037,22049.7704,21146.5231,21936.5425,1073200
2023-04-24,Government Bond,Bond,21936.5425,22308.3331,21673.9595,22286.3347,5931762
2023-04-25,Government Bond,Bond,22286.3347,22403.3067,21422.365,21673.7917,4185286
2023-04-26,Government Bond,Bond,21673.7917,21734.6356,21014.0216,21279.2114,4207292
2023-04-27,Government Bond,Bond,21279.2114,21432.4212,20828.7319,21102.3605,521003
2023-04-28,Government Bond,Bond,21102.3605,21430.312,20789.9255,21280.3355,3156704
2023-05-01,Government Bond,Bond,21280.3355,21541.7358,21140.2644,21306.2718,598135
2023-05-02,Government Bond,Bond,21306.2718,21308.8288,20652.7196,20742.18,2601977
2023-05-03,Government Bond,Bond,20742.18,21181.0882,20572.9059,21063.0497,6897605
2023-05-04,Government Bond,Bond,21063.0497,21317.7129,20954.5994,21230.3413,12512726
2023-05-05,Government Bond,Bond,21230.3413,21372.227,20789.5979,21069.5527,5789802
2023-05-08,Government Bond,Bond,21069.5527,21448.6956,20511.8206,20602.3517,33936317
2023-05-09,Government Bond,Bond,20602.3517,20856.063,20039.5792,20394.7013,5335868
2023-05-10,Government Bond,Bond,20394.7013,21276.8561,20339.217,20933.384,2357837
2023-05-11,Government Bond,Bond,20933.384,21328.7254,20855.4606,21085.6623,4105948
2023-05-12,Government Bond,Bond,21085.6623,21129.3152,20758.2876,20973.6425,1828530
2023-05-15,Government Bond,Bond,20973.6425,21210.8118,20331.701,20622.7352,239074
2023-05-16,Government Bond,Bond,20622.7352,20639.9956,20285.524,20592.8021,1677435
2023-05-17,Government Bond,Bond,20592.8021,20914.2717,19429.4627,19710.5965,1577688
2023-05-18,Government Bond,Bond,19710.5965,20074.5224,19391.8637,19906.4091,3830063
2023-05-19,Government Bond,Bond,19906.4091,20341.4309,19791.2437,20236.4142,2225333
2023-05-22,Government Bond,Bond,20236.4142,20329.1594,19797.7486,19919.3613,6318977
2023-05-23,Government Bond,Bond,19919.3613,20410.2912,19589.5707,20138.5943,4537879
2023-05-24,Government Bond,Bond,20138.5943,20179.0593,19696.2988,19917.1368,3527508
2023-05-25,Government Bond,Bond,19917.1368,20102.8668,19331.9227,19593.0974,1654945
2023-05-26,Government Bond,Bond,19593.0974,20256.1484,19305.1122,19961.3105,2045881
2023-05-29,Government Bond,Bond,19961.3105,20487.2599,19646.1206,20252.5232,4817797
2023-05-30,Government Bond,Bond,20252.5232,20802.2825,19853.2376,20779.1485,646986
2023-05-31,Government Bond,Bond,20779.1485,21184.0695,20701.8293,20893.9386,4339733
2023-06-01,Government Bond,Bond,20893.9386,21128.6498,20261.1953,20433.2014,1699450
2023-06-02,Government Bond,Bond,20433.2014,20718.1355,20020.7052,20368.3619,28541908
2023-06-05,Government Bond,Bond,20368.3619,20546.3062,19806.7825,20195.3649,1148135
2023-06-06,Government Bond,Bond,20195.3649,20459.3072,19629.7506,19795.7177,717222
2023-06-07,Government Bond,Bond,19795.7177,20482.6026,19520.268,20458.8578,4012757
2023-06-08,Government Bond,Bond,20458.8578,20548.747,19808.9249,20178.2179,12931529
2023-06-09,Government Bond,Bond,20178.2179,20765.1852,20011.1152,20751.3529,1337858
2023-06-12,Government Bond,Bond,20751.3529,21001.6811,20540.1974,20626.7704,10701647
2023-06-13,Government Bond,Bond,20626.7704,21094.5805,20254.6917,20858.2764,2835840
2023-06-14,Government Bond,Bond,20858.2764,21416.2871,20847.616,21245.3424,713397
2023-06-15,Government Bond,Bond,21245.3424,21566.9328,20286.0537,20400.1366,1103554
2023-06-16,Government Bond,Bond,20400.1366,20524.0632,19948.0188,20189.9611,1442547
2023-06-19,Government Bond,Bond,20189.9611,20341.1089,19423.5728,19568.743,2277087
2023-06-20,Government Bond,Bond,19568.743,19745.1337,19180.0388,19742.9343,7849605
2023-06-21,Government Bond,Bond,19742.9343,20144.4624,19523.7076,19982.4746,9907242
2023-06-22,Government Bond,Bond,19982.4746,20421.7659,19911.1871,20123.4745,1924913
2023-06-23,Government Bond,Bond,20123.4745,20429.337,19278.7342,19607.2182,567440
2023-06-26,Government Bond,Bond,19607.2182,19952.7323,19298.918,19653.3146,1356049
2023-06-27,Government Bond,Bond,19653.3146,20021.9682,19528.1157,19684.3583,1007194
2023-06-28,Government Bond,Bond,19684.3583,20118.0118,19345.9869,20082.1373,2358327
2023-06-29,Government Bond,Bond,20082.1373,20119.243,19735.6386,20012.9524,2780971
2023-06-30,Government Bond,Bond,20012.9524,20186.7783,18884.8755,19150.1385,10775321
2023-07-03,Government Bond,Bond,19150.1385,19487.2468,18687.9845,18849.4851,2850199
2023-07-04,Government Bond,Bond,18849.4851,19114.9052,18745.5934,18870.5888,1479740
2023-07-05,Government Bond,Bond,18870.5888,19293.6742,18711.7645,19045.947,9440881
2023-07-06,Government Bond,Bond,19045.947,19329.6572,18535.7721,18553.5061,6646500
2023-07-07,Government Bond,Bond,18553.5061,18778.9411,17774.5586,18027.6303,1483134
2023-07-10,Government Bond,Bond,18027.6303,18373.094,17674.4058,17885.3327,1945759
2023-07-11,Government Bond,Bond,17885.3327,18417.9079,17798.8883,18226.472,2071463
2023-07-12,Government Bond,Bond,18226.472,18539.9293,18084.6271,18106.8797,890346
2023-07-13,Government Bond,Bond,18106.8797,18237.4543,17878.8685,18193.1596,2641575
2023-07-14,Government Bond,Bond,18193.1596,18471.8966,18156.1631,18331.4395,875807
2023-07-17,Government Bond,Bond,18331.4395,19071.8882,18097.8844,18815.8896,7165764
2023-07-18,Government Bond,Bond,18815.8896,20090.5932,18556.1327,19838.3917,3407839
2023-07-19,Government Bond,Bond,19838.3917,20203.5127,19754.8258,20140.7385,19273460
2023-07-20,Government Bond,Bond,20140.7385,20550.8399,19918.0355,20243.3854,2723151
2023-07-21,Government Bond,Bond,20243.3854,20607.264,19745.3408,20104.2688,2410442
2023-07-24,Government Bond,Bond,20104.2688,20342.9789,19974.0064,20162.866,2601715
2023-07-25,Government Bond,Bond,20162.866,20694.6965,20132.8923,20376.8061,13763720
2023-07-26,Government Bond,Bond,20376.8061,20511.1924,19828.714,20030.0075,1025527
2023-07-27,Government Bond,Bond,20030.0075,20177.3393,19609.6432,19902.3252,576054
2023-07-28,Government Bond,Bond,19902.3252,20487.65,19772.7602,20401.7245,9954361
2023-07-31,Government Bond,Bond,20401.7245,20647.6193,19942.4037,20348.615,2944216
2023-08-01,Government Bond,Bond,20348.615,20723.5587,19981.2342,20460.3738,1503726
2023-08-02,Government Bond,Bond,20460.3738,20497.5215,20196.1396,20362.0427,1603917
2023-08-03,Government Bond,Bond,20362.0427,20680.7411,20144.9721,20386.0003,3560596
2023-08-04,Government Bond,Bond,20386.0003,20447.0301,20010.6916,20351.6158,8927061
2023-08-07,Government Bond,Bond,20351.6158,20402.9174,20073.8071,20321.345,3082259
2023-08-08,Government Bond,Bond,20321.345,20616.8906,19573.1648,19880.7761,6288904
2023-08-09,Government Bond,Bond,19880.7761,20243.679,19581.332,19932.9548,7040745
2023-08-10,Government Bond,Bond,19932.9548,20123.7062,19674.4424,19681.9369,1091483
2023-08-11,Government Bond,Bond,19681.9369,19724.4772,19566.8777,19616.4193,500473
2023-08-14,Government Bond,Bond,19616.4193,20464.555,19402.0849,20128.9059,2485424
2023-08-15,Government Bond,Bond,20128.9059,20206.583,19369.9737,19426.9187,1959708
2023-08-16,Government Bond,Bond,19426.9187,19733.9884,19109.2587,19382.1921,13896322
2023-08-17,Government Bond,Bond,19382.1921,19573.9998,19217.8802,19401.7062,806635
2023-08-18,Government Bond,Bond,19401.7062,19829.4578,19051.0349,19512.2277,3374540
2023-08-21,Government Bond,Bond,19512.2277,19684.6739,19206.7269,19456.57,2261238
2023-08-22,Government Bond,Bond,19456.57,20104.1168,19392.9389,19733.1897,3275276
2023-08-23,Government Bond,Bond,19733.1897,19912.1025,19411.4748,19721.0717,10602894
2023-08-24,Government Bond,Bond,19721.0717,20360.4682,19516.7597,19963.405,4703847
2023-08-25,Government Bond,Bond,19963.405,20288.945,19646.0269,19763.3691,2407021
2023-08-28,Government Bond,Bond,19763.3691,19947.9132,19546.6215,19741.0757,892950
2023-08-29,Government Bond,Bond,19741.0757,20012.0421,19409.586,19600.5708,3394425
2023-08-30,Government Bond,Bond,19600.5708,19866.6571,19581.5884,19775.4782,5556349
2023-08-31,Government Bond,Bond,19775.4782,19837.4435,19183.0451,19293.9644,2270153
2023-09-01,Government Bond,Bond,19293.9644,19546.8724,18964.0847,19068.2596,535993
2023-09-04,Government Bond,Bond,19068.2596,19394.5669,18843.3995,19033.103,1970105
2023-09-05,Government Bond,Bond,19033.103,19145.0774,18959.5157,19040.015,5611755
2023-09-06,Government Bond,Bond,19040.015,19378.1161,18752.4625,19146.8229,21696330
2023-09-07,Government Bond,Bond,19146.8229,19346.4443,18940.9871,19196.0591,13270702
2023-09-08,Government Bond,Bond,19196.0591,19356.3137,18771.5076,18898.3481,4584264
2023-09-11,Government Bond,Bond,18898.3481,18958.7637,18645.094,18705.6374,2530263
2023-09-12,Government Bond,Bond,18705.6374,19020.8725,18549.9345,18942.8177,2507448
2023-09-13,Government Bond,Bond,18942.8177,19258.8488,18868.356,19239.5606,1670281
2023-09-14,Government Bond,Bond,19239.5606,19344.3004,18868.0798,18931.6227,4045398
2023-09-15,Government Bond,Bond,18931.6227,19199.1903,18692.626,19010.6982,2358455
2023-09-18,Government Bond,Bond,19010.6982,19291.4528,18893.5785,19192.5845,468975
2023-09-19,Government Bond,Bond,19192.5845,19429.5061,18601.0402,18923.587,4953168
2023-09-20,Government Bond,Bond,18923.587,19154.6476,18653.8638,18864.9302,1739563
2023-09-21,Government Bond,Bond,18864.9302,19262.7547,18798.4932,18908.8069,8363295
2023-09-22,Government Bond,Bond,18908.8069,19152.6551,18836.7769,19011.8704,6958711
2023-09-25,Government Bond,Bond,19011.8704,19268.2508,18843.1074,19130.3532,10989940
2023-09-26,Government Bond,Bond,19130.3532,19164.6473,18646.9509,18993.1126,8976590
2023-09-27,Government Bond,Bond,18993.1126,19070.7563,18214.6639,18547.564,1007598
2023-09-28,Government Bond,Bond,18547.564,19048.2491,18534.6127,18718.5168,956726
2023-09-29,Government Bond,Bond,18718.5168,18964.843,18494.1062,18632.8856,10801390
2023-10-02,Government Bond,Bond,18632.8856,18641.0582,17992.4885,18340.1396,7643617
2023-10-03,Government Bond,Bond,18340.1396,18641.8321,18167.9034,18243.04,1040374
2023-10-04,Government Bond,Bond,18243.04,18380.2587,18001.3424,18246.6373,10003738
2023-10-05,Government Bond,Bond,18246.6373,18514.3251,17797.2998,17908.271,886650
2023-10-06,Government Bond,Bond,17908.271,18355.1374,17730.053,18064.1702,1895460
2023-10-09,Government Bond,Bond,18064.1702,18775.9024,17913.5006,18586.5889,4237077
2023-10-10,Government Bond,Bond,18586.5889,19111.8898,18259.1217,18852.7716,4092359
2023-10-11,Government Bond,Bond,18852.7716,19173.7485,18363.3846,18509.2801,1347499
2023-10-12,Government Bond,Bond,18509.2801,18789.0805,18101.2417,18302.1934,5157191
2023-10-13,Government Bond,Bond,18302.1934,18557.3054,18291.8921,18296.2416,565373
2023-10-16,Government Bond,Bond,18296.2416,18560.6745,18020.7072,18479.26,27730826
2023-10-17,Government Bond,Bond,18479.26,18653.4153,17938.9861,18184.9004,1260515
2023-10-18,Government Bond,Bond,18184.9004,18460.7838,17848.3344,18009.6043,2790031
2023-10-19,Government Bond,Bond,18009.6043,18313.7207,17551.1849,17740.9521,10645451
2023-10-20,Government Bond,Bond,17740.9521,18385.4966,17732.7224,18167.4319,3558314
2023-10-23,Government Bond,Bond,18167.4319,18364.4243,17868.9386,18147.056,623456
2023-10-24,Government Bond,Bond,18147.056,18341.215,17695.2128,17835.8978,413526
2023-10-25,Government Bond,Bond,17835.8978,17900.0412,17391.8206,17675.6482,2074227
2023-10-26,Government Bond,Bond,17675.6482,17908.3706,17503.97,17825.8535,3595753
2023-10-27,Government Bond,Bond,17825.8535,18100.1597,17489.5887,17612.0151,5971659
2023-10-30,Government Bond,Bond,17612.0151,18459.433,17356.1043,18237.1715,6302048
2023-10-31,Government Bond,Bond,18237.1715,18403.9859,17856.162,18096.4913,3993392
2023-11-01,Government Bond,Bond,18096.4913,18141.576,17670.6049,17819.7976,1051581
2023-11-02,Government Bond,Bond,17819.7976,18277.5364,17498.8845,18272.6038,4058632
2023-11-03,Government Bond,Bond,18272.6038,18558.8704,18219.3708,18544.4251,2424981
2023-11-06,Government Bond,Bond,18544.4251,18858.8623,18228.7394,18232.8239,882581
2023-11-07,Government Bond,Bond,18232.8239,18533.0149,17709.8349,17989.965,4627491
2023-11-08,Government Bond,Bond,17989.965,18218.256,17538.6614,17593.6444,3267680
2023-11-09,Government Bond,Bond,17593.6444,18076.7507,17280.1043,17725.3532,1012392
2023-11-10,Government Bond,Bond,17725.3532,18347.2308,17531.297,17988.0508,33896520
2023-11-13,Government Bond,Bond,17988.0508,18304.0339,17952.9648,18218.7032,2777789
2023-11-14,Government Bond,Bond,18218.7032,18354.6689,17863.6493,18016.2751,4207579
2023-11-15,Government Bond,Bond,18016.2751,18160.9376,17880.8805,18081.026,3339170
2023-11-16,Government Bond,Bond,18081.026,18429.3975,17906.6972,18165.0334,1214478
2023-11-17,Government Bond,Bond,18165.0334,18545.7646,18102.8415,18347.9161,831400
2023-11-20,Government Bond,Bond,18347.9161,18708.4959,17669.5898,17974.9065,441650
2023-11-21,Government Bond,Bond,17974.9065,18390.435,17650.1352,18123.839,4506069
2023-11-22,Government Bond,Bond,18123.839,18394.5723,17900.2335,18111.521,1685902
2023-11-23,Government Bond,Bond,18111.521,18226.6285,17886.7997,17980.7841,1177918
2023-11-24,Government Bond,Bond,17980.7841,18349.2724,17713.9375,18040.8216,384758
2023-11-27,Government Bond,Bond,18040.8216,18061.613,17232.8695,17559.6516,1227904
2023-11-28,Government Bond,Bond,17559.6516,17718.8946,17226.4464,17585.9071,2832103
2023-11-29,Government Bond,Bond,17585.9071,18026.1454,17480.7122,17924.8147,2371019
2023-11-30,Government Bond,Bond,17924.8147,18413.0009,17639.5002,18127.9392,3367297
2023-12-01,Government Bond,Bond,18127.9392,18197.5221,17245.1402,17584.1418,1045407
2023-12-04,Government Bond,Bond,17584.1418,17931.8191,17297.1641,17320.2148,1445456
2023-12-05,Government Bond,Bond,17320.2148,17465.3131,16929.7313,17216.2012,8878556
2023-12-06,Government Bond,Bond,17216.2012,17544.006,16916.6044,17156.4745,1614549
2023-12-07,Government Bond,Bond,17156.4745,17390.2067,17086.748,17369.1656,7263982
2023-12-08,Government Bond,Bond,17369.1656,17511.9097,16512.4192,16774.5883,2806517
2023-12-11,Government Bond,Bond,16774.5883,17115.7662,16588.5174,17066.2754,2406173
2023-12-12,Government Bond,Bond,17066.2754,17241.1468,16483.9437,16789.9941,6752960
2023-12-13,Government Bond,Bond,16789.9941,17000.8141,16290.6204,16485.8792,3415397
2023-12-14,Government Bond,Bond,16485.8792,16608.4406,16120.1509,16412.5069,621649
2023-12-15,Government Bond,Bond,16412.5069,16825.0954,16383.0069,16649.5955,4329974
2023-12-18,Government Bond,Bond,16649.5955,17047.2628,16619.2219,16981.34,2816050
2023-12-19,Government Bond,Bond,16981.34,17085.3533,16677.6165,16722.8487,667540
2023-12-20,Government Bond,Bond,16722.8487,17064.2592,16511.2881,16933.5564,1065708
2023-12-21,Government Bond,Bond,16933.5564,17617.9874,16756.9248,17530.8417,18356945
2023-12-22,Government Bond,Bond,17530.8417,17731.6129,17457.7497,17521.5265,2220313
2023-12-25,Government Bond,Bond,17521.5265,17546.2522,17189.8803,17310.3107,1599328
2023-12-26,Government Bond,Bond,17310.3107,18086.6868,16981.4512,17855.1069,1913195
2023-12-27,Government Bond,Bond,17855.1069,18296.6675,17772.7,17954.9393,5020742
2023-12-28,Government Bond,Bond,17954.9393,18424.8552,17603.9488,18197.6976,4267104
2023-12-29,Government Bond,Bond,18197.6976,18553.4127,18027.4738,18165.3737,1313495
2024-01-01,Government Bond,Bond,18165.3737,18420.3258,18157.6353,18280.4053,3914839
2024-01-02,Government Bond,Bond,18280.4053,18300.364,17842.1809,18134.0762,4471453
2024-01-03,Government Bond,Bond,18134.0762,18243.4321,17797.3195,18079.3671,3915920
2024-01-04,Government Bond,Bond,18079.3671,18422.1643,17834.5877,18246.609,3379404
2024-01-05,Government Bond,Bond,18246.609,18589.3931,18162.7489,18442.3489,3319595
2024-01-08,Government Bond,Bond,18442.3489,18877.5949,18311.6841,18691.451,2120803
2024-01-09,Government Bond,Bond,18691.451,18693.4544,18287.5946,18390.7982,3729623
2024-01-10,Government Bond,Bond,18390.7982,19135.424,18049.9565,18824.2179,7056482
2024-01-11,Government Bond,Bond,18824.2179,19292.5299,18802.5587,19263.7603,1864471
2024-01-12,Government Bond,Bond,19263.7603,19345.1618,19117.8298,19228.1706,1150335
2024-01-15,Government Bond,Bond,19228.1706,19442.5153,18701.5163,18857.0507,12811536
2024-01-16,Government Bond,Bond,18857.0507,19345.7262,18711.0552,19215.1627,5388581
2024-01-17,Government Bond,Bond,19215.1627,19260.9564,18871.8074,19062.8623,6108064
2024-01-18,Government Bond,Bond,19062.8623,19673.8407,19041.2255,19396.9022,17617148
2024-01-19,Government Bond,Bond,19396.9022,19691.3942,18632.7122,18963.7164,2159988
2024-01-22,Government Bond,Bond,18963.7164,19059.8351,18785.8373,18824.9965,2484933
2024-01-23,Government Bond,Bond,18824.9965,19319.183,18674.6336,18950.1549,457011
2024-01-24,Government Bond,Bond,18950.1549,19015.7375,18721.286,18793.6784,2024163
2024-01-25,Government Bond,Bond,18793.6784,19005.632,18659.2795,18800.9751,3719139
2024-01-26,Government Bond,Bond,18800.9751,18924.7086,18625.5381,18724.8315,22588764
2024-01-29,Government Bond,Bond,18724.8315,18888.2593,18542.6157,18673.4574,4941727
2024-01-30,Government Bond,Bond,18673.4574,18997.9288,18381.4166,18844.6893,1266637
2024-01-31,Government Bond,Bond,18844.6893,19056.8492,18319.8122,18596.1166,6017871
2024-02-01,Government Bond,Bond,18596.1166,19233.6429,18574.9986,18953.2818,17481178
2024-02-02,Government Bond,Bond,18953.2818,19170.0589,18606.2771,18696.8841,8355172
2024-02-05,Government Bond,Bond,18696.8841,18937.304,18385.7832,18682.4918,11329836
2024-02-06,Government Bond,Bond,18682.4918,18827.5801,18363.1959,18771.7272,5434992
2024-02-07,Government Bond,Bond,18771.7272,19537.0457,18678.3072,19183.554,15601690
2024-02-08,Government Bond,Bond,19183.554,19501.3293,19011.9607,19212.8056,652327
2024-02-09,Government Bond,Bond,19212.8056,19447.3506,18689.9894,19002.49,27086431
2024-02-12,Government Bond,Bond,19002.49,19469.9204,18832.5654,19168.052,1306409
2024-02-13,Government Bond,Bond,19168.052,19305.0305,18869.4495,18997.1125,9446281
2024-02-14,Government Bond,Bond,18997.1125,19846.3394,18847.9583,19544.6239,3230549
2024-02-15,Government Bond,Bond,19544.6239,20033.9904,19506.8553,19915.724,8209105
2024-02-16,Government Bond,Bond,19915.724,20274.2293,19892.2623,20014.7934,6546226
2024-02-19,Government Bond,Bond,20014.7934,20441.9423,19624.6806,20101.0746,11837343
2024-02-20,Government Bond,Bond,20101.0746,20350.0705,19791.0429,20334.5885,724471
2024-02-21,Government Bond,Bond,20334.5885,20667.0371,19993.5562,20275.5276,1291373
2024-02-22,Government Bond,Bond,20275.5276,20706.132,20009.8122,20312.4968,2500179
2024-02-23,Government Bond,Bond,20312.4968,20709.261,20033.3856,20123.5602,966357
2024-02-26,Government Bond,Bond,20123.5602,20432.785,19172.2874,19510.7558,11607733
2024-02-27,Government Bond,Bond,19510.7558,20105.2608,19402.1026,19886.8838,931481
2024-02-28,Government Bond,Bond,19886.8838,20041.8743,19564.3942,19980.3337,578788
2024-02-29,Government Bond,Bond,19980.3337,20170.4266,19586.612,19744.4395,2342141
2024-03-01,Government Bond,Bond,19744.4395,20113.8663,19388.5146,19541.7743,5706420
2024-03-04,Government Bond,Bond,19541.7743,19651.422,18463.757,18800.299,1412542
2024-03-05,Government Bond,Bond,18800.299,19135.7885,18500.4811,19044.3627,537883
2024-03-06,Government Bond,Bond,19044.3627,19303.958,18574.5537,18839.77,8806908
2024-03-07,Government Bond,Bond,18839.77,19644.6709,18808.9239,19421.5351,11603340
2024-03-08,Government Bond,Bond,19421.5351,19591.8454,18990.0822,19322.4276,24867936
2024-03-11,Government Bond,Bond,19322.4276,19629.0067,19089.8445,19582.6746,953411
2024-03-12,Government Bond,Bond,19582.6746,19846.4654,18769.9361,19092.5421,7163693
2024-03-13,Government Bond,Bond,19092.5421,19214.4242,18937.9339,19045.8703,921392
2024-03-14,Government Bond,Bond,19045.8703,19175.0303,18755.6755,18984.8264,9589494
2024-03-15,Government Bond,Bond,18984.8264,19182.3782,18639.278,18793.1081,1590945
2024-03-18,Government Bond,Bond,18793.1081,18988.8474,18423.4631,18729.3544,2919308
2024-03-19,Government Bond,Bond,18729.3544,18953.9722,18295.3368,18613.9636,5792517
2024-03-20,Government Bond,Bond,18613.9636,19151.7123,18536.4797,18811.9761,2826168
2024-03-21,Government Bond,Bond,18811.9761,18885.7395,18267.2869,18605.1043,1852299
2024-03-22,Government Bond,Bond,18605.1043,19143.5905,18370.0483,18995.2197,24347898
2024-03-25,Government Bond,Bond,18995.2197,19158.89,18409.166,18596.3607,993799
2024-03-26,Government Bond,Bond,18596.3607,18719.3247,18132.7813,18437.6961,13350965
2024-03-27,Government Bond,Bond,18437.6961,18553.7326,18020.9979,18323.3763,5764573
2024-03-28,Government Bond,Bond,18323.3763,18487.682,18196.1224,18264.4577,1856104
2024-03-29,Government Bond,Bond,18264.4577,18540.0763,17883.205,18188.8626,926672
2024-04-01,Government Bond,Bond,18188.8626,18582.9033,18069.6602,18384.1346,1516521
2024-04-02,Government Bond,Bond,18384.1346,18541.9767,18142.0066,18206.5127,1341544
2024-04-03,Government Bond,Bond,18206.5127,18893.1168,18128.8485,18642.7391,1971983
2024-04-04,Government Bond,Bond,18642.7391,18935.1685,18440.3181,18696.6574,392659
2024-04-05,Government Bond,Bond,18696.6574,18882.975,17816.8149,17972.9464,950072
2024-04-08,Government Bond,Bond,17972.9464,18476.2644,17713.1939,18245.3407,3632750
2024-04-09,Government Bond,Bond,18245.3407,18933.1537,18235.5369,18716.6582,10430145
2024-04-10,Government Bond,Bond,18716.6582,18752.9417,18185.1302,18478.3922,2595640
2024-04-11,Government Bond,Bond,18478.3922,18958.8492,18383.6118,18855.9761,2349779
2024-04-12,Government Bond,Bond,18855.9761,19357.3858,18685.4196,19046.9212,803603
2024-04-15,Government Bond,Bond,19046.9212,19180.9164,18861.5441,19136.2317,3034006
2024-04-16,Government Bond,Bond,19136.2317,19238.8786,18885.1892,18895.9377,2689372
2024-04-17,Government Bond,Bond,18895.9377,19287.8523,18698.8325,18978.4958,8437106
2024-04-18,Government Bond,Bond,18978.4958,19794.2089,18943.6696,19441.153,7240980
2024-04-19,Government Bond,Bond,19441.153,20183.7987,19059.7925,19804.2112,1213824
2024-04-22,Government Bond,Bond,19804.2112,19851.4279,19100.4017,19468.7677,5487445
2024-04-23,Government Bond,Bond,19468.7677,19832.4025,19043.0402,19082.9328,2445177
2024-04-24,Government Bond,Bond,19082.9328,19343.2889,18953.6464,19309.4068,13434988
2024-04-25,Government Bond,Bond,19309.4068,19593.2148,19307.7558,19408.0184,1117334
2024-04-26,Government Bond,Bond,19408.0184,19508.2432,19319.3609,19405.6941,3571525
2024-04-29,Government Bond,Bond,19405.6941,19743.8795,18947.6329,19194.0412,646873
2024-04-30,Government Bond,Bond,19194.0412,19720.3944,19106.5546,19429.0656,2514295
2024-05-01,Government Bond,Bond,19429.0656,19815.9216,19143.9975,19621.0994,4062953
2024-05-02,Government Bond,Bond,19621.0994,19854.6284,19443.6289,19551.3788,2191688
2024-05-03,Government Bond,Bond,19551.3788,19730.1685,19252.3145,19526.3084,5443491
2024-05-06,Government Bond,Bond,19526.3084,19556.2375,18622.5475,18847.3762,5288633
2024-05-07,Government Bond,Bond,18847.3762,19110.0454,18799.2301,18965.3418,7174878
2024-05-08,Government Bond,Bond,18965.3418,19550.4419,18774.8285,19391.1385,1588622
2024-05-09,Government Bond,Bond,19391.1385,19522.923,18721.4918,18965.9357,3826715
2024-05-10,Government Bond,Bond,18965.9357,19100.5056,18711.9878,18992.8382,2245148
2024-05-13,Government Bond,Bond,18992.8382,19367.9683,18623.9054,19121.062,1700289
2024-05-14,Government Bond,Bond,19121.062,19131.5084,18804.8285,19054.584,5271427
2024-05-15,Government Bond,Bond,19054.584,19101.3354,18736.7294,18958.4299,3532789
2024-05-16,Government Bond,Bond,18958.4299,18974.811,18687.6822,18864.736,1138035
2024-05-17,Government Bond,Bond,18864.736,19279.004,18828.5649,19088.5047,6405880
2024-05-20,Government Bond,Bond,19088.5047,19365.5813,18966.4321,19277.0562,2743353
2024-05-21,Government Bond,Bond,19277.0562,19886.1594,19127.4205,19529.8558,8062329
2024-05-22,Government Bond,Bond,19529.8558,19892.2331,18379.8399,18667.0627,12330108
2024-05-23,Government Bond,Bond,18667.0627,18962.6918,18467.4006,18628.7174,3766951
2024-05-24,Government Bond,Bond,18628.7174,18952.155,18068.6043,18337.9049,14281282
2024-05-27,Government Bond,Bond,18337.9049,18567.0316,17934.2607,18252.8525,883618
2024-05-28,Government Bond,Bond,18252.8525,18922.8817,18101.5223,18631.131,2693154
2024-05-29,Government Bond,Bond,18631.131,19182.9746,18299.1945,19171.0316,3299716
2024-05-30,Government Bond,Bond,19171.0316,19547.2362,18892.2899,18960.3159,7352351
2024-05-31,Government Bond,Bond,18960.3159,19249.7059,18721.3059,18893.7593,5952148
2024-06-03,Government Bond,Bond,18893.7593,18995.5991,18663.8384,18701.1876,5285774
2024-06-04,Government Bond,Bond,18701.1876,18960.9382,18286.231,18591.209,6842119
2024-06-05,Government Bond,Bond,18591.209,18865.207,18296.0272,18566.6732,3760942
2024-06-06,Government Bond,Bond,18566.6732,18907.7703,17694.768,17823.0012,2489961
2024-06-07,Government Bond,Bond,17823.0012,18166.7545,17547.8442,17810.4973,6710495
2024-06-10,Government Bond,Bond,17810.4973,17916.5128,17309.0752,17527.6682,4239918
2024-06-11,Government Bond,Bond,17527.6682,18222.4847,17352.1503,18193.8011,10755049
2024-06-12,Government Bond,Bond,18193.8011,18470.4443,17942.2174,18151.4773,3554775
2024-06-13,Government Bond,Bond,18151.4773,18453.9802,17993.2008,18027.2943,5738508
2024-06-14,Government Bond,Bond,18027.2943,18343.1401,17433.9125,17683.2175,2161686
2024-06-17,Government Bond,Bond,17683.2175,17906.1337,17256.5496,17488.7289,2103700
2024-06-18,Government Bond,Bond,17488.7289,17723.859,17277.6957,17548.6603,349184
2024-06-19,Government Bond,Bond,17548.6603,17841.0594,17183.6079,17471.6479,1938916
2024-06-20,Government Bond,Bond,17471.6479,17964.2759,17306.183,17726.0249,1294891
2024-06-21,Government Bond,Bond,17726.0249,18032.253,17666.1134,17791.0592,2751001
2024-06-24,Government Bond,Bond,17791.0592,18392.086,17711.7683,18071.5401,7838732
2024-06-25,Government Bond,Bond,18071.5401,18685.3683,17899.8468,18530.1035,9538838
2024-06-26,Government Bond,Bond,18530.1035,18803.2157,18482.5369,18618.1509,7264922
2024-06-27,Government Bond,Bond,18618.1509,18909.3598,18408.7593,18550.0925,3628341
2024-06-28,Government Bond,Bond,18550.0925,18701.017,18305.3893,18596.8301,1357266
2024-07-01,Government Bond,Bond,18596.8301,19337.0791,18453.003,18960.722,8807017
2024-07-02,Government Bond,Bond,18960.722,19585.6416,18946.5935,19361.6773,2790562
2024-07-03,Government Bond,Bond,19361.6773,19459.5902,19294.0113,19342.9633,1701913
2024-07-04,Government Bond,Bond,19342.9633,19350.2939,18850.2188,19009.2961,6439511
2024-07-05,Government Bond,Bond,19009.2961,19178.5815,18448.2408,18698.3931,1024409
2024-07-08,Government Bond,Bond,18698.3931,19070.6817,18521.6671,18875.2411,3846347
2024-07-09,Government Bond,Bond,18875.2411,19128.2922,18689.8361,19074.5874,1517128
2024-07-10,Government Bond,Bond,19074.5874,19962.5853,18713.469,19602.8259,1318944
2024-07-11,Government Bond,Bond,19602.8259,19921.0328,19253.2362,19454.8978,1576060
2024-07-12,Government Bond,Bond,19454.8978,20223.4801,19077.195,19982.9158,2193488
2024-07-15,Government Bond,Bond,19982.9158,20199.8572,19376.2008,19694.6794,36856979
2024-07-16,Government Bond,Bond,19694.6794,20559.7437,19451.0974,20167.906,10985718
2024-07-17,Government Bond,Bond,20167.906,20903.514,20162.3204,20631.4026,1269135
2024-07-18,Government Bond,Bond,20631.4026,21366.7007,20309.709,21155.5508,2610069
2024-07-19,Government Bond,Bond,21155.5508,21393.6216,21116.5727,21269.0312,3158764
2024-07-22,Government Bond,Bond,21269.0312,21867.0115,21165.9694,21715.3973,323138
2024-07-23,Government Bond,Bond,21715.3973,21989.6057,21037.6762,21370.6617,14797659
2024-07-24,Government Bond,Bond,21370.6617,21613.3889,20982.2096,21172.6184,12422897
2024-07-25,Government Bond,Bond,21172.6184,21243.5816,20807.6807,20961.5391,2515456
2024-07-26,Government Bond,Bond,20961.5391,21716.1018,20681.703,21573.1276,7194983
2024-07-29,Government Bond,Bond,21573.1276,21706.7716,21323.0222,21638.1505,5504236
2024-07-30,Government Bond,Bond,21638.1505,22147.8087,21455.1153,21993.7194,3691524
2024-07-31,Government Bond,Bond,21993.7194,22519.7103,21975.9533,22200.4603,37899775
2024-08-01,Government Bond,Bond,22200.4603,22340.416,21579.6509,21869.0337,3876514
2024-08-02,Government Bond,Bond,21869.0337,22176.5152,21435.4659,21718.1516,1383104
2024-08-05,Government Bond,Bond,21718.1516,21840.6103,21608.5742,21776.4766,1408824
2024-08-06,Government Bond,Bond,21776.4766,22209.2392,21392.7984,21463.7875,2951906
2024-08-07,Government Bond,Bond,21463.7875,22086.0042,21279.7771,21655.2959,5337443
2024-08-08,Government Bond,Bond,21655.2959,21681.287,21366.7114,21635.3024,893398
2024-08-09,Government Bond,Bond,21635.3024,21980.5598,21188.735,21204.5404,4736010
2024-08-12,Government Bond,Bond,21204.5404,21311.0828,20712.8905,21016.3299,4105154
2024-08-13,Government Bond,Bond,21016.3299,21437.0258,20995.4673,21051.6756,534762
2024-08-14,Government Bond,Bond,21051.6756,21877.5894,20886.3588,21541.9269,839812
2024-08-15,Government Bond,Bond,21541.9269,21874.4859,21137.3081,21472.6084,987174
2024-08-16,Government Bond,Bond,21472.6084,21867.9451,21256.386,21275.1077,1933946
2024-08-19,Government Bond,Bond,21275.1077,21479.64,21016.3343,21142.5396,2657711
2024-08-20,Government Bond,Bond,21142.5396,21805.7554,20991.6024,21714.6296,1334450
2024-08-21,Government Bond,Bond,21714.6296,22063.5797,21426.1283,21920.537,10888278
2024-08-22,Government Bond,Bond,21920.537,22197.2653,21920.4294,22091.4487,13711562
2024-08-23,Government Bond,Bond,22091.4487,22577.6348,22057.613,22266.9641,5274580
2024-08-26,Government Bond,Bond,22266.9641,22863.3848,22178.7866,22686.5799,4538962
2024-08-27,Government Bond,Bond,22686.5799,23127.4849,22415.7243,23104.9022,4523259
2024-08-28,Government Bond,Bond,23104.9022,23829.5955,22813.1449,23523.7707,17234307
2024-08-29,Government Bond,Bond,23523.7707,23814.9921,23395.974,23404.2559,1982424
2024-08-30,Government Bond,Bond,23404.2559,24028.0474,23124.2789,23913.6565,10489514
2024-09-02,Government Bond,Bond,23913.6565,24135.0846,22891.1651,23315.329,4157659
2024-09-03,Government Bond,Bond,23315.329,24008.9858,23279.0503,23992.023,1107437
2024-09-04,Government Bond,Bond,23992.023,24350.6196,23484.2585,23564.3585,1682378
2024-09-05,Government Bond,Bond,23564.3585,23720.561,23148.1419,23422.3673,695342
2024-09-06,Government Bond,Bond,23422.3673,23826.5842,22645.2143,23053.037,645185
2024-09-09,Government Bond,Bond,23053.037,23395.1489,22755.0842,23131.5745,3937465
2024-09-10,Government Bond,Bond,23131.5745,23899.2262,23080.1868,23638.7272,4362734
2024-09-11,Government Bond,Bond,23638.7272,24247.2598,23548.697,23855.88,6608104
2024-09-12,Government Bond,Bond,23855.88,24098.2941,23466.1634,23529.1637,1151668
2024-09-13,Government Bond,Bond,23529.1637,23653.7566,22793.8789,23120.5199,2137731
2024-09-16,Government Bond,Bond,23120.5199,23159.94,22628.8871,22952.5567,3511771
2024-09-17,Government Bond,Bond,22952.5567,23450.6851,22557.8611,23230.3492,5899937
2024-09-18,Government Bond,Bond,23230.3492,23292.8399,22690.8217,23058.6239,1651786
2024-09-19,Government Bond,Bond,23058.6239,23345.9854,22833.4221,22868.6774,2087990
2024-09-20,Government Bond,Bond,22868.6774,22975.2477,22027.8118,22390.9794,4426042
2024-09-23,Government Bond,Bond,22390.9794,23251.9001,22284.5246,23043.241,3327132
2024-09-24,Government Bond,Bond,23043.241,23132.2508,22856.0884,23071.811,5121549
2024-09-25,Government Bond,Bond,23071.811,23502.534,22299.8509,22699.7848,1700445
2024-09-26,Government Bond,Bond,22699.7848,23045.8727,22422.7767,22516.674,1050761
2024-09-27,Government Bond,Bond,22516.674,23382.0565,22198.5545,23080.1805,6958411
2024-09-30,Government Bond,Bond,23080.1805,23385.7316,22947.145,23375.5366,2331922
2024-10-01,Government Bond,Bond,23375.5366,23479.1915,22980.1595,23431.9572,2146567
2024-10-02,Government Bond,Bond,23431.9572,23766.9299,22959.1984,23361.9752,3499627
2024-10-03,Government Bond,Bond,23361.9752,23762.8291,22970.766,23312.274,3455710
2024-10-04,Government Bond,Bond,23312.274,23535.988,22392.9072,22788.0992,1113046
2024-10-07,Government Bond,Bond,22788.0992,23182.1676,22638.0679,22649.9771,2511775
2024-10-08,Government Bond,Bond,22649.9771,22880.2018,22507.4676,22567.1784,5711188
2024-10-09,Government Bond,Bond,22567.1784,23076.0379,22258.8073,22657.2612,4858634
2024-10-10,Government Bond,Bond,22657.2612,22877.8744,22196.5277,22469.4225,1274669
2024-10-11,Government Bond,Bond,22469.4225,22785.375,21983.1936,22413.9946,6438718
2024-10-14,Government Bond,Bond,22413.9946,23092.117,22264.2762,22957.3398,1896407
2024-10-15,Government Bond,Bond,22957.3398,23562.8804,22732.8617,23512.8292,1157638
2024-10-16,Government Bond,Bond,23512.8292,23654.0331,22564.0092,23009.0589,2440283
2024-10-17,Government Bond,Bond,23009.0589,23255.8123,22387.7862,22692.2978,1636992
2024-10-18,Government Bond,Bond,22692.2978,23033.1181,22513.5912,23016.1632,7456968
2024-10-21,Government Bond,Bond,23016.1632,23387.3359,22992.0852,23109.0109,3868783
2024-10-22,Government Bond,Bond,23109.0109,23454.9703,22842.0561,22871.1049,2753936
2024-10-23,Government Bond,Bond,22871.1049,23082.7305,22577.8873,22762.9417,919079
2024-10-24,Government Bond,Bond,22762.9417,23558.4842,22513.5734,23385.7715,2398413
2024-10-25,Government Bond,Bond,23385.7715,23672.8547,22813.0829,23039.094,843664
2024-10-28,Government Bond,Bond,23039.094,23577.9977,22834.7795,23205.058,17816089
2024-10-29,Government Bond,Bond,23205.058,24039.5738,23025.9477,23933.6702,2930345
2024-10-30,Government Bond,Bond,23933.6702,24142.8368,23544.4855,23829.8961,3548007
2024-10-31,Government Bond,Bond,23829.8961,23885.2902,23715.1531,23858.3711,532688
2024-11-01,Government Bond,Bond,23858.3711,23981.3326,23265.0828,23712.8006,4463283
2024-11-04,Government Bond,Bond,23712.8006,24315.5334,23357.2956,23902.2362,5891511
2024-11-05,Government Bond,Bond,23902.2362,24138.3838,23753.4918,23925.8059,1146396
2024-11-06,Government Bond,Bond,23925.8059,23954.6593,23753.3226,23884.6719,11454941
2024-11-07,Government Bond,Bond,23884.6719,24341.1184,23616.9838,24029.9601,2495470
2024-11-08,Government Bond,Bond,24029.9601,25201.6599,23763.5233,24826.8365,3602147
2024-11-11,Government Bond,Bond,24826.8365,25253.6557,24327.8799,24778.4383,6447429
2024-11-12,Government Bond,Bond,24778.4383,24943.9366,23990.0756,24363.9594,2395639
2024-11-13,Government Bond,Bond,24363.9594,24639.4668,24030.7003,24324.4711,677246
2024-11-14,Government Bond,Bond,24324.4711,24784.1198,24041.3934,24400.3997,5430343
2024-11-15,Government Bond,Bond,24400.3997,24502.8217,23769.1666,24217.8359,6798874
2024-11-18,Government Bond,Bond,24217.8359,24846.5551,24035.3801,24616.4917,11021141
2024-11-19,Government Bond,Bond,24616.4917,24840.3603,24026.7196,24247.5506,3796492
2024-11-20,Government Bond,Bond,24247.5506,25523.621,23931.2805,25044.1172,6062842
2024-11-21,Government Bond,Bond,25044.1172,25421.4057,25009.1371,25106.6051,8862599
2024-11-22,Government Bond,Bond,25106.6051,25399.2213,24705.4967,25199.7837,1147552
2024-11-25,Government Bond,Bond,25199.7837,26089.6025,25125.3762,25591.9257,3667103
2024-11-26,Government Bond,Bond,25591.9257,26386.9413,25455.2483,26226.702,1153857
2024-11-27,Government Bond,Bond,26226.702,26519.6545,25943.6384,26287.0086,15271034
2024-11-28,Government Bond,Bond,26287.0086,26500.7517,25811.8751,26393.3555,131537
2024-11-29,Government Bond,Bond,26393.3555,27223.5913,26243.2331,26716.0269,10000737
2024-12-02,Government Bond,Bond,26716.0269,26902.0513,26227.1093,26753.5518,1491895
2024-12-03,Government Bond,Bond,26753.5518,27297.2177,26546.2853,27134.9069,2917895
2024-12-04,Government Bond,Bond,27134.9069,27555.0459,26316.1011,26384.329,12145986
2024-12-05,Government Bond,Bond,26384.329,27318.5706,26353.4426,27097.9842,1862063
2024-12-06,Government Bond,Bond,27097.9842,27124.2105,26765.9494,27118.0771,21585910
2024-12-09,Government Bond,Bond,27118.0771,27802.4412,27105.8113,27763.1432,6082190
2024-12-10,Government Bond,Bond,27763.1432,28466.2848,27298.5896,28375.0763,2735380
2024-12-11,Government Bond,Bond,28375.0763,28667.8083,27296.8508,27834.3743,10895656
2024-12-12,Government Bond,Bond,27834.3743,28189.4296,27757.5433,27841.6943,724897
2024-12-13,Government Bond,Bond,27841.6943,28289.2606,27077.9756,27629.0759,2629454
2024-12-16,Government Bond,Bond,27629.0759,27643.295,27520.0445,27593.9914,1652056
2024-12-17,Government Bond,Bond,27593.9914,28112.6386,26986.2904,27201.6386,651897
2024-12-18,Government Bond,Bond,27201.6386,27201.7067,26061.8044,26539.156,3191342
2024-12-19,Government Bond,Bond,26539.156,27191.9038,26465.6613,26659.0373,1215200
2024-12-20,Government Bond,Bond,26659.0373,27253.2634,26291.2584,27235.729,2222814
2024-12-23,Government Bond,Bond,27235.729,27322.9248,26708.8945,27202.5315,2782138
2024-12-24,Government Bond,Bond,27202.5315,27423.2562,26425.074,26488.149,8964223
2024-12-25,Government Bond,Bond,26488.149,26928.2958,26397.255,26733.5595,14088979
2024-12-26,Government Bond,Bond,26733.5595,27466.4776,26719.7327,27295.9341,5197632
2024-12-27,Government Bond,Bond,27295.9341,28124.491,27288.6318,27578.9266,1142658
2024-12-30,Government Bond,Bond,27578.9266,27753.4181,27207.6402,27430.3274,2763931
2024-12-31,Government Bond,Bond,27430.3274,27875.3915,26948.9259,27228.5094,12664181
2025-01-01,Government Bond,Bond,27228.5094,27789.1736,27185.0691,27309.795,1521629
2025-01-02,Government Bond,Bond,27309.795,28390.5731,26914.1704,27841.3607,4042307
2025-01-03,Government Bond,Bond,27841.3607,28650.1745,27451.6005,28251.3966,1123176
2025-01-06,Government Bond,Bond,28251.3966,28924.1407,27988.1848,28382.6669,1458731
2025-01-07,Government Bond,Bond,28382.6669,28668.8733,27932.3135,28491.0476,5962990
2025-01-08,Government Bond,Bond,28491.0476,28995.0554,27816.2641,28005.9552,3148577
2025-01-09,Government Bond,Bond,28005.9552,28286.0546,27113.0046,27562.9716,9069084
2025-01-10,Government Bond,Bond,27562.9716,28101.9308,27041.649,27596.3516,1517315
2025-01-13,Government Bond,Bond,27596.3516,27996.1691,27357.0138,27379.9985,2173095
2025-01-14,Government Bond,Bond,27379.9985,28294.3558,27277.0425,27980.828,3042314
2025-01-15,Government Bond,Bond,27980.828,28685.8137,27577.0699,28336.0265,3186993
2025-01-16,Government Bond,Bond,28336.0265,28480.9042,27601.107,27898.6052,1883358
2025-01-17,Government Bond,Bond,27898.6052,28444.7722,27488.8328,28047.733,561528
2025-01-20,Government Bond,Bond,28047.733,28648.8349,28040.9987,28268.5169,1662979
2025-01-21,Government Bond,Bond,28268.5169,28566.7219,28185.9141,28349.1682,1956411
2025-01-22,Government Bond,Bond,28349.1682,29009.4089,27937.7395,28654.6017,3415430
2025-01-23,Government Bond,Bond,28654.6017,29029.3787,28422.7956,28946.3159,654137
2025-01-24,Government Bond,Bond,28946.3159,29434.3711,28657.2799,28875.5409,1634297
2025-01-27,Government Bond,Bond,28875.5409,29386.4948,28738.7334,29090.05,8949555
2025-01-28,Government Bond,Bond,29090.05,29780.9957,28950.2311,29520.5995,14743250
2025-01-29,Government Bond,Bond,29520.5995,30489.2697,28964.7967,29987.4206,2697191
2025-01-30,Government Bond,Bond,29987.4206,29998.6515,29028.9213,29586.9006,693842
2025-01-31,Government Bond,Bond,29586.9006,30124.0831,28867.4722,29174.7396,603860
2025-02-03,Government Bond,Bond,29174.7396,29465.7051,28105.8661,28631.6629,4230072
2025-02-04,Government Bond,Bond,28631.6629,28649.5181,27760.5169,27948.4995,4810018
2025-02-05,Government Bond,Bond,27948.4995,28289.3553,27437.3743,27727.6349,3565402
2025-02-06,Government Bond,Bond,27727.6349,27988.5596,27192.2792,27782.6737,14814858
2025-02-07,Government Bond,Bond,27782.6737,28031.7196,27489.5741,27852.9142,963438
2025-02-10,Government Bond,Bond,27852.9142,28221.205,27151.8779,27500.8535,3648559
2025-02-11,Government Bond,Bond,27500.8535,27664.3508,27055.1148,27411.5253,3819833
2025-02-12,Government Bond,Bond,27411.5253,27618.7364,27227.9056,27586.1699,1428459
2025-02-13,Government Bond,Bond,27586.1699,28132.7531,27105.9177,27774.5937,5667755
2025-02-14,Government Bond,Bond,27774.5937,28400.23,27388.6068,27854.4403,20874185
2025-02-17,Government Bond,Bond,27854.4403,28357.1642,27064.8752,27225.8941,17816042
2025-02-18,Government Bond,Bond,27225.8941,27675.5998,26747.9233,27101.0663,1619225
2025-02-19,Government Bond,Bond,27101.0663,27576.8009,26823.164,27301.4819,1900987
2025-02-20,Government Bond,Bond,27301.4819,27868.1985,27250.0788,27691.8967,2296819
2025-02-21,Government Bond,Bond,27691.8967,28519.608,27587.7657,28149.3973,1213956
2025-02-24,Government Bond,Bond,28149.3973,28675.3494,27943.2595,28292.6199,1513123
2025-02-25,Government Bond,Bond,28292.6199,28455.6589,27889.1364,28452.6166,836067
2025-02-26,Government Bond,Bond,28452.6166,28880.6702,27456.5582,27909.0469,2277270
2025-02-27,Government Bond,Bond,27909.0469,28841.703,27604.2452,28391.1806,736489
2025-02-28,Government Bond,Bond,28391.1806,29273.6784,28044.1527,28967.2952,4680474
2025-03-03,Government Bond,Bond,28967.2952,29567.6893,28814.3516,29429.0686,3417595
2025-03-04,Government Bond,Bond,29429.0686,29761.1663,29224.3047,29518.0689,2645836
2025-03-05,Government Bond,Bond,29518.0689,29525.5409,29155.971,29385.9444,6765044
2025-03-06,Government Bond,Bond,29385.9444,29701.9477,28485.1107,28959.7398,3345631
2025-03-07,Government Bond,Bond,28959.7398,29155.977,27790.933,28313.6566,935164
2025-03-10,Government Bond,Bond,28313.6566,28463.4921,27784.7516,28290.4761,1771373
2025-03-11,Government Bond,Bond,28290.4761,28520.6565,27718.3668,28219.7726,1395518
2025-03-12,Government Bond,Bond,28219.7726,28562.1248,27681.353,28485.5522,990939
2025-03-13,Government Bond,Bond,28485.5522,29488.5841,28290.5499,29234.9571,11726643
2025-03-14,Government Bond,Bond,29234.9571,30015.4795,29024.5877,29453.1819,873506
2025-03-17,Government Bond,Bond,29453.1819,29676.8654,29108.4365,29380.4064,5603145
2025-03-18,Government Bond,Bond,29380.4064,30108.091,29072.9975,29822.0447,8673774
2025-03-19,Government Bond,Bond,29822.0447,30503.7046,29398.6314,30166.8616,456488
2025-03-20,Government Bond,Bond,30166.8616,30631.5441,29733.4988,29745.161,7132857
2025-03-21,Government Bond,Bond,29745.161,30179.2311,29196.2515,29507.3284,4414548
2025-03-24,Government Bond,Bond,29507.3284,30341.5397,29375.4481,30319.4848,1798987
2025-03-25,Government Bond,Bond,30319.4848,31044.6359,30162.5745,30809.7989,4661464
2025-03-26,Government Bond,Bond,30809.7989,32166.6994,30269.5733,31898.6847,4675536
2025-03-27,Government Bond,Bond,31898.6847,32040.9873,31364.6441,31649.9028,3359371
2025-03-28,Government Bond,Bond,31649.9028,32267.8718,30984.398,31183.0705,6635101
2025-03-31,Government Bond,Bond,31183.0705,31734.9426,30525.0548,31014.3588,3354136
2025-04-01,Government Bond,Bond,31014.3588,32073.9592,30554.7791,31557.0693,1089581
2025-04-02,Government Bond,Bond,31557.0693,32502.8322,31219.658,32033.1953,795783
2025-04-03,Government Bond,Bond,32033.1953,32177.2246,31982.8192,31995.1781,5301470
2025-04-04,Government Bond,Bond,31995.1781,32969.6428,31935.3388,32379.3101,1172360
2025-04-07,Government Bond,Bond,32379.3101,33463.651,32010.2526,33279.6936,5387008
2025-04-08,Government Bond,Bond,33279.6936,33991.1716,32781.9244,33686.3106,5424359
2025-04-09,Government Bond,Bond,33686.3106,33812.5088,32959.0855,33197.358,1652435
2025-04-10,Government Bond,Bond,33197.358,33899.5614,33006.5292,33849.7658,12331874
2025-04-11,Government Bond,Bond,33849.7658,34132.7417,32468.5433,32938.1161,6556459
2025-04-14,Government Bond,Bond,32938.1161,33285.3422,32407.5852,32890.2976,5046933
2025-04-15,Government Bond,Bond,32890.2976,33242.7031,32643.7115,32996.581,3911058
2025-04-16,Government Bond,Bond,32996.581,33073.855,32438.6168,32606.5638,9001399
2025-04-17,Government Bond,Bond,32606.5638,32918.7261,31869.9575,32348.7235,2848614
2025-04-18,Government Bond,Bond,32348.7235,32633.4891,31523.521,31976.8923,3352596
2025-04-21,Government Bond,Bond,31976.8923,32574.72,31054.6959,31420.0124,1980794
2025-04-22,Government Bond,Bond,31420.0124,32143.2174,31336.9908,31903.9828,1148862
2025-04-23,Government Bond,Bond,31903.9828,32274.5757,31729.9854,32241.1248,927262
2025-04-24,Government Bond,Bond,32241.1248,32681.3853,31429.2696,31957.0836,1807140
2025-04-25,Government Bond,Bond,31957.0836,32993.7322,31919.7626,32399.8737,12468025
2025-04-28,Government Bond,Bond,32399.8737,32641.2215,31991.3127,32261.0483,997087
2025-04-29,Government Bond,Bond,32261.0483,32589.5905,31453.8642,32048.7222,2226134
2025-04-30,Government Bond,Bond,32048.7222,32501.3574,31637.3464,31822.6208,2910982
2025-05-01,Government Bond,Bond,31822.6208,32283.2949,30941.8668,31457.0192,1045565
2025-05-02,Government Bond,Bond,31457.0192,31652.3536,30576.9174,30653.1262,7686696
2025-05-05,Government Bond,Bond,30653.1262,30764.9019,30247.0538,30748.3134,5877399
2025-05-06,Government Bond,Bond,30748.3134,31470.2205,30642.96,30963.0039,3110150
2025-05-07,Government Bond,Bond,30963.0039,31078.8335,30485.245,30917.3082,19882578
2025-05-08,Government Bond,Bond,30917.3082,31317.1234,30315.1451,30705.0918,3430416
2025-05-09,Government Bond,Bond,30705.0918,31064.8934,30447.107,30531.853,1285124
2025-05-12,Government Bond,Bond,30531.853,31851.2273,30355.5824,31596.0946,5604576
2025-05-13,Government Bond,Bond,31596.0946,32114.8691,31207.817,31309.8747,1436898
2025-05-14,Government Bond,Bond,31309.8747,31846.1307,30967.6226,31639.5588,9740115
2025-05-15,Government Bond,Bond,31639.5588,32213.6177,30792.4201,31147.2609,2790987
2025-05-16,Government Bond,Bond,31147.2609,31226.5243,31018.1427,31176.7811,3439054
2025-05-19,Government Bond,Bond,31176.7811,31837.1862,30847.5721,31297.3405,2533160
2025-05-20,Government Bond,Bond,31297.3405,31815.6088,30959.9713,31267.3369,3171728
2025-05-21,Government Bond,Bond,31267.3369,31483.3989,30620.3445,30757.029,19304463
2025-05-22,Government Bond,Bond,30757.029,31334.2896,30559.4974,31109.8451,9159633
2025-05-23,Government Bond,Bond,31109.8451,31520.5746,30594.9758,31248.8328,34086752
2025-05-26,Government Bond,Bond,31248.8328,31349.6142,29629.8302,30124.283,3547106
2025-05-27,Government Bond,Bond,30124.283,30515.235,29496.0007,29748.9085,3833026
2025-05-28,Government Bond,Bond,29748.9085,30469.1022,29415.5688,30434.6557,6311681
2025-05-29,Government Bond,Bond,30434.6557,30795.9456,29887.1192,30434.2964,16840497
2025-05-30,Government Bond,Bond,30434.2964,31390.2459,30043.7364,30865.2343,5641218
2025-06-02,Government Bond,Bond,30865.2343,31168.2392,30394.8213,31113.8665,7714031
2025-06-03,Government Bond,Bond,31113.8665,31359.4487,30673.1715,30867.3687,1677290
2025-06-04,Government Bond,Bond,30867.3687,31048.7892,30429.0328,30441.0038,1968248
2025-06-05,Government Bond,Bond,30441.0038,31700.8929,29941.5104,31163.4804,2792472
2025-06-06,Government Bond,Bond,31163.4804,32098.708,31128.8499,31914.9476,1838415
2025-06-09,Government Bond,Bond,31914.9476,32989.1647,31521.6876,32468.6088,12535882
2025-06-10,Government Bond,Bond,32468.6088,32973.4037,31944.1696,32564.8755,2750784
2025-06-11,Government Bond,Bond,32564.8755,32613.4317,32101.6349,32215.358,8863222
2025-06-12,Government Bond,Bond,32215.358,32511.4379,31541.66,32124.2726,2348239
2025-06-13,Government Bond,Bond,32124.2726,32336.9219,31904.935,32321.3351,6337149
2025-06-16,Government Bond,Bond,32321.3351,32839.1796,31367.006,31951.445,4803476
2025-06-17,Government Bond,Bond,31951.445,32704.4468,31509.9933,32607.7946,1256113
2025-06-18,Government Bond,Bond,32607.7946,33541.8296,32296.4789,33117.1599,8992537
2025-06-19,Government Bond,Bond,33117.1599,34327.7799,32528.5745,33676.8193,6628764
2025-06-20,Government Bond,Bond,33676.8193,34406.1846,33595.5849,34015.58,8744424
2025-06-23,Government Bond,Bond,34015.58,34771.1095,33597.5564,34221.3013,2190989
2025-06-24,Government Bond,Bond,34221.3013,34445.2297,33728.9037,34015.0654,3095858
2025-06-25,Government Bond,Bond,34015.0654,34497.5427,33662.0795,34422.7013,3185966
2025-06-26,Government Bond,Bond,34422.7013,35110.9458,33984.2148,34337.2451,9787276
2025-06-27,Government Bond,Bond,34337.2451,34610.3114,33900.2605,34454.4356,949430
2025-06-30,Government Bond,Bond,34454.4356,34502.1813,33784.892,33979.163,1144851
2025-07-01,Government Bond,Bond,33979.163,34470.2488,33468.6729,33988.7324,1322115
2025-07-02,Government Bond,Bond,33988.7324,34184.6242,33839.5764,33910.3135,2026120
2025-07-03,Government Bond,Bond,33910.3135,34340.6348,32621.5866,33208.2453,1252175
2025-07-04,Government Bond,Bond,33208.2453,34131.6599,32613.84,34032.2786,2423697
2025-07-07,Government Bond,Bond,34032.2786,34104.7427,33648.2392,33857.9415,2174047
2025-07-08,Government Bond,Bond,33857.9415,34545.3065,33600.326,34005.7254,3365557
2025-07-09,Government Bond,Bond,34005.7254,35558.9823,33504.8538,34983.3473,10496760
2025-07-10,Government Bond,Bond,34983.3473,36504.58,34890.1908,35967.9967,6992294
2025-07-11,Government Bond,Bond,35967.9967,36934.3507,35673.5898,36316.6584,1208974
2025-07-14,Government Bond,Bond,36316.6584,36992.3632,35132.5335,35334.2059,936187
2025-07-15,Government Bond,Bond,35334.2059,35702.5765,34031.4867,34625.2432,2879740
2025-07-16,Government Bond,Bond,34625.2432,35763.5403,34574.7195,35123.3736,1808278
2025-07-17,Government Bond,Bond,35123.3736,35246.5355,34289.9398,34707.2054,7639737
2025-07-18,Government Bond,Bond,34707.2054,34734.3976,33677.3094,34300.6933,15628101
2025-07-21,Government Bond,Bond,34300.6933,34641.5488,33816.4827,33835.2902,8321297
2025-07-22,Government Bond,Bond,33835.2902,34346.6151,33694.4103,33994.9552,399919
2025-07-23,Government Bond,Bond,33994.9552,34389.5755,33453.1542,33635.8117,8855783
2025-07-24,Government Bond,Bond,33635.8117,34061.6463,32671.0744,32951.5476,2298793
2025-07-25,Government Bond,Bond,32951.5476,33337.1084,32035.6713,32299.358,2893392
2025-07-28,Government Bond,Bond,32299.358,32847.1804,31790.7215,32503.4653,3748900
2025-07-29,Government Bond,Bond,32503.4653,32759.8952,31965.6454,32620.2688,3729278
2025-07-30,Government Bond,Bond,32620.2688,32825.0041,31905.9,32525.2032,7350909
2025-07-31,Government Bond,Bond,32525.2032,33040.2903,31657.7165,31851.6766,14622182
2025-08-01,Government Bond,Bond,31851.6766,32306.958,31325.6484,31945.2029,896765
2025-08-04,Government Bond,Bond,31945.2029,32797.6037,31577.5978,32594.6546,2723943
2025-08-05,Government Bond,Bond,32594.6546,33153.6788,32220.0806,32359.8675,915299
2025-08-06,Government Bond,Bond,32359.8675,32382.1892,32005.5881,32076.1135,7754951
2025-08-07,Government Bond,Bond,32076.1135,32495.7625,31230.6616,31673.5843,7922652
2025-08-08,Government Bond,Bond,31673.5843,31929.3593,30922.3604,31519.5609,390251
2025-08-11,Government Bond,Bond,31519.5609,31750.0274,30650.4496,31066.439,1874253
2025-08-12,Government Bond,Bond,31066.439,31845.8617,30887.2971,31293.9894,4065137
2025-08-13,Government Bond,Bond,31293.9894,32657.4287,31082.9646,32069.5696,2431523
2025-08-14,Government Bond,Bond,32069.5696,32754.0696,31761.3727,32520.9052,2877098
2025-08-15,Government Bond,Bond,32520.9052,32750.476,31564.2266,32151.1382,1046213
2025-08-18,Government Bond,Bond,32151.1382,32599.6389,31774.9112,32024.2915,3239545
2025-08-19,Government Bond,Bond,32024.2915,32971.5604,31419.4248,32657.5049,16487396
2025-08-20,Government Bond,Bond,32657.5049,33910.1316,32650.818,33458.2976,1654539
2025-08-21,Government Bond,Bond,33458.2976,33570.0392,32549.8499,33031.0976,1791365
2025-08-22,Government Bond,Bond,33031.0976,33194.2639,32581.488,32964.0248,658779
2025-08-25,Government Bond,Bond,32964.0248,33361.5847,31976.6273,32512.9973,11041452
2025-08-26,Government Bond,Bond,32512.9973,32868.2511,32433.243,32657.1909,1922314
2025-08-27,Government Bond,Bond,32657.1909,33193.6583,31898.1232,31925.5127,4207791
2025-08-28,Government Bond,Bond,31925.5127,32334.9084,31459.4726,31958.4747,1285397
2025-08-29,Government Bond,Bond,31958.4747,32915.4399,31639.504,32299.7154,2008020
2025-09-01,Government Bond,Bond,32299.7154,32428.4193,32089.0492,32383.4277,16222354
2025-09-02,Government Bond,Bond,32383.4277,32887.2007,31960.3407,32701.232,922970
2025-09-03,Government Bond,Bond,32701.232,33097.4694,32115.7816,33024.2799,1709525
2025-09-04,Government Bond,Bond,33024.2799,33315.128,32886.5231,33270.2699,8099743
2025-09-05,Government Bond,Bond,33270.2699,33539.7302,33122.4996,33356.8165,984982
2025-09-08,Government Bond,Bond,33356.8165,33450.5891,32071.8678,32418.6526,10094263
2025-09-09,Government Bond,Bond,32418.6526,33204.342,32016.2637,33136.2434,1621191
2025-09-10,Government Bond,Bond,33136.2434,33290.1863,32123.4612,32143.0209,835311
2025-09-11,Government Bond,Bond,32143.0209,32580.8674,31331.1752,31936.4263,8026802
2025-09-12,Government Bond,Bond,31936.4263,32107.7802,30404.3191,30983.1107,11641491
2025-09-15,Government Bond,Bond,30983.1107,31787.3346,30459.466,31518.6955,11381465
2025-09-16,Government Bond,Bond,31518.6955,31896.6542,30786.5445,31053.727,8788221
2025-09-17,Government Bond,Bond,31053.727,31285.0574,30841.2642,31076.0855,1131569
2025-09-18,Government Bond,Bond,31076.0855,31405.2646,30962.7639,31150.8373,3248187
2025-09-19,Government Bond,Bond,31150.8373,31216.5961,30490.3702,30520.9975,5893153
2025-09-22,Government Bond,Bond,30520.9975,30781.4795,30391.9584,30505.1602,2239128
2025-09-23,Government Bond,Bond,30505.1602,31063.5982,29968.1822,30324.5417,4491632
2025-09-24,Government Bond,Bond,30324.5417,30496.948,29674.5184,30113.2206,508687
2025-09-25,Government Bond,Bond,30113.2206,30175.9789,29192.5168,29622.262,3131064
2025-09-26,Government Bond,Bond,29622.262,29918.1455,28919.8951,29391.7892,2211040
2025-09-29,Government Bond,Bond,29391.7892,29881.9745,28888.1881,28973.8544,1254461
2025-09-30,Government Bond,Bond,28973.8544,29684.0895,28938.0339,29192.8881,3701166
2025-10-01,Government Bond,Bond,29192.8881,29747.1096,28264.4423,28832.9952,2139448
2025-10-02,Government Bond,Bond,28832.9952,29649.8803,28698.2412,29159.0566,1039144
2025-10-03,Government Bond,Bond,29159.0566,30084.3125,29084.5592,29550.64,2695474
2025-10-06,Government Bond,Bond,29550.64,30011.9991,29017.7438,29377.2338,871422
2025-10-07,Government Bond,Bond,29377.2338,30575.1173,29096.5851,30516.404,4811147
2025-10-08,Government Bond,Bond,30516.404,30845.9282,29325.0669,29665.5195,3901841
2025-10-09,Government Bond,Bond,29665.5195,30406.4546,29359.1612,30171.2711,4179084
2025-10-10,Government Bond,Bond,30171.2711,30687.5858,30164.761,30525.4112,1831524
2025-10-13,Government Bond,Bond,30525.4112,30597.9144,30025.7317,30213.2611,2366075
2025-10-14,Government Bond,Bond,30213.2611,30357.8337,29899.4597,30228.6118,1870511
2025-10-15,Government Bond,Bond,30228.6118,30590.0958,30103.2461,30140.6204,1092199
2025-10-16,Government Bond,Bond,30140.6204,30285.5123,29068.718,29424.4803,1436316
2025-10-17,Government Bond,Bond,29424.4803,30314.0222,29256.3434,30217.9999,10901467
2025-10-20,Government Bond,Bond,30217.9999,30598.1759,30018.3836,30318.5986,768762
2025-10-21,Government Bond,Bond,30318.5986,30909.7486,30196.1835,30266.7316,3592745
2025-10-22,Government Bond,Bond,30266.7316,30790.5048,29952.2217,29996.7188,11686521
2025-10-23,Government Bond,Bond,29996.7188,30592.5479,28754.7968,29332.9786,1047312
2025-10-24,Government Bond,Bond,29332.9786,29872.4508,29242.4139,29555.8957,1023104
2025-10-27,Government Bond,Bond,29555.8957,29682.8619,28941.5292,29097.6954,2861668
2025-10-28,Government Bond,Bond,29097.6954,29362.4913,28094.9725,28188.8411,3758622
2025-10-29,Government Bond,Bond,28188.8411,28690.4391,27869.5382,27980.7631,2659083
2025-10-30,Government Bond,Bond,27980.7631,28246.2431,27522.4447,27683.7084,11326962
2025-10-31,Government Bond,Bond,27683.7084,28199.7992,27549.5987,28039.2631,5265952
2025-11-03,Government Bond,Bond,28039.2631,28398.0758,27572.059,27624.2291,5951939
2025-11-04,Government Bond,Bond,27624.2291,27805.2327,27265.6093,27742.0332,34913825
2025-11-05,Government Bond,Bond,27742.0332,27938.1051,26875.6027,27142.7427,2480938
2025-11-06,Government Bond,Bond,27142.7427,27589.4375,26686.9681,26860.2462,4401044
2025-11-07,Government Bond,Bond,26860.2462,27254.2355,25860.9953,26240.4367,6432557
2025-11-10,Government Bond,Bond,26240.4367,26373.5827,25435.7069,25631.9775,4477398
2025-11-11,Government Bond,Bond,25631.9775,25982.8047,25057.1356,25480.5433,1322483
2025-11-12,Government Bond,Bond,25480.5433,25904.8671,24601.5119,25047.7138,1584498
2025-11-13,Government Bond,Bond,25047.7138,25395.8578,24521.5544,24912.1942,3040689
2025-11-14,Government Bond,Bond,24912.1942,25232.3372,24723.5053,24938.8721,2518946
2025-11-17,Government Bond,Bond,24938.8721,25276.4327,24522.8284,24779.1025,15476607
2025-11-18,Government Bond,Bond,24779.1025,25380.5274,24296.4523,25011.8978,780726
2025-11-19,Government Bond,Bond,25011.8978,25506.1185,24479.6165,24788.8859,2760341
2025-11-20,Government Bond,Bond,24788.8859,25203.1132,24040.5562,24471.421,2242135
2025-11-21,Government Bond,Bond,24471.421,24533.6366,23694.9501,23976.9983,3287773
2025-11-24,Government Bond,Bond,23976.9983,24832.6761,23784.0467,24682.0135,3483378
2025-11-25,Government Bond,Bond,24682.0135,24920.7419,24227.9806,24711.6107,2519349
2025-11-26,Government Bond,Bond,24711.6107,24841.885,23836.9997,24276.5435,17378046
2025-11-27,Government Bond,Bond,24276.5435,24603.1472,24177.7211,24343.7793,5251592
2025-11-28,Government Bond,Bond,24343.7793,24464.6479,24093.9119,24186.7168,5429187
2025-12-01,Government Bond,Bond,24186.7168,25270.5569,24075.1798,24797.2637,11194264
2025-12-02,Government Bond,Bond,24797.2637,24827.9529,23364.588,23578.8894,10394236
2025-12-03,Government Bond,Bond,23578.8894,23683.7596,23075.2512,23229.7422,1265379
2025-12-04,Government Bond,Bond,23229.7422,23684.4656,22340.0391,22764.7061,1155010
2025-12-05,Government Bond,Bond,22764.7061,23335.5761,22602.6488,22881.965,3436933
2025-12-08,Government Bond,Bond,22881.965,23360.5531,22784.5203,23079.6159,3059096
2025-12-09,Government Bond,Bond,23079.6159,23236.2608,22635.2336,22738.7221,6240771
2025-12-10,Government Bond,Bond,22738.7221,22778.003,22582.9229,22622.28,6416637
2025-12-11,Government Bond,Bond,22622.28,22754.5962,22577.2065,22688.7886,3335060
2025-12-12,Government Bond,Bond,22688.7886,23474.7494,22551.5114,23337.3483,520745
2025-12-15,Government Bond,Bond,23337.3483,23764.5765,22705.4466,22724.5146,1591966
2025-12-16,Government Bond,Bond,22724.5146,23348.82,22673.8139,22965.7702,1809122
2025-12-17,Government Bond,Bond,22965.7702,23102.2506,22789.3609,22857.9449,583876
2025-12-18,Government Bond,Bond,22857.9449,23466.4128,22691.7544,23085.0616,612364
2025-12-19,Government Bond,Bond,23085.0616,23382.6537,22593.056,22937.8655,394130
2025-12-22,Government Bond,Bond,22937.8655,23424.8837,22609.2118,23243.8786,571612
2025-12-23,Government Bond,Bond,23243.8786,23441.9445,22662.7982,23073.2317,1618843
2025-12-24,Government Bond,Bond,23073.2317,23294.9012,22860.877,23246.8835,3526798
2025-12-25,Government Bond,Bond,23246.8835,24273.6447,22855.6626,23885.7569,756612
2025-12-26,Government Bond,Bond,23885.7569,24767.8647,23702.4636,24306.5127,13099570
2025-12-29,Government Bond,Bond,24306.5127,25145.4613,24229.2768,24957.2735,3062748
2025-12-30,Government Bond,Bond,24957.2735,25185.6821,24049.0565,24476.3546,4741275
2025-12-31,Government Bond,Bond,24476.3546,24680.9464,23694.7327,23888.5696,9080600
