mortgage_id,customer_id,branch_id,property_value,loan_amount,interest_rate,term_years,start_date,outstanding_balance,mortgage_status
1,11965,21,4295990.85,2976252.05,7.28,20,2022-11-27,1781321.91,Active
2,8323,22,3029640.84,1384990.39,6.782,25,2024-03-16,416198.2,Defaulted
3,8667,59,7306741.45,2943349.25,8.499,25,2023-12-01,1583919.83,Active
4,21043,55,7620048.04,5441250.63,11.416,10,2023-10-09,2235487.11,Active
5,22620,60,2349846.07,1031744.2,7.11,30,2024-02-15,332585.36,Active
6,3944,4,5504584.79,2771624.46,8.059,15,2023-12-04,2348910.44,Active
7,11535,72,4799966.12,3316338.82,9.352,25,2024-10-13,3066823.51,Active
8,17263,53,2974552.43,2078998.11,9.434,10,2024-02-03,1444014.42,Active
9,2569,88,2055683.68,835130.87,8.474,20,2023-08-16,636680.62,Active
10,3562,41,2464922.75,1583426.91,11.075,10,2024-02-19,815597.42,Active
11,10966,91,1778917.81,1230730.89,9.306,20,2023-09-05,1146564.73,Active
12,503,14,1693124.77,1166041.16,8.969,10,2022-07-26,673857.12,Active
13,18142,23,1498068.62,903976.96,9.522,20,2023-06-25,405631.47,Active
14,19542,28,5800011.1,2992229.1,11.148,30,2024-10-09,2592615.06,Active
15,11495,62,6951890.35,5272567.52,7.05,10,2023-09-25,4385245.02,Active
16,21960,27,3600395.69,1450170.44,8.587,30,2023-11-15,665166.48,Active
17,18238,58,3858262.62,2166547.45,11.312,15,2024-08-09,701910.49,Active
18,13878,87,1465659.24,880966.16,7.893,10,2023-01-20,401469.69,Active
19,4932,55,3940828.47,1957890.71,10.308,20,2023-02-05,1514116.43,Active
20,198,86,3255775.06,2125768.24,9.179,10,2022-07-06,895452.3,Active
21,1987,19,8357189.33,3398326.78,8.243,25,2023-05-04,2545718.98,Active
22,4737,11,5285480.96,4094619.8,8.205,10,2022-05-31,2669451.27,Active
23,16372,60,2317294.82,1837307.37,7.804,10,2022-09-11,1622691.95,Active
24,10249,99,2452567.97,1602116.93,10.002,20,2023-02-08,1404425.6,Active
25,9638,84,2248977.9,1044990.92,9.403,10,2022-04-09,974852.69,Active
26,11970,54,3714443.9,1939480.33,8.742,30,2022-06-10,604631.03,Active
27,1219,17,2534761.8,1768422.73,8.04,25,2024-08-12,953206.86,Active
28,14374,51,1772898.71,882187.05,10.96,20,2022-01-27,720418.07,Active
29,7997,48,2826186.24,1351191.71,7.904,20,2024-12-08,443653.6,Defaulted
30,17454,6,14593591.35,8580707.82,8.351,10,2024-11-26,7751872.07,Active
31,6103,33,2548832.0,1412152.56,8.085,15,2023-07-20,1062530.94,Active
32,7456,47,5012159.35,2199689.37,11.45,15,2022-06-04,1082112.73,Active
33,16922,99,4186500.42,2171136.1,7.781,30,2024-04-07,1372966.9,Active
34,2369,8,8696301.59,6255406.89,10.01,25,2023-04-16,1988912.26,Active
35,20154,63,9241836.79,4909828.08,11.409,15,2023-07-24,1570286.56,Active
36,15339,60,2254203.82,1643405.26,8.133,30,2024-09-30,1524116.54,Active
37,15203,55,2635883.57,1488065.83,7.192,30,2023-01-05,945807.54,Active
38,17215,19,4159529.1,2986851.69,8.695,15,2024-01-11,1253930.78,Active
39,16897,34,8707628.97,3685742.88,7.699,10,2023-05-03,3344808.34,Active
40,9663,69,2252207.45,1366365.85,9.559,20,2022-06-03,726062.54,Active
41,10458,90,4172811.91,2460580.04,8.958,25,2022-12-23,1375533.33,Active
42,2850,52,5005504.32,3273787.33,8.373,15,2023-03-18,2048329.92,Active
43,16348,32,5581388.16,4339845.43,11.201,25,2023-11-21,2919364.45,Active
44,22117,12,7644226.09,5538101.69,8.431,10,2024-12-02,2366232.8,Active
45,23133,26,3815359.79,1634788.04,9.908,15,2022-04-25,789938.74,Active
46,11339,29,2321015.27,1575261.15,6.696,10,2024-10-17,761359.11,Active
47,20464,36,4930798.41,3925911.84,8.36,30,2022-10-06,3103248.27,Active
48,14398,84,4573108.12,3480232.06,10.632,30,2023-11-30,1270250.51,Active
49,21331,16,4055656.13,2720160.85,8.742,20,2023-01-31,1397161.54,Active
50,1168,57,3052620.97,2139734.09,7.067,30,2024-12-01,1996931.1,Defaulted
51,15369,74,8864070.28,6980107.68,10.685,10,2022-06-19,3893668.38,Active
52,22557,37,4083726.93,1872968.39,7.666,30,2023-05-15,850038.05,Active
53,1811,61,1253177.79,856261.89,8.39,20,2023-12-15,761328.44,Active
54,4749,92,5886739.72,3514678.19,9.357,25,2023-04-21,2807091.42,Active
55,505,63,5189220.95,2568677.8,8.889,10,2024-04-03,1652791.53,Active
56,12973,32,6097187.24,4395119.0,9.28,30,2022-03-21,2826086.66,Defaulted
57,15762,47,3449437.92,2717194.74,9.647,10,2023-10-18,2117008.42,Active
58,11024,72,2136852.73,1674183.44,8.473,25,2023-01-08,804106.57,Active
59,4965,41,1016481.13,643902.62,7.8,20,2023-05-17,206696.2,Active
60,2780,29,2448129.3,1381926.61,7.166,20,2023-01-25,1267737.93,Active
61,23794,5,1581480.1,1222628.65,6.632,10,2023-01-09,1010942.32,Defaulted
62,23834,63,8951237.25,4119061.81,8.465,20,2024-03-05,2759371.68,Active
63,15107,53,3946545.92,2762441.25,9.426,30,2023-11-08,2188137.4,Active
64,22985,1,9354249.44,4643766.84,11.27,30,2023-03-25,3420623.94,Active
65,10358,3,2073313.91,1386278.38,9.101,25,2024-12-13,1288106.23,Active
66,22929,47,2765894.26,1982391.47,8.603,30,2024-05-02,1418569.36,Active
67,9522,98,3716920.97,2944489.38,9.683,20,2023-03-11,2613832.5,Active
68,9551,30,5083236.59,3078386.71,9.61,20,2022-03-22,2823460.59,Active
69,4165,34,3242661.36,1632024.18,9.604,15,2022-07-24,711456.49,Active
70,6255,23,5065801.81,2718437.33,7.14,20,2024-06-18,1136910.45,Active
71,10162,61,3158243.25,2106621.19,7.461,20,2024-10-25,1104509.3,Active
72,6982,1,5527953.74,2281507.42,9.172,25,2022-12-12,2010558.38,Active
73,22575,86,1672501.05,730742.86,6.909,20,2024-04-10,398427.22,Active
74,14179,52,1726870.27,1290525.46,7.547,15,2022-01-28,696617.72,Active
75,19182,18,5221374.04,3958233.51,8.737,20,2024-11-04,1457282.88,Active
76,1063,57,1898615.1,897880.81,10.704,15,2022-05-06,339260.12,Active
77,6372,86,8268204.22,5917293.27,9.434,10,2024-01-18,2265892.53,Active
78,21786,64,5308935.31,2894606.29,9.354,20,2024-05-26,1489930.6,Closed
79,19902,62,2918465.65,2160618.94,10.529,10,2024-01-29,720702.67,Active
80,9112,95,1000000.0,678784.58,10.983,25,2022-03-16,585505.76,Active
81,5561,66,2195233.58,1465224.65,9.284,15,2022-06-22,1172429.4,Active
82,16609,20,2438956.48,1291358.42,7.712,10,2022-03-31,1031868.57,Active
83,14595,33,4977004.24,2629136.71,8.346,15,2022-09-18,897044.96,Defaulted
84,1620,65,3288489.8,1739418.85,7.194,10,2024-02-24,653764.82,Active
85,17989,62,6640006.41,2939396.05,10.23,15,2022-11-30,2664297.22,Defaulted
86,8163,35,4220584.29,2034324.68,11.132,25,2024-05-22,1602694.39,Active
87,78,26,2562931.28,1266797.21,11.039,10,2024-12-01,703185.6,Active
88,6944,51,4207127.19,2421849.44,9.621,10,2024-11-12,1417227.64,Active
89,3688,51,1679865.62,1029325.89,9.214,20,2023-01-26,797580.31,Active
90,22127,29,1345968.17,628152.99,8.977,20,2023-02-24,595803.23,Active
91,2244,86,5573550.15,2548512.46,10.07,30,2024-05-14,935037.55,Active
92,6360,52,4859398.28,2680097.26,8.486,30,2022-02-16,1516454.95,Active
93,794,43,3318407.6,2077997.92,9.495,25,2022-01-11,1918820.4,Active
94,22551,47,3034917.6,1489963.64,7.94,20,2023-01-31,1330096.6,Active
95,19916,100,2819700.42,1946828.98,11.094,30,2024-06-06,613182.39,Active
96,11642,9,2566553.85,1818399.98,8.621,30,2024-02-18,1078394.09,Active
97,2709,47,3370759.68,2145522.83,6.774,10,2022-07-21,1763308.11,Active
98,16921,90,5967301.27,3182956.52,11.099,15,2023-04-20,2480719.32,Active
99,12952,25,2834071.01,1293307.92,8.992,30,2022-06-26,1044116.21,Active
100,16242,85,1430123.52,697955.89,9.076,10,2023-11-20,462220.23,Active
101,1760,13,1564699.46,813390.81,8.487,20,2024-08-09,718822.16,Active
102,20909,93,3547982.27,1689815.57,8.86,20,2022-01-18,829917.5,Active
103,11486,38,12439858.25,7369809.66,10.327,25,2024-07-13,2572632.42,Active
104,10094,34,9552877.04,4861657.27,8.544,25,2024-10-28,1544122.61,Active
105,23606,67,4861801.64,1983052.15,10.937,25,2024-10-03,1524032.12,Active
106,9504,46,1756829.86,1397543.24,10.651,25,2022-06-14,547422.16,Active
107,16033,23,2345736.68,1532461.12,10.741,30,2024-07-03,1040505.87,Active
108,23237,20,2837922.28,2148502.09,8.179,15,2023-12-08,1468913.07,Active
109,7084,99,1616483.8,1003543.65,11.242,25,2023-08-16,867567.69,Active
110,20608,96,8581650.34,6503353.9,8.626,20,2023-06-10,5086250.42,Active
111,18926,4,1548672.63,1019060.15,7.161,30,2023-09-02,486091.45,Active
112,5476,41,2525143.87,1933551.96,7.87,10,2024-09-24,1622892.37,Active
113,8647,10,7970783.84,5308658.97,11.072,15,2024-09-07,2914666.35,Active
114,3068,54,7754408.28,3247440.62,10.19,20,2023-11-24,2247387.62,Active
115,24763,39,1413799.92,766659.99,9.552,15,2022-02-24,560724.58,Closed
116,21793,36,2107174.53,1460332.72,9.199,20,2024-08-15,1344825.66,Active
117,2344,17,2510349.58,1349949.25,8.564,30,2024-07-27,929961.06,Active
118,1253,44,11572681.95,4980574.06,11.338,15,2023-06-08,2662779.42,Active
119,1342,80,3137891.43,1487527.39,10.865,30,2023-01-09,1062392.84,Defaulted
120,21772,15,4599092.93,3501498.82,9.966,10,2022-02-16,1150969.05,Active
121,24071,9,1116972.23,500637.04,7.463,15,2024-04-06,457468.72,Active
122,19427,18,2803209.35,2087878.14,9.112,10,2024-09-21,1387270.12,Active
123,23511,39,3415422.7,1968693.58,8.076,10,2024-09-08,998499.98,Active
124,13738,66,5707683.57,4305825.68,6.622,15,2023-06-30,1351276.25,Active
125,7207,46,4839731.37,3482251.06,8.254,10,2023-04-22,1129774.23,Active
126,18156,10,3354654.92,2121157.98,6.958,25,2023-01-24,1645969.11,Active
127,146,62,1174388.45,870373.02,9.446,10,2024-08-06,819908.4,Active
128,23896,68,2772177.81,1535039.85,7.591,15,2022-03-02,718918.6,Active
129,24263,52,5164653.21,4109380.1,6.825,25,2024-06-03,3451540.82,Active
130,17209,90,3664443.27,1534588.75,6.684,15,2022-09-16,1284502.5,Active
131,18298,61,1644511.14,998718.43,7.801,20,2023-11-21,618477.48,Defaulted
132,7907,13,4476331.39,3397421.2,7.619,10,2022-11-25,2995502.66,Active
133,17603,25,1000000.0,509183.75,10.761,15,2023-06-05,261661.07,Closed
134,15586,88,2016544.27,1399653.25,7.763,20,2024-07-02,493629.77,Active
135,9517,96,2459119.18,1820935.37,9.08,20,2023-11-29,1222498.28,Active
136,1313,6,3697189.05,2283056.99,9.106,25,2022-12-19,918408.6,Active
137,20671,27,1718748.65,1326936.07,10.264,30,2023-07-11,1150053.23,Active
138,7562,32,2172995.32,1586996.5,8.176,15,2022-12-22,1049826.96,Active
139,9883,17,2126200.99,922004.29,7.079,15,2023-12-01,282038.4,Active
140,10707,30,2330841.91,1052094.22,6.592,10,2024-09-20,549421.39,Active
141,14528,17,3600380.91,1537848.07,10.355,10,2024-06-04,807099.55,Active
142,2354,14,4092562.22,1711905.74,11.367,30,2023-12-17,1347738.35,Active
143,11802,98,7733237.97,5206929.49,7.868,30,2023-05-31,3004491.24,Active
144,9079,29,3152913.03,1467521.89,9.968,25,2024-08-31,659702.3,Active
145,17318,15,1183841.43,625419.99,10.229,20,2024-10-05,452543.55,Active
146,18640,27,2393654.47,1785051.78,11.341,10,2023-06-04,1430003.55,Active
147,8885,24,4655209.71,2106472.86,11.104,20,2024-07-04,1722566.57,Active
148,11537,84,6790491.56,3034828.73,8.652,10,2024-08-13,1037109.65,Active
149,20173,81,5190569.36,2720609.85,6.558,15,2022-12-04,1664905.07,Active
150,21805,89,2283127.59,1179612.19,10.801,10,2024-02-18,722311.36,Active
151,16020,33,3262546.57,2111723.37,9.298,15,2022-01-02,1366828.65,Active
152,23117,26,1728733.16,748547.36,8.485,15,2024-05-20,322293.36,Active
153,17019,6,3967076.91,1783946.83,9.474,10,2022-08-11,1162852.57,Active
154,3390,84,3516685.15,2631843.73,8.197,20,2023-01-18,926605.46,Active
155,515,41,6746718.09,3919352.82,7.32,20,2024-09-04,1329557.57,Active
156,13613,19,3644317.94,1690299.79,11.379,25,2023-11-16,707181.96,Active
157,7058,83,3225520.77,2006742.98,7.642,10,2024-12-18,1450296.62,Active
158,6237,54,10619990.69,7137603.32,6.653,10,2024-06-21,4287593.44,Active
159,12804,92,5460677.89,3113663.98,8.355,25,2024-08-13,1015275.45,Active
160,6564,98,5284228.58,3336832.68,8.933,15,2022-12-01,2954619.23,Active
161,20099,18,4679854.53,3579832.9,9.658,10,2024-05-16,2879618.07,Active
162,11562,44,1373653.19,880157.51,8.364,15,2023-01-10,500343.37,Active
163,14,89,1999430.19,1123696.4,9.813,10,2024-06-09,565102.69,Active
164,20741,65,3027573.37,2250075.88,10.367,25,2022-10-28,1021687.7,Active
165,5725,10,3009453.56,1602099.89,9.847,10,2022-05-13,739632.29,Active
166,16960,84,5652179.17,3858804.25,8.397,20,2023-11-18,2822610.9,Active
167,1743,6,4033175.14,2557604.72,7.529,30,2022-11-30,862185.06,Active
168,15361,35,4141310.77,3208034.4,8.761,30,2024-12-18,1621666.1,Active
169,6639,43,5411193.42,3148751.49,8.944,25,2022-05-31,1005972.05,Active
170,10986,8,3955306.53,2697013.98,11.35,10,2024-10-11,1988215.45,Active
171,14647,90,2943543.48,1992927.24,8.371,15,2022-10-30,1337047.58,Active
172,21294,68,3684288.85,2845669.1,9.883,20,2024-12-12,2087387.88,Active
173,16959,73,1896433.49,1217475.35,10.832,10,2023-11-19,960683.07,Active
174,7115,68,2566351.85,1322888.27,9.753,25,2022-01-19,1091514.93,Active
175,1368,54,2775496.13,2018156.73,9.745,30,2024-12-24,1086171.95,Active
176,2876,93,6966606.19,4724660.93,8.743,10,2024-01-06,2563665.58,Active
177,2990,9,3588811.28,2394760.36,8.399,15,2022-11-24,1526427.82,Active
178,1178,25,2224263.19,912519.16,8.401,15,2022-10-31,617877.71,Active
179,13179,43,6999505.42,5076001.4,6.591,20,2024-10-11,4481420.37,Active
180,8907,51,4457729.06,3485337.93,6.801,30,2022-05-21,1842191.91,Active
181,3611,29,1288351.11,662146.97,10.515,20,2022-04-16,461329.03,Active
182,23172,90,3096903.21,1576477.34,7.109,20,2024-11-28,1011083.52,Active
183,24612,84,3570663.23,1794705.01,8.918,10,2023-07-13,1648278.93,Active
184,23254,92,1952311.42,1420649.28,7.64,10,2022-01-10,587584.43,Active
185,1317,68,3602293.2,2242985.24,7.874,20,2024-12-19,1651792.73,Active
186,3041,55,3782788.92,2673154.9,9.433,10,2023-04-28,2312329.13,Active
187,988,71,1588797.39,833973.6,9.233,15,2024-08-26,462095.51,Active
188,770,64,3538938.96,2118786.62,7.182,30,2023-09-29,1623919.74,Active
189,6765,36,3861155.09,2437758.67,6.928,10,2022-03-14,1243723.79,Active
190,17092,13,2436853.97,1320771.25,9.095,15,2024-08-13,1083338.49,Active
191,7980,58,5763667.81,3806043.5,8.165,15,2023-12-28,2078136.58,Active
192,9687,30,3470115.62,2769819.21,8.168,25,2023-03-29,1146558.11,Active
193,633,55,3588154.11,1574017.64,10.281,10,2024-09-06,958067.16,Active
194,23155,5,1502223.69,672893.46,10.186,25,2022-11-17,570157.19,Active
195,21665,16,2165044.38,1520095.34,9.034,25,2024-01-08,518384.24,Active
196,18793,85,3700352.02,1816661.63,8.232,10,2024-08-26,1146896.2,Active
197,24838,35,3635771.42,2724409.56,10.431,25,2022-09-01,1186567.09,Closed
198,21933,35,3100424.76,1384484.01,9.872,15,2022-05-14,542483.38,Active
199,23387,2,2420674.81,990437.33,7.618,25,2022-09-23,826631.24,Active
200,20644,95,5607344.19,4176382.44,8.935,30,2024-06-17,3839425.19,Active
201,17348,25,2105900.22,1245205.34,7.663,30,2024-11-01,1155282.1,Active
202,846,20,3966328.36,2081237.41,8.698,25,2023-03-23,1491283.83,Active
203,7155,5,7586743.13,3496046.66,10.404,15,2022-12-11,1180987.17,Defaulted
204,21560,79,6390474.1,2703887.71,11.418,20,2022-05-29,1024503.62,Active
205,14084,40,3860654.72,1640456.74,10.57,25,2024-03-30,677408.87,Active
206,24242,63,2314349.78,1710782.06,10.46,30,2023-04-28,922186.08,Active
207,4482,62,4403034.41,3116124.13,8.907,30,2023-10-12,2314138.6,Active
208,22741,90,4963071.39,3213982.18,7.706,30,2022-12-04,1099184.61,Active
209,22421,52,1523665.75,1003236.46,7.83,30,2023-05-25,398818.23,Active
210,21224,99,2149545.96,1493811.55,8.379,25,2023-07-08,1210376.88,Active
211,6173,97,6127390.66,3523502.38,10.704,15,2022-08-20,2113961.73,Active
212,23254,72,1764799.6,1171370.85,7.635,10,2024-08-13,694509.03,Active
213,3457,51,2344572.2,973486.87,6.856,10,2022-05-28,758716.62,Active
214,9867,52,3135503.84,1626116.92,10.373,20,2023-06-24,862893.87,Active
215,14474,38,6519832.0,2787131.25,6.913,25,2022-12-26,1967801.95,Active
216,11825,36,3625956.98,1748708.06,9.575,10,2022-06-18,1615609.05,Active
217,5979,2,2758776.16,1241707.02,9.509,30,2022-06-09,976289.12,Active
218,16906,15,4769826.89,3160446.48,7.054,15,2022-07-02,1143315.55,Active
219,12276,30,1000000.0,465473.52,11.142,25,2023-11-17,143489.05,Defaulted
220,21726,39,5586392.13,3734961.08,10.733,10,2024-07-31,1732860.08,Active
221,17031,23,6372817.84,4406142.49,9.781,20,2022-09-13,2882795.82,Defaulted
222,16141,82,3026678.68,2345540.46,7.04,30,2023-04-08,843728.61,Closed
223,10518,43,1693226.64,909183.89,10.291,10,2023-11-27,634393.36,Active
224,5927,25,3198343.58,1473245.8,10.306,15,2022-05-09,1152244.46,Active
225,24418,89,2042058.15,1535477.83,9.275,20,2024-07-11,1147193.37,Active
226,19364,86,2323383.6,1429992.11,10.74,15,2023-07-20,1202969.86,Active
227,3984,95,5151749.45,3458634.87,8.028,20,2023-11-29,1865591.78,Active
228,14872,99,5069696.29,3492150.66,7.189,30,2024-04-01,2626627.39,Active
229,15380,17,1412524.42,1013739.01,9.441,25,2023-06-10,780795.07,Active
230,6644,4,6546370.01,3208870.21,6.764,15,2023-08-17,2218595.75,Active
231,17048,76,5954459.42,2736668.92,10.424,30,2024-07-15,2288771.82,Active
232,5470,55,1496228.99,822005.82,10.178,10,2024-04-10,364475.55,Active
233,1284,20,3628813.56,2062977.68,10.428,20,2023-02-03,1168549.32,Active
234,14473,90,4489343.06,2485000.34,9.439,10,2023-05-15,1330600.98,Active
235,18285,51,2445408.46,1484929.06,11.203,15,2023-07-01,860185.15,Active
236,22437,84,4996715.95,3681447.54,10.513,15,2023-12-05,2260150.23,Active
237,2840,57,3660562.95,2191156.1,6.535,10,2023-11-17,1526460.9,Active
238,13976,89,2654721.4,1859765.17,11.283,25,2023-09-10,899050.65,Active
239,2015,89,3973915.15,1986236.23,10.384,25,2024-04-20,1225351.39,Active
240,18682,57,2894687.73,1230419.68,8.23,15,2024-12-29,1088788.13,Active
241,6343,21,3744851.64,2337039.35,6.761,25,2024-06-14,1649661.25,Active
242,20055,90,3429867.13,2715838.55,7.456,10,2023-01-06,2530627.77,Active
243,24260,71,2095639.04,965039.12,9.919,10,2023-08-16,904565.85,Active
244,18475,41,2748605.74,1543592.66,10.458,10,2023-06-13,1078022.12,Active
245,14358,57,2870069.48,1309853.36,9.845,15,2023-03-11,947197.87,Active
246,24488,38,6154288.98,2615014.27,10.532,15,2023-09-03,872817.96,Active
247,9284,86,2291505.77,1067572.53,6.59,30,2022-03-20,930633.09,Active
248,6824,58,2106302.07,1043711.61,10.254,10,2023-03-23,687945.65,Active
249,18659,6,1614253.81,897995.42,8.36,10,2023-01-14,491448.65,Active
250,2552,12,1968871.25,1547120.64,9.117,25,2023-04-21,1225881.5,Active
251,2286,82,5822904.78,2785306.87,7.29,25,2023-01-21,1409073.07,Active
252,13938,40,1529881.99,1166469.69,9.035,25,2024-10-11,489621.16,Active
253,11206,19,1933191.03,1113768.13,10.912,25,2024-03-24,565553.01,Defaulted
254,21493,21,4126662.33,2451829.99,10.126,15,2024-07-12,2141068.0,Active
255,24218,5,6281141.74,4319801.52,11.367,25,2022-09-22,3595765.14,Active
256,16300,11,13582055.12,9291444.79,11.006,25,2023-04-02,4948334.27,Active
257,3349,28,2485291.92,1166856.08,10.63,10,2024-09-07,668698.59,Active
258,5434,75,5643295.13,3926991.43,9.756,10,2024-04-16,3235948.24,Active
259,10488,28,2497992.25,1313863.58,9.908,10,2022-05-04,1241118.5,Active
260,9795,4,3849755.91,1658594.98,10.832,30,2022-08-15,1320326.09,Active
261,393,99,3946883.42,1946228.97,6.795,15,2023-10-08,1432377.82,Active
262,15224,46,3689635.75,1639658.58,8.802,25,2023-05-16,1074503.27,Active
263,4250,87,2435273.18,1694856.74,7.137,10,2022-03-24,1580122.75,Active
264,5076,45,3110228.32,2114103.52,11.314,10,2024-02-02,1497535.32,Active
265,1461,61,2132776.06,1039466.58,6.842,10,2022-10-13,343003.51,Active
266,13966,75,10326321.68,5302890.21,6.871,10,2022-11-30,4152563.82,Active
267,19583,55,5513273.88,4173112.78,9.157,10,2023-03-08,1345977.74,Active
268,1493,21,8375634.17,6685221.86,6.818,25,2024-10-09,2413413.46,Active
269,11329,8,5589266.93,4200845.85,9.087,25,2023-03-14,2446939.67,Active
270,23133,22,4306352.4,2759378.73,9.535,20,2023-05-20,2088054.86,Active
271,16301,67,1922190.75,1064517.95,9.761,15,2022-12-13,833875.28,Active
272,7430,86,3323698.96,2172507.95,7.772,10,2023-07-27,1318974.5,Active
273,10333,99,2581506.69,2035809.94,7.48,20,2024-01-19,1238357.68,Active
274,10289,46,2233696.65,1373283.39,6.747,20,2023-02-08,508412.5,Active
275,5483,54,3896331.32,2357541.85,11.159,10,2024-03-27,1652856.65,Active
276,16295,55,6832818.05,3676665.99,10.871,30,2024-02-18,1210192.33,Active
277,22517,12,7380208.37,5556584.14,9.873,10,2023-08-25,5116443.4,Active
278,13147,46,2212994.96,886583.41,6.756,30,2023-03-07,300277.87,Active
279,24996,82,2214287.74,1225686.99,6.961,25,2024-07-24,966167.05,Active
280,19087,41,3947323.61,1705528.03,11.209,30,2022-04-15,1228308.59,Active
281,7545,39,3370482.81,1535418.49,10.868,25,2023-03-30,580945.5,Active
282,6032,94,13266575.43,5659223.08,7.211,10,2022-09-25,2783072.69,Active
283,12337,95,2417395.55,1085897.27,8.833,10,2022-10-04,814553.63,Active
284,24951,73,3440284.38,2302192.38,8.032,15,2024-11-19,1358691.06,Active
285,3135,23,3831555.81,2937477.95,8.094,15,2023-11-10,1858227.7,Active
286,6565,56,3772230.43,2483244.97,10.31,25,2024-07-02,1773003.4,Active
287,18214,64,3009145.61,1578257.75,9.529,15,2024-04-12,581459.3,Active
288,7070,88,2207641.65,1741410.04,9.027,20,2023-07-11,957312.94,Active
289,18694,59,3113943.14,1444900.68,7.235,30,2023-06-26,555609.19,Active
290,8316,35,2667077.69,1461982.09,10.942,25,2024-02-25,1224205.01,Defaulted
291,12356,69,1401681.88,751518.52,7.271,10,2023-11-05,307685.98,Active
292,13866,98,1443451.43,1061542.6,7.797,20,2024-02-01,358239.77,Active
293,15997,99,1100620.98,695798.32,7.253,15,2022-05-19,302498.91,Active
294,24402,86,4932471.02,3422302.13,9.347,15,2024-02-26,1474508.7,Active
295,20115,64,3215266.01,1984493.8,9.465,15,2022-09-24,1051284.56,Active
296,12022,11,2392290.47,993261.36,9.247,30,2024-09-03,737487.95,Active
297,23348,96,3302958.59,1444941.89,8.96,15,2023-02-11,796526.14,Active
298,3826,81,4683431.07,2795681.41,10.828,20,2022-03-23,1644549.23,Active
299,15689,72,6612047.7,3905031.43,10.77,10,2022-12-03,3321345.42,Active
300,16166,67,4032961.32,1713940.15,8.742,30,2024-07-31,1212244.39,Closed
301,21163,67,3235552.26,2184285.14,9.963,15,2022-11-16,1080363.01,Active
302,20120,35,2640066.99,1905534.04,7.554,10,2022-01-19,820185.99,Defaulted
303,22053,13,3053959.23,1994731.74,10.267,30,2022-07-07,1452267.11,Active
304,10434,63,2687012.66,1984005.71,6.943,10,2024-03-12,695338.58,Active
305,24323,14,2254980.65,1216625.68,10.541,30,2022-02-14,1120299.2,Active
306,15272,17,3019237.07,1569478.75,9.003,15,2022-11-18,545215.25,Active
307,2952,87,1888103.77,967467.77,11.146,20,2024-01-03,657024.17,Active
308,22174,53,2148139.69,1330970.55,6.668,20,2024-12-12,759290.65,Active
309,23626,10,4542244.05,3392026.98,10.607,25,2023-10-22,2522654.51,Active
310,9204,53,2048948.3,1404720.14,10.52,25,2024-12-18,1129359.87,Active
311,12642,75,1192619.09,540890.14,7.858,10,2024-09-17,228729.29,Active
312,11990,38,3218911.68,2208223.27,10.979,15,2023-01-25,1016744.42,Active
313,20617,27,2276240.94,1238488.06,10.833,25,2023-09-04,1101857.91,Closed
314,8390,56,2766104.81,1573785.87,11.32,30,2023-02-05,1174929.55,Active
315,6319,23,7747092.99,5279975.73,7.771,20,2024-11-02,2211384.27,Active
316,12719,25,1574655.47,711492.74,7.99,30,2024-09-05,506811.1,Defaulted
317,22057,99,3262716.23,1807701.56,8.788,15,2022-08-15,976843.27,Active
318,2258,13,1917432.9,1355676.93,8.579,15,2023-10-11,985956.4,Active
319,9389,34,2813216.73,1888020.87,8.474,25,2022-10-01,1470981.15,Closed
320,16924,54,3996058.17,1681858.77,7.496,25,2022-08-23,906624.29,Active
321,2101,74,3343422.52,1695239.16,6.573,30,2024-05-17,1554110.28,Active
322,19046,17,1883791.2,1308255.63,11.03,25,2023-06-25,787127.51,Closed
323,19612,16,9917876.36,5204361.42,10.365,25,2023-11-29,4460836.23,Active
324,18607,94,3682028.15,1585311.87,8.339,30,2023-10-27,1272279.7,Active
325,14891,100,1653642.7,662352.44,9.242,25,2023-09-15,489562.61,Active
326,15065,72,1458415.46,1067421.93,7.535,20,2023-10-06,944290.42,Active
327,5244,87,3550411.42,2092471.73,9.858,25,2023-01-28,953022.96,Active
328,23068,22,4637338.89,3062419.46,8.328,20,2022-12-28,2702428.45,Active
329,22984,68,1749030.58,1386388.91,8.441,25,2023-05-06,1145724.44,Closed
330,23990,60,1949974.43,1043111.63,9.194,10,2023-11-17,355108.68,Active
331,18331,98,1795880.41,1406486.21,7.709,30,2022-10-04,1301705.28,Active
332,22974,82,3000526.07,2314798.19,9.234,30,2022-01-03,943829.7,Active
333,9798,41,4182099.54,2077628.8,7.485,20,2023-07-14,1172485.18,Closed
334,5452,11,4009197.8,2441665.15,8.795,15,2024-11-08,1011977.56,Active
335,1297,43,4387752.91,2378234.14,9.107,15,2024-07-18,1884159.88,Active
336,3424,100,4963706.84,2932359.66,7.737,10,2024-11-28,2368985.19,Closed
337,18853,74,4453826.36,2855908.03,10.422,25,2022-06-20,942269.38,Active
338,20023,72,4112307.63,1937535.33,10.541,30,2024-06-07,1088501.26,Active
339,20807,67,3256097.58,1970225.89,8.462,30,2023-12-19,1387680.76,Defaulted
340,17077,91,4584843.85,2542430.11,8.578,10,2022-04-24,2253746.48,Active
341,21905,22,4273485.99,2100323.34,10.834,30,2024-01-03,1219022.25,Active
342,17045,99,4693262.03,2934836.87,8.132,20,2023-02-07,1154797.64,Active
343,8276,15,7139414.39,5206520.27,9.223,30,2022-08-09,2425982.8,Active
344,13870,28,2436093.81,1553060.94,9.68,20,2024-04-15,763961.81,Active
345,14271,61,1989036.85,1453386.65,10.134,30,2023-06-20,1054465.37,Active
346,6615,53,3112466.33,2335449.17,7.912,30,2023-08-04,1295439.97,Active
347,5446,57,12389043.44,5259550.12,11.365,30,2022-07-31,2365592.23,Active
348,12252,76,5239706.45,3624503.63,7.621,25,2024-01-21,2067284.71,Active
349,16590,57,5228048.18,3801892.58,8.355,20,2024-12-06,3134093.14,Defaulted
350,24886,21,3722772.51,2612266.88,7.248,20,2024-07-26,1988088.01,Active
351,12298,86,4114875.03,3213259.47,7.827,25,2023-03-12,2284317.96,Active
352,2801,65,7066523.75,4409770.01,10.042,20,2023-05-04,2609388.22,Active
353,509,57,2811020.06,1265099.87,7.87,20,2023-11-12,540079.22,Active
354,9524,3,3690268.84,1971504.66,7.094,10,2022-06-24,1149309.82,Active
355,1152,68,2956167.1,1781590.45,8.422,20,2022-02-12,1506064.39,Active
356,17678,34,1109250.02,755931.6,8.688,25,2023-12-29,573121.76,Active
357,18625,69,4305337.74,1811115.62,10.092,30,2023-10-21,1010167.65,Active
358,3732,95,3359744.64,2506766.97,8.049,15,2024-11-11,1848131.36,Active
359,24336,83,4760975.43,2993217.6,9.64,25,2023-04-09,1214736.85,Active
360,15925,75,1542205.91,629093.96,7.457,25,2024-06-20,325324.92,Active
361,16434,19,2242577.86,1600088.13,9.888,20,2023-07-13,876746.97,Defaulted
362,18823,79,3007574.51,2147241.97,7.081,20,2022-05-08,1692264.73,Active
363,22746,62,1924030.17,1102099.05,9.094,10,2022-11-18,1025987.82,Active
364,1989,82,1931035.6,1084161.4,10.023,10,2024-10-15,751935.03,Active
365,22694,22,4918491.71,3048690.24,7.22,20,2023-10-31,2748666.91,Active
366,18580,19,6924935.84,3962101.35,9.618,15,2024-03-12,3001153.11,Active
367,13033,59,1315484.18,879825.31,7.855,25,2022-09-15,759255.95,Closed
368,22794,53,10586683.77,4683150.01,11.224,20,2023-07-14,1425285.72,Active
369,4397,68,1476988.04,620623.84,11.181,10,2022-03-24,572480.6,Active
370,12906,32,7179143.39,5283279.82,9.862,10,2024-04-21,1613555.72,Active
371,3677,73,3700281.13,2833747.32,8.692,20,2024-05-09,1979768.08,Active
372,10452,40,2667787.91,1325380.6,9.77,30,2022-05-31,440705.05,Active
373,18731,48,3138420.14,1275219.44,11.056,20,2022-03-02,734655.82,Active
374,1552,82,2861389.56,1827965.27,8.361,15,2023-10-01,1526240.36,Closed
375,1015,91,1513248.53,978638.17,9.107,20,2023-05-09,529661.89,Closed
376,8025,39,3662754.91,2321379.21,7.844,25,2024-05-14,2047398.33,Active
377,4459,60,2879201.32,1877523.98,10.668,25,2022-04-02,1075076.33,Active
378,7353,77,7270192.77,5191201.8,8.005,30,2024-05-24,3214455.61,Closed
379,8313,1,3755128.97,2117398.64,11.12,30,2024-10-04,1345979.19,Active
380,16626,71,2658113.43,2065387.42,10.103,25,2024-03-13,1701463.98,Active
381,24853,61,3087066.1,1918154.93,8.269,25,2022-06-02,1607943.12,Active
382,15749,36,5019623.67,3632851.03,9.661,10,2022-11-10,3312173.92,Active
383,18979,39,2880891.07,1790037.27,7.469,30,2022-03-28,1511937.88,Active
384,6969,86,2046673.73,1431325.6,7.98,30,2023-10-15,1101052.94,Active
385,16981,66,1000000.0,696250.46,9.159,25,2024-11-07,343189.75,Active
386,4734,32,2599458.13,1398747.58,10.954,15,2024-10-16,948901.23,Active
387,3631,19,2262175.84,1055921.31,8.178,25,2022-12-29,698989.27,Active
388,16403,67,1865010.96,1065998.74,9.982,15,2023-03-25,460920.41,Active
389,239,77,11183665.02,4572515.15,9.983,30,2024-04-11,4145134.51,Active
390,6161,71,7000273.94,5545436.61,7.071,15,2022-11-01,4110740.78,Active
391,7375,29,5753000.06,3850474.75,9.642,15,2022-01-25,2985487.69,Active
392,23645,86,3898587.84,2733125.73,10.717,20,2024-08-04,1327153.13,Active
393,4995,11,6800225.52,3820553.45,6.878,10,2023-10-20,3385595.35,Active
394,2582,6,3348859.33,1429257.82,8.447,10,2022-10-19,1216517.25,Active
395,24566,79,3203877.25,1939458.39,7.658,30,2023-09-27,635840.59,Active
396,8398,64,3976002.27,1701734.56,9.542,25,2024-04-22,1236946.89,Active
397,23676,98,2914110.59,1171837.86,10.364,10,2022-09-07,768984.65,Active
398,11578,81,10433940.61,5635175.13,6.573,20,2022-02-13,4409324.89,Active
399,10641,16,3551848.1,2486262.13,10.294,20,2024-05-07,2182771.94,Active
400,23466,76,3063808.37,2000533.68,8.87,30,2022-09-24,952479.6,Active
401,1630,94,1795334.35,872469.76,11.039,25,2023-01-30,368311.58,Active
402,6540,90,2123085.37,1440433.72,8.754,10,2023-01-19,946469.7,Active
403,15021,96,6755877.12,3310492.95,7.455,15,2024-07-11,2274133.61,Active
404,1231,4,4876513.91,3241845.87,8.808,25,2022-12-06,1748734.94,Active
405,690,48,3962190.26,1646653.5,8.115,20,2023-03-31,1560208.29,Active
406,2379,97,1382437.05,1020167.4,9.384,20,2022-10-26,925109.43,Active
407,19213,35,12574768.82,6559151.68,6.612,20,2024-07-05,5309173.25,Active
408,6645,35,1711760.98,898864.85,6.579,15,2024-09-18,450170.75,Active
409,21189,85,2921062.67,2264891.21,8.512,20,2023-06-21,781531.1,Active
410,3522,74,3277682.97,2272094.58,7.192,10,2024-12-07,1563095.92,Closed
411,17723,5,2918077.18,1783152.3,11.478,25,2022-06-19,1363781.82,Active
412,19346,27,4449333.06,1874678.43,9.888,15,2024-06-06,1709893.8,Active
413,13289,54,9620655.45,6531023.54,7.876,20,2024-04-12,4658978.87,Active
414,9942,47,3275668.8,1545271.87,8.765,15,2023-03-10,1246133.02,Active
415,23774,38,5207367.2,3755159.41,9.18,15,2022-01-13,1501685.16,Active
416,20260,54,4303208.83,2198100.63,9.416,25,2023-10-22,704784.58,Active
417,13456,46,3639161.08,2738065.5,9.795,30,2024-08-12,2398437.87,Active
418,22616,73,2154232.05,1497127.59,11.486,25,2023-04-10,1055040.55,Closed
419,22804,53,6298821.48,2676732.23,11.377,10,2024-12-23,2354803.03,Active
420,15458,50,3060036.79,1899520.45,8.581,15,2024-02-02,1149057.32,Active
421,24686,64,1281808.72,922027.16,7.997,25,2023-10-12,430310.99,Active
422,16352,36,2534359.18,1697001.03,7.553,25,2022-06-15,1462862.91,Active
423,2012,46,3212976.92,1673857.53,10.519,30,2022-07-11,1133962.16,Active
424,23907,44,2050028.5,938157.64,7.868,10,2024-12-24,561702.79,Active
425,688,18,1702786.69,1174926.96,9.836,10,2022-04-16,592185.6,Active
426,11089,32,1000000.0,736043.23,10.948,25,2024-09-07,454952.11,Active
427,227,48,1000000.0,735292.17,8.534,25,2022-07-06,584991.48,Active
428,2033,6,1457294.36,697413.99,9.339,10,2022-07-07,431180.31,Active
429,1696,59,3846189.47,2111055.33,7.206,25,2022-02-22,1015666.7,Active
430,19170,80,1419544.49,671636.34,7.929,30,2023-02-26,624925.54,Active
431,20867,59,2696566.49,1939081.83,8.187,20,2022-12-15,1584912.71,Active
432,4821,84,1890161.09,1264717.84,7.748,25,2023-06-09,891955.65,Active
433,19364,97,3014621.32,1485672.6,9.272,30,2024-12-17,674651.45,Closed
434,8520,8,2438848.27,1897097.86,11.123,20,2024-02-20,1146311.68,Active
435,722,17,2341317.01,1392863.87,10.02,30,2023-08-31,758098.56,Active
436,14997,55,4204759.36,2481964.87,9.733,20,2023-09-20,1825537.65,Active
437,23454,33,2576402.36,1676024.3,10.765,10,2024-10-21,1369990.33,Active
438,3872,15,3886217.61,1889480.18,8.828,30,2024-08-31,1690570.47,Active
439,19498,62,3699346.9,2383519.88,6.778,20,2024-05-12,1912301.39,Active
440,3925,40,4269492.34,2864646.85,11.146,15,2023-09-06,895061.96,Active
441,23384,49,7599706.74,3752509.02,8.161,15,2024-12-22,1226974.61,Active
442,9222,19,3526493.1,2253136.28,7.462,25,2022-10-20,1971845.34,Active
443,308,58,1925164.8,1511916.87,10.08,10,2023-12-01,1426600.54,Active
444,24424,56,1905885.03,1021532.93,8.714,10,2022-07-29,964942.5,Active
445,11152,56,1523293.65,709784.63,9.476,30,2023-06-21,634264.43,Active
446,11242,73,2900790.86,1166148.73,10.256,15,2022-06-01,969437.05,Active
447,6306,87,4636615.85,2617272.26,10.923,25,2022-05-20,2331895.16,Active
448,16513,89,1768106.94,1195987.0,10.149,20,2022-05-29,693041.52,Active
449,18726,15,3968416.6,2430980.44,11.249,25,2024-09-01,1414827.09,Active
450,16261,70,2388812.05,1066922.84,11.012,25,2023-04-16,776858.4,Closed
451,10179,40,3779911.08,2505371.18,8.498,10,2024-10-05,886343.01,Active
452,22394,53,6581639.43,4686096.54,8.82,20,2024-05-19,2059784.64,Active
453,14366,11,7527072.38,3108510.62,9.161,25,2023-12-18,2080163.37,Active
454,8924,94,4552399.78,3529595.24,7.798,15,2023-11-05,1174392.31,Active
455,10351,1,2603889.79,1277490.85,7.764,15,2023-11-25,1128705.73,Active
456,10851,80,9232387.23,3975243.85,8.313,10,2023-06-13,2632612.69,Active
457,6510,14,2565520.51,1963025.92,8.405,30,2023-10-17,1639824.2,Active
458,9461,35,5794039.26,3381688.75,6.584,30,2024-09-08,1182811.14,Active
459,4486,70,4649259.19,2439563.26,9.771,15,2022-05-26,1258500.81,Closed
460,14720,44,3548141.74,2618333.21,7.082,20,2023-07-29,2382718.32,Active
461,8096,48,2902117.72,1800083.07,6.734,30,2023-01-16,976990.88,Active
462,4896,36,2311350.3,1022425.17,8.566,15,2023-02-02,491545.92,Active
463,13700,45,4224471.36,1739054.64,7.6,30,2024-02-10,783265.71,Active
464,14537,45,1245442.99,862587.02,10.682,25,2023-01-06,471620.23,Active
465,5317,93,2480363.2,1304498.24,8.491,15,2022-06-20,1149049.64,Active
466,1658,4,2828366.36,1140464.18,10.341,15,2023-08-31,545541.03,Active
467,19562,11,3936740.07,2455589.53,10.064,25,2024-08-16,1367397.35,Active
468,17110,70,2848436.33,1533377.19,8.703,10,2022-05-30,1240722.48,Active
469,14449,73,8098703.07,5468391.89,7.406,20,2022-05-05,2432009.61,Active
470,12318,25,5890407.91,3643708.65,7.301,30,2023-01-03,2140547.59,Active
471,6783,41,5490694.97,2944209.12,6.762,20,2022-04-26,1525557.05,Active
472,18005,21,6020566.64,2974146.14,11.241,10,2024-06-12,2571048.78,Closed
473,24817,18,2358068.14,980382.71,10.79,20,2023-10-18,301317.34,Active
474,22832,42,3083507.11,1611357.96,9.442,30,2024-09-25,489961.35,Active
475,18287,46,12435046.53,8711759.54,7.472,25,2022-01-12,4938019.29,Active
476,16849,36,6683632.97,3266376.93,10.587,30,2022-03-31,1182378.14,Active
477,22928,14,5194396.64,2251303.27,10.262,30,2024-03-07,1164735.98,Active
478,24339,77,2668257.08,1632909.92,9.36,30,2022-01-27,1456591.15,Active
479,4320,16,2064095.84,1162264.1,7.356,25,2024-11-19,644756.56,Active
480,9022,93,6589008.55,3145422.27,8.224,25,2024-07-20,1193286.67,Active
481,8340,9,5253149.58,3762348.83,9.228,15,2024-07-04,2733913.82,Active
482,18244,93,3942318.07,1706272.61,11.449,30,2023-10-11,685121.31,Defaulted
483,13651,95,5342074.55,3987541.43,8.838,15,2022-07-06,2262027.82,Active
484,5984,16,8942190.24,4758263.43,9.724,30,2024-07-15,3558738.41,Active
485,24882,12,7335751.33,2981837.37,6.701,10,2024-09-18,1464511.09,Active
486,21890,24,3845772.33,2715674.23,9.058,20,2023-02-14,1322778.7,Active
487,4874,60,1879566.75,765649.89,11.215,10,2024-04-24,558726.46,Active
488,17654,80,2705542.92,1353940.37,7.562,10,2023-04-13,1023442.35,Active
489,18266,73,1360168.75,612830.24,9.614,10,2024-02-27,376132.99,Active
490,16036,24,8297472.91,5552161.51,8.963,15,2023-07-23,5149334.26,Active
491,16664,21,3618574.64,2263663.87,6.847,30,2023-11-05,2028750.44,Active
492,20516,45,5475825.21,2504163.77,7.967,30,2023-03-16,2040703.85,Active
493,8045,16,4001544.27,2074119.0,7.589,25,2023-10-23,1476591.32,Active
494,12998,12,3546419.93,1441610.4,8.118,30,2022-11-13,753638.02,Active
495,16756,87,3712794.02,1638729.44,10.145,20,2022-07-25,617542.25,Active
496,20956,83,4664864.03,3194754.61,7.241,30,2022-09-08,2668719.65,Active
497,1986,45,6801841.97,3765615.72,11.444,20,2022-03-13,1362126.49,Active
498,7755,39,3702895.34,1624304.42,11.437,20,2022-02-23,1409655.91,Defaulted
499,15471,1,6598355.19,3502251.28,8.514,30,2024-05-01,2603659.75,Active
500,14467,60,3936934.43,1784549.27,7.142,20,2022-07-31,1348044.01,Active
501,6829,43,3268803.16,2262337.6,7.433,25,2022-02-21,1402276.97,Active
502,20424,72,5931793.92,2924472.47,11.317,20,2024-11-15,1443955.86,Active
503,6579,12,4732358.45,3468661.97,8.871,20,2023-10-28,1707213.94,Closed
504,19731,64,6332662.55,3858397.71,8.496,25,2024-01-12,2795089.96,Active
505,18351,7,3339145.6,1516891.46,9.705,30,2023-10-14,808660.95,Active
506,600,80,4098576.14,1673750.49,6.784,10,2023-01-16,1265974.4,Active
507,24942,11,1923028.83,1350930.67,8.35,10,2023-03-05,511044.6,Active
508,4634,25,8005646.84,6306277.97,6.81,20,2024-05-14,3965738.06,Active
509,14415,89,1049971.35,588279.7,8.574,15,2023-05-22,428737.47,Active
510,11351,89,2241601.4,1477872.98,11.203,10,2024-10-05,588830.41,Active
511,13108,33,7260869.54,4070332.46,7.134,30,2024-07-18,1321865.28,Active
512,17668,1,8832583.87,5999792.03,6.71,15,2023-04-02,2184441.78,Active
513,5931,27,2041995.39,1249676.95,9.464,10,2023-05-23,1088718.58,Active
514,11295,4,1857300.75,1389214.77,9.572,15,2024-11-28,870508.47,Active
515,15450,53,5753593.37,4409066.61,7.476,30,2022-09-14,2248689.25,Defaulted
516,6534,70,2283271.8,1210759.49,9.517,20,2023-08-30,1146788.52,Active
517,17654,21,4371797.62,2346513.91,6.565,30,2024-01-17,905559.09,Active
518,3957,44,6614441.36,4349541.76,6.773,20,2023-02-26,1916479.02,Active
519,6749,88,3910643.39,2116601.15,9.273,25,2023-01-18,1503735.51,Active
520,9783,16,6353975.89,4062892.29,10.831,25,2022-08-12,1801149.08,Active
521,19159,69,1609494.66,682159.91,10.318,20,2024-06-08,240167.17,Active
522,13651,10,3840040.67,1786950.27,7.511,20,2023-09-15,1528957.1,Closed
523,4271,4,2705682.62,1292410.29,6.537,20,2023-07-11,852524.12,Active
524,20284,78,4485085.74,3578348.49,11.299,10,2022-11-23,1301463.22,Active
525,2314,80,3599867.97,2369537.04,10.711,10,2022-11-02,972521.02,Active
526,3918,41,1567199.79,704164.04,7.33,20,2022-05-14,524464.38,Closed
527,15675,60,2720759.48,1692020.52,7.349,25,2022-06-28,871805.48,Active
528,15328,84,1873370.28,1059337.45,9.398,25,2024-03-24,998479.56,Active
529,19038,45,3364450.47,2641980.53,7.685,10,2022-05-28,1100042.92,Active
530,2039,45,4282106.74,2873372.08,8.875,25,2023-05-10,1678289.19,Active
531,6682,14,5635560.21,2986672.87,10.653,25,2022-08-21,2120437.2,Active
532,23992,19,4129289.43,2663021.31,8.171,25,2023-11-30,1443033.04,Active
533,15998,87,2414879.17,1618704.42,9.343,25,2023-02-23,902266.86,Active
534,4087,86,10249325.16,4750507.94,10.898,30,2022-03-06,2519408.94,Active
535,22093,18,5421255.08,3445793.3,9.378,10,2022-11-09,1479034.89,Active
536,3160,47,5849271.55,2865212.89,6.626,15,2024-12-09,940233.73,Active
537,2581,90,6270176.3,3542406.48,9.066,30,2022-12-09,1793338.18,Active
538,8220,41,2082488.12,883748.59,7.414,15,2022-10-24,550182.54,Active
539,1379,97,4649631.91,2184228.32,6.957,15,2024-06-11,833269.95,Active
540,4249,45,3497968.79,2297586.94,8.973,20,2022-12-11,1161316.45,Active
541,9857,42,4168819.54,2160695.1,7.404,15,2024-05-21,994907.33,Active
542,7814,21,6398806.8,3980400.26,8.632,10,2022-02-17,1652910.01,Active
543,4477,73,4931906.39,3114947.98,9.524,25,2022-07-10,2682786.11,Active
544,16656,15,5508422.29,2850134.35,7.269,25,2024-12-28,1704485.99,Active
545,5034,74,6534316.32,5049041.14,7.542,10,2024-10-28,3610153.83,Active
546,13278,11,6141272.21,2596817.7,7.603,30,2023-01-11,1481668.37,Active
547,9831,40,9885887.29,7638619.38,10.519,30,2022-06-28,6692097.74,Active
548,2796,55,3523252.36,1623354.27,7.154,15,2023-10-27,1256559.6,Active
549,2934,84,3309183.91,1736910.87,10.226,20,2024-08-13,824954.54,Active
550,18648,68,1463719.39,1044151.38,10.475,25,2024-08-08,832581.25,Active
551,17552,51,6457471.99,2649035.3,7.743,25,2023-08-18,2302190.81,Active
552,15882,34,6978858.59,5188636.54,7.868,15,2022-08-03,4434540.81,Active
553,11647,98,3556055.3,1751399.81,6.818,20,2022-03-19,1032478.54,Active
554,18279,94,2618850.14,1762646.01,11.218,20,2024-12-18,1449087.48,Defaulted
555,11299,3,2151992.73,1417592.69,7.344,20,2022-01-01,863397.89,Active
556,20009,75,3605079.0,1994902.4,9.883,10,2023-11-21,1119470.48,Active
557,9776,96,2881116.65,2066409.5,11.162,20,2022-04-26,1249585.56,Active
558,15455,17,1127623.84,867003.78,8.021,25,2023-10-25,605000.04,Active
559,4658,36,2463895.82,1330302.75,7.665,20,2023-12-03,1213685.54,Active
560,8544,61,2915096.45,2070307.68,7.196,25,2024-01-23,919188.09,Active
561,9298,71,3626815.31,1699665.46,10.9,30,2024-07-09,662770.16,Defaulted
562,13669,78,1301721.09,650846.43,10.846,30,2022-12-06,373862.43,Active
563,6769,43,4328039.41,2854336.99,8.79,15,2023-05-18,2251713.14,Active
564,15750,81,2503912.65,1322921.76,11.479,30,2024-12-28,1188578.28,Active
565,2660,86,1506035.4,602550.93,10.719,15,2022-06-06,227906.65,Active
566,23489,97,2611016.71,1800587.61,10.028,25,2022-05-05,948442.85,Active
567,7868,70,7279476.08,3233844.93,7.04,15,2024-05-23,1547166.29,Active
568,2742,77,5096700.92,2204148.28,10.195,20,2022-10-22,1828995.33,Active
569,4962,58,4815244.68,1987198.49,6.688,15,2023-08-05,917277.26,Active
570,8244,29,6056321.64,4826005.67,10.032,10,2023-11-22,1505128.84,Active
571,3769,55,1565101.2,894082.95,7.62,30,2023-04-04,794342.95,Active
572,19042,65,3569224.32,1899049.99,11.267,15,2022-05-02,937642.7,Active
573,15928,19,4220243.67,1894885.8,8.131,15,2024-06-15,1579979.65,Active
574,16563,1,2414967.62,1041195.44,7.735,30,2023-05-07,610188.63,Active
575,5824,43,2738422.97,2011558.89,6.572,20,2023-06-19,1885868.59,Active
576,23714,46,2863209.46,1722172.83,11.263,20,2022-01-02,704227.9,Active
577,15700,1,7240679.13,5037975.43,7.279,30,2024-12-17,1797752.29,Active
578,5399,23,3298484.18,1864984.76,7.87,25,2022-01-27,986600.41,Active
579,7997,2,2626797.99,2046569.52,10.318,10,2024-04-27,1919308.56,Active
580,3226,35,1704501.4,1210355.9,9.638,30,2023-06-30,717358.11,Active
581,3115,7,4855600.3,3295129.62,10.602,30,2022-09-27,2426579.41,Closed
582,3162,98,4405059.49,2853012.63,9.944,30,2022-05-06,1304382.61,Active
583,16076,56,3401747.85,2128671.45,9.433,20,2022-10-11,920984.56,Active
584,24706,36,3678438.28,2649856.77,9.086,30,2023-03-20,838617.64,Active
585,20907,38,2673694.37,1721658.93,7.511,10,2023-10-19,775675.12,Active
586,9534,88,3007998.39,1681196.14,8.038,10,2022-04-27,1127689.49,Active
587,17309,24,1919264.31,1108391.52,6.905,10,2022-10-01,857634.98,Active
588,1553,73,5076455.99,3247658.64,10.951,30,2024-01-05,982397.72,Active
589,11469,79,8197752.78,3457851.23,8.996,25,2024-09-23,2998672.19,Active
590,9370,26,8604823.33,5119472.13,7.809,10,2022-12-04,4295750.85,Active
591,14924,49,3465003.91,1800737.59,8.061,20,2024-12-08,1533340.04,Active
592,24437,7,5145160.05,3692033.35,8.196,25,2024-06-30,1206166.3,Active
593,144,58,2667782.16,1133814.83,9.417,25,2022-05-28,477532.05,Active
594,4186,78,3195056.56,1975434.42,7.96,15,2022-10-28,1081181.38,Active
595,11550,49,1000000.0,645260.76,10.99,25,2024-02-20,452901.45,Active
596,7068,48,4834720.1,3223272.17,6.505,15,2024-01-16,3014515.29,Active
597,1300,59,5543671.91,3438541.13,11.194,25,2022-03-19,2313505.94,Active
598,21638,77,4215867.72,2779883.41,10.987,15,2023-06-08,2355588.3,Active
599,15379,6,1862406.38,1158787.23,7.535,30,2023-09-11,411105.07,Active
600,16527,64,2378803.14,1598921.49,10.638,30,2023-06-19,1299707.07,Active
601,1173,11,2577617.11,1565208.67,10.022,15,2023-04-17,1221149.64,Active
602,11018,12,2191245.29,1108841.36,7.464,15,2023-06-06,855975.8,Active
603,20996,42,3879087.47,2427403.51,7.331,15,2022-08-02,2145657.04,Active
604,3084,81,1156250.37,519899.82,10.106,30,2022-11-03,320615.88,Active
605,10876,53,2422989.85,1240218.33,10.14,30,2022-07-31,579630.09,Active
606,10493,14,1444554.69,800603.16,10.78,15,2024-09-07,659157.36,Active
607,21798,61,1420886.67,980239.17,8.874,25,2023-01-13,325713.84,Active
608,5683,10,2104131.09,894766.06,9.864,30,2022-03-11,625639.28,Active
609,21305,96,1000000.0,429958.34,10.728,15,2022-10-10,200351.85,Active
610,14058,26,2311861.26,1274292.41,8.831,15,2022-02-26,425975.01,Active
611,23457,98,6247235.47,3154624.95,9.584,20,2024-05-31,1656266.36,Active
612,6728,30,2908307.21,1570717.02,8.334,15,2022-12-09,1253883.55,Closed
613,11155,82,7874938.72,4048366.78,8.778,20,2024-08-11,3208552.38,Active
614,21272,34,5081772.38,2679190.92,6.781,15,2022-02-26,1756909.04,Active
615,2664,58,2956556.72,1443177.05,9.074,25,2024-06-16,447988.57,Closed
616,11222,76,2571672.51,1416462.99,6.899,30,2022-10-09,1208411.11,Active
617,11594,52,2535004.86,1558866.25,9.618,30,2023-01-01,781459.05,Active
618,5160,28,4099176.18,3129846.45,9.882,25,2023-12-11,1903580.95,Active
619,23024,91,2557986.43,1356930.21,10.736,30,2023-10-25,1246831.84,Active
620,4712,80,3478901.88,2763366.44,10.543,15,2022-10-27,1629796.52,Active
621,16483,69,5244925.94,2911925.72,11.385,15,2023-09-07,2655290.01,Active
622,9258,38,3415692.51,1862787.44,7.878,10,2022-03-12,1407383.36,Active
623,3667,54,4672246.56,1988124.18,7.914,25,2024-10-10,1866680.56,Active
624,7449,87,5107200.38,3509006.53,8.386,25,2022-04-11,2043803.75,Active
625,8964,93,2253662.74,1583146.0,9.541,30,2023-03-10,1238875.8,Active
626,11333,98,1790668.12,758138.79,8.872,15,2023-01-03,697536.5,Active
627,5566,38,8779922.68,3570480.13,10.478,25,2023-03-09,1726341.4,Active
628,11825,88,5067409.0,2546703.48,7.155,20,2023-11-20,1951335.7,Active
629,13248,94,4031787.11,2349545.02,8.43,25,2023-12-08,1769578.78,Active
630,5756,49,3880245.84,2891496.53,7.056,30,2023-12-09,2517155.04,Active
631,23196,16,3695772.56,1559039.93,9.063,10,2024-10-06,1318393.7,Active
632,22734,62,6546030.82,4228905.14,9.066,25,2024-03-30,3943959.71,Active
633,19424,42,6125040.19,2467514.29,8.146,30,2023-01-29,1148841.74,Active
634,23957,8,2563322.35,1748816.73,7.123,10,2022-03-26,1395231.3,Active
635,23723,63,2695281.94,2087038.89,7.951,15,2024-10-12,1837946.46,Active
636,5498,10,1620608.27,995405.13,9.048,10,2024-06-15,806649.87,Active
637,18197,18,5581822.64,2819313.74,8.122,10,2022-01-19,1587920.9,Defaulted
638,20757,99,3487941.38,1471864.26,6.913,20,2023-10-01,783827.47,Active
639,13510,77,3124942.74,2141063.73,8.236,10,2024-04-28,1512427.04,Closed
640,8895,42,5956254.89,4001899.92,11.304,25,2022-11-25,1237498.76,Active
641,21970,71,9076108.6,6292140.72,9.167,25,2023-02-28,2579496.0,Closed
642,16588,68,2508081.6,1859308.29,9.516,10,2022-07-15,1214986.56,Active
643,8721,30,3806116.09,2453181.36,10.361,20,2022-07-28,2164250.89,Active
644,10140,24,3284437.11,1628615.45,8.179,20,2024-03-05,850699.35,Active
645,1071,59,2152781.61,1295546.49,7.427,25,2024-05-03,763836.82,Closed
646,23058,39,2198637.69,1381799.1,10.863,15,2023-03-04,818814.64,Closed
647,14267,9,1777047.91,804229.6,10.835,20,2023-07-01,528964.59,Active
648,6311,84,7855662.54,5310814.75,8.115,25,2022-07-13,3409336.52,Active
649,4164,79,5480838.6,2305585.7,8.431,10,2022-05-20,2113157.39,Active
650,6524,12,1992638.45,802472.6,9.07,15,2023-08-09,513279.88,Active
651,6131,34,2556135.81,1025223.28,6.82,30,2022-11-10,493003.2,Active
652,20806,50,6867225.89,4634525.93,8.587,20,2023-05-30,1793356.66,Closed
653,11268,10,6347899.22,3922496.64,7.949,10,2024-12-11,1721202.73,Active
654,13005,83,1411350.6,961994.33,7.197,25,2022-06-01,885547.65,Active
655,11560,77,1748994.61,1053542.44,10.792,30,2023-10-29,757407.77,Active
656,18257,2,2000572.05,986205.23,6.549,25,2022-03-07,507004.68,Active
657,8419,60,2149217.58,1557432.25,8.732,30,2022-03-25,1329523.41,Active
658,7436,13,5780302.59,2553542.01,11.075,10,2024-12-16,2013898.93,Active
659,10110,71,2927733.01,1561976.71,7.371,15,2022-06-11,920016.74,Active
660,20461,66,1236931.53,717058.19,11.148,25,2023-03-17,239689.5,Active
661,10566,23,1212043.51,705445.99,7.031,15,2022-08-02,499783.46,Active
662,24625,52,4261265.68,1770567.71,7.828,15,2022-05-13,570733.58,Active
663,10890,79,3051858.01,1577999.93,7.167,25,2022-03-23,699389.78,Active
664,7778,28,2099631.31,1331195.78,9.121,30,2023-11-12,630512.42,Active
665,3934,58,1835075.08,1278899.62,9.608,15,2022-05-08,753458.06,Active
666,2501,87,2957515.95,1340978.23,10.606,30,2022-08-12,1021461.3,Active
667,18611,39,1989741.29,1304560.23,11.488,20,2024-10-12,628060.7,Closed
668,13754,75,5503036.88,2255462.38,10.127,30,2024-01-05,1186505.3,Active
669,2659,35,3797725.96,2854863.72,9.751,10,2022-10-08,2251535.33,Active
670,12162,82,2330988.67,1130682.69,6.821,30,2024-08-17,945559.35,Active
671,3186,76,7377847.79,5745514.3,8.49,30,2022-02-18,2986806.35,Active
672,14554,61,2945632.6,2334172.13,10.248,15,2022-09-12,1107081.73,Active
673,13733,3,3963759.97,1648602.49,10.848,30,2024-06-06,1548024.64,Active
674,10395,38,2054661.72,1536354.65,9.005,20,2022-12-24,1298596.96,Active
675,14869,72,3878550.29,1850057.86,11.056,30,2022-09-05,613660.69,Active
676,13561,93,1371929.41,789157.99,9.232,15,2023-05-17,332459.29,Active
677,4508,48,6152195.76,2503939.28,9.364,30,2022-08-13,1632282.25,Active
678,20058,29,3848204.82,3070521.04,10.176,20,2024-09-14,2080251.59,Active
679,16667,58,1827448.3,988635.67,7.149,10,2025-01-01,848338.45,Closed
680,17332,25,4622699.79,3010943.95,7.028,20,2022-01-06,2035975.34,Active
681,2252,22,4823220.43,3539198.61,10.238,25,2023-07-31,1105854.91,Active
682,13037,94,5601539.28,2314582.77,7.55,20,2022-02-15,1859702.11,Active
683,5578,35,2486322.82,1475458.14,11.38,25,2022-01-16,1165491.11,Active
684,1295,98,3518041.9,2666783.5,9.468,15,2022-04-25,2380268.0,Closed
685,18593,48,1308091.82,983029.18,9.783,10,2023-03-31,437454.0,Active
686,18208,28,2784735.01,1875769.8,9.104,25,2022-02-25,649343.34,Active
687,2643,65,5173039.56,3134415.51,7.036,20,2023-09-11,2435026.63,Active
688,10532,52,1189218.33,734928.5,10.607,15,2024-07-02,477137.03,Active
689,21302,90,5772639.2,2923498.56,8.778,25,2023-11-02,1144212.74,Active
690,23042,48,7325627.68,3931660.98,9.871,20,2024-05-20,1516341.15,Active
691,24208,4,1989846.0,1478134.77,9.653,25,2023-05-21,1342907.26,Closed
692,13101,9,2182347.21,1025512.27,9.621,25,2022-04-10,891370.48,Active
693,14671,93,1568642.8,1124003.42,7.998,15,2023-12-21,1020624.48,Closed
694,13162,64,1794806.34,1341476.18,6.731,15,2024-08-11,637549.31,Active
695,20261,8,5224437.81,4107345.66,9.014,25,2024-07-15,2151428.57,Active
696,21059,30,1662692.81,1153476.53,7.566,30,2023-10-05,498810.62,Active
697,21060,25,2927659.07,1661656.4,10.045,25,2023-11-06,1385076.78,Active
698,809,44,2090997.33,895004.32,7.102,25,2022-02-16,808812.02,Active
699,768,56,2947465.67,2014396.54,7.37,10,2024-09-23,1259042.25,Active
700,3907,13,6300957.22,3987844.19,6.672,10,2022-05-06,3422790.71,Active
701,9700,66,5298749.27,3843943.35,7.744,15,2024-09-12,1539000.53,Active
702,21036,22,2854751.85,1174788.83,7.886,15,2023-05-06,914482.66,Active
703,15636,25,1640642.21,1286096.62,9.822,20,2023-12-20,401795.21,Active
704,8160,26,3309632.54,2575549.24,8.676,20,2023-11-13,2029156.02,Active
705,10346,92,1731850.42,936390.82,6.847,10,2022-05-13,438132.84,Active
706,15127,97,2594886.53,1732624.72,8.94,15,2022-04-27,1225696.34,Active
707,10662,2,3256234.46,1935356.77,11.084,15,2023-11-09,581547.63,Active
708,13276,74,3605589.17,2479636.66,6.908,30,2022-03-11,2084434.68,Active
709,5683,23,4925787.76,3225575.06,8.783,15,2023-08-24,2273772.78,Active
710,16635,9,3228674.75,2296214.07,7.323,15,2024-07-09,2071829.18,Active
711,10872,59,4444796.27,1927642.38,9.832,10,2022-11-19,1116874.14,Active
712,13123,11,1000000.0,784885.16,7.947,25,2024-08-22,731786.66,Active
713,17701,45,2019296.12,1218974.73,8.534,20,2022-12-22,1154851.63,Active
714,14832,15,2942333.46,2172197.79,8.556,15,2022-10-26,1168584.91,Active
715,1907,26,1829238.63,928416.83,11.401,15,2024-03-03,297542.26,Active
716,17801,38,5873630.23,3836855.26,10.349,10,2024-04-12,2149528.36,Closed
717,11693,17,7087293.64,4206669.56,11.039,15,2024-06-17,3519289.85,Active
718,19158,87,2504838.52,1203235.59,10.751,10,2022-09-24,504011.91,Active
719,5797,92,4031901.68,2053918.5,9.182,20,2023-09-09,635364.12,Active
720,2740,45,3092570.08,1978451.4,11.016,25,2022-02-07,1451719.78,Active
721,21827,97,2196026.52,1162526.24,9.183,30,2022-01-13,509736.32,Active
722,9507,76,4706852.75,2040497.81,10.313,15,2023-11-28,1678106.92,Active
723,18166,33,3271929.62,1904206.61,7.162,15,2022-07-31,1247371.37,Active
724,24429,39,4106678.42,2329281.86,11.315,25,2023-10-11,853052.06,Active
725,1551,36,4157101.32,3164166.07,6.983,30,2022-08-02,1607513.03,Active
726,20626,7,3473213.98,2503838.82,8.589,30,2022-03-01,1221720.28,Active
727,16161,25,3054665.93,2264333.2,7.458,10,2024-09-29,2077936.68,Active
728,22291,53,1875072.78,1045683.46,8.965,30,2023-04-11,646967.61,Active
729,10166,17,2712763.33,1446770.79,11.089,20,2023-09-05,930339.22,Active
730,20824,85,6210374.43,4914470.02,7.031,15,2023-03-21,2945916.71,Active
731,1448,12,3177076.92,1962300.75,7.992,30,2022-08-16,943421.04,Active
732,5403,20,3032864.28,1816705.63,10.155,10,2023-03-13,569986.64,Active
733,1222,45,2254738.86,1410327.52,10.21,30,2024-11-15,1173244.88,Active
734,17151,31,6171270.1,2921637.53,8.096,30,2023-09-10,1384542.32,Active
735,5823,91,2527937.24,1136247.98,8.381,25,2022-12-04,434837.76,Active
736,22755,64,2726659.2,1628953.83,6.69,15,2022-03-27,543769.94,Active
737,12887,19,4516828.92,2727669.76,7.256,20,2023-11-08,2159227.64,Active
738,3202,84,4596732.72,1981161.7,7.012,25,2022-08-02,1796072.45,Active
739,8315,8,2999632.31,1633799.03,10.88,30,2023-03-15,591291.16,Active
740,9097,99,7074055.06,3971730.75,7.374,25,2024-07-23,1353922.74,Active
741,3772,96,2252486.71,1654297.33,7.745,30,2024-12-28,770127.43,Active
742,20851,35,4108435.71,2312897.92,6.78,15,2024-08-25,1634748.79,Active
743,10307,12,3350212.21,2046319.84,7.354,30,2024-02-09,1575639.94,Active
744,18654,28,6526581.6,3913621.99,8.448,10,2024-10-02,2090127.59,Active
745,1314,40,2633948.08,1159929.23,11.187,20,2024-01-28,454470.02,Closed
746,1387,28,2873658.26,1257090.88,9.555,30,2024-01-16,451009.43,Closed
747,2328,8,2079957.86,1166657.03,8.983,30,2022-11-05,654063.76,Active
748,5425,98,1671770.07,1185512.39,7.267,15,2024-01-08,634302.19,Active
749,10293,4,2531219.61,1060302.46,6.852,25,2023-02-13,716835.03,Active
750,13290,20,6296646.06,3914245.25,7.296,25,2024-05-21,3379692.3,Active
751,16594,41,8162434.74,5736320.29,7.334,15,2024-03-03,4405909.1,Active
752,18551,79,3866590.7,2263981.38,8.187,15,2022-11-20,1488386.64,Active
753,22302,22,5571926.58,2708988.03,7.283,10,2024-02-09,902241.26,Active
754,11485,94,4236482.44,2272360.73,9.854,15,2022-08-13,1915829.93,Closed
755,23558,19,4491373.43,2886682.77,9.044,10,2022-08-23,1586421.42,Active
756,13073,8,6693463.59,3056549.38,11.333,15,2022-05-17,1200645.19,Active
757,9497,67,3054604.75,2282520.61,8.251,15,2024-10-28,716951.28,Active
758,19254,37,3874689.52,1803461.05,8.381,15,2024-01-18,1535817.07,Active
759,1825,60,8620422.66,4539357.94,7.472,30,2023-02-09,2289954.91,Active
760,20595,13,3052415.32,2057335.36,9.229,10,2022-08-27,726153.04,Active
761,13323,62,3068989.04,1800493.81,9.19,30,2022-08-06,650623.49,Active
762,4214,4,4464752.99,2526039.46,11.002,25,2024-10-12,930574.52,Active
763,3719,22,6186442.3,4516718.22,8.571,10,2022-07-11,1376617.07,Active
764,4663,62,4336263.31,1799598.98,11.342,10,2022-08-21,1615612.82,Active
765,6274,13,4249952.61,3240196.29,9.647,15,2022-10-11,2658651.52,Active
766,17953,20,2625839.85,1579194.28,11.08,30,2024-11-12,1434050.48,Active
767,20843,54,4886810.23,3846632.28,9.503,25,2022-04-09,3384414.25,Active
768,12350,39,4395708.26,2652116.27,7.899,15,2023-08-21,947581.14,Active
769,24432,27,5154766.34,4104519.27,8.148,25,2024-05-30,2695466.16,Active
770,23056,17,5891930.58,3730929.96,9.802,30,2024-05-10,3400550.97,Active
771,10151,42,5482048.76,3061295.49,10.93,10,2023-02-06,2504962.96,Active
772,20596,35,2638580.03,1992066.38,8.182,10,2022-07-29,1099042.81,Active
773,394,56,1564824.55,1085839.15,8.954,30,2023-08-27,761839.21,Active
774,3386,59,3215845.13,1773441.1,10.871,20,2024-02-27,569480.82,Active
775,12063,54,4284667.65,2543744.01,9.52,15,2024-08-24,919671.93,Active
776,23352,7,3343801.15,2005170.33,6.812,30,2024-10-15,655096.24,Active
777,15754,99,5330921.14,4155539.39,10.557,15,2022-02-14,2700180.8,Active
778,6372,63,1763898.36,1364575.05,9.79,15,2022-09-24,983705.59,Closed
779,9064,54,4073974.92,2472302.91,10.248,20,2022-11-19,1517055.72,Active
780,4358,16,3652451.33,1475658.98,8.957,15,2023-11-23,810647.17,Active
781,17262,55,4935466.11,2564322.39,7.588,25,2024-02-28,987039.35,Active
782,2687,81,7664712.1,3145104.15,11.315,10,2024-08-24,1913464.28,Active
783,6122,39,3549363.6,2632939.83,7.533,10,2024-09-15,1188472.69,Active
784,10767,57,3449724.55,2383294.38,7.278,25,2022-01-29,1942744.44,Active
785,19966,75,5772608.29,3589686.06,11.131,30,2023-09-07,3102128.86,Active
786,3778,19,2612705.78,1109191.71,9.617,10,2022-06-14,575288.85,Active
787,20619,97,1738720.4,1212654.91,8.086,30,2022-12-06,596010.39,Active
788,8991,91,4968832.0,2039002.09,9.27,30,2024-07-20,1877643.32,Active
789,12165,4,1894330.51,1194895.28,8.281,25,2023-12-18,867972.99,Active
790,24231,84,2410796.3,1685159.12,8.762,25,2024-04-28,590852.75,Active
791,21848,3,2927467.83,1604827.84,10.909,10,2024-12-25,1252914.95,Active
792,10798,91,4001303.44,2671516.91,10.095,30,2023-12-31,1235381.4,Active
793,21183,78,4422121.65,2858885.11,6.646,25,2023-04-22,2533661.83,Active
794,24407,84,1983133.7,1230090.63,7.561,10,2024-01-08,462374.02,Active
795,16407,27,4868979.77,2548136.01,10.32,30,2024-03-15,824631.56,Active
796,3672,25,3380844.38,2337507.6,8.356,15,2022-02-20,1165729.97,Active
797,8494,36,6262077.99,4426464.35,7.929,20,2022-09-25,2927291.83,Active
798,1588,31,4653896.46,2628553.74,9.829,15,2022-11-10,906977.02,Active
799,2434,15,1478858.32,832346.88,10.471,20,2024-12-15,394519.51,Active
800,5258,38,4668749.18,3545629.11,9.929,15,2024-10-06,1268280.83,Active
801,9259,26,1921889.84,952772.92,7.249,15,2022-05-13,469254.86,Active
802,3970,85,2430930.05,1402018.2,10.232,30,2022-03-29,486990.24,Closed
803,12056,14,6668102.52,3411785.69,10.867,20,2022-01-24,2865603.99,Active
804,11981,24,2528613.66,1625870.01,10.872,15,2023-02-26,1180435.91,Active
805,16058,54,2609343.76,1768228.75,8.363,25,2024-07-27,769292.32,Active
806,4812,47,5029581.26,3627408.77,7.918,15,2022-01-26,2648767.27,Active
807,967,52,2343518.69,1472866.73,7.636,15,2022-04-20,1224948.31,Closed
808,22884,40,5393635.34,3333446.6,8.196,10,2022-04-15,1950513.11,Active
809,18896,69,4246615.27,2112501.82,9.457,20,2023-05-02,1770123.98,Active
810,2262,62,2103544.49,1342956.6,6.586,30,2023-11-04,1151647.99,Active
811,24141,89,1748126.97,1163868.44,7.389,30,2023-12-07,457225.53,Active
812,24099,10,2810144.03,2012034.47,11.473,30,2023-01-28,700487.16,Defaulted
813,6697,87,1348850.71,840538.57,6.932,25,2024-09-13,709381.96,Active
814,18492,49,2227699.43,1781453.19,9.491,25,2023-08-05,609124.26,Closed
815,14159,8,11108538.76,6754504.4,8.141,30,2024-11-17,5568047.37,Active
816,819,42,8046187.06,5160516.09,6.575,15,2024-02-08,3164609.64,Active
817,6524,48,6107687.49,4580147.7,9.321,30,2024-12-24,1691257.6,Active
818,540,95,1979036.61,997271.71,11.491,30,2023-09-11,395157.79,Active
819,22845,64,9082506.04,4959876.36,10.498,10,2023-06-06,4145336.65,Active
820,6854,30,6185927.26,2918908.87,6.773,20,2024-11-09,2407803.74,Active
821,11651,9,3366307.21,2606530.68,10.547,25,2024-03-12,2434262.32,Closed
822,3202,94,2262180.22,1099663.04,7.486,15,2024-06-30,813157.35,Active
823,19570,19,5195292.73,3956971.15,8.333,20,2023-09-21,1929995.34,Active
824,2890,98,3310989.97,2107579.81,6.927,10,2024-05-27,897524.41,Active
825,23130,17,10825109.6,4640661.02,9.949,20,2024-01-23,1715700.84,Active
826,7321,75,1761083.37,1222528.85,9.669,15,2023-07-22,1089094.27,Closed
827,6669,89,3382896.73,1763658.71,7.398,10,2023-10-30,831713.38,Active
828,18848,54,2090981.54,1449333.19,8.143,20,2022-10-24,885375.01,Active
829,2025,74,9221167.34,3798348.22,8.108,20,2023-01-17,3468185.55,Closed
830,15917,17,3038936.5,1467042.8,7.247,15,2022-01-20,805874.2,Active
831,16092,8,1467139.59,703975.6,9.717,20,2024-05-03,316885.15,Active
832,15038,94,2592474.2,1919975.17,8.58,30,2022-10-18,1385253.82,Active
833,17254,47,5019840.72,3074554.15,10.561,20,2022-08-01,2622079.93,Active
834,22909,73,6167638.75,3822526.38,8.411,10,2022-03-18,2940627.67,Active
835,23409,77,3574796.92,1657168.27,6.747,25,2022-09-02,909410.82,Active
836,14025,97,10731278.94,5604511.29,9.188,25,2022-12-18,2739145.14,Active
837,8848,66,4195372.24,3311602.92,7.715,20,2022-09-21,1193897.93,Active
838,7632,59,2153082.15,1625613.12,9.887,20,2023-07-15,1049123.51,Active
839,10007,78,3519366.39,1827466.69,11.014,30,2024-04-09,1040399.74,Active
840,17326,56,4137441.37,1780143.03,10.749,25,2022-06-06,1400326.22,Active
841,14894,73,3580353.2,2770938.51,10.713,30,2024-12-14,903832.62,Active
842,20461,61,1528642.03,837076.8,7.704,20,2022-11-06,756324.03,Active
843,6767,65,4642126.87,2498615.82,6.694,20,2024-08-28,2099611.29,Active
844,10589,15,3769011.76,2036235.28,9.168,30,2024-06-05,930170.23,Active
845,2690,23,4947439.39,2532443.54,9.021,30,2022-01-09,2245397.07,Active
846,5329,38,2331456.34,1766481.2,10.2,15,2024-12-10,1440089.55,Active
847,20897,24,2379288.81,1888510.03,7.261,10,2022-05-28,1347427.14,Active
848,24978,94,3254017.16,2425453.29,8.743,30,2023-06-21,1963602.61,Active
849,9305,99,1914523.87,1480040.37,10.148,10,2024-11-03,641407.52,Active
850,12677,99,4088309.51,3071550.97,8.839,10,2023-09-22,1846949.46,Active
851,15705,16,10805227.22,6068113.1,6.576,25,2023-04-09,4891113.5,Active
852,16211,72,1252237.32,801911.34,8.988,20,2022-03-15,335920.58,Active
853,22621,65,9690482.03,4164691.71,6.791,10,2022-12-12,3248010.09,Active
854,21199,13,1801167.36,1271700.95,8.921,25,2023-10-26,869312.92,Active
855,23105,17,3255820.71,2286893.99,6.716,15,2024-09-15,750969.34,Active
856,11368,76,3653012.44,2761310.63,7.507,25,2024-12-13,1298054.54,Active
857,14967,67,2906234.04,1999876.56,8.54,30,2022-04-11,1780398.9,Active
858,24668,23,5574281.07,2376494.05,11.037,30,2023-03-18,840284.63,Active
859,2514,71,3201068.05,1501107.84,11.058,15,2024-01-17,1296140.41,Active
860,7437,58,2138734.68,1427865.05,11.229,10,2024-02-28,1147342.98,Active
861,17158,85,3552889.15,2492442.29,9.589,25,2023-02-16,2306848.69,Active
862,23187,15,3852175.06,1957442.06,10.155,10,2024-05-18,1525026.06,Active
863,2016,53,3266614.39,1879620.4,10.799,25,2022-01-13,1563097.83,Active
864,7379,24,6066669.57,4386782.78,8.88,25,2023-01-11,2616561.04,Active
865,11673,95,2617539.62,1555339.57,8.857,15,2023-03-09,724164.44,Active
866,7314,54,2108855.34,938907.08,10.288,20,2024-03-19,418718.43,Active
867,12647,10,5376096.72,3517987.76,6.914,10,2024-03-08,2177463.18,Active
868,1786,88,1985241.59,1397857.56,11.013,30,2022-10-23,1195542.48,Active
869,5500,90,4169391.13,2399375.7,10.975,30,2022-03-14,1571960.11,Active
870,10448,33,3351751.16,1800793.82,8.712,25,2024-10-30,1176855.94,Active
871,13529,15,11916976.18,8908183.26,11.341,25,2023-09-18,6699104.68,Active
872,22695,63,2412987.13,1019247.99,9.177,10,2023-05-31,871158.63,Active
873,1598,81,4188162.49,2212460.08,6.753,15,2022-08-28,1993946.5,Active
874,4726,70,2830695.33,1501151.19,6.502,30,2024-05-08,827214.85,Active
875,4322,64,1540410.1,1210094.43,6.617,15,2023-05-13,882056.48,Active
876,14575,33,1778781.25,1254825.62,9.352,15,2023-04-06,491043.83,Active
877,433,47,3305933.5,2042910.45,9.274,25,2022-03-10,1890125.6,Active
878,257,32,1459901.29,621481.57,9.438,20,2022-02-18,450307.94,Active
879,9777,76,1488435.67,817770.55,6.86,15,2023-10-05,624805.82,Active
880,46,42,5365558.77,3009850.03,9.133,20,2022-09-04,913516.73,Active
881,4184,88,3412535.22,1528709.11,10.838,25,2023-08-24,858731.38,Active
882,12502,74,3953422.29,2867665.3,9.808,20,2022-01-12,1929278.17,Active
883,24324,91,1000000.0,493623.11,7.475,10,2022-04-22,311428.39,Active
884,4113,75,3799730.97,2051555.84,7.839,10,2022-04-27,1557782.54,Closed
885,20816,85,2794991.67,1672852.96,7.342,25,2022-05-27,1572822.92,Closed
886,20026,63,3083553.58,1476536.25,10.022,10,2024-05-17,817345.39,Active
887,12752,16,2210617.27,1640847.17,9.97,15,2022-12-30,810147.65,Active
888,10577,88,4248467.21,2206378.13,9.137,25,2023-10-15,1506353.21,Active
889,2647,2,1643927.6,1306659.47,9.937,20,2024-02-05,751950.28,Active
890,9342,47,2825283.73,1158024.24,9.3,30,2023-09-11,959073.61,Active
891,566,69,5453144.05,2509634.15,9.425,20,2024-04-05,1295666.89,Active
892,6084,55,1459088.48,635882.55,8.279,10,2023-06-17,316761.59,Active
893,672,10,2601433.41,1241387.38,9.581,30,2024-12-27,687411.67,Active
894,9476,79,4942272.58,2904430.26,7.003,20,2023-08-09,2124379.69,Active
895,4609,3,2719227.41,1298101.77,9.102,20,2022-10-12,394023.75,Active
896,10074,4,1218758.64,932019.63,8.754,15,2023-02-21,485376.63,Active
897,7339,95,1342722.28,886641.39,9.182,10,2022-10-21,614090.7,Active
898,22332,67,4030608.6,3222720.99,8.524,30,2024-02-29,1736178.11,Active
899,15857,12,1521447.63,841990.12,9.754,10,2024-03-07,436575.39,Active
900,15472,46,1474831.82,601758.52,9.994,25,2023-04-17,185520.66,Active
901,19868,83,1094273.76,498220.9,8.982,30,2024-01-07,433707.98,Active
902,14909,60,2255352.48,1766238.89,11.167,30,2023-10-25,1183668.93,Active
903,4020,4,2625603.14,1752593.51,10.664,10,2022-05-01,673624.96,Active
904,19204,39,4271152.19,3325311.78,8.135,15,2022-10-16,1399480.3,Active
905,23634,62,4460368.02,3157302.13,8.189,15,2022-01-12,2483011.45,Active
906,13961,51,3255509.64,1724910.69,11.296,15,2024-04-25,1402518.95,Active
907,3696,21,4887100.26,2790545.4,7.096,20,2023-02-21,2361604.49,Active
908,2516,72,2513966.34,1799035.14,8.523,10,2023-04-18,1562791.61,Active
909,2577,89,7576609.2,5944106.4,7.763,25,2023-01-22,2189941.68,Active
910,24512,8,2476134.14,1486255.83,9.153,30,2023-05-08,1098593.7,Active
911,16227,37,4093100.22,2982291.07,7.067,10,2024-11-20,1864523.46,Active
912,15904,57,1446830.61,1111091.21,10.603,15,2024-11-08,1020434.66,Active
913,2628,91,1850287.87,1045114.06,11.163,20,2024-12-18,792795.12,Active
914,11529,9,5853536.36,3264730.64,7.101,10,2024-07-28,2412095.39,Active
915,14121,55,3580522.03,1538444.61,6.739,15,2023-11-20,579089.34,Defaulted
916,387,25,8540965.19,4131800.26,10.174,20,2023-11-21,2797842.54,Active
917,5968,38,6162274.21,2928075.06,10.529,20,2023-03-13,1218801.56,Active
918,8187,16,1673500.19,935277.01,8.742,25,2023-10-19,843696.53,Closed
919,7939,99,4480304.9,1957479.27,8.236,15,2023-01-28,1147635.78,Active
920,13924,45,1876895.67,1314329.24,9.516,15,2022-03-08,1110105.64,Active
921,12048,41,3574353.96,2707891.49,8.691,30,2022-11-13,2142965.21,Active
922,6705,73,1827523.94,818648.87,9.927,15,2024-01-27,719432.91,Active
923,15733,77,4327268.82,2059524.93,10.106,10,2022-09-11,669211.75,Active
924,4638,73,4342947.03,3088491.48,9.856,20,2022-08-01,2317359.33,Active
925,4718,72,6269180.9,3915368.84,9.139,25,2022-06-03,3552317.7,Active
926,769,87,2234298.29,1154317.26,11.148,20,2024-01-10,807660.73,Active
927,18929,60,3609352.93,2522540.16,8.031,10,2022-11-26,1967400.53,Active
928,24363,15,2813350.48,2118419.37,7.134,20,2023-09-19,1798780.88,Active
929,24155,87,5375167.19,2365041.84,8.276,25,2022-12-05,1561442.76,Active
930,12511,9,1878542.33,1155212.75,6.667,25,2024-04-01,783479.64,Active
931,20157,77,4165656.07,1903106.39,6.773,25,2022-01-19,790390.83,Active
932,14888,38,2102838.03,1318086.45,6.981,20,2023-12-22,1195361.12,Active
933,22362,2,1743078.84,697782.01,6.938,30,2023-08-25,303970.41,Active
934,12912,44,3430136.33,1480033.27,7.32,15,2022-08-11,733801.0,Active
935,22082,42,1714642.0,1194514.14,9.812,10,2023-10-11,991423.45,Active
936,1341,46,3973590.26,2414985.54,7.81,30,2024-11-07,2124422.05,Active
937,16572,57,2150038.77,1196743.48,11.413,15,2022-10-15,971941.34,Active
938,20567,62,3669998.87,2419309.73,8.85,10,2024-03-07,1235988.68,Active
939,16962,70,3320596.18,2016555.97,6.654,10,2023-11-15,622020.08,Closed
940,1235,46,3308320.51,1970721.86,11.121,30,2023-06-17,1336003.95,Active
941,17716,99,2677308.55,1769448.22,7.234,10,2024-09-09,833866.17,Active
942,2794,77,1486415.39,667728.79,8.092,30,2024-03-08,420132.71,Active
943,9618,97,2511504.93,1622523.89,8.798,30,2024-12-18,754101.95,Closed
944,13419,63,1453120.48,1107826.49,8.272,10,2024-01-08,628917.51,Active
945,4413,44,6105932.0,4748204.22,9.303,10,2022-06-09,1811870.66,Active
946,23541,63,3003537.4,1244385.06,9.809,20,2024-01-11,1106012.71,Active
947,22029,35,1000000.0,494627.17,7.159,30,2022-11-03,426951.2,Active
948,19422,42,2103519.47,1609434.2,9.99,25,2023-11-08,923376.32,Active
949,17274,95,2468834.63,1181770.46,7.491,30,2023-03-04,663538.82,Active
950,7026,18,2656673.06,1257068.96,11.422,10,2022-05-15,867136.06,Active
951,13263,93,2101358.8,1353998.0,9.769,25,2024-07-06,975818.89,Active
952,3467,90,6218474.36,2621827.26,9.248,25,2023-04-28,964909.54,Active
953,4976,62,2515285.11,1324652.2,7.252,10,2024-01-29,462146.41,Active
954,19815,9,1595145.97,946248.15,8.496,30,2024-09-28,483495.12,Active
955,18269,88,3038506.77,1269684.07,7.962,25,2022-10-30,1045824.8,Active
956,1551,1,7935375.64,5499029.5,9.899,10,2023-12-14,4082364.08,Active
957,22924,95,2902004.44,1912812.16,7.392,25,2024-12-10,964385.15,Active
958,17141,40,1950150.59,862590.89,7.344,25,2023-12-10,440514.7,Closed
959,10269,61,3158316.19,1406254.1,8.297,15,2024-07-01,770508.74,Active
960,16878,74,2445226.18,1589342.02,11.16,30,2023-11-07,653869.46,Active
961,208,66,5701520.74,4165425.35,10.9,20,2024-02-01,3316303.19,Active
962,9639,68,4768923.95,2405912.85,10.989,25,2022-05-13,762681.4,Active
963,3187,53,4658678.54,2299533.58,7.308,20,2022-10-26,2057295.13,Active
964,297,77,3557754.38,2007724.76,10.046,30,2022-08-09,1586017.01,Active
965,20317,35,2966573.56,1569995.06,7.988,30,2023-07-07,1171943.57,Active
966,11954,41,1116183.03,718189.29,11.306,20,2024-05-04,639536.36,Active
967,13466,23,5539135.33,2427812.32,8.319,25,2024-10-01,874072.63,Active
968,14926,4,6078250.48,2568628.35,10.715,25,2023-11-06,1642335.3,Active
969,20972,21,5498566.22,2797676.15,7.531,20,2023-02-20,2296553.15,Active
970,22690,84,2321915.9,1142461.1,7.638,20,2023-04-11,623594.58,Active
971,2971,12,2186501.29,1584679.61,6.764,10,2024-02-01,517613.16,Active
972,14127,95,5297473.97,3074625.29,6.656,25,2024-06-09,1799814.83,Active
973,20060,1,4338940.17,2868012.95,8.292,25,2022-05-13,1756431.98,Active
974,1204,4,3766338.02,2458326.26,11.243,20,2024-11-10,2280526.74,Active
975,4858,87,1042971.16,604557.57,8.678,15,2024-07-17,469300.04,Active
976,20438,58,2872230.17,2106230.84,9.548,15,2024-02-22,1906490.43,Closed
977,21449,80,6451442.84,4487111.09,8.74,20,2022-04-07,2558789.93,Active
978,4854,22,2328746.7,1145466.08,8.363,25,2023-02-14,739968.61,Active
979,16122,76,10137947.78,7365129.25,8.444,20,2024-04-15,6569091.06,Closed
980,8420,66,1481956.69,846443.09,9.633,15,2024-10-14,421858.3,Closed
981,4263,73,1917032.18,981875.68,7.711,10,2022-04-22,479638.23,Active
982,14441,68,8454028.43,3780434.14,7.916,30,2023-09-27,3428286.68,Active
983,13829,62,4904649.85,3155792.17,8.368,30,2023-03-19,1759545.93,Closed
984,21712,61,2217224.05,1364906.16,9.724,10,2024-06-19,429169.94,Active
985,11059,50,2875671.28,1440427.0,10.619,20,2023-11-22,601828.65,Active
986,18603,16,4419201.05,2448164.42,9.36,20,2024-05-30,1499775.01,Active
987,16227,93,2495965.14,1682818.25,7.474,25,2022-10-09,1036876.14,Active
988,22150,1,3010312.3,1972468.28,7.68,20,2023-05-06,643441.65,Active
989,10173,10,2145053.69,1064801.44,6.599,10,2024-01-23,562193.06,Active
990,19872,88,2536518.74,1605515.88,9.335,20,2022-01-18,597409.49,Active
991,5154,10,2688580.01,2093696.79,10.554,30,2023-02-17,1387234.46,Active
992,9328,83,7407507.45,4463912.14,8.067,25,2022-10-25,4033921.74,Active
993,7642,99,2484794.54,1333704.13,9.408,20,2022-03-27,767148.47,Active
994,12871,93,2261510.8,1187995.16,7.055,30,2022-02-28,1058504.92,Active
995,14902,15,6272971.98,4341934.8,9.847,30,2022-10-20,2970173.22,Active
996,10108,28,1625506.8,1168935.99,11.393,15,2024-06-08,823844.85,Active
997,12808,56,2600162.19,2060399.19,8.988,20,2023-10-14,647565.42,Active
998,18892,20,4555812.99,1847744.84,8.901,10,2024-11-18,1261655.73,Active
999,2697,97,3394247.84,1931253.42,7.396,10,2024-11-08,992849.16,Active
1000,23244,61,8328851.36,6154344.01,6.59,30,2022-09-12,3635089.92,Active
1001,18172,12,3026437.68,1841132.2,10.651,30,2023-11-11,1387987.56,Active
1002,8329,62,3450200.34,1408068.59,10.043,30,2024-08-29,958944.43,Active
1003,11930,13,4303018.06,3418184.43,10.801,20,2022-05-02,3091433.43,Active
1004,1516,63,6536555.51,2820293.77,8.975,10,2023-01-17,1471379.15,Active
1005,21144,21,1958443.68,1310216.37,10.821,30,2022-06-19,1062291.35,Active
1006,14865,85,4757228.06,3693446.76,10.425,20,2024-03-26,2439218.45,Active
1007,23087,6,4311485.75,3023190.0,6.664,15,2024-03-31,2538032.23,Active
1008,256,81,3207280.49,2376516.44,7.487,20,2022-08-23,2091095.38,Active
1009,2261,4,2609419.16,1054566.06,10.318,10,2022-12-14,907908.79,Active
1010,19423,30,5721263.95,2432355.29,9.539,15,2022-04-09,1470923.86,Active
1011,10483,18,3272381.62,1519174.56,8.12,20,2023-10-14,1275019.88,Active
1012,21696,77,1215440.03,812315.86,9.475,20,2022-08-26,563673.89,Active
1013,23448,48,4756196.61,3024425.54,11.284,30,2023-03-14,2738610.62,Active
1014,8861,6,5550377.98,3415445.48,6.519,30,2023-06-14,2156239.25,Active
1015,17111,91,3996649.06,2158625.92,7.168,25,2024-10-28,1448317.25,Active
1016,24261,84,3199358.36,1471529.27,7.768,15,2023-09-27,1190696.7,Active
1017,11245,3,3231709.8,1835531.91,8.169,20,2022-07-26,872865.18,Active
1018,13081,61,1252864.59,828906.78,9.438,10,2024-07-30,779356.96,Active
1019,15537,55,2095226.15,1589415.81,11.09,10,2023-02-23,1348130.82,Active
1020,11949,95,1947141.53,1357468.27,10.294,20,2022-09-02,630178.78,Active
1021,18732,18,1166264.49,473626.93,6.779,25,2022-08-20,364132.74,Active
1022,3066,47,3617989.75,2203461.15,8.46,30,2022-03-18,819172.32,Active
1023,24037,78,3151054.28,1432765.98,11.171,25,2023-01-07,1174158.55,Active
1024,12443,1,3221889.71,2501649.91,11.39,25,2022-12-10,1653968.72,Active
1025,15286,80,2188529.34,1146197.79,11.361,30,2022-07-06,930173.46,Active
1026,3197,81,1230272.06,669347.8,7.428,15,2023-10-13,510840.16,Active
1027,23378,99,1756058.87,1373883.42,8.787,30,2023-04-06,816100.85,Active
1028,17863,26,2077944.46,961475.66,8.938,10,2023-06-17,713443.72,Active
1029,20911,92,7194808.76,4435845.32,7.181,25,2023-08-19,3447408.47,Active
1030,23014,30,3823263.85,2778683.46,10.797,25,2023-07-04,2307157.31,Active
1031,10538,80,2388650.9,1115075.43,6.835,25,2022-01-27,520789.99,Active
1032,10185,53,2949017.73,1674319.95,9.919,25,2024-05-24,820888.95,Active
1033,23260,80,1096851.33,527402.61,8.72,25,2023-05-29,254451.36,Defaulted
1034,23285,82,3042776.68,1543310.33,9.797,10,2022-07-31,679477.5,Active
1035,10303,55,2265629.22,923150.19,10.868,10,2022-01-15,679425.32,Active
1036,19716,88,2746200.95,1108958.73,11.036,20,2024-03-23,723980.26,Active
1037,22298,53,3834859.83,2539265.02,10.071,15,2022-11-24,1507067.92,Active
1038,20585,56,1000187.62,675112.56,9.701,25,2024-12-06,347040.57,Active
1039,10650,27,5308598.99,2961103.88,9.057,30,2023-01-20,2513796.55,Active
1040,2612,60,3563345.77,2830818.07,9.522,30,2024-04-07,1326937.21,Active
1041,5248,35,1359423.81,1030224.59,10.545,20,2024-04-30,615111.63,Active
1042,8955,24,2926777.42,1878124.21,8.625,30,2022-05-12,886986.79,Active
1043,6394,12,1044816.36,456015.26,9.756,25,2024-12-03,309865.96,Active
1044,10714,16,1240861.66,719159.6,11.267,15,2024-11-24,670945.22,Active
1045,11731,28,4259036.05,1747010.06,7.605,25,2022-11-18,563008.46,Active
1046,11420,81,1858272.6,1114744.79,9.169,30,2023-08-22,341119.74,Active
1047,18899,4,4042134.9,2161607.49,9.743,30,2023-07-05,912712.97,Active
1048,19340,2,1711439.32,1135220.83,6.56,15,2023-03-31,775532.94,Active
1049,15360,57,4913101.69,3593203.1,9.741,25,2024-08-30,2815749.45,Active
1050,5544,98,3505654.22,1497329.98,9.03,15,2023-07-14,864385.74,Active
1051,13477,89,3433207.19,2322915.6,10.618,30,2024-06-16,1029151.65,Active
1052,15884,51,6357984.43,4744905.89,8.519,25,2024-10-14,2299702.61,Active
1053,12104,73,2035496.49,1183981.11,11.41,25,2024-06-07,448144.77,Active
1054,17187,23,5204141.25,2680244.02,7.911,15,2023-04-05,1683409.43,Active
1055,14838,81,3711265.66,1776185.99,7.368,20,2024-12-13,1519529.52,Active
1056,2457,86,2060722.81,1094298.46,8.959,30,2022-06-07,700408.79,Active
1057,18005,46,4124021.08,2956034.0,9.19,30,2023-04-24,1392617.22,Active
1058,7671,6,2529662.02,1428157.05,7.132,15,2023-08-08,687042.33,Active
1059,15925,29,5976455.2,3154424.34,9.332,30,2023-09-10,2447690.21,Active
1060,1552,17,2451772.52,1635999.8,9.046,15,2022-08-12,869781.27,Active
1061,6202,93,3269565.2,1940302.55,10.322,25,2023-09-07,1833217.99,Active
1062,2181,41,2572825.73,1894996.03,6.703,25,2023-08-15,675761.9,Active
1063,13732,7,1443447.7,627291.05,9.385,20,2023-06-20,592992.4,Active
1064,15142,74,5272496.25,2261581.13,8.583,30,2024-04-08,1253922.98,Active
1065,2366,18,1888036.49,1299283.33,11.218,30,2023-01-08,1063953.82,Active
1066,22157,34,1245619.22,673781.52,9.299,30,2023-06-21,238339.15,Active
1067,11296,21,3363731.34,2680546.62,6.806,10,2024-11-02,854686.62,Active
1068,6190,8,1547841.45,917459.65,7.571,20,2024-01-15,546116.1,Active
1069,4622,85,4218637.68,3078221.79,8.59,20,2024-11-17,2222175.67,Active
1070,11597,76,4418945.61,3388621.61,9.858,30,2023-07-25,1355404.09,Active
1071,19052,89,1040145.17,419083.98,8.055,25,2023-02-22,173300.67,Active
1072,884,9,4731229.57,2456823.2,9.014,10,2022-01-21,2243527.32,Active
1073,8270,30,3364532.54,2362490.33,9.937,25,2023-07-07,935629.12,Active
1074,10680,14,3410459.86,1631165.32,10.525,10,2023-12-30,1522759.65,Active
1075,20283,37,2447146.32,1822736.45,9.765,10,2024-07-27,1250972.51,Active
1076,20247,60,3892984.24,1812861.49,7.041,30,2023-07-29,786657.82,Active
1077,21732,60,1857935.16,1304858.52,7.073,30,2022-05-13,1180929.56,Active
1078,3536,62,7198992.07,4541006.57,10.62,15,2022-10-20,3945356.58,Active
1079,23030,15,1487470.52,797809.58,9.098,10,2022-09-07,734113.3,Active
1080,22263,38,3877879.22,2797711.7,8.628,10,2023-08-03,1924010.05,Active
1081,12900,86,3040090.62,1890112.62,9.937,25,2022-06-22,1494449.95,Active
1082,16159,12,2119052.24,1387932.92,9.983,20,2024-03-28,878809.57,Active
1083,14236,16,7000648.39,4364846.71,6.983,30,2023-09-13,4083372.27,Active
1084,16293,79,5972851.23,4615685.97,7.754,10,2023-12-20,3274932.94,Active
1085,5734,78,4738946.36,2839822.46,8.791,20,2024-09-19,2539930.04,Active
1086,13830,97,1272102.64,900893.65,9.493,20,2023-02-11,670742.97,Active
1087,731,57,3428531.11,1510288.78,9.038,30,2023-12-12,794940.37,Active
1088,11581,20,1885630.81,1028724.3,9.103,15,2022-09-03,874392.48,Active
1089,17174,18,2531419.08,1332835.03,7.784,25,2022-09-22,425858.31,Active
1090,1050,34,2655596.38,1669116.7,11.138,20,2024-01-24,1411817.47,Defaulted
1091,5527,62,1951805.92,1515876.45,7.978,20,2024-03-17,1385130.94,Active
1092,19024,16,1540948.45,1073629.77,7.39,15,2023-09-12,343371.23,Active
1093,3443,64,3876137.51,2206093.44,10.68,15,2022-05-31,726522.43,Closed
1094,19040,45,4246745.98,2897112.35,8.154,10,2024-04-05,2250633.87,Active
1095,16024,18,3955781.34,1647779.74,7.01,15,2023-10-26,1430246.75,Active
1096,23609,23,4086473.78,2371935.33,9.098,15,2022-04-30,1517447.89,Active
1097,10904,17,2927015.2,1581667.8,10.498,30,2023-09-13,747569.19,Active
1098,23471,67,2861708.78,2063596.14,6.709,20,2024-05-05,1427647.18,Defaulted
1099,6061,32,3125041.41,2071832.86,8.465,30,2024-05-07,1577437.73,Closed
1100,9916,23,5638649.32,2807181.88,9.896,15,2023-02-16,1849777.01,Active
1101,15420,74,2906551.19,1880369.17,7.492,30,2023-01-05,772220.49,Active
1102,1470,2,1075773.32,610983.47,9.221,10,2024-07-26,380734.33,Active
1103,24234,47,1612606.08,726405.37,9.525,10,2024-03-15,480881.31,Active
1104,4302,40,3241734.47,2506911.56,7.595,20,2022-04-03,1203439.34,Active
1105,6126,5,2010472.45,1018019.01,6.651,20,2022-08-17,703332.78,Active
1106,22960,8,2676037.38,1702295.0,6.543,20,2022-07-12,722574.38,Active
1107,14456,13,4397166.5,2567036.43,6.5,30,2024-02-08,2128678.25,Active
1108,24244,10,1886635.65,766459.54,10.549,20,2022-09-05,597996.12,Closed
1109,21447,36,4855112.18,3778500.14,9.496,20,2023-05-16,1531345.51,Active
1110,15075,76,8893884.67,6854718.66,7.708,15,2023-05-04,5603875.54,Active
1111,23379,70,6513923.96,3434537.24,10.733,30,2023-03-04,1238046.76,Active
1112,21304,36,8355928.47,5120907.27,10.997,20,2024-07-27,2876400.48,Active
1113,7171,84,7203202.2,4252604.09,11.14,20,2023-04-17,2290720.39,Active
1114,15740,27,2219618.79,977103.14,9.95,15,2022-01-13,827292.95,Active
1115,15997,37,2628920.71,1522644.79,7.497,10,2022-10-06,702774.01,Active
1116,17523,90,2424263.29,1717168.25,7.711,20,2022-12-26,659923.33,Active
1117,21393,83,9709424.05,6343296.77,7.982,30,2022-11-21,2505037.6,Active
1118,14405,7,3403310.68,1783015.31,9.819,30,2023-07-22,924506.76,Active
1119,3421,100,2591792.98,1119435.95,11.215,10,2024-12-07,951640.01,Active
1120,14380,56,3335305.92,2149199.79,8.521,25,2022-04-24,1360046.3,Active
1121,4537,69,12032333.17,9378986.73,10.879,20,2022-10-31,3353142.34,Active
1122,24725,27,7042605.4,5045877.92,8.203,30,2023-12-03,1969526.94,Active
1123,18048,37,2171559.55,1173819.95,8.249,20,2023-05-28,632807.12,Active
1124,9144,63,4337376.39,1908327.42,8.349,20,2023-06-23,882447.88,Active
1125,8785,80,3846403.43,2249933.35,10.275,15,2022-07-26,1692378.45,Active
1126,16569,5,3267792.46,1883818.44,10.11,25,2024-12-29,945470.82,Active
1127,4600,3,4234456.95,3122366.25,6.791,20,2023-09-04,2722403.1,Active
1128,7219,75,9672423.57,5401992.56,8.239,10,2023-03-18,3422649.72,Active
1129,7079,83,4465483.58,2123106.16,9.233,30,2024-02-03,732698.7,Active
1130,18997,32,2136808.77,1546222.78,9.576,25,2022-06-17,1331099.18,Active
1131,2995,91,3200692.07,2002515.48,10.882,25,2024-04-10,616206.81,Active
1132,7879,90,7589798.44,4790908.62,6.735,20,2024-08-24,1656831.41,Active
1133,18791,27,2485249.96,1624128.41,9.198,25,2023-10-25,511064.98,Active
1134,10140,63,3792050.73,1962770.6,8.005,15,2023-04-15,711316.93,Active
1135,310,57,3508377.69,1525250.23,6.763,10,2024-09-28,760279.03,Active
1136,21250,16,2359702.17,1549279.68,7.208,30,2023-04-27,1051881.91,Active
1137,1954,5,5009895.82,2870462.61,10.614,20,2024-12-16,2095651.79,Defaulted
1138,2390,37,2505093.47,1265643.08,9.982,25,2024-03-26,755082.84,Active
1139,10253,47,2690810.3,2122690.51,9.507,15,2024-01-24,1082733.79,Active
1140,5288,86,3601488.31,2086763.62,7.232,20,2022-09-10,973612.33,Active
1141,7642,21,4002788.38,2148235.49,8.741,25,2024-05-07,1779960.03,Closed
1142,6148,69,5182658.62,3992281.85,9.061,30,2024-08-13,3580380.38,Active
1143,7320,92,2404042.61,1069549.97,9.571,30,2023-03-14,754503.01,Active
1144,10256,53,2753436.81,1306579.31,8.317,25,2024-09-10,995320.85,Active
1145,22374,2,3777875.03,2393495.13,6.871,30,2024-09-23,865919.14,Closed
1146,3281,37,6378783.89,5053054.08,11.25,15,2023-09-06,3445592.24,Active
1147,11860,10,5389363.89,2627294.04,9.712,15,2023-04-10,1159532.48,Active
1148,21039,64,2415215.22,1440093.81,9.859,30,2024-05-09,866839.94,Closed
1149,1082,52,2534732.99,1753453.35,8.316,20,2022-03-16,1002886.19,Active
1150,9983,9,1821548.45,1190741.19,6.669,20,2022-08-09,501750.29,Active
1151,1215,5,2578451.02,1376002.16,7.228,15,2024-04-23,1266460.0,Active
1152,5266,50,1018612.57,792995.79,9.687,15,2023-06-01,664033.24,Active
1153,591,84,9443754.49,5994217.08,6.861,25,2023-10-23,4374589.81,Active
1154,6554,90,3353753.27,1355844.63,10.716,10,2022-04-24,1175067.9,Active
1155,17770,18,4666505.21,2524459.74,7.289,15,2024-01-09,1120178.83,Active
1156,16555,85,1871744.53,1158693.71,7.267,15,2022-01-27,653815.03,Active
1157,5488,18,3363082.42,1517220.65,8.484,30,2023-12-28,825480.47,Active
1158,2424,13,7336146.98,3941317.14,11.047,25,2024-03-17,3200986.43,Active
1159,7731,52,1000000.0,731131.44,7.527,15,2022-01-08,551867.88,Active
1160,5739,27,3002803.69,2286223.93,11.413,10,2022-03-03,1117532.14,Active
1161,17523,48,3024774.44,1547179.14,11.089,30,2024-06-17,1029982.91,Active
1162,15684,45,5002380.34,2855623.89,11.283,30,2024-09-01,1404003.63,Active
1163,11219,40,5241841.82,4022082.35,6.608,10,2022-10-23,2047564.12,Active
1164,24951,35,2298320.51,1265351.88,9.154,30,2022-02-22,817127.81,Active
1165,24856,90,3217383.39,2186670.44,8.367,30,2024-02-03,1960014.49,Closed
1166,13385,74,4582731.09,2328845.29,10.852,20,2023-05-12,1825796.99,Active
1167,16211,70,4835894.17,3448285.72,9.99,30,2023-05-22,1392912.98,Active
1168,7855,30,1918438.1,1212428.18,9.436,25,2022-12-03,422567.68,Active
1169,1409,90,1000000.0,502577.61,7.874,20,2022-01-14,366320.55,Active
1170,4099,51,1865490.29,1318662.35,7.655,25,2024-01-17,739175.39,Active
1171,20379,14,3323904.77,2222883.94,7.363,25,2024-10-05,1916772.02,Active
1172,5718,9,1491009.55,680439.47,9.738,15,2024-06-27,415983.99,Active
1173,14636,14,2784464.49,1814483.61,7.163,15,2022-02-19,1463188.49,Active
1174,18172,88,3569727.25,1660518.02,9.273,15,2024-02-13,639415.04,Active
1175,22245,6,4866314.18,2556907.72,8.643,20,2022-11-25,1285243.65,Active
1176,11588,76,2496655.52,1007994.66,10.759,10,2024-04-11,821613.26,Active
1177,20012,67,2150114.8,1283065.42,7.608,25,2023-04-03,451352.0,Active
1178,23477,73,2772242.64,1818624.87,6.51,10,2023-02-03,1591245.46,Active
1179,16739,72,6679357.79,5306156.44,10.33,20,2022-10-17,2197582.91,Active
1180,7464,14,4719207.52,3386193.57,11.476,30,2024-05-17,1819769.99,Active
1181,23444,36,4012626.22,2475563.99,9.736,10,2024-10-13,1149542.34,Active
1182,20013,9,3582499.22,1454439.08,9.07,25,2022-01-01,1319356.19,Active
1183,12440,4,2647875.77,1881232.59,8.832,10,2022-07-15,1089184.53,Active
1184,3213,68,2441904.41,1227288.97,6.579,10,2023-12-23,569099.65,Active
1185,24131,90,3367659.04,2149954.16,8.322,25,2023-08-31,1653336.3,Active
1186,18415,19,3502724.75,2067190.79,11.4,20,2024-11-05,1109773.65,Active
1187,9494,100,5184941.29,3325895.32,6.575,10,2023-02-04,1527316.92,Active
1188,2099,79,1926538.45,1395596.3,11.458,25,2023-05-16,1036080.25,Active
1189,7759,38,8390907.11,6170676.41,10.847,15,2023-04-01,3198759.56,Active
1190,1529,33,3649658.02,2044277.81,9.298,25,2023-04-19,1534090.81,Active
1191,2344,92,1563959.41,1195364.15,7.526,10,2024-07-22,521671.31,Active
1192,5401,92,2741718.71,1194215.38,8.361,10,2022-12-10,788927.81,Active
1193,16168,51,1104432.02,855336.8,9.867,15,2024-11-20,703535.95,Active
1194,12684,78,5555496.33,2879805.63,11.453,20,2022-10-11,2264621.36,Active
1195,17769,77,3398237.09,1658671.2,10.214,10,2023-04-07,658015.41,Active
1196,998,67,4189473.74,3213073.15,10.725,25,2024-04-09,1027461.43,Active
1197,4091,15,1886167.57,1462510.35,8.67,30,2024-05-14,1022527.25,Active
1198,16028,98,10924094.79,4770990.63,11.498,10,2024-07-15,2396804.99,Active
1199,8665,45,3046874.83,2177818.51,6.914,30,2023-08-13,1981990.46,Active
1200,8504,53,4324332.59,1750800.9,7.174,15,2023-01-21,1172945.8,Closed
1201,8568,84,1000869.18,719486.86,8.092,15,2023-03-21,590730.15,Active
1202,338,49,4175140.44,3302827.37,10.35,15,2024-12-25,991245.79,Active
1203,2674,75,4623141.56,2177632.82,9.339,20,2023-01-21,1973195.91,Active
1204,13666,35,7465606.25,5503496.78,8.449,20,2024-03-02,3809309.24,Active
1205,5376,64,1153244.45,596637.79,10.579,10,2023-02-23,305082.62,Active
1206,14204,17,4621827.2,3362357.08,10.788,10,2024-03-28,1960431.01,Active
1207,3056,14,6016262.33,2839426.31,10.256,20,2023-09-06,2040167.99,Active
1208,15947,22,5229924.14,3680792.51,10.145,20,2024-07-18,2308173.9,Active
1209,5768,8,2810705.11,1323328.64,9.458,15,2023-05-26,1001124.56,Active
1210,2454,96,2542173.05,1606022.63,6.527,10,2024-07-11,1398189.16,Active
1211,23137,84,1637840.34,1240597.66,9.314,30,2022-03-22,485694.97,Active
1212,6472,43,6642916.64,4140222.13,9.597,30,2024-11-28,3279668.17,Defaulted
1213,18149,20,2969617.25,2261384.04,9.125,15,2023-09-13,954356.64,Active
1214,19845,89,6907321.35,5290328.2,10.139,30,2022-03-13,4003795.31,Active
1215,3043,47,4302252.31,2999373.22,10.592,30,2024-06-08,2138960.31,Active
1216,18871,100,2711891.26,2151012.4,9.665,20,2022-09-15,1468026.84,Active
1217,13190,78,3195689.82,1319261.95,9.59,25,2023-04-10,953381.76,Active
1218,18377,27,10718873.62,5779745.94,10.64,10,2023-03-23,4441911.64,Active
1219,3414,52,3616112.87,1934990.66,9.208,20,2023-07-12,911133.8,Active
1220,23419,78,3350571.05,2284316.98,7.763,10,2024-11-07,1794457.82,Active
1221,9400,41,2024722.14,972487.59,8.701,10,2024-09-30,300893.42,Active
1222,6584,31,9554258.88,6302339.76,9.267,15,2022-05-16,5678438.58,Active
1223,2587,25,6601590.48,4710697.66,10.725,30,2022-10-22,2148773.71,Active
1224,16456,28,4473886.41,1884616.82,8.585,25,2024-06-04,849328.35,Active
1225,15955,48,3645052.6,2356323.55,9.094,10,2024-12-11,1326595.61,Active
1226,18457,66,6447373.91,4832107.46,6.606,10,2022-07-17,2782605.76,Active
1227,18214,40,9286638.52,5458029.73,8.731,15,2022-12-30,2525911.82,Active
1228,7971,51,4122616.7,2198320.3,6.983,10,2023-01-03,1402556.28,Active
1229,22005,85,3127419.14,2181223.08,9.836,20,2023-09-08,1087406.45,Active
1230,23721,72,2044384.85,948291.95,10.443,30,2023-07-15,488644.39,Active
1231,13094,84,5260134.07,3753761.66,9.209,15,2022-04-16,2895322.96,Closed
1232,3926,29,3549770.35,1789648.47,8.865,10,2024-08-03,762265.52,Active
1233,22651,99,1045707.92,778220.64,10.498,30,2023-03-04,624528.75,Active
1234,24347,7,3558029.77,2606493.94,9.23,30,2024-03-22,1351902.02,Active
1235,4251,13,1789807.33,1252909.03,10.695,15,2024-09-19,1130114.82,Active
1236,11785,2,3322274.82,2554743.77,7.678,20,2024-01-29,905914.99,Active
1237,23878,20,6151306.84,4779158.19,6.71,30,2022-04-15,1601493.71,Active
1238,18395,42,6410283.83,4649105.51,10.395,15,2024-05-22,4181638.25,Active
1239,8540,58,6008742.11,3269868.6,8.374,10,2022-01-26,2742780.26,Active
1240,23365,6,4106704.56,1820294.09,6.993,20,2023-10-08,1590987.3,Active
1241,1425,28,5908244.1,4212606.43,7.272,20,2024-03-02,2028464.49,Active
1242,9523,44,2497412.79,1076516.66,6.522,30,2023-05-07,1006186.32,Active
1243,22561,23,3815779.82,2255701.41,8.614,30,2022-02-18,1048830.03,Active
1244,3516,90,8956666.58,6400609.26,8.57,10,2024-01-26,5549984.87,Active
1245,8303,25,2074354.69,1405576.19,7.75,25,2023-08-19,683711.9,Active
1246,297,94,3571484.21,2485043.65,8.777,25,2024-04-11,2320520.84,Active
1247,13691,78,19092816.71,9174101.21,10.606,25,2024-04-16,7440367.96,Active
1248,22468,7,2093609.17,921495.79,10.901,20,2023-05-03,505903.2,Active
1249,11664,21,1082338.52,579391.22,8.325,10,2022-01-06,363335.32,Active
1250,2607,99,2250977.09,1798543.07,7.392,30,2023-01-31,597576.74,Active
1251,15,35,2113515.03,1138282.42,10.626,30,2023-12-01,762557.63,Active
1252,6005,18,9359524.81,5605009.33,8.853,25,2024-10-08,4769164.57,Active
1253,24289,38,1490310.41,969404.86,7.894,20,2024-07-18,539971.36,Active
1254,5163,82,1173062.6,735670.23,7.384,10,2022-06-24,489871.69,Closed
1255,21378,28,2929574.1,1398629.5,6.911,25,2022-04-01,907142.61,Active
1256,13514,94,2600056.48,1538995.64,7.526,30,2023-05-15,1208684.37,Active
1257,24912,25,1454397.95,1099203.0,9.852,30,2023-02-27,639108.39,Active
1258,9446,59,1998192.66,1456882.28,10.765,15,2024-08-24,810416.78,Active
1259,12211,39,3674962.25,2541460.04,11.015,15,2024-09-20,1207655.82,Active
1260,3053,9,3250457.26,2056278.89,8.623,30,2022-05-22,644272.95,Active
1261,17128,33,9395964.02,7299320.36,7.016,20,2024-08-31,4904157.0,Active
1262,7507,51,3644975.32,2633025.42,8.809,15,2022-06-05,1643467.95,Closed
1263,10231,43,5354823.86,2682411.2,6.912,10,2024-05-24,985583.88,Active
1264,22541,26,5217596.26,3787043.62,7.206,20,2023-05-15,3097273.9,Active
1265,20066,45,1874188.1,1131621.83,8.813,20,2023-03-22,366888.8,Active
1266,5527,60,5945235.24,4135802.1,10.333,30,2024-10-02,2619508.24,Active
1267,20031,45,2339864.75,1456385.48,8.712,10,2022-01-09,952082.88,Active
1268,11048,15,2676039.98,1826061.84,9.895,25,2022-03-26,1037743.63,Active
1269,21798,15,2198172.75,1663675.63,8.491,30,2024-11-10,856645.58,Active
1270,5286,12,3528455.57,2205502.25,9.562,25,2023-04-13,1107665.96,Active
1271,24915,55,6222032.06,3719754.21,8.677,25,2024-07-03,2507923.56,Active
1272,9676,27,7496627.86,5247600.48,10.05,10,2024-05-09,3518457.52,Active
1273,11657,63,3330380.28,2660610.44,8.67,15,2023-04-19,2260248.38,Active
1274,2862,43,4817381.49,2609605.85,11.382,25,2024-12-07,1269927.35,Active
1275,19508,45,5183450.86,2093825.38,8.886,25,2024-05-16,1720578.56,Active
1276,9635,58,2837371.73,2016540.82,7.77,30,2023-03-19,1043700.52,Active
1277,8690,9,2640172.45,1651484.25,9.807,30,2023-07-16,928863.77,Active
1278,7502,54,3565516.36,2351453.67,10.242,30,2024-07-31,1854637.5,Active
1279,14708,64,1722246.05,1041129.25,11.166,20,2022-03-19,509095.04,Active
1280,15631,7,1355465.89,1031659.21,9.768,25,2023-12-23,697839.34,Active
1281,18676,92,1324708.7,891525.27,9.968,20,2024-12-06,364756.04,Active
1282,14480,28,2109755.19,1253241.27,7.954,10,2024-04-23,1066499.27,Defaulted
1283,21231,7,4171599.15,3048519.6,8.984,25,2024-03-30,1986453.58,Active
1284,5102,90,3613394.95,2501389.88,10.074,10,2022-09-02,1583651.34,Active
1285,6262,9,9042445.92,4553917.59,8.567,10,2022-01-27,3520229.24,Active
1286,2823,92,1944947.42,951272.48,10.875,25,2022-10-27,401750.89,Active
1287,9558,81,4580886.48,2285590.01,7.02,15,2022-03-03,1021577.54,Active
1288,15164,60,3211095.96,1680773.04,6.842,15,2023-09-07,1464014.14,Active
1289,16019,34,2968416.52,1625361.32,10.139,15,2023-03-07,822247.0,Active
1290,12121,26,3102114.77,1409913.66,7.713,10,2024-06-18,433196.65,Active
1291,3146,10,1783864.13,1076742.85,9.969,15,2023-03-21,583707.48,Active
1292,24516,71,4889903.73,2302247.73,8.321,30,2024-05-06,1972495.24,Active
1293,2061,62,2503129.52,1493945.98,9.557,10,2022-11-08,886664.61,Active
1294,12647,41,4045190.35,3037379.55,9.077,15,2022-07-21,2012406.99,Active
1295,22254,19,4111927.39,1945191.03,8.195,10,2024-05-21,1765161.73,Closed
1296,11953,19,1902066.48,1323648.02,7.803,10,2023-12-06,498273.73,Closed
1297,23902,48,7721897.25,3095505.04,6.529,30,2022-09-29,1258929.61,Active
1298,4002,64,3225148.93,1927137.35,8.909,10,2023-04-04,1030028.0,Active
1299,13770,22,1611443.92,1223074.9,9.045,10,2023-07-30,1018291.73,Active
1300,12097,62,4640412.52,2177974.2,7.762,25,2023-02-10,1150604.3,Active
1301,10434,52,2012567.0,1430042.66,9.722,15,2022-10-08,538677.55,Active
1302,10955,96,1478453.06,1008671.53,10.949,30,2022-04-27,434843.31,Active
1303,2697,80,2244252.6,1754680.13,9.776,10,2022-02-28,736548.32,Active
1304,11391,21,3252591.2,2562053.87,6.799,30,2023-05-13,1612426.76,Closed
1305,16820,72,5490974.16,3625973.22,10.773,10,2024-05-13,3135046.58,Active
1306,22279,7,3611701.94,1630774.55,10.945,15,2023-01-24,599974.09,Active
1307,17444,79,2379606.1,1678576.12,9.284,15,2022-11-08,874024.18,Active
1308,12764,82,2755215.65,1660294.28,6.693,30,2022-02-27,1282610.56,Defaulted
1309,17891,70,2022249.08,1483149.53,11.31,30,2023-05-14,865115.54,Active
1310,1172,88,5157337.86,2898746.12,9.465,20,2023-06-15,2084619.03,Active
1311,7778,30,1977701.55,929679.82,10.714,25,2024-11-22,461851.84,Active
1312,21575,57,5276600.29,2389208.73,10.502,10,2024-03-20,1943416.47,Active
1313,2408,61,1495928.33,881884.72,7.65,20,2023-06-06,548410.18,Active
1314,3600,2,8569847.96,4370308.25,9.475,15,2022-01-31,1383165.27,Active
1315,22758,99,4414213.55,2507785.8,10.865,30,2022-02-24,1236003.22,Active
1316,8285,7,2530337.98,1438085.6,6.78,25,2024-01-22,455549.07,Active
1317,15730,75,7523015.39,3945194.77,8.197,20,2022-01-11,1332635.36,Closed
1318,5451,31,6141428.56,3003210.26,7.358,25,2022-06-02,1266300.38,Active
1319,20674,18,2748357.89,2012937.24,8.474,30,2023-10-01,1815675.25,Active
1320,20146,38,1733498.38,813746.21,9.787,15,2023-04-15,450788.01,Closed
1321,4088,52,5020855.76,3494815.64,8.085,15,2024-10-18,2393681.77,Active
1322,20446,95,1713740.11,930141.81,7.569,25,2024-03-09,305048.45,Active
1323,17167,100,6140397.56,3965819.53,9.482,20,2023-11-08,1852692.63,Active
1324,22108,81,6586534.8,4038943.66,9.456,20,2022-12-01,1580762.34,Active
1325,24441,79,2932657.17,2202025.05,8.832,30,2023-05-15,937532.65,Active
1326,12439,50,2755779.32,1136551.36,6.753,25,2023-01-07,393919.15,Active
1327,7852,63,1993924.23,1361307.46,7.455,20,2023-11-15,484161.25,Active
1328,14110,44,3136398.65,1589940.27,11.121,20,2023-07-18,744881.56,Active
1329,6821,65,3162463.11,1658606.86,10.364,10,2022-12-18,1203325.87,Active
1330,18250,36,4767252.56,3791307.28,8.611,30,2022-02-03,2905921.89,Active
1331,20256,21,3488243.18,2138080.6,11.058,20,2024-01-08,1058665.53,Active
1332,2825,71,1030171.24,580283.85,7.157,20,2024-08-16,549815.7,Active
1333,3108,3,7370283.09,5066160.06,9.3,25,2022-01-23,3649344.0,Closed
1334,19709,14,1446535.24,1038353.26,8.162,20,2024-02-22,523783.2,Active
1335,11982,16,4415417.89,3513495.11,10.875,10,2024-11-20,2730621.48,Active
1336,20867,28,4995053.49,3575126.58,7.961,10,2024-06-09,1559348.82,Active
1337,7596,57,9080251.65,6816019.27,9.144,30,2022-05-29,2952161.02,Active
1338,21,6,1232375.89,805593.27,9.718,25,2023-11-29,507866.67,Active
1339,21510,6,4068712.88,3171928.95,8.412,30,2022-09-15,1479356.64,Active
1340,15511,92,4549422.53,2483151.19,7.581,30,2024-12-14,1827584.41,Active
1341,4245,16,5367789.9,3981327.76,9.548,25,2022-02-16,2270072.07,Active
1342,9611,79,2650611.99,1388750.8,7.398,30,2023-12-09,1023326.43,Active
1343,8360,86,5474919.68,3858296.91,9.402,10,2024-12-10,2375875.05,Active
1344,16728,55,2495661.51,1840133.44,11.218,15,2023-05-09,1676841.64,Active
1345,8431,78,3882834.97,2550446.59,10.119,10,2023-04-29,2084039.19,Active
1346,13704,83,3389373.7,2265868.87,6.953,15,2022-03-27,1689674.24,Active
1347,904,1,2547474.78,1083059.7,7.443,25,2024-01-27,555186.67,Active
1348,4508,77,5734756.99,4452787.25,10.597,10,2024-04-29,3945502.13,Active
1349,528,54,2216260.76,908497.88,7.208,25,2023-11-05,434975.51,Active
1350,6257,17,4856262.77,2513388.1,6.762,15,2024-07-24,2276342.22,Active
1351,7223,58,1987439.07,1187353.97,10.013,20,2023-09-06,562318.51,Active
1352,24753,65,2984480.22,2144018.65,7.053,20,2022-10-28,903457.48,Active
1353,2531,6,5849568.13,3421983.96,7.655,30,2023-05-27,1973850.19,Active
1354,8821,21,3419532.43,2425548.27,8.24,10,2022-08-21,2141941.13,Active
1355,19360,8,3938525.57,1614599.95,7.873,20,2023-06-04,801979.03,Active
1356,19279,36,3046125.32,1752536.75,10.975,20,2022-02-08,696512.95,Active
1357,19501,35,1910468.06,870237.98,9.521,20,2023-06-03,691732.4,Active
1358,7444,96,3570256.04,1778430.93,6.541,15,2023-02-27,1244603.37,Active
1359,11330,43,1567299.66,1194066.72,10.766,30,2024-05-30,597886.9,Active
1360,4128,100,4421402.73,2383429.07,9.242,15,2023-08-24,2193393.47,Active
1361,14047,16,2672465.67,1184608.2,6.793,20,2022-12-27,955677.47,Active
1362,1077,91,3602790.19,2096766.7,11.235,15,2022-08-30,647062.9,Active
1363,15054,46,1894332.11,1338248.46,10.632,10,2022-04-22,1172662.52,Active
1364,16008,34,4034649.45,1879614.49,7.391,20,2024-02-17,771443.29,Active
1365,19651,12,2720789.81,2123961.23,7.224,30,2023-11-08,1179424.2,Active
1366,14003,91,5381082.86,2741923.92,10.496,25,2022-03-20,2216358.19,Closed
1367,19076,22,3002447.52,1634372.22,10.262,20,2022-02-07,936147.14,Defaulted
1368,21530,8,3162672.44,1707191.84,11.165,15,2022-10-25,993998.94,Active
1369,15116,82,2072379.16,1560895.68,7.497,15,2024-08-12,1234780.13,Active
1370,2613,1,2338341.38,1579436.69,8.907,25,2024-02-05,1490087.81,Active
1371,2804,87,6211852.72,4442380.93,10.318,20,2024-05-04,2264856.51,Active
1372,17528,72,7831353.76,3593882.82,10.906,20,2022-02-06,2548715.96,Active
1373,10318,41,5541044.01,2436931.06,9.877,30,2024-03-02,1813081.86,Active
1374,3852,85,2263451.23,1443674.55,7.832,30,2022-11-04,1085084.34,Active
1375,7069,62,7855815.19,5292395.8,7.464,25,2023-12-28,2037027.23,Closed
1376,20928,79,8264675.3,5404556.0,8.631,25,2022-02-06,1968703.93,Active
1377,7367,89,5195568.09,3544117.98,10.29,30,2023-03-10,1464717.12,Active
1378,3685,14,10197360.16,4180798.97,7.003,25,2022-09-27,2530953.54,Active
1379,14880,9,3605726.86,1902751.74,7.897,10,2022-04-27,735812.18,Active
1380,23984,75,1762529.8,854735.76,6.793,20,2024-04-26,556596.46,Active
1381,23565,81,3567133.35,2544872.86,9.517,25,2022-01-15,1685895.7,Active
1382,7394,52,3215177.52,1498961.15,7.748,30,2024-03-07,1154042.37,Active
1383,21811,33,2656201.71,2087924.03,7.058,30,2024-06-15,1980200.4,Active
1384,16687,54,1992521.18,1206740.07,8.276,15,2023-11-04,745145.73,Active
1385,2883,71,2940466.33,1643052.44,7.205,30,2022-04-23,923558.39,Active
1386,10034,65,4545288.17,2740331.61,8.34,20,2023-05-19,1811580.71,Active
1387,4850,39,5863117.97,4470637.39,9.471,15,2024-03-14,1637502.56,Active
1388,12722,25,2736162.03,1600386.91,9.046,20,2023-01-04,1069222.58,Active
1389,15753,15,3045638.64,2145421.42,7.614,30,2024-05-01,814160.97,Active
1390,18067,93,6383738.12,3610817.5,10.849,25,2022-10-26,1701461.79,Active
1391,23610,95,1943159.07,1363612.62,8.718,20,2022-02-08,441681.72,Active
1392,1437,50,3249759.66,1466023.11,9.359,20,2022-06-05,917817.51,Active
1393,23935,52,6697941.92,4045742.29,8.176,30,2022-10-19,2595777.73,Active
1394,18582,72,2121761.92,1664706.78,8.898,30,2023-12-05,1361800.03,Active
1395,4112,73,2738168.03,1814012.21,11.25,15,2022-10-10,989370.47,Active
1396,4694,31,2598252.5,1404554.69,6.667,30,2023-01-25,1202414.35,Active
1397,6567,64,2427451.77,1182132.2,8.035,15,2024-09-18,461938.86,Active
1398,14431,58,6236288.73,3178147.96,7.078,30,2023-10-12,2524602.43,Active
1399,2026,80,1949803.5,1504426.84,10.078,20,2023-12-11,763904.65,Active
1400,20956,45,1209161.34,780495.35,10.68,10,2022-02-01,651396.12,Active
1401,473,57,3149262.33,1922812.09,8.296,30,2022-03-20,1765612.69,Active
1402,20703,81,2809156.39,1606074.68,11.494,30,2024-06-29,879248.95,Active
1403,24195,14,5964569.67,4655017.86,8.184,10,2024-01-01,2101423.73,Active
1404,23566,59,1798345.12,745876.79,9.584,15,2022-02-09,329584.43,Active
1405,5085,25,3296817.26,1676336.35,7.092,25,2024-11-14,609813.06,Active
1406,2597,16,1354460.45,939456.13,7.928,15,2023-10-11,309276.51,Active
1407,18261,44,3163558.26,2493121.46,8.841,15,2024-05-11,1778658.24,Closed
1408,19863,97,3143470.42,2510669.41,9.495,25,2024-02-21,1668802.66,Active
1409,15965,37,5202897.76,2361406.24,8.057,15,2023-08-19,1586618.16,Active
1410,9205,27,1612318.12,909665.44,10.226,15,2023-10-03,334318.39,Active
1411,12309,19,2271463.68,1340370.25,10.043,15,2023-06-21,1024224.24,Active
1412,7891,49,1888722.9,999008.48,8.037,20,2023-06-17,303335.14,Active
1413,4909,32,2534469.35,1554479.38,10.184,10,2023-03-31,1411959.02,Active
1414,8367,6,2761055.0,1471805.37,11.221,25,2022-10-06,548498.06,Active
1415,21649,18,2589696.3,1692677.82,6.761,25,2022-12-29,516990.07,Active
1416,13779,8,1387006.63,687671.62,10.845,30,2024-06-02,450160.61,Active
1417,19732,92,1708270.16,1067064.92,10.061,30,2024-03-11,832922.93,Active
1418,6473,17,5761518.24,2831063.25,9.851,20,2022-03-12,1930200.13,Active
1419,22190,88,2205343.51,1127212.37,10.979,30,2022-10-12,862370.47,Active
1420,16639,44,5534882.92,4354738.27,7.308,15,2023-12-18,2919015.95,Active
1421,6619,36,2108334.88,1620998.6,11.048,30,2022-06-14,623931.95,Active
1422,24231,87,5903118.83,2935842.68,8.77,15,2024-10-18,2353325.31,Active
1423,6190,18,1955141.95,1242444.98,7.806,15,2022-12-01,914353.97,Defaulted
1424,5204,15,3411531.83,1450629.26,10.57,10,2022-11-15,1317063.44,Active
1425,13,24,4574471.91,3480891.44,9.16,25,2024-12-29,1661978.76,Active
1426,16834,32,3347068.54,2447288.59,11.192,20,2023-09-02,1850074.06,Active
1427,24492,25,1447552.76,849923.5,7.705,20,2024-06-15,744693.84,Active
1428,2996,58,1000000.0,455377.05,10.0,25,2023-05-22,388109.3,Closed
1429,13787,85,3145251.81,2068965.29,8.25,20,2023-12-05,707193.86,Active
1430,7821,3,4435206.07,2201287.71,8.903,20,2023-06-20,1609121.46,Active
1431,15635,76,2924503.77,2289672.2,10.152,30,2023-01-11,703314.61,Closed
1432,17125,48,2065359.86,1324563.09,9.579,15,2024-09-13,438697.28,Active
1433,13493,25,5107752.49,3445178.92,7.384,30,2024-07-26,2042256.06,Active
1434,2359,88,2003590.66,1487989.06,9.09,10,2023-12-22,1235222.93,Active
1435,4186,42,1058318.92,749994.61,10.022,15,2024-09-08,360383.78,Active
1436,8084,40,1866230.45,941541.15,6.992,25,2023-04-15,890408.23,Active
1437,20548,5,3468622.26,2542119.66,6.94,30,2024-12-25,837760.64,Active
1438,21537,68,2849227.45,1296073.46,10.991,30,2023-03-04,1128287.58,Active
1439,7618,95,5254077.64,2301257.94,8.436,25,2022-06-28,926914.99,Active
1440,19540,29,2070832.44,1199046.97,10.538,25,2022-03-13,440219.01,Active
1441,10247,60,1521546.26,1197639.64,11.234,30,2024-06-25,480413.63,Closed
1442,7408,7,1130012.2,469083.53,6.523,15,2024-11-19,162272.94,Active
1443,5466,67,3897502.58,2681464.99,7.033,10,2023-08-30,2511222.48,Closed
1444,9370,18,4796112.29,2549875.56,10.871,10,2022-06-22,1054258.35,Active
1445,3052,75,7192133.99,5336324.52,9.051,25,2024-12-25,3561263.49,Active
1446,12447,33,1175477.88,615606.64,8.193,10,2024-07-28,402317.96,Active
1447,4311,66,1378176.55,1020452.57,7.484,30,2022-02-08,866225.09,Active
1448,4000,43,3774180.91,2606360.81,8.48,20,2022-09-06,1174685.13,Active
1449,6967,46,3992349.76,3032820.89,10.554,10,2024-09-22,1154056.19,Active
1450,8645,35,11017788.14,8604017.22,9.394,10,2022-02-20,2758989.52,Active
1451,16262,82,6605292.48,4325033.54,6.841,20,2023-11-10,3990200.52,Active
1452,9816,62,1058877.19,794297.27,9.239,10,2024-11-29,255004.37,Active
1453,18941,92,1087693.29,522751.54,9.637,30,2022-04-27,364826.93,Active
1454,2822,51,4808391.85,2448488.52,7.185,20,2022-07-16,1016578.39,Active
1455,21692,18,5101740.15,2870982.04,11.397,15,2023-08-14,2442967.76,Active
1456,4437,42,6438336.34,3340416.34,7.43,25,2022-04-10,1582965.54,Active
1457,11387,75,7093863.85,5076229.64,8.769,10,2024-07-03,2625567.4,Active
1458,23635,53,3050571.59,1496541.8,7.535,15,2024-11-11,714067.82,Active
1459,11331,9,6399836.34,4116300.93,9.507,15,2023-10-23,1794316.76,Active
1460,320,49,2214844.59,1024360.41,10.394,10,2023-08-05,593316.65,Active
1461,14031,66,4084743.37,2607925.75,6.888,15,2022-12-08,1043387.61,Active
1462,16515,14,2053274.31,1337242.21,7.656,30,2022-06-13,934893.15,Active
1463,38,56,3930239.66,2141655.19,8.238,10,2023-04-19,898030.52,Active
1464,18999,55,7830176.9,4359705.13,10.548,25,2022-03-26,3830892.06,Active
1465,2077,87,2193512.59,1503978.86,9.57,25,2022-05-13,1031167.33,Active
1466,15601,77,3015141.57,2341268.36,8.056,30,2024-07-15,1432141.82,Closed
1467,21237,81,3273955.4,1539577.24,6.563,30,2023-10-11,1043633.98,Active
1468,14879,7,4308308.25,2124159.06,9.045,20,2024-01-25,1827336.84,Active
1469,16975,89,4397378.23,2341098.92,8.834,10,2022-03-08,1279381.86,Active
1470,7976,81,9405373.56,5517646.42,10.751,10,2024-06-26,2478701.96,Active
1471,6468,78,2510187.59,1037116.66,9.596,30,2024-08-25,337527.39,Closed
1472,17744,25,2933285.4,1284855.42,7.167,30,2024-04-03,413162.22,Active
1473,6125,30,6064029.12,4308224.42,10.487,25,2023-03-15,3598420.69,Defaulted
1474,4682,99,4743789.06,2677475.31,6.999,25,2022-04-03,1449641.34,Active
1475,1622,26,6630287.38,2968380.1,6.888,30,2022-04-05,2254898.44,Active
1476,11937,71,1364032.29,758811.36,9.507,20,2023-12-28,546480.67,Active
1477,24300,4,5191256.64,4123404.15,9.489,10,2022-06-07,1455164.61,Active
1478,7797,96,6754458.98,3856662.43,8.849,20,2023-06-11,2388022.88,Active
1479,21296,30,2879328.36,2239223.35,8.223,20,2024-09-24,1996865.95,Active
1480,16425,96,2108858.43,1269631.23,7.362,30,2022-05-16,1057729.63,Active
1481,24965,67,2698748.26,1578227.45,8.497,15,2024-10-25,1403885.86,Active
1482,15765,2,5654967.05,4447285.64,6.541,25,2023-08-29,3005920.18,Active
1483,4271,82,2604583.63,1149771.43,6.957,10,2022-12-14,965858.83,Active
1484,17427,31,3533907.17,2392853.08,11.366,30,2024-09-09,1248546.1,Active
1485,3292,41,6897646.32,3189246.82,6.759,15,2022-05-19,2729043.85,Active
1486,16071,31,3020793.57,1603668.75,7.558,20,2024-06-22,1297577.28,Active
1487,24316,15,2091105.32,901536.95,7.241,10,2024-01-15,435451.37,Active
1488,10109,35,1726257.18,725127.47,8.35,10,2024-08-01,647278.01,Active
1489,18256,39,3547314.33,2167124.04,10.24,10,2023-02-03,1339747.7,Active
1490,13441,65,2769138.5,1335422.0,8.757,25,2023-03-08,627014.65,Active
1491,19143,64,3595031.35,2690913.91,8.301,10,2023-03-29,1743959.3,Active
1492,22051,65,4224071.48,2946267.58,8.019,15,2024-11-25,1247335.98,Active
1493,10420,12,8636867.82,3870698.57,9.327,25,2023-07-02,2148467.69,Active
1494,10224,43,4881976.32,2301466.86,10.766,10,2022-02-18,1723453.6,Active
1495,1984,59,4004037.94,2667768.33,9.353,15,2024-10-16,1829674.07,Active
1496,10328,71,3589601.73,2363273.92,6.745,25,2024-01-27,1572720.1,Active
1497,8434,62,3228973.37,1719996.95,7.722,15,2024-08-29,1202908.25,Active
1498,3369,90,4578216.59,2256087.36,9.383,25,2023-03-16,1129073.55,Active
1499,20862,97,2385294.11,1096923.74,8.843,15,2022-08-26,535053.89,Active
1500,21944,31,5393140.49,3801583.29,10.389,15,2024-06-04,2002122.38,Active
1501,14397,29,2794707.95,1355054.69,10.796,10,2024-08-18,593791.84,Active
1502,10639,79,7830169.69,3984253.93,10.651,15,2022-05-10,1363020.96,Active
1503,19897,69,2506141.02,1066749.2,8.117,25,2024-03-12,385178.03,Active
1504,19865,84,1592195.34,1220657.37,9.633,25,2024-09-30,935861.77,Active
1505,24080,55,5884892.92,4014459.44,7.624,20,2024-08-14,1858027.35,Active
1506,16755,30,1655537.75,929240.45,7.852,20,2022-06-30,496463.13,Defaulted
1507,18749,78,3911567.33,2958073.92,9.741,30,2023-09-04,918512.13,Active
1508,24926,21,5396875.81,2186075.41,9.58,10,2023-12-09,2012331.32,Active
1509,17069,45,1088202.73,607748.23,7.776,25,2023-11-16,213407.37,Active
1510,5920,6,6883962.75,5358048.18,7.784,30,2024-09-10,1675788.38,Active
1511,4047,26,5023280.17,2239758.7,9.155,20,2024-09-27,1814898.72,Active
1512,8742,61,1000000.0,702370.94,8.556,10,2023-01-22,568769.98,Active
1513,17830,78,2780532.29,2113890.47,9.798,20,2024-10-20,1061369.23,Active
1514,20811,45,4418200.05,2053178.84,6.993,20,2022-06-28,1686169.54,Active
1515,1120,69,4773273.24,2322656.75,7.543,20,2023-02-12,1703762.0,Active
1516,11773,63,4418259.68,2632653.98,8.629,15,2024-12-16,1260680.89,Active
1517,21107,3,4711484.97,3108687.02,8.854,25,2022-02-11,1711809.04,Active
1518,10004,14,4563379.53,2918434.57,10.387,20,2024-12-02,1205950.96,Active
1519,21416,65,5332373.88,4236811.86,7.177,10,2024-10-10,3638440.74,Closed
1520,16362,36,5754035.41,2765860.23,7.702,10,2024-12-28,1863700.7,Active
1521,21220,43,2501379.27,1064782.61,10.094,15,2022-08-11,902671.28,Active
1522,24905,42,3250719.52,2229592.75,11.385,25,2023-08-31,2106412.89,Active
1523,21952,64,1715161.51,826071.91,11.085,25,2022-11-09,273424.88,Active
1524,11410,35,2753566.21,2138832.61,10.725,10,2024-01-05,1391310.28,Active
1525,13024,29,4705265.76,3141047.41,11.159,30,2024-12-02,2490818.79,Active
1526,18082,38,1433673.34,632547.68,8.4,25,2023-06-08,486292.12,Active
1527,7661,6,2567678.28,1479351.62,9.106,25,2024-11-21,1037883.41,Active
1528,24876,86,2730558.0,1325959.02,10.17,25,2022-09-06,997340.65,Active
1529,8412,19,2353165.54,1308520.73,8.941,20,2022-05-16,431429.93,Active
1530,7211,50,2603792.46,1866361.98,8.882,20,2023-07-25,1299792.21,Active
1531,15094,81,5881966.54,3380047.51,10.392,30,2023-01-04,2167595.79,Active
1532,22057,69,1517316.1,1115099.79,11.019,10,2024-11-20,1005845.43,Active
1533,11979,24,3775424.42,1972371.11,8.136,15,2022-04-15,923298.78,Active
1534,23032,85,6444859.68,3178733.95,11.116,20,2024-10-26,2117599.72,Active
1535,7111,70,4873874.32,2956231.54,6.597,10,2023-09-15,2480629.39,Active
1536,3300,17,1011004.08,698328.28,9.855,15,2022-10-12,306339.35,Active
1537,9013,96,3982437.68,2261816.86,10.308,20,2023-06-08,1058956.8,Active
1538,23467,71,1845228.59,857357.79,9.433,20,2022-01-22,466827.67,Active
1539,21143,85,1650166.35,1270251.91,7.225,30,2023-12-09,396201.19,Active
1540,6591,14,2754417.67,1863473.58,8.651,15,2023-09-28,1190223.9,Closed
1541,3021,51,3937567.51,2348741.34,10.25,30,2023-11-14,1287371.86,Active
1542,13409,17,1751687.83,871783.13,9.981,30,2022-07-05,724543.51,Active
1543,9333,45,2160360.08,1280065.52,9.462,25,2024-09-03,806064.52,Defaulted
1544,8110,79,1762769.88,831045.81,8.381,20,2022-08-12,546969.74,Active
1545,16690,52,4664831.32,2231092.8,8.377,15,2023-09-13,782516.07,Active
1546,24643,28,3581421.06,2039887.55,11.094,15,2022-06-04,866999.23,Active
1547,6031,51,3702174.65,2154681.98,8.749,10,2024-01-27,1967345.39,Active
1548,15390,97,6045734.88,2621194.96,10.512,25,2022-04-23,1685125.45,Active
1549,9051,81,4554357.5,2959454.32,7.587,30,2023-09-19,1156574.22,Active
1550,12075,21,2367803.66,1325932.23,9.425,20,2022-01-27,1157925.93,Active
1551,21135,34,9819352.17,6544815.52,7.526,25,2022-04-08,5650108.79,Active
1552,8465,58,1830483.86,1437105.98,7.842,10,2023-03-26,1321960.3,Active
1553,8934,92,3717185.28,1735728.56,8.627,25,2023-11-21,1504390.05,Active
1554,15381,37,10472273.26,5585479.63,7.483,15,2022-04-30,4974411.29,Active
1555,1204,89,3508296.98,2220032.82,9.371,10,2023-10-12,1246498.1,Active
1556,7387,60,3602080.24,1792297.96,8.379,20,2023-07-04,1635067.4,Active
1557,6206,23,6848738.78,5254657.4,9.566,20,2023-12-29,3350602.33,Active
1558,21678,64,5437829.49,3916744.16,10.456,25,2022-06-27,1363088.74,Active
1559,17352,92,6911596.55,2944128.98,10.027,25,2024-07-09,2329374.69,Active
1560,6453,34,1439913.13,754527.06,7.58,30,2023-09-27,522264.19,Active
1561,20615,90,2686691.96,1551552.01,7.1,10,2023-02-11,810812.11,Defaulted
1562,15976,16,2196749.59,881779.38,10.619,15,2023-02-08,299364.12,Active
1563,15983,49,7976661.8,5182710.06,9.016,30,2023-02-02,1989688.67,Active
1564,12790,65,2456114.58,1689883.62,9.663,25,2022-05-11,829095.7,Closed
1565,23959,52,6170593.9,2657483.22,10.999,10,2022-03-20,1333882.59,Active
1566,18678,14,2951863.53,1822139.29,7.051,25,2022-09-14,1660246.27,Active
1567,24935,80,2713842.34,1132447.0,6.586,25,2023-02-08,611114.07,Active
1568,12400,67,5456745.33,3686920.34,11.328,15,2023-11-19,1540436.15,Active
1569,10793,19,6821341.4,3222539.09,11.301,25,2022-07-11,2147341.44,Active
1570,2670,20,4984498.54,3482221.88,9.245,20,2023-07-10,1622672.42,Active
1571,23462,9,3928453.2,1980385.42,6.712,10,2022-12-21,1285800.16,Active
1572,19489,4,2199846.64,1438206.88,8.638,25,2022-09-22,1322894.25,Active
1573,21674,46,9232069.69,4346720.31,7.253,30,2023-05-26,2900372.53,Active
1574,4076,60,1922490.92,876904.07,6.662,25,2024-02-28,420233.71,Active
1575,18906,21,1998722.59,1578139.85,9.507,20,2022-01-28,993198.05,Active
1576,1265,88,2324781.44,1422374.21,11.222,15,2023-05-24,1004919.41,Active
1577,13004,19,5630738.63,4379561.21,10.782,30,2024-02-02,2333680.17,Active
1578,13190,49,4180912.4,2940145.36,7.872,25,2022-07-24,2530364.59,Active
1579,10608,24,3991309.7,1939042.47,6.76,30,2023-08-03,1121970.88,Active
1580,544,61,2443648.24,1726410.91,9.675,20,2024-03-29,1605900.79,Active
1581,5400,65,3532841.18,1542085.98,9.409,30,2023-09-04,1118979.76,Active
1582,2986,99,1413046.09,1092254.08,6.832,10,2023-07-13,402179.39,Active
1583,8855,21,3741175.63,2548999.06,9.841,15,2024-12-31,1781106.28,Active
1584,18166,68,1650558.94,1091877.43,11.189,30,2022-04-17,374753.1,Closed
1585,11134,98,2109445.47,921100.51,11.222,10,2024-10-20,704920.53,Active
1586,11076,44,1453970.13,734437.7,6.509,15,2022-08-22,473449.84,Active
1587,8040,7,6939869.43,3606278.53,7.528,10,2024-11-02,2398683.87,Active
1588,509,24,5545492.65,4066857.66,10.451,30,2024-08-09,2244390.14,Active
1589,24894,22,4403276.76,2090384.31,9.364,15,2022-08-25,1312165.45,Active
1590,18179,92,3383883.38,1672507.82,11.275,20,2024-04-20,898965.08,Active
1591,18033,38,4227978.98,2293921.29,8.032,15,2024-10-03,2054675.45,Active
1592,6711,14,2262946.29,1665832.82,10.777,15,2024-06-23,705224.18,Closed
1593,979,6,3197524.25,1679947.64,10.698,10,2024-02-23,970146.84,Defaulted
1594,11146,73,2480335.58,1769884.63,8.694,20,2023-08-03,1187140.44,Active
1595,2590,9,5194919.55,3331374.78,7.537,15,2024-01-10,3110891.86,Closed
1596,19411,46,2546363.21,1257831.3,7.241,10,2022-08-19,652123.84,Active
1597,17623,96,2439826.94,1687222.45,8.657,15,2024-03-16,1489364.23,Active
1598,1970,56,13905742.09,5823158.77,7.144,10,2022-09-21,3315358.64,Active
1599,16483,83,2372236.02,1184605.1,7.434,15,2023-10-14,1114923.38,Active
1600,15904,73,2028371.3,1332131.32,7.188,15,2023-08-09,920240.89,Active
1601,20116,78,1633483.06,945650.49,10.511,30,2024-03-02,630890.07,Active
1602,21555,3,1439938.43,832068.56,9.246,15,2022-07-25,424772.88,Active
1603,1336,38,2217374.6,1345326.04,9.182,30,2024-01-04,1214456.31,Closed
1604,16637,85,2832486.25,1713907.07,7.433,25,2024-12-24,1071294.78,Active
1605,3760,42,3102383.72,2342410.15,8.195,10,2023-12-31,1383888.62,Active
1606,13563,41,1503578.39,631849.09,9.758,30,2023-05-03,205434.75,Active
1607,12073,9,1818552.29,1006968.91,9.897,15,2022-07-14,665338.56,Active
1608,14692,82,2083147.11,997992.36,9.835,15,2024-05-08,862353.75,Active
1609,8037,45,2641558.86,1328610.31,8.281,15,2023-08-03,1172230.92,Active
1610,7144,48,4837349.2,3362031.59,8.882,30,2023-05-29,1046995.63,Active
1611,2754,70,11582235.02,8799438.17,9.672,30,2022-03-05,5670587.66,Active
1612,4859,44,1479569.97,638861.54,8.303,30,2023-03-20,268550.1,Active
1613,3660,19,1747968.35,1320759.04,9.255,10,2022-02-19,714634.59,Active
1614,24604,4,2202251.23,1242665.4,9.934,10,2022-09-07,829572.95,Active
1615,892,85,3972193.84,2152204.86,9.686,25,2023-03-29,1624591.58,Active
1616,22779,69,3729758.6,1598482.61,10.895,20,2023-05-16,1449435.8,Active
1617,6410,13,4302717.68,3218018.47,7.214,15,2024-09-01,1574100.77,Active
1618,22881,45,5317125.21,2959156.36,8.175,15,2023-12-03,1725614.94,Active
1619,4744,85,3925674.59,2755716.36,10.589,15,2024-08-06,1986674.89,Active
1620,10731,32,3648522.72,1829652.85,9.593,15,2023-11-03,1174191.7,Active
1621,3406,21,2657960.08,1131972.39,9.789,10,2024-07-02,729482.02,Active
1622,18012,46,3407627.9,1683298.07,8.828,25,2024-03-02,1055980.27,Active
1623,1608,95,3638266.65,1734882.19,6.541,15,2023-08-13,1174108.67,Active
1624,4159,46,5707269.82,2774355.85,7.705,20,2022-03-12,1633297.08,Active
1625,11441,76,4969129.55,2054876.76,10.424,30,2024-06-29,1563391.71,Active
1626,8040,68,4043111.12,2678824.95,9.735,30,2022-03-07,1764376.1,Active
1627,16475,45,5511254.46,3295624.64,7.308,10,2022-04-08,2998283.22,Closed
1628,5444,95,1272760.42,1004870.75,11.231,15,2023-09-06,917023.87,Active
1629,2624,19,2229284.14,1671336.3,6.916,30,2024-01-10,643884.89,Closed
1630,1950,5,4008495.99,3181366.33,10.824,20,2023-05-21,1924279.26,Active
1631,1623,1,4763975.99,3015695.31,10.797,20,2024-06-16,1584953.61,Active
1632,20559,22,1807897.28,1309849.67,10.515,30,2022-06-09,902305.29,Active
1633,16846,86,3107201.53,1968923.9,8.081,25,2023-04-11,885434.01,Active
1634,11536,51,2598060.25,2015905.81,9.561,20,2023-08-10,1461159.67,Active
1635,12646,48,2033167.47,1622607.38,9.691,30,2023-09-14,702219.19,Active
1636,15681,20,3647887.99,1890156.08,11.221,10,2024-01-22,578790.03,Active
1637,17239,65,2573355.04,1976737.94,8.784,20,2023-04-28,905830.49,Active
1638,294,1,1450035.74,1124777.72,7.492,10,2023-12-04,881016.96,Active
1639,22971,16,1417772.69,742486.72,7.991,20,2024-04-06,700615.95,Defaulted
1640,10529,84,4249316.21,2606496.14,11.451,30,2022-11-12,1209586.84,Active
1641,1854,90,5663806.13,4054050.68,9.547,25,2024-07-31,2317284.59,Active
1642,863,48,3724649.43,1522567.41,11.014,25,2023-05-24,1200829.36,Active
1643,17231,70,7694595.98,4655958.38,9.725,20,2024-12-19,3251514.63,Active
1644,22498,49,5460726.76,3588360.43,9.909,25,2023-07-14,1640190.38,Active
1645,22557,60,10154006.49,8009679.19,8.471,20,2024-09-29,3548782.69,Active
1646,7355,44,6918271.94,2810499.37,8.719,10,2023-06-04,2227837.82,Defaulted
1647,8078,9,4263535.61,1924638.35,10.926,15,2024-04-22,1449940.43,Active
1648,6413,5,6489829.74,3982804.41,7.925,15,2022-03-29,3741844.15,Active
1649,15678,47,3185520.01,1324928.73,7.343,15,2023-01-17,648712.3,Active
1650,13108,69,7274390.27,3285511.55,10.826,20,2023-07-09,2227052.57,Active
1651,17327,30,4366866.6,3457204.57,8.565,25,2023-11-01,1311438.52,Active
1652,2939,52,2748166.74,1331784.15,8.072,15,2022-09-02,591420.7,Active
1653,8765,46,2416861.69,1295655.62,11.283,20,2023-08-16,998439.62,Active
1654,20527,79,2357297.17,1800527.68,7.318,15,2023-03-03,858781.3,Active
1655,17834,38,6573443.74,2878989.58,11.464,30,2024-03-06,1262138.2,Active
1656,19955,1,6664156.4,3403789.03,8.091,15,2022-04-05,3133683.01,Active
1657,2135,53,3248337.12,2363842.24,6.779,10,2022-12-11,1923895.47,Active
1658,296,30,1968546.04,855598.89,10.294,30,2023-06-09,552071.25,Active
1659,16077,17,2046853.64,1034228.07,7.037,25,2023-03-11,449691.85,Closed
1660,16792,54,2108543.39,1025330.94,7.985,10,2023-05-12,780205.58,Active
1661,14060,25,5262522.63,2632954.02,9.644,15,2023-01-10,2289921.32,Active
1662,9204,14,5925196.01,4656926.75,11.388,15,2024-04-01,1507962.09,Active
1663,9771,38,5308878.68,2764825.61,7.116,20,2024-12-25,1391062.69,Active
1664,12150,58,2847311.37,1809795.46,7.795,15,2023-11-22,1310740.51,Active
1665,18780,21,2424989.93,1914527.82,9.495,15,2023-01-15,751812.04,Active
1666,12644,31,2228149.99,1685853.21,7.184,25,2023-11-12,1593784.16,Active
1667,23507,88,4063969.78,2977321.12,10.187,25,2023-04-05,1884249.79,Active
1668,16083,71,3466174.06,1609918.18,7.155,15,2023-09-16,1038790.07,Active
1669,24789,55,3746435.66,2974684.52,7.929,10,2024-07-04,1032146.54,Active
1670,11227,19,1814505.79,1106330.3,8.048,30,2024-10-12,930850.96,Active
1671,7995,76,3278434.27,1330088.5,6.722,30,2022-03-27,891110.9,Active
1672,4095,53,1038652.01,687363.24,7.505,20,2024-01-17,506549.93,Closed
1673,20471,8,1000000.0,661833.92,7.768,25,2022-09-30,204333.7,Active
1674,10906,93,1629689.32,1097000.77,10.699,20,2022-01-25,992970.64,Active
1675,11968,18,5082440.35,2282503.74,7.114,25,2024-01-03,1891871.77,Active
1676,18812,90,8012946.95,5891596.7,8.385,15,2023-02-07,5046062.1,Active
1677,4006,4,5494829.75,3238739.79,8.173,30,2022-08-01,2938169.1,Active
1678,14754,15,3639435.43,1606809.9,7.216,15,2023-05-01,675204.77,Active
1679,2370,38,1247352.98,945108.4,8.049,15,2024-06-01,490505.58,Active
1680,2041,82,6082084.32,3128447.94,10.405,30,2022-10-01,2804533.36,Active
1681,1259,31,6004469.96,4560258.16,10.267,25,2023-06-29,3701177.29,Closed
1682,24617,19,1000000.0,682908.29,8.51,30,2022-02-11,429701.24,Active
1683,5939,6,1543704.14,755040.6,10.311,30,2022-08-08,667780.08,Active
1684,13458,26,10587653.33,7386648.97,8.474,10,2023-08-13,3177319.84,Active
1685,21465,7,2505733.44,1287644.26,6.548,10,2023-01-16,867662.52,Active
1686,4495,100,4767663.38,2291192.0,6.863,20,2022-01-10,1114784.09,Active
1687,15656,97,1243527.49,795092.46,11.081,30,2023-10-23,720002.86,Active
1688,19753,42,3307776.65,2241332.35,7.02,20,2023-08-06,2059681.86,Active
1689,1747,38,4779420.82,2249692.93,9.428,30,2022-10-06,914707.56,Active
1690,2794,3,8595114.75,5520309.65,8.943,20,2022-06-19,2340628.95,Active
1691,1326,34,8762874.09,6531303.41,7.174,10,2024-07-26,2608104.74,Active
1692,6031,4,1401997.33,602083.98,6.889,25,2023-06-19,443774.48,Active
1693,10887,22,2030212.82,1257657.46,10.736,30,2022-05-06,914160.12,Active
1694,17786,50,1691564.52,1245617.29,10.957,20,2023-09-20,818835.7,Active
1695,22977,54,1987801.53,1149546.91,9.139,30,2022-05-10,798660.34,Active
1696,19380,9,2390865.85,1726658.2,7.104,20,2023-10-20,1149847.27,Active
1697,2973,77,2347220.7,1366021.49,7.908,10,2024-06-19,1259185.45,Active
1698,9128,46,2417406.94,1373217.25,10.096,25,2024-06-16,1036224.61,Active
1699,5463,5,1867218.32,1331688.64,7.947,15,2023-11-14,560466.29,Active
1700,15509,36,1798961.76,1069335.3,7.03,10,2022-12-05,841922.75,Active
1701,22943,35,1598896.47,729798.89,9.73,25,2024-11-12,683534.92,Active
1702,10149,4,3041744.9,1774969.28,10.28,10,2022-07-25,1032682.48,Active
1703,23120,38,1846500.03,971466.2,9.934,25,2023-12-09,736733.58,Active
1704,10827,38,6028682.22,3543044.35,9.682,20,2024-08-06,3303485.95,Active
1705,14090,63,2591589.57,1834447.53,10.702,20,2022-12-20,1576659.16,Active
1706,4280,21,2819210.93,1248612.51,10.063,10,2022-11-18,758231.79,Active
1707,6775,76,3056607.7,1653579.27,6.652,20,2024-01-18,728589.89,Active
1708,20277,56,3525415.39,2144445.01,6.699,25,2023-05-31,1082669.68,Active
1709,3491,88,5050052.53,2895459.43,11.348,30,2022-10-03,2049292.99,Active
1710,18714,36,1117005.26,474122.35,10.567,20,2024-03-21,163683.49,Active
1711,12175,95,5028054.83,3147598.06,10.942,15,2022-04-24,1881349.28,Active
1712,10041,55,5434108.75,4186453.5,11.286,25,2024-07-28,3689713.06,Active
1713,5963,56,3638907.5,2370576.71,10.007,25,2022-05-03,1391479.66,Active
1714,24249,83,1798922.71,1095051.53,9.089,15,2022-04-23,329743.16,Active
1715,9455,9,3861763.61,1861240.35,11.379,25,2022-09-23,1571750.55,Active
1716,17039,76,2364227.26,1386516.35,10.756,25,2024-07-19,502107.39,Active
1717,1964,99,1920929.78,1162710.1,10.778,10,2023-04-22,973941.36,Active
1718,17222,10,4364089.45,3344624.19,7.258,30,2023-12-12,1245269.85,Active
1719,4103,91,8647560.51,4238303.94,8.293,10,2023-02-20,1348550.89,Active
1720,5900,71,3919364.73,2775596.6,9.994,25,2024-05-28,1714933.72,Active
1721,6145,41,5466059.81,3578180.02,9.838,15,2023-08-23,2324490.24,Active
1722,12425,63,3577481.86,2830469.47,10.34,15,2024-06-28,983261.3,Active
1723,23861,91,9264263.09,6573998.63,8.64,10,2023-10-04,4005326.53,Active
1724,19400,54,3909792.47,1792044.19,7.522,10,2023-10-11,997894.29,Active
1725,4436,19,7349161.52,5054072.78,6.744,15,2022-03-15,1778478.65,Active
1726,9954,29,2725323.87,1114257.68,9.412,20,2022-05-06,423569.64,Active
1727,22613,1,5362166.03,3300868.16,8.033,10,2022-04-26,1789412.24,Active
1728,14740,55,1286157.74,681446.84,7.216,20,2024-01-10,224326.28,Active
1729,22546,71,1612347.29,879619.54,10.462,20,2022-12-05,317809.38,Active
1730,2252,85,2751546.07,2182809.88,6.61,20,2023-03-23,1828390.11,Active
1731,24691,32,4756390.06,2231917.06,10.284,25,2023-11-03,1938806.71,Active
1732,22430,58,3335461.99,2348835.01,10.625,15,2024-02-18,1398682.58,Active
1733,1157,42,4398891.43,2729496.85,10.648,10,2022-01-11,2451755.88,Active
1734,9523,84,1832750.92,1272384.38,10.668,25,2022-07-18,1011659.57,Active
1735,4391,68,3760597.27,2983688.74,9.729,10,2022-03-06,2638093.96,Active
1736,1355,43,1966691.28,949894.05,6.703,10,2022-01-28,704859.3,Active
1737,3541,80,2406821.35,1549863.51,6.79,10,2022-10-28,1090434.71,Closed
1738,11721,89,3904470.01,1869910.52,9.192,30,2022-06-23,1330692.43,Active
1739,578,54,1553527.57,927248.1,8.775,20,2024-01-24,381180.97,Active
1740,2713,68,3139640.11,1703313.43,8.113,30,2023-04-29,672159.91,Active
1741,15592,56,1775717.01,1345322.0,9.221,10,2024-07-05,962064.57,Active
1742,2316,85,1296582.75,964880.93,8.555,30,2024-07-04,753763.16,Active
1743,19478,78,4559954.3,2891193.24,10.945,20,2023-04-17,1030250.88,Active
1744,7330,45,2802001.41,1558490.78,11.074,30,2023-12-01,683169.11,Active
1745,19299,37,2806109.93,1584776.73,8.526,30,2022-10-08,691486.18,Active
1746,19184,98,3333054.49,2493188.75,6.859,10,2024-09-11,1989444.95,Active
1747,18837,31,2296346.76,1606119.11,6.775,10,2022-01-08,1428392.46,Closed
1748,23441,11,1072370.55,440035.96,8.112,10,2024-10-31,183579.5,Active
1749,16203,67,5657154.2,2762557.92,11.049,25,2024-09-07,2239488.08,Closed
1750,15830,53,2714529.71,2038056.78,8.634,25,2024-08-14,1382893.09,Active
1751,19760,14,5856110.57,3373961.09,8.94,10,2023-03-25,2353322.8,Active
1752,19881,45,5595966.72,4179972.51,8.145,15,2023-12-21,2681604.39,Active
1753,18541,9,2241164.34,1403105.41,10.754,15,2022-02-13,875635.98,Active
1754,633,24,4389107.79,2913472.5,10.107,15,2024-05-12,1760866.56,Active
1755,13895,89,1724606.14,1369360.62,8.558,25,2023-03-28,1033307.37,Active
1756,6271,8,2990932.93,1714614.57,7.34,10,2024-07-11,759211.68,Active
1757,5334,100,3184355.63,1807364.91,8.275,15,2022-04-24,1538012.13,Active
1758,6519,92,2372767.41,1833008.9,9.885,25,2024-07-05,1044825.58,Active
1759,21065,95,2761374.71,2055003.95,7.963,15,2024-10-02,1265296.75,Active
1760,15668,27,2328113.41,1135788.32,11.385,30,2023-04-09,704514.49,Active
1761,16130,33,1657488.4,1252223.07,6.783,10,2022-10-23,907382.97,Active
1762,9935,87,1471254.11,701570.07,9.373,30,2022-05-08,322760.2,Active
1763,3514,63,1789626.38,1254051.13,10.29,15,2022-07-19,960240.34,Active
1764,22917,32,2105050.09,1381436.22,11.253,10,2024-10-11,1221753.0,Active
1765,14657,99,1000000.0,577196.62,8.151,30,2023-03-30,325065.89,Active
1766,8966,83,13238914.07,6368546.88,8.451,15,2023-06-24,2776501.66,Active
1767,24961,39,3411152.61,2428347.05,8.522,20,2024-02-01,1806178.25,Active
1768,2766,71,2309578.22,1440618.12,8.029,25,2022-08-16,1325729.37,Active
1769,1987,63,2572216.29,1859382.9,7.464,30,2022-12-22,1020668.37,Active
1770,12876,74,4220129.23,2775153.53,9.422,10,2022-04-12,1468436.41,Active
1771,8646,62,1487202.33,832316.77,9.68,30,2024-02-18,537956.43,Active
1772,14333,81,2282417.31,1815057.36,10.973,15,2024-02-12,1268308.18,Active
1773,8989,52,1615540.23,1237837.73,9.399,15,2024-11-12,1120208.2,Closed
1774,21664,29,2165482.12,1705819.67,9.366,10,2024-03-17,857068.01,Active
1775,15186,49,1541877.48,680183.2,8.187,30,2022-05-12,254190.52,Active
1776,11703,19,3457244.63,2015296.76,7.028,20,2022-02-25,1294670.77,Active
1777,80,90,7434638.23,4510310.72,10.119,30,2023-03-17,1465767.6,Active
1778,595,39,2725432.63,1524525.43,9.038,30,2022-04-20,679892.0,Active
1779,15406,28,3052752.38,2051011.17,9.795,10,2022-11-11,1863782.79,Closed
1780,3237,97,4581498.96,3608330.18,8.424,20,2024-05-03,3169442.13,Active
1781,6332,63,1145115.33,666231.72,8.512,20,2022-10-26,621785.34,Active
1782,17529,69,4005430.55,3059612.17,10.546,10,2024-04-06,1197513.15,Active
1783,9232,88,1242154.32,908290.55,7.774,20,2024-09-05,308894.21,Defaulted
1784,12588,28,4266354.85,2367104.68,7.968,15,2024-06-01,1047191.25,Active
1785,16945,36,4157850.95,2984140.72,7.557,15,2022-11-08,1835743.28,Active
1786,977,49,4184112.62,2170536.59,8.754,30,2022-04-29,1030514.39,Active
1787,14531,59,3478467.84,2686362.29,9.322,20,2023-11-27,1968060.32,Active
1788,22661,98,9084896.66,4529261.91,9.917,30,2022-01-16,4269709.22,Active
1789,562,85,6128903.37,4240892.27,7.481,20,2023-06-01,2661688.76,Active
1790,12767,81,2707559.89,1719770.28,7.923,30,2022-02-22,1287483.67,Active
1791,20499,55,3459692.16,1957756.98,8.6,10,2024-11-10,905888.35,Active
1792,15059,29,2820913.45,2125567.91,6.613,15,2024-10-18,1649751.75,Active
1793,17551,26,1612872.08,692690.66,10.949,25,2024-04-18,241730.8,Closed
1794,16718,13,1974957.07,1517189.85,6.87,25,2022-12-18,529591.27,Active
1795,10598,12,1666032.99,671564.75,7.186,30,2023-09-04,284444.95,Active
1796,16048,33,3520595.76,1449446.33,9.033,30,2023-01-01,677498.78,Active
1797,8801,53,4664429.49,2597392.89,9.849,25,2022-11-13,1638833.96,Active
1798,8184,37,7355607.84,4674878.65,6.828,25,2022-10-04,1458123.56,Active
1799,23197,25,2165130.76,1329918.15,11.045,15,2023-04-06,962555.29,Active
1800,5715,16,2092655.94,1534730.51,10.304,20,2023-07-30,584540.78,Active
1801,14029,36,3128558.66,1817183.91,6.692,25,2024-05-04,1340660.82,Active
1802,22639,53,2335221.18,1748996.3,7.163,25,2023-03-10,1096765.91,Active
1803,24805,33,6767277.27,3875353.77,8.557,30,2024-05-01,3681095.25,Active
1804,20544,90,2413476.2,1166669.06,10.938,15,2024-06-27,995980.32,Active
1805,3391,30,2591977.73,1508805.11,8.371,10,2022-03-17,619463.79,Active
1806,12360,97,2001753.42,1512211.4,9.417,20,2022-12-26,993271.13,Active
1807,2252,74,3397878.73,2128495.89,9.915,25,2022-10-05,1671689.6,Active
1808,12203,87,3280953.15,1421706.01,7.597,20,2024-05-08,949006.11,Active
1809,7089,75,5986010.97,4426661.02,9.676,10,2024-11-30,3336305.49,Active
1810,12898,18,3104005.3,1466652.8,7.018,25,2023-12-06,730001.41,Active
1811,23997,11,1000000.0,658176.73,6.706,25,2022-09-21,234268.43,Active
1812,22291,2,2906941.39,2183513.15,8.013,20,2022-09-30,667703.71,Active
1813,3719,20,2584563.79,1518183.16,10.33,25,2024-01-25,987918.46,Active
1814,16370,68,3621617.44,2524708.74,7.2,20,2023-05-29,1476822.28,Active
1815,10413,33,2678603.1,1812782.17,9.589,10,2024-07-17,1657526.35,Closed
1816,14048,44,2871630.74,1407676.95,6.64,15,2022-12-25,461851.84,Active
1817,13438,8,2959574.02,1976908.25,8.419,25,2023-05-25,721755.63,Active
1818,13679,18,2206536.69,1001979.33,7.63,20,2024-06-20,598233.26,Active
1819,9216,5,2860575.67,1491486.09,9.847,20,2022-10-28,628159.53,Active
1820,3459,29,13512970.29,10087102.15,6.85,25,2023-04-16,6848680.51,Active
1821,9134,98,5003421.04,3809286.59,7.583,25,2022-02-23,2803166.52,Active
1822,8574,85,5191704.92,2195425.93,9.345,20,2022-02-27,1528429.63,Active
1823,18535,33,5174247.84,3038941.2,8.212,10,2023-02-02,2820604.04,Active
1824,17462,21,1557128.13,1028348.15,8.518,20,2023-05-21,932643.63,Active
1825,12434,26,1830927.46,758139.71,7.068,10,2024-04-26,546402.99,Active
1826,22447,14,4875460.59,3398933.35,7.737,10,2024-12-12,1756388.83,Active
1827,20498,99,1000000.0,597278.21,7.295,30,2023-05-14,255268.45,Active
1828,20345,95,7311095.92,5223384.54,7.043,15,2024-01-29,1855251.05,Active
1829,5657,45,3967527.62,2475126.15,7.906,25,2024-08-11,759538.57,Active
1830,14461,18,7483876.87,4261888.8,7.571,20,2023-01-18,1841709.85,Active
1831,8067,30,5566185.66,3974232.75,9.315,30,2022-11-24,2837539.92,Active
1832,20127,29,2441106.98,1400293.56,8.941,30,2022-12-27,1144202.53,Active
1833,12954,53,3411115.94,2534869.76,10.53,15,2022-01-31,1077595.92,Active
1834,8748,62,5331242.5,3912845.72,8.529,10,2024-12-30,2356159.15,Closed
1835,10283,96,3320796.89,1890267.19,9.267,25,2022-01-08,1129583.73,Active
1836,17424,69,2761676.78,1742792.58,10.962,20,2024-09-20,1411845.2,Active
1837,19577,90,2339754.92,997475.18,11.264,20,2022-06-29,320760.05,Active
1838,14049,93,8209760.2,3929803.46,9.706,15,2022-12-20,3178984.77,Active
1839,11838,84,4415467.83,2947680.91,9.369,15,2022-12-02,2104103.78,Active
1840,13142,43,6178807.09,2922815.81,7.669,20,2023-03-02,1629035.82,Closed
1841,19217,28,3075652.96,2190858.53,7.271,25,2023-06-06,1077576.89,Active
1842,5547,11,3595696.81,1978015.07,9.198,30,2023-03-22,1488446.15,Active
1843,13235,74,5720931.98,3884821.34,8.129,25,2024-03-07,1330014.42,Closed
1844,9691,25,2534218.82,1367454.45,8.092,25,2022-08-05,1284496.48,Active
1845,21690,48,3589537.59,1936242.21,8.176,30,2024-05-24,931966.69,Active
1846,2721,78,1674544.05,1164644.07,10.287,10,2022-02-05,629253.01,Active
1847,18930,63,3335601.45,1790153.76,6.788,10,2024-08-06,1219227.36,Active
1848,23689,67,2654369.9,1619352.28,6.582,30,2024-05-25,841798.33,Active
1849,11562,38,3396450.19,1970847.44,9.848,15,2023-10-26,1079764.8,Active
1850,10871,23,3765462.8,2406412.43,8.492,25,2024-03-14,935253.41,Active
1851,14313,29,3010350.52,1208987.21,8.868,30,2023-10-12,695434.66,Closed
1852,13899,33,6027005.51,2935853.23,8.111,10,2024-09-02,1996097.83,Active
1853,2224,21,4391436.65,1813801.02,7.248,30,2023-07-19,714411.87,Active
1854,8266,96,5117376.67,2632209.84,10.427,20,2022-06-04,1855284.16,Active
1855,186,7,2648093.31,2046745.36,10.776,20,2023-10-02,1321895.35,Active
1856,202,21,4150492.95,1866360.06,9.279,20,2022-09-16,743676.12,Active
1857,14035,50,1000000.0,528845.04,8.727,25,2022-08-14,214928.59,Active
1858,16882,48,2829010.96,1882985.19,8.803,10,2022-03-08,1642327.47,Active
1859,17659,28,2784860.56,1520973.36,11.285,10,2022-11-04,1144205.6,Active
1860,19949,48,5635214.33,3817207.58,6.672,15,2022-12-15,3500641.22,Active
1861,11687,18,14906791.71,6955033.1,10.832,10,2024-01-05,5158618.83,Active
1862,8897,44,2815337.61,1317080.25,7.969,30,2022-05-24,1226348.15,Active
1863,6773,10,5020385.42,3596381.1,6.881,25,2024-05-12,2309815.72,Active
1864,9158,92,3671610.37,2764360.03,8.437,30,2023-06-08,1918249.53,Active
1865,12394,63,7382922.53,5086255.78,10.768,15,2024-04-10,4565068.1,Active
1866,14815,89,4962232.37,3385440.44,10.258,30,2024-06-11,1073846.23,Active
1867,2417,93,1861855.11,1443757.16,9.739,25,2024-11-12,882361.47,Active
1868,15961,55,7145265.78,3692713.66,10.97,10,2022-09-25,2224353.72,Active
1869,21554,9,2999400.2,1756234.86,10.582,20,2022-11-05,1495015.18,Active
1870,16796,63,2413392.96,1091277.85,7.843,25,2022-03-27,933291.03,Closed
1871,15808,86,2897748.61,1397218.17,7.258,30,2023-07-30,1254671.51,Defaulted
1872,13480,61,7257332.81,3736945.23,9.485,25,2023-06-24,2738245.19,Active
1873,24528,58,3494449.78,2451987.05,8.956,30,2024-12-24,1969440.7,Active
1874,11447,7,3776374.48,1956506.76,11.039,30,2023-04-27,1601851.33,Active
1875,18841,87,2008844.95,1217345.9,7.271,30,2022-06-15,1056704.58,Active
1876,11747,13,2137291.03,1605819.94,7.335,10,2022-11-28,965360.79,Active
1877,8646,33,4689628.43,3643393.29,7.532,10,2022-11-29,1355280.47,Active
1878,13112,100,4990608.49,2411238.55,7.056,25,2024-06-28,1833586.11,Active
1879,2561,2,2704562.82,1221950.27,10.235,15,2024-01-04,1005143.82,Active
1880,6064,56,2303772.93,999418.83,10.031,15,2022-06-22,742204.06,Active
1881,2217,93,8034488.86,4081528.32,10.858,10,2023-03-04,2673814.18,Active
1882,16563,57,4166428.32,3333017.38,8.64,25,2024-08-03,2061969.71,Active
1883,22419,92,8808603.87,4710425.46,8.992,30,2024-08-21,2836002.43,Closed
1884,19726,95,2922224.99,1961395.09,6.63,25,2024-03-20,1104645.72,Active
1885,1983,61,4252540.35,2048891.58,9.203,20,2024-11-28,1417079.74,Active
1886,1305,99,1908421.66,970828.37,6.687,10,2022-09-21,819490.48,Active
1887,13256,56,2786678.62,1440118.68,8.393,25,2022-03-25,916011.7,Active
1888,17607,59,1000000.0,648916.55,11.178,25,2024-04-28,416955.52,Active
1889,21456,83,4747269.02,1905312.52,9.452,20,2023-11-03,1146478.28,Active
1890,12024,41,2603186.32,1208267.33,9.573,10,2024-04-28,898285.17,Active
1891,7704,18,2877034.1,1749665.09,10.038,10,2022-10-04,864587.54,Active
1892,176,54,2551202.04,1437935.06,11.192,10,2022-09-19,472781.59,Active
1893,9813,28,2103244.11,1634778.5,10.774,25,2023-07-27,1184561.03,Active
1894,19755,10,3443279.98,2659860.35,10.035,20,2023-02-13,2320701.54,Active
1895,20739,46,2569562.83,1804307.67,7.586,15,2023-01-29,1461113.12,Closed
1896,14009,79,4757942.12,2619085.58,9.355,30,2023-07-16,2063703.22,Closed
1897,11375,15,1823091.71,1123025.63,8.858,30,2023-06-23,804795.39,Active
1898,2481,57,2480777.46,1087239.01,8.584,20,2023-01-27,597659.76,Active
1899,12926,80,4237022.03,2146990.22,9.972,10,2023-03-22,1877877.24,Active
1900,20166,7,5550729.56,3771914.69,8.742,25,2022-05-13,2481911.28,Active
1901,639,30,2132330.02,1046087.51,11.398,10,2022-05-11,937226.56,Active
1902,21808,29,2851802.73,1178589.02,6.995,15,2023-03-31,653866.72,Active
1903,12954,99,1371493.52,732073.72,11.297,15,2024-09-17,355313.14,Closed
1904,21085,3,2620436.24,1772307.08,9.573,15,2022-11-01,672505.86,Active
1905,17439,62,4332668.17,2515784.02,9.981,25,2022-04-01,1707881.55,Active
1906,24656,68,1307434.61,703071.07,10.996,10,2022-01-18,385480.46,Active
1907,9048,60,2016904.37,1100603.68,9.373,30,2023-02-24,543167.62,Active
1908,15597,4,2269619.81,1142112.54,7.995,10,2023-11-11,853928.69,Active
1909,15151,27,1481742.48,879110.56,6.838,30,2023-06-09,448353.14,Active
1910,24315,3,6490696.04,2714351.84,10.11,15,2024-08-18,1078630.72,Active
1911,17784,31,4329248.6,2005215.09,7.653,20,2022-09-07,1710627.15,Active
1912,13395,41,1867531.02,764937.68,6.923,15,2023-12-19,625788.53,Active
1913,2574,70,2338677.43,979794.27,6.675,25,2024-12-21,634601.1,Active
1914,7312,52,3283264.88,2505303.08,6.548,10,2024-03-23,1115339.47,Active
1915,669,14,1094783.31,516949.24,7.522,30,2023-04-27,272443.72,Active
1916,24679,83,3324178.13,2571407.41,9.001,30,2023-10-07,1234187.71,Active
1917,24137,91,4812705.9,2004138.51,8.125,15,2023-06-14,946364.38,Active
1918,4768,93,3907472.43,1869061.36,11.17,15,2024-04-18,809046.49,Active
1919,22403,6,2882500.23,2117265.45,7.814,30,2023-10-08,1860014.24,Closed
1920,7085,63,3584861.31,1775398.36,7.98,30,2023-08-31,1667027.78,Active
1921,19089,73,3171199.97,1450251.07,7.782,15,2023-03-17,672832.32,Active
1922,8208,21,1179776.31,677686.74,9.447,15,2023-07-20,317567.09,Active
1923,4974,77,4962683.27,2960719.57,7.079,30,2023-05-22,1503177.73,Active
1924,3880,66,1773202.04,1284013.29,6.904,25,2022-08-08,1151719.83,Active
1925,4588,44,1593783.86,778716.24,9.224,25,2024-01-22,597486.15,Active
1926,23238,23,2753421.79,1107109.62,11.098,30,2022-05-30,459951.88,Active
1927,11441,61,5241431.88,3967609.16,9.127,30,2024-02-13,2535947.9,Active
1928,11605,94,3996180.44,1716295.27,9.358,15,2023-03-02,523357.5,Active
1929,12611,55,5584870.57,4255619.73,7.628,15,2023-12-19,2744193.86,Active
1930,14127,22,5254612.61,2511429.66,8.123,10,2024-12-05,1853087.71,Active
1931,1129,81,1000000.0,494275.47,9.61,30,2023-08-01,372013.61,Active
1932,22233,67,1765976.62,1018014.05,9.027,20,2023-10-05,474624.63,Active
1933,4386,80,5787850.47,4096561.84,11.361,15,2023-08-05,2053507.84,Active
1934,12637,68,2929613.0,1347644.67,10.816,10,2024-05-20,964334.36,Closed
1935,910,58,3692021.09,2605729.34,9.128,15,2023-05-28,868403.15,Active
1936,11068,25,1735777.26,710503.85,11.438,15,2023-01-31,592080.34,Active
1937,21858,70,8738332.17,5692637.14,7.784,25,2023-11-25,2909325.52,Active
1938,23179,44,1123588.13,487601.44,8.257,20,2023-01-11,170492.6,Active
1939,16005,33,3450814.74,1722474.97,11.44,30,2024-07-02,1491937.69,Active
1940,20010,47,2168079.89,1687784.03,9.477,20,2024-01-02,1276181.45,Active
1941,103,44,2137287.09,1306202.33,9.344,10,2022-01-29,955374.94,Active
1942,4571,51,2522142.4,1865163.23,7.293,25,2022-02-24,633640.39,Active
1943,5997,81,1028689.01,567433.99,7.985,25,2024-12-16,420870.73,Active
1944,23736,63,1000000.0,550797.53,9.141,25,2022-08-21,301488.94,Active
1945,24984,13,7901631.75,6100863.53,6.785,20,2022-12-17,4549901.13,Active
1946,9953,14,2649711.29,1217370.03,11.321,15,2023-02-05,640052.93,Active
1947,14226,19,3504303.26,2756251.46,7.432,30,2022-03-23,2091159.64,Active
1948,13573,6,1673872.23,933011.47,8.663,15,2023-07-22,615863.93,Active
1949,1675,73,1958607.14,793719.02,9.683,30,2022-11-10,651594.2,Active
1950,13384,1,2515558.77,1308251.43,7.588,30,2024-10-26,995516.75,Active
1951,1526,70,2998166.05,1241326.23,10.919,25,2023-09-21,624325.89,Active
1952,8768,42,1581303.75,1056951.32,9.297,10,2024-05-08,748489.98,Defaulted
1953,17326,59,8880071.83,3751686.7,9.419,15,2022-05-23,1421129.41,Active
1954,11048,42,3904627.29,1837519.51,7.947,25,2023-07-07,1707129.7,Active
1955,14143,87,1000000.0,530409.38,7.155,25,2023-05-04,436507.38,Active
1956,17617,89,3116023.99,1694664.28,9.085,30,2024-01-08,775322.72,Active
1957,20948,70,3451220.69,1841277.11,7.957,25,2024-07-10,1317104.52,Active
1958,19730,15,4124982.95,3237162.47,6.8,10,2022-01-05,2622347.85,Defaulted
1959,45,63,1782454.27,1321107.38,9.491,20,2023-10-23,479535.43,Active
1960,14582,7,2596632.48,1092290.9,10.183,20,2024-04-20,838373.76,Active
1961,5150,64,1655964.9,1180500.31,9.401,30,2023-09-26,646905.91,Active
1962,3174,66,4056539.13,3128031.56,6.914,30,2023-04-07,2229494.47,Active
1963,6914,40,4520057.92,2646561.63,9.734,10,2022-11-27,855510.44,Active
1964,8303,37,4441935.67,2345985.17,10.352,25,2022-02-02,2088979.34,Active
1965,167,23,1918729.67,1251790.13,7.313,30,2022-02-04,556735.05,Active
1966,9018,57,8747989.36,5886349.2,9.643,25,2023-07-30,1904352.39,Active
1967,13747,50,3287928.83,1880301.8,6.564,25,2022-02-05,1537794.24,Active
1968,20104,66,1513550.7,779522.05,8.368,20,2024-09-22,671684.8,Active
1969,18879,22,4990078.95,2199686.47,8.011,15,2023-10-18,1753942.55,Active
1970,2027,65,3462686.43,1616524.91,9.606,25,2023-03-23,847484.9,Active
1971,6307,81,1858553.82,802925.97,8.67,25,2023-11-01,271146.83,Active
1972,22886,71,3590235.94,1937760.97,10.625,25,2023-11-20,1053220.58,Active
1973,15670,35,7908456.67,3968019.22,6.784,30,2024-04-19,2166573.35,Closed
1974,24357,30,1745854.74,842249.39,6.626,20,2024-08-06,753679.96,Active
1975,15173,59,1878414.4,1094616.26,9.117,25,2024-04-13,722088.58,Active
1976,202,91,2945803.22,1595206.63,9.449,15,2023-06-27,1354676.84,Active
1977,5294,84,2959851.4,1640848.59,6.549,25,2022-03-01,815041.84,Active
1978,1042,22,5147368.26,3148384.79,8.981,10,2023-11-29,2393712.54,Active
1979,11291,36,1077302.98,847628.88,10.143,10,2023-02-03,623403.04,Active
1980,2258,22,6766129.8,3369794.94,9.107,10,2022-10-29,1601107.58,Active
1981,19279,9,10477613.61,5410135.62,8.772,30,2022-01-24,3500590.35,Closed
1982,17468,86,1666929.19,1150518.32,7.6,30,2023-01-07,398187.21,Active
1983,12687,60,2667673.27,1203955.21,8.738,25,2023-10-14,632037.5,Active
1984,55,15,5070693.45,2807232.0,9.011,30,2024-08-27,2521699.09,Active
1985,6373,3,2342342.24,1077220.3,9.441,25,2024-05-18,730161.82,Active
1986,18460,7,2669346.27,1939491.52,9.337,15,2023-08-03,1644973.41,Active
1987,10035,38,3199997.89,2465894.18,6.697,30,2024-02-27,1352459.97,Active
1988,13499,12,5622571.04,4422211.16,7.562,30,2023-08-30,2995693.27,Closed
1989,11002,39,6802794.93,3208003.56,8.335,20,2022-04-12,2238643.06,Active
1990,16212,95,6181331.52,3063531.29,9.461,15,2024-04-12,1346981.65,Active
1991,2207,99,2994952.89,1946968.94,9.614,10,2022-09-07,739378.4,Active
1992,21892,71,5706512.28,3014379.07,8.535,20,2024-08-30,1927541.81,Active
1993,14579,30,6171917.19,4531605.99,9.669,15,2024-04-26,3756413.12,Active
1994,11513,54,4312451.73,2502293.3,11.427,25,2024-05-13,2363962.65,Active
1995,19769,91,1994954.71,925487.87,7.278,30,2024-06-21,847203.96,Active
1996,3785,11,3233823.0,2121061.54,10.578,15,2024-05-16,1833223.57,Active
1997,4611,14,4253385.46,3266488.99,7.994,10,2022-10-29,1328331.26,Active
1998,3723,41,2233076.1,1031512.55,7.325,20,2022-08-28,777852.15,Active
1999,22971,78,5728479.71,3149144.79,7.315,10,2023-11-26,1033469.5,Active
2000,14013,36,4386697.27,2421298.17,9.766,10,2024-03-06,1752715.0,Active
2001,12410,33,4190068.14,2750975.52,8.515,20,2024-09-21,1209974.35,Active
2002,11612,75,1749461.85,1120890.31,8.856,10,2024-03-14,523667.5,Active
2003,907,52,3970700.49,2695927.05,7.774,30,2023-01-06,1072176.95,Active
2004,15145,89,1506198.18,962607.7,9.74,25,2023-02-24,458720.4,Active
2005,12223,36,2845713.23,1247533.02,10.444,10,2024-09-04,1032995.74,Active
2006,10560,92,12738633.73,8741133.93,10.727,15,2023-07-25,8171052.65,Closed
2007,16439,61,1943482.86,1030564.23,6.604,30,2022-10-23,939527.16,Active
2008,11530,57,2663964.55,1610572.05,6.53,10,2022-08-15,514909.21,Active
2009,3992,96,4053053.32,2835068.05,9.592,15,2022-05-10,2309781.75,Active
2010,5137,82,5979412.43,4018674.37,11.496,25,2022-01-23,2820301.61,Active
2011,17579,64,3125488.35,2413478.13,6.92,15,2023-03-28,1145843.76,Active
2012,1684,11,2672082.23,1386373.49,9.223,10,2024-08-29,1120663.83,Active
2013,5442,95,4685089.75,3154392.8,9.835,10,2024-06-11,2692300.2,Active
2014,4534,19,6082499.09,2794887.68,6.881,25,2023-01-29,1939282.04,Active
2015,24484,30,2061113.6,1231115.06,11.278,15,2024-09-25,582097.07,Active
2016,18070,36,6253697.57,4232690.35,8.371,15,2023-05-24,3804298.98,Active
2017,9484,22,3079447.56,2216601.76,8.387,25,2023-11-15,1032834.39,Active
2018,20221,13,7087429.82,5270728.47,7.503,15,2024-03-28,3351962.15,Active
2019,12044,13,3511560.88,2587981.22,10.473,30,2023-11-16,2135801.87,Active
2020,15690,23,1429332.78,682212.53,9.91,30,2022-06-11,603477.18,Active
2021,750,69,2189248.29,1683199.51,9.142,10,2023-07-14,858502.08,Active
2022,8309,50,3286631.74,2208410.22,8.344,20,2022-07-15,1682306.99,Active
2023,8835,23,4241103.17,2375545.2,10.018,15,2023-09-11,1273672.94,Active
2024,11357,9,3112681.07,1994026.6,9.244,10,2024-12-22,1484099.77,Active
2025,11751,10,2000201.7,1279698.39,7.936,25,2024-07-25,805365.59,Active
2026,1892,100,3072994.49,1311142.95,8.944,10,2023-03-20,767537.7,Closed
2027,10685,58,2740331.61,1843457.38,11.029,30,2024-06-26,1253905.84,Active
2028,13424,44,3583135.57,1909202.47,9.109,10,2022-03-26,1551534.75,Active
2029,15184,10,3102174.69,1337912.92,7.034,25,2024-05-07,915687.43,Active
2030,6655,4,4550706.64,2863990.48,7.57,20,2024-04-02,1033422.09,Active
2031,12720,69,5976798.08,2449804.38,6.854,30,2024-11-05,959967.44,Active
2032,7505,99,2030268.83,1242704.8,7.952,15,2024-03-26,1144040.76,Active
2033,17566,34,2569437.91,1348535.48,8.464,10,2024-12-17,664973.13,Active
2034,6295,47,1249908.62,833386.71,10.536,15,2024-07-12,299512.05,Active
2035,7399,43,2170929.88,1306114.01,10.219,20,2024-12-08,849786.28,Active
2036,18302,90,2075737.35,1637931.11,7.77,25,2023-03-29,1339434.31,Active
2037,7151,98,1428288.7,925010.36,8.31,30,2023-05-24,371935.82,Active
2038,20657,22,6383220.82,3461825.88,8.848,20,2022-01-21,2885249.09,Active
2039,11118,82,3302991.31,1385976.44,10.936,30,2023-02-04,593214.22,Active
2040,13911,98,2390294.73,1715925.25,10.135,15,2024-03-04,812952.9,Active
2041,12580,86,4327202.38,2276005.13,6.701,15,2023-08-08,1048475.97,Active
2042,4123,37,6455686.34,4843253.09,10.146,25,2022-01-14,2602551.99,Active
2043,5984,78,2945976.25,2203948.21,6.894,30,2023-11-26,2033992.19,Active
2044,24460,79,2999911.53,1972311.48,7.864,15,2024-11-28,1387442.92,Active
2045,9197,74,9417801.87,5967390.16,10.636,25,2022-01-24,2659808.74,Active
2046,18355,85,3223108.19,2049558.53,6.804,15,2024-05-26,835271.07,Active
2047,14414,80,3984845.33,1752534.04,10.455,25,2023-08-15,861373.8,Active
2048,16301,98,2883503.94,1495566.43,9.596,30,2023-12-12,1301489.99,Active
2049,1968,52,4130841.4,3234853.04,7.563,20,2022-09-19,2839873.26,Active
2050,24436,100,5580564.15,4227589.33,8.692,30,2024-03-12,3831581.77,Active
2051,3658,79,1979826.44,1022763.03,8.097,25,2024-10-24,777207.53,Active
2052,15121,98,3770359.81,1938655.25,7.451,10,2024-02-15,1340455.07,Active
2053,16007,12,1709386.04,1057336.29,8.014,25,2023-08-12,649500.11,Active
2054,13128,6,4091489.73,1808796.02,11.387,15,2022-12-27,1141983.89,Active
2055,22483,97,4807184.66,2085896.31,6.955,10,2022-09-05,811602.96,Active
2056,21806,92,1978713.67,863769.97,6.656,10,2022-11-13,522672.69,Closed
2057,9201,62,2636628.18,1291114.43,10.974,15,2024-12-18,396202.31,Active
2058,9728,46,3655713.78,2868698.19,7.771,30,2024-11-23,984331.42,Active
2059,17541,76,4031245.25,2784300.61,8.37,25,2022-01-30,1998669.53,Active
2060,3006,84,3996068.94,3044147.39,10.402,10,2024-05-30,1960319.49,Closed
2061,7953,82,3784644.23,2970588.57,10.807,15,2024-08-04,1536092.74,Active
2062,7800,31,2354071.95,1724549.08,7.929,25,2023-02-27,1361509.85,Active
2063,13482,51,3712752.26,2715796.51,8.97,15,2022-09-13,1795241.56,Active
2064,8798,63,4105388.26,2054291.65,7.89,20,2024-04-14,911700.75,Active
2065,11170,7,4194567.2,2490512.79,8.123,25,2023-10-22,2055515.69,Active
2066,10233,97,2485524.95,1215896.41,9.986,10,2024-10-14,998165.54,Active
2067,12699,3,8371464.65,6192435.19,7.671,20,2022-10-03,5871393.53,Active
2068,365,54,6359381.47,4544273.64,7.009,25,2023-08-13,2232965.21,Active
2069,12953,88,6251342.99,4789013.11,11.355,15,2022-04-11,2279766.07,Active
2070,4279,71,8669609.27,4294551.44,7.44,30,2022-07-30,3036418.55,Active
2071,8774,20,2665435.73,1276248.03,7.607,25,2022-06-12,636732.79,Active
2072,14451,88,1000000.0,507258.69,6.847,10,2022-05-03,248755.6,Active
2073,5044,2,2871323.43,1474744.64,10.929,15,2024-09-03,967049.49,Active
2074,24741,21,1941678.39,1520367.23,10.891,15,2022-05-21,829118.18,Active
2075,13367,28,2995506.44,1484405.1,7.703,15,2023-10-10,1382831.55,Active
2076,18367,79,5832281.39,3658718.67,11.016,20,2024-11-29,2552430.58,Active
2077,5846,23,4986252.93,3317741.79,10.126,15,2023-09-18,2129552.49,Active
2078,21486,30,4912469.17,2268789.57,8.501,20,2024-08-19,1055975.89,Active
2079,22522,86,5727171.81,2824445.41,6.983,15,2023-07-09,1210981.33,Active
2080,16587,63,3228898.29,2107279.56,10.302,25,2024-12-27,1661702.37,Active
2081,20472,16,4169331.15,2200091.07,8.962,20,2024-07-17,1178366.36,Active
2082,18459,15,1222031.46,688578.55,11.304,10,2022-10-25,541979.52,Active
2083,4692,54,2745697.15,1383514.08,8.805,25,2022-09-20,1061365.59,Active
2084,394,50,2441988.71,1413209.31,7.717,25,2024-08-22,936710.39,Active
2085,636,15,2732794.58,1614729.19,10.128,25,2022-10-25,794432.66,Active
2086,14282,75,1973421.14,1395283.83,10.949,30,2022-01-07,1270708.78,Active
2087,17426,7,7517160.41,4640930.03,10.989,20,2022-08-23,1744961.02,Active
2088,17719,6,1122624.54,837911.67,9.822,10,2022-05-18,355047.43,Active
2089,6591,1,1971150.74,996666.75,7.729,10,2023-10-01,765473.49,Active
2090,12095,50,4828957.6,3272846.21,8.722,10,2024-03-22,1913262.62,Active
2091,17189,52,11215616.91,5298165.81,7.275,10,2024-11-02,2943475.86,Active
2092,12299,81,3083862.15,1514559.08,6.714,15,2023-01-08,932979.06,Active
2093,12676,14,2227968.87,1624381.99,7.843,15,2022-07-08,1506935.59,Active
2094,760,70,1568642.61,1080013.01,9.475,15,2022-06-12,760992.46,Active
2095,11214,2,2219960.49,1557188.51,10.893,25,2022-08-31,880137.29,Defaulted
2096,9576,88,4917031.14,2713401.96,7.6,25,2024-09-11,2536567.97,Active
2097,5821,62,4082578.96,2446865.83,8.948,25,2024-02-15,1289285.52,Active
2098,169,19,9389572.53,4619873.88,9.152,30,2022-06-09,3272675.22,Closed
2099,225,46,2402183.13,1898483.12,6.613,15,2023-06-05,1442190.66,Active
2100,16273,63,2014287.28,1415667.73,10.813,20,2022-04-17,658748.3,Active
2101,13240,81,5171187.47,4048492.91,9.969,15,2024-05-04,1819099.3,Active
2102,13284,23,5199820.45,2370366.02,8.106,10,2024-11-13,2224869.14,Active
2103,18585,96,1967674.03,1037748.38,11.451,15,2024-04-07,649843.13,Active
2104,8916,40,3442293.65,1568734.71,8.388,30,2024-01-21,1475532.38,Active
2105,23149,75,2239929.75,1321573.57,8.213,25,2023-12-19,989535.7,Active
2106,15809,15,5980589.45,3806417.94,10.0,15,2023-07-16,3289091.95,Active
2107,21544,52,7391138.84,5470940.5,6.929,25,2024-11-04,3472636.29,Active
2108,1155,30,1000000.0,641883.92,10.599,10,2024-05-31,547097.87,Active
2109,22159,44,3994878.32,2528219.78,8.904,10,2022-10-29,2241223.91,Active
2110,15092,30,1659889.19,838122.68,9.551,15,2024-02-12,491861.27,Active
2111,5204,34,2769701.34,1883049.5,9.975,25,2024-04-21,797741.6,Active
2112,22367,50,1864576.99,1458406.26,10.447,10,2024-08-12,660424.55,Active
2113,22991,33,1756161.44,1048790.47,11.261,10,2022-07-27,724897.21,Active
2114,8589,38,8498652.01,5379758.33,10.07,10,2023-03-09,4610665.24,Active
2115,17023,77,1980373.4,1103791.67,11.106,25,2022-05-29,441599.06,Active
2116,17360,57,2919985.22,2289488.5,10.798,20,2024-04-15,911051.24,Active
2117,393,97,4634981.76,3517882.84,9.547,20,2023-02-23,1234793.05,Active
2118,20370,24,3819548.37,1676930.76,11.345,15,2022-04-09,1422178.4,Active
2119,22128,7,4850996.71,3624262.02,8.312,30,2024-02-24,2959716.14,Active
2120,6689,4,7261042.9,3365748.09,6.648,25,2022-01-16,2794246.4,Active
2121,15933,18,2812268.45,1918964.45,10.425,10,2024-04-10,1101664.19,Active
2122,835,89,3831028.16,1601877.46,8.345,10,2022-09-12,865272.0,Active
2123,2432,77,4564098.43,2024379.29,9.54,15,2023-04-30,1909637.54,Active
2124,22636,94,3427399.38,2012680.82,10.049,15,2024-11-05,1580153.72,Active
2125,1810,19,10654911.96,6204168.92,6.582,15,2023-12-17,5318250.48,Active
2126,15359,78,2367242.96,1491510.14,7.024,15,2023-10-04,1276043.63,Active
2127,12999,89,1991076.72,1588759.6,9.339,15,2023-11-04,1068130.61,Defaulted
2128,16132,62,6682184.0,2869181.38,11.071,20,2022-12-26,1040649.41,Active
2129,10001,57,3782805.62,2327215.25,7.259,10,2024-06-14,726489.26,Active
2130,9652,80,2870500.24,1966171.3,8.405,30,2023-06-26,1702489.15,Active
2131,13893,32,4472591.08,2636327.31,10.925,25,2022-11-04,1059540.3,Active
2132,5340,13,3237457.11,2204770.56,7.91,10,2024-11-18,1919861.0,Active
2133,10472,12,3520240.63,2062261.96,9.078,25,2022-09-23,1152790.72,Closed
2134,4355,47,4058241.99,2178430.19,6.577,10,2023-10-09,1693555.33,Active
2135,6211,5,1204465.03,651044.93,8.133,20,2022-11-18,576346.28,Active
2136,1703,37,3882723.21,1843042.2,10.209,30,2022-04-02,1573651.34,Active
2137,22177,67,2685853.68,1517329.22,10.278,10,2022-09-27,793510.76,Active
2138,14518,36,2712785.2,1854413.09,10.512,25,2022-05-14,1506118.47,Active
2139,4844,60,5489025.4,2788747.84,7.97,30,2023-04-07,1589904.17,Active
2140,7433,95,5523728.46,2939257.69,9.56,10,2024-08-12,1193807.63,Active
2141,19548,19,2453331.23,1565530.28,8.962,25,2024-07-14,663712.89,Active
2142,5157,9,5942636.54,2991595.41,8.696,15,2022-10-30,1346646.98,Active
2143,12453,13,2336619.76,1477044.88,9.149,20,2022-05-09,779546.87,Defaulted
2144,8374,76,5003280.46,3129602.36,7.059,20,2023-02-08,1391608.71,Active
2145,2920,54,2689918.44,2120802.53,7.375,20,2023-11-24,1901091.0,Active
2146,12290,6,4102782.85,2548709.19,7.116,15,2022-12-28,1850026.9,Active
2147,11766,12,3014165.78,2015139.83,11.04,10,2024-04-25,957133.35,Active
2148,24545,60,2998763.92,1347150.13,9.757,10,2024-09-16,638341.7,Active
2149,10865,97,4623771.74,2356312.39,7.367,25,2022-12-03,2165893.81,Active
2150,21628,40,9708841.25,5344452.21,6.643,20,2023-02-26,2310256.06,Active
2151,22813,82,2277912.2,1408416.1,9.365,15,2024-04-19,468807.09,Active
2152,7537,56,2314262.22,1505433.2,9.645,25,2023-12-12,904941.18,Active
2153,17646,22,3283639.88,2233502.25,9.239,15,2024-01-19,935240.87,Active
2154,12061,61,3412676.1,2575869.21,9.698,15,2022-01-05,1902522.94,Active
2155,1187,62,1933493.54,779436.41,7.687,10,2022-08-20,381377.51,Active
2156,8049,80,3169482.17,1878188.12,8.168,25,2024-07-26,959150.91,Active
2157,1650,33,1498803.15,917958.51,9.363,30,2022-06-11,653291.22,Active
2158,2812,45,4747851.72,3015811.32,11.016,20,2023-11-05,1565081.21,Active
2159,5269,6,2977419.72,1478961.1,7.878,10,2024-03-06,940568.57,Active
2160,21711,35,3988576.95,1778410.39,9.304,10,2023-05-04,1437482.51,Active
2161,21866,26,3051688.82,2262761.0,9.138,20,2022-05-09,1671695.33,Active
2162,16606,69,2429004.63,1661473.74,7.023,10,2023-03-21,694721.87,Active
2163,4055,17,4160464.73,2856924.41,11.455,10,2022-12-31,1844012.92,Active
2164,12345,73,3833333.16,2098085.22,10.276,25,2022-04-27,733893.19,Closed
2165,20086,23,1115376.57,686665.53,10.712,15,2024-09-14,397853.82,Active
2166,10867,79,1973484.28,826927.49,6.822,20,2023-08-15,354817.17,Active
2167,22488,24,2847539.1,2049727.35,9.785,30,2024-01-05,818285.99,Active
2168,2501,33,1600371.16,642939.83,6.665,10,2022-01-16,346477.55,Active
2169,20829,77,5272393.41,4084446.33,9.96,15,2024-11-01,2939571.67,Active
2170,18041,23,5879747.2,3461781.39,8.173,15,2022-03-18,1841293.28,Active
2171,12798,67,3037312.29,1979676.91,9.184,25,2022-04-04,1721310.98,Active
2172,6326,11,1000000.0,755716.01,6.81,20,2024-08-19,348348.28,Active
2173,13988,41,8723495.54,5669704.01,8.541,20,2024-07-04,5203149.45,Active
2174,15069,58,5075136.27,3453259.1,7.51,15,2023-11-01,2043646.89,Active
2175,22607,84,4206873.32,3111838.71,6.654,30,2022-05-29,2571231.47,Active
2176,6324,38,5387124.91,3682003.34,7.547,30,2023-01-29,1434087.54,Active
2177,6229,16,2375831.42,1825316.23,7.513,20,2023-12-08,1578261.56,Active
2178,13345,43,2304127.81,1701332.91,8.402,20,2023-11-16,1259816.52,Active
2179,21876,95,9638443.77,7370612.59,8.753,20,2022-12-19,3359944.09,Active
2180,24272,85,2698674.42,1199340.99,9.37,25,2023-10-06,786258.5,Active
2181,18029,60,3537064.38,1609768.25,10.553,30,2022-05-26,1012178.82,Active
2182,18929,29,2156012.05,1029021.54,10.762,15,2023-12-24,903601.75,Active
2183,14779,6,6963462.19,3797012.28,10.623,30,2022-06-18,1141219.53,Closed
2184,6820,25,2967203.15,1669428.7,7.474,30,2023-02-08,1380455.45,Active
2185,24533,72,4775209.15,2364029.96,10.244,15,2023-01-19,2065867.75,Active
2186,15534,8,5242409.73,3975653.01,7.072,30,2024-06-27,1329570.33,Active
2187,5779,30,1955125.8,1274397.18,10.169,30,2024-11-12,635189.19,Active
2188,11921,49,6311491.78,4862481.18,6.566,15,2024-11-02,3923524.78,Active
2189,3666,68,5093534.82,3633189.29,8.698,25,2022-10-18,1781455.73,Active
2190,6692,6,4545277.86,3499390.45,6.912,25,2022-03-11,2910699.04,Active
2191,12812,54,2723314.34,1956940.6,6.797,10,2023-04-09,1240358.49,Active
2192,9116,39,3613378.81,2262677.99,7.137,25,2023-11-02,920592.14,Active
2193,3469,51,3216834.84,2100423.73,9.853,20,2022-11-10,1846096.55,Active
2194,14437,89,4199708.32,3343301.26,7.463,30,2023-09-09,1792066.84,Active
2195,868,74,1665573.79,1012300.93,10.498,10,2024-01-05,707425.98,Active
2196,13158,51,2376845.46,1045140.16,9.857,10,2023-08-12,812128.64,Active
2197,3734,100,2254496.69,1075426.32,10.205,10,2022-09-13,369049.34,Active
2198,16384,93,4824019.04,3629610.58,8.292,30,2022-01-02,1774252.05,Active
2199,10299,9,3523520.58,1578376.37,11.281,10,2024-06-25,948939.29,Active
2200,14269,26,1990246.36,874825.4,8.032,10,2022-07-18,827200.96,Active
2201,21664,64,3071776.28,1517709.36,7.129,15,2023-07-08,1089376.58,Active
2202,3845,67,1593447.97,901498.39,9.925,20,2022-11-25,675707.42,Active
2203,15426,38,3331388.18,1408300.31,6.949,25,2022-02-04,1314334.23,Active
2204,261,85,1755181.63,794461.26,7.164,30,2024-10-12,578893.56,Active
2205,6387,91,4901936.86,2328475.01,10.852,30,2024-07-09,1507683.46,Active
2206,22596,98,6788956.37,4113413.71,8.317,10,2023-06-07,2485417.32,Active
2207,7013,44,2040193.46,1009624.56,7.612,30,2023-04-17,504437.16,Active
2208,11940,84,4284429.32,2008225.44,9.894,30,2022-07-23,1319333.32,Active
2209,4312,88,2877221.32,2015010.88,10.556,10,2024-09-29,1823635.17,Active
2210,16685,89,2965497.99,1222113.87,10.487,20,2022-06-10,579246.91,Active
2211,3085,77,3593482.72,1645280.86,8.908,30,2024-11-20,877534.73,Active
2212,3749,14,2365266.22,1251545.4,10.267,15,2024-04-18,902415.86,Active
2213,11503,90,4313462.95,2082541.35,7.596,10,2024-09-23,640357.84,Active
2214,19651,53,3557280.91,1564452.52,6.552,25,2023-11-16,749767.31,Active
2215,4112,48,4343427.26,2669604.2,7.074,20,2022-05-09,1337304.29,Active
2216,15686,92,2879876.57,1807560.87,9.357,10,2022-02-13,1546238.74,Active
2217,2171,2,1563382.28,857956.03,11.336,25,2024-06-10,740580.53,Active
2218,23670,12,5783687.32,2816143.94,10.044,10,2022-07-05,1000741.13,Active
2219,1309,85,1836766.66,1024264.39,8.371,25,2022-03-01,806937.36,Active
2220,13426,80,4802207.15,3391536.29,8.348,30,2022-05-09,2015549.06,Active
2221,21804,48,1738058.38,1374050.3,10.088,20,2022-05-23,706067.01,Active
2222,3341,34,2853215.01,1360677.7,7.286,25,2024-01-29,463422.72,Active
2223,4555,50,2406246.35,1599046.8,8.997,25,2023-06-16,1317180.07,Active
2224,3568,85,2300649.83,1044846.6,9.342,25,2022-10-08,406083.31,Active
2225,16644,34,3572243.01,2335559.56,7.265,10,2022-07-22,1098276.87,Active
2226,3795,7,4772738.0,3008563.11,11.453,20,2024-02-28,2455403.99,Active
2227,18060,53,2354924.07,1061318.92,11.488,15,2022-09-26,499378.46,Active
2228,1266,40,5438478.81,3319554.14,7.079,15,2024-08-25,1914303.02,Active
2229,20087,17,4484314.39,3335798.76,8.524,25,2022-03-19,1343417.92,Active
2230,24593,47,4929753.25,2439605.65,11.004,20,2024-12-27,2035231.98,Active
2231,5726,97,2174500.52,1072110.17,10.74,25,2023-08-26,987480.56,Active
2232,7637,33,7618165.13,5797282.09,9.095,10,2022-10-25,2572212.39,Active
2233,19276,51,6405785.47,3872068.24,10.972,15,2024-04-02,3585738.49,Active
2234,13500,53,1915165.1,1237836.71,8.817,30,2023-07-05,568442.21,Active
2235,17939,100,2849185.58,2178354.32,7.827,10,2022-03-29,1935064.28,Active
2236,4148,84,2239607.56,1559233.63,7.194,20,2022-02-08,1227512.52,Active
2237,3710,47,3455247.66,1589373.93,7.301,30,2023-02-13,1191976.41,Active
2238,18793,18,10828096.09,4916945.98,8.1,15,2023-04-10,1838608.18,Active
2239,11795,12,2233055.14,1535595.54,10.241,30,2023-12-20,825868.78,Active
2240,22745,61,4488856.8,3120516.67,6.558,20,2023-12-02,1228848.9,Active
2241,4720,69,8209836.6,4556015.45,8.775,10,2023-01-18,3157162.58,Active
2242,22837,48,4781982.27,3393719.63,6.969,15,2024-10-17,1116777.36,Active
2243,24864,8,1644732.73,1208804.75,7.264,15,2024-03-16,945543.34,Active
2244,19565,78,3177128.76,1645358.72,9.637,15,2024-10-17,1378261.32,Active
2245,24722,100,3983682.76,2371221.0,11.066,15,2023-07-27,1278608.68,Active
2246,24159,64,4108049.06,2982780.94,7.803,30,2024-02-22,1735687.23,Active
2247,15015,96,3141343.32,1451248.13,10.715,15,2022-05-10,933819.16,Active
2248,2992,10,2682079.36,1652276.15,11.489,20,2024-05-31,1533573.72,Active
2249,16081,6,3231480.53,2393669.13,7.103,20,2023-10-09,1959408.02,Active
2250,5107,47,3713314.16,2557223.63,11.335,20,2022-12-22,1002725.45,Active
2251,7663,22,4877015.05,3329004.6,8.822,10,2022-12-31,1003053.46,Active
2252,14865,65,1052997.19,521425.45,8.732,25,2024-07-10,270291.89,Active
2253,17859,97,4344768.95,1862042.23,6.958,15,2024-08-12,998272.51,Closed
2254,613,85,2756250.25,2186793.57,8.265,30,2024-08-16,1287145.31,Active
2255,7557,41,4267585.26,3129867.68,7.724,10,2024-05-20,2794264.83,Active
2256,24113,62,7622291.83,4405494.72,8.167,20,2023-01-09,2115502.07,Active
2257,14740,81,3405278.45,1810056.19,11.475,30,2023-05-20,1601720.9,Active
2258,20678,3,1000000.0,545691.15,10.287,25,2022-05-09,501478.2,Active
2259,18473,86,7671693.89,3457651.45,9.453,30,2024-03-26,1107820.45,Active
2260,10326,5,3510215.94,1779602.84,7.427,30,2024-05-12,762550.31,Active
2261,18027,78,4578039.23,3575635.17,6.908,20,2024-05-05,2121291.43,Active
2262,1383,21,4602184.68,2005238.6,7.462,10,2024-08-28,1570472.42,Active
2263,18979,98,1955338.79,1513351.23,8.667,15,2024-01-01,543938.23,Active
2264,21076,8,4064698.19,1770269.52,7.134,15,2022-05-05,1536897.11,Closed
2265,17199,30,6622984.71,3781145.97,7.767,15,2022-05-12,3557225.82,Active
2266,22010,2,3354399.07,1417074.73,8.943,30,2023-03-24,490545.89,Active
2267,14844,73,2911037.15,1311105.35,7.031,10,2023-12-13,823479.13,Active
2268,17527,93,2671554.64,1255244.25,8.799,10,2023-06-22,592394.37,Active
2269,17117,25,1108026.93,756944.25,8.161,10,2023-10-02,246846.39,Active
2270,4495,40,3655597.46,2848156.43,11.208,30,2024-05-04,1897966.53,Active
2271,23125,84,3940923.12,2569629.82,9.928,20,2022-02-02,1176857.91,Active
2272,9054,37,4199275.56,3012993.07,10.088,25,2022-02-03,2760213.01,Active
2273,14697,48,3112974.65,2448431.59,8.002,15,2023-08-23,771687.62,Active
2274,19127,34,2580950.52,1602023.8,7.45,25,2024-07-18,1512272.15,Active
2275,7146,40,8563012.29,4562986.92,10.083,15,2022-12-08,1645013.36,Active
2276,18409,49,1658460.32,970747.2,8.003,25,2023-08-30,698263.24,Active
2277,12925,82,3162412.01,1715579.28,11.109,30,2023-03-25,530264.14,Active
2278,4740,79,1874804.93,1365344.08,9.067,30,2023-11-10,822357.16,Active
2279,12237,7,3118989.54,1689855.5,8.975,20,2022-08-31,1009060.66,Active
2280,12718,38,9511007.47,6401205.29,7.753,20,2024-08-27,5063367.79,Active
2281,13293,80,3707129.14,1489191.15,8.478,15,2024-09-29,1193314.47,Active
2282,5779,51,6712881.4,4732992.46,8.738,10,2022-11-06,1420779.06,Active
2283,8770,10,6951735.77,3226589.72,8.81,30,2023-08-28,2417703.9,Active
2284,17807,7,6786885.42,5162564.24,10.571,15,2024-10-30,4404209.56,Active
2285,17126,79,4041785.01,1926063.76,7.351,30,2023-10-16,843088.67,Active
2286,7427,87,1965122.21,1164579.35,6.903,20,2022-04-06,1016398.92,Active
2287,16796,75,1880532.99,752673.28,10.612,15,2023-11-30,346628.44,Active
2288,23663,34,5548525.33,3684287.65,11.327,10,2022-07-19,1141465.41,Active
2289,12765,44,6279303.25,2662185.21,9.736,20,2022-11-30,1467563.19,Active
2290,4657,35,3438229.03,1464672.17,7.284,25,2023-09-29,568271.71,Active
2291,2958,5,5131894.79,2828763.56,11.428,15,2022-01-27,1271662.75,Active
2292,3952,4,5500964.62,2467547.38,9.427,25,2022-02-11,2322147.98,Active
2293,17086,58,19453890.61,9829362.45,11.225,20,2024-06-20,7076606.92,Active
2294,20645,42,8149148.26,3422030.43,8.316,10,2024-06-11,3135861.84,Active
2295,21452,45,3986964.76,3160074.15,11.365,30,2022-01-30,1253141.15,Active
2296,10834,52,6070181.25,4783873.58,9.335,30,2023-05-07,1727207.54,Active
2297,8030,17,2486012.47,1958641.48,7.444,25,2024-01-13,799863.37,Active
2298,20304,65,3278957.3,1757745.33,8.935,15,2024-09-03,640731.74,Active
2299,22130,90,7821311.21,3802477.18,11.098,25,2024-04-08,2883418.54,Active
2300,10625,77,3338213.96,1649737.85,6.843,10,2023-05-13,709780.92,Active
2301,18771,47,1891192.28,1261849.73,8.147,25,2024-07-02,510697.64,Active
2302,7243,86,1794287.77,963077.05,7.935,15,2023-10-15,307021.92,Defaulted
2303,3163,31,3293055.98,1822660.84,8.3,15,2022-03-31,873763.51,Active
2304,16100,83,11945568.48,7437816.94,10.444,15,2022-07-28,6287890.09,Active
2305,7555,8,2185420.64,1134376.5,8.391,30,2024-11-08,725587.09,Active
2306,15462,48,1000000.0,507332.43,11.354,25,2022-02-28,377338.01,Active
2307,18831,61,2907667.41,1499739.59,7.365,30,2022-11-14,762818.89,Active
2308,9559,43,2839119.13,1733897.65,10.679,20,2024-03-07,665639.64,Active
2309,19774,75,2276167.35,1414643.32,10.511,20,2024-12-16,444245.31,Active
2310,2785,46,10369326.97,4432972.73,10.462,25,2024-05-03,1861481.14,Active
2311,17928,7,2264947.75,1553636.75,10.645,15,2024-07-30,1474636.29,Active
2312,1941,15,3329300.5,2367655.33,9.937,10,2023-04-01,1516858.46,Active
2313,14629,39,4952676.87,3261359.4,8.369,20,2022-12-21,3010480.94,Active
2314,21572,55,4371162.19,2738467.1,6.842,25,2022-06-04,2518208.6,Defaulted
2315,23528,29,4522830.95,1873209.99,8.748,15,2022-01-27,1211653.68,Active
2316,11574,80,3090222.05,1646459.88,8.764,30,2022-02-12,536610.67,Active
2317,5154,83,4167884.94,2035450.3,7.483,25,2024-05-15,1401970.58,Active
2318,6972,2,4526330.27,3102905.59,11.247,30,2024-05-20,2686658.87,Active
2319,13617,88,4318342.0,3097312.45,9.185,10,2024-10-08,2655782.21,Active
2320,24087,77,4860559.06,3797606.1,10.504,10,2024-02-17,2907028.79,Active
2321,18051,94,2723401.91,1135583.14,9.921,10,2024-06-11,468635.47,Active
2322,4116,81,4770278.59,3654139.74,6.661,15,2022-01-19,2653098.05,Active
2323,18101,46,3778342.65,1577604.68,8.596,30,2023-07-19,900413.82,Active
2324,7140,6,3263725.93,1679303.76,7.309,10,2022-03-01,878910.77,Active
2325,8862,2,2273380.31,1800491.1,7.345,20,2024-11-16,717022.35,Active
2326,7289,33,4867733.1,3077511.37,9.966,10,2022-11-23,2172279.76,Active
2327,569,91,3204445.37,2216045.36,10.417,20,2023-02-12,702773.12,Active
2328,14976,32,2792606.26,1314921.03,8.883,15,2023-05-09,732594.41,Active
2329,18765,81,3321300.2,1428958.31,6.94,10,2022-08-28,1112545.21,Active
2330,14310,5,2764195.76,1662741.25,8.4,15,2023-01-20,965580.04,Active
2331,3320,98,4370518.9,2462435.54,9.171,20,2024-10-22,1082502.94,Active
2332,16623,13,3502672.32,2684284.89,7.411,10,2024-08-03,2277982.45,Active
2333,7671,64,2763920.59,1203029.21,10.761,30,2022-09-22,907204.27,Active
2334,505,44,4761341.59,2628079.98,10.369,30,2024-09-14,1046780.45,Active
2335,9394,41,1341237.69,810834.86,9.405,10,2024-02-07,664306.06,Active
2336,19652,18,2879993.94,2110502.35,10.843,25,2024-06-04,1243567.77,Active
2337,20041,8,1587923.67,1203739.61,7.133,15,2023-12-22,827099.06,Active
2338,17036,27,1000000.0,707624.59,9.337,30,2024-08-11,510990.69,Active
2339,9800,67,1445391.74,680876.77,9.129,15,2023-12-27,320453.43,Active
2340,942,77,1000000.0,407206.66,7.237,25,2023-02-22,197392.13,Active
2341,18002,67,4454814.25,3429573.88,10.882,30,2022-07-25,2936483.14,Active
2342,20455,68,1908940.92,1400838.78,9.849,10,2023-12-04,824592.65,Active
2343,21885,80,2761602.82,1134644.62,11.135,15,2022-06-17,625977.93,Active
2344,23668,40,7414290.04,3626479.14,10.967,25,2024-06-09,1929455.33,Active
2345,11863,33,2838389.42,1533571.47,11.39,30,2024-12-10,551372.35,Active
2346,4275,39,3447822.96,2445104.39,9.555,25,2023-12-06,2140163.05,Active
2347,16066,63,1377362.43,604989.57,7.193,25,2023-09-09,395393.48,Active
2348,8753,96,1322412.48,914369.14,10.413,20,2022-01-25,347825.74,Active
2349,7487,82,3353485.99,1662862.42,11.408,10,2024-10-28,1114480.07,Active
2350,24570,29,1574181.53,845772.35,9.563,25,2022-01-11,492838.6,Active
2351,11566,56,1383794.06,554070.58,10.052,15,2024-05-22,209223.76,Active
2352,9182,31,1636692.01,939000.31,7.584,10,2024-06-30,666735.11,Active
2353,21923,44,2674820.35,1305068.3,7.508,25,2022-08-20,915517.21,Active
2354,11189,27,3146402.84,2216660.73,10.452,25,2023-06-14,1925118.16,Active
2355,12467,10,1000000.0,700492.08,11.131,20,2023-08-18,298040.82,Defaulted
2356,8087,10,9676574.92,4627760.01,7.659,15,2023-06-07,3183984.07,Active
2357,9485,12,3012992.34,2327931.47,9.971,20,2023-07-09,2138613.49,Active
2358,20953,51,5721764.43,3698390.77,10.96,25,2022-06-19,3440799.02,Active
2359,3910,20,4697189.57,2422061.18,9.829,20,2024-10-30,890251.71,Active
2360,5493,51,2007120.22,1492053.88,10.255,10,2024-06-22,531491.8,Active
2361,14152,19,7622737.29,5342149.48,7.321,20,2024-12-22,2521969.75,Active
2362,2242,7,4157230.61,2615313.03,9.967,20,2024-05-04,884053.34,Active
2363,18724,79,5026143.67,2778316.43,9.491,20,2024-07-13,1861853.5,Closed
2364,7592,17,2803991.39,1457139.08,8.906,15,2022-09-18,1192005.64,Active
2365,14731,3,3527231.63,1812385.73,7.431,20,2023-09-24,769536.55,Closed
2366,3356,7,7596043.19,4756488.0,9.68,20,2022-01-27,2740840.79,Active
2367,4699,56,1545350.84,1224307.37,8.083,30,2024-11-13,789670.25,Active
2368,10289,43,2058827.38,1391338.74,7.061,15,2024-01-08,549589.21,Active
2369,20844,54,9546011.05,4744776.12,9.923,20,2022-01-10,4104935.55,Active
2370,2942,29,2961267.08,2336943.98,6.517,30,2024-01-31,1597507.43,Active
2371,12838,15,1868947.27,1236635.95,7.515,10,2024-03-31,930360.21,Active
2372,19585,30,2282637.01,930019.67,10.724,10,2022-01-01,651663.21,Closed
2373,12795,99,3281491.48,1911459.63,10.678,20,2024-01-29,655237.91,Active
2374,10159,12,1967184.59,1108819.66,6.679,15,2022-01-14,748894.25,Active
2375,16462,23,4261589.98,2373858.02,10.646,30,2024-02-29,1501926.4,Active
2376,7117,84,9883523.3,5761928.2,10.248,25,2024-10-11,3441269.33,Active
2377,9980,70,2562748.2,1728501.0,8.553,30,2024-05-23,660666.14,Active
2378,2015,17,10212736.6,7221121.44,7.372,10,2023-11-19,4511748.67,Active
2379,19133,13,6014551.66,3314328.51,8.368,25,2023-07-19,2803071.31,Active
2380,10058,25,5688544.69,2531926.94,6.904,30,2022-07-15,1349302.71,Active
2381,3857,76,3598517.69,2282730.08,8.055,20,2023-12-03,1152473.15,Active
2382,24597,15,2067978.31,1633797.59,7.958,15,2024-06-14,494346.62,Active
2383,17102,29,2827908.46,1613135.44,7.334,15,2024-10-22,892375.14,Active
2384,10723,49,4572173.58,2422565.67,8.766,20,2022-01-17,1021044.72,Active
2385,15647,12,4954187.59,2873804.98,7.338,25,2023-02-26,974970.57,Active
2386,8517,35,3813121.03,2758146.97,9.613,30,2024-09-07,2524340.08,Active
2387,11268,66,13122721.22,6549025.77,9.634,10,2022-03-10,2280986.71,Active
2388,19109,58,2683534.95,1542770.51,9.882,20,2024-06-04,714145.06,Active
2389,10548,78,5566347.64,3741511.06,7.806,30,2023-08-29,3389172.19,Active
2390,5257,78,3150934.67,2302245.73,9.219,20,2024-11-26,1038314.44,Active
2391,23991,3,2150897.27,1398220.72,8.249,30,2023-04-30,1200197.63,Active
2392,14226,49,1372553.05,573263.83,6.855,20,2023-10-31,285999.99,Active
2393,15499,5,1245826.16,895020.03,10.713,25,2022-06-19,336926.36,Active
2394,22861,69,3712028.65,2093208.33,10.367,15,2023-10-03,1370539.39,Active
2395,18073,6,7407501.75,3207097.85,7.397,15,2023-02-24,1725897.16,Active
2396,5097,3,5284220.02,2246800.55,7.308,10,2022-08-31,1447661.26,Defaulted
2397,16909,63,4243782.31,3141778.42,6.576,25,2024-02-25,1143300.86,Active
2398,17804,61,7672226.55,5354234.31,9.018,30,2023-02-16,3716338.47,Active
2399,23114,50,4163787.62,3004230.02,8.104,30,2022-01-12,2600632.98,Active
2400,9627,61,2282760.82,1397631.51,10.049,20,2022-08-29,503232.5,Active
2401,12096,1,1635855.41,768726.34,8.436,20,2023-08-22,690412.49,Active
2402,23428,80,2867829.93,1825141.52,11.044,30,2022-08-07,754045.9,Active
2403,17196,58,2683965.1,1941270.57,10.561,15,2024-06-01,1005885.21,Active
2404,9140,68,2342256.27,1040089.23,7.657,30,2023-05-07,403565.88,Active
2405,9947,97,2170394.69,1387179.3,9.478,10,2023-06-07,868905.89,Active
2406,23711,22,4103225.57,1959855.7,11.015,30,2024-02-17,697918.09,Active
2407,15987,92,5017016.15,3403058.79,10.576,30,2022-08-31,3074153.82,Active
2408,21892,76,1492075.06,638673.65,7.273,10,2022-01-26,544350.16,Active
2409,4667,37,4903152.23,2796399.41,11.244,10,2022-05-21,2219111.61,Active
2410,1361,22,2773399.64,1655901.77,7.292,20,2023-01-01,973931.88,Active
2411,17056,22,2100966.95,1131698.2,9.075,10,2022-08-23,803719.12,Active
2412,21474,19,4512200.34,2214625.51,8.461,20,2023-03-16,1807361.27,Active
2413,19417,64,2031289.97,834230.07,9.919,15,2023-04-07,718690.85,Active
2414,12214,92,2341412.76,1042100.11,6.634,15,2022-06-17,844663.06,Active
2415,4994,92,2160833.14,927756.64,9.398,20,2023-06-12,817857.15,Active
2416,9645,54,7362154.52,3539192.66,10.047,10,2022-11-02,1753399.99,Active
2417,9927,4,2728763.37,1802613.78,10.443,20,2024-08-12,1481883.45,Active
2418,24931,73,4693555.96,3558585.71,11.366,30,2023-06-12,2393571.37,Active
2419,9409,60,1274792.79,836092.87,9.473,20,2024-04-13,729897.55,Active
2420,16771,28,2342018.4,1213759.45,6.672,25,2023-04-06,689850.53,Active
2421,847,79,1339605.19,962453.01,9.124,30,2023-04-22,603368.59,Active
2422,2820,84,3351332.7,2288157.12,8.548,20,2022-06-24,861507.15,Closed
2423,16617,38,4531348.84,2710415.78,9.891,15,2022-05-06,2165032.63,Active
2424,13595,11,6439098.36,4699551.89,10.654,20,2023-01-17,3553884.23,Active
2425,17432,8,1253583.51,733138.06,8.287,25,2022-06-18,674186.74,Closed
2426,6287,36,5382662.11,3349572.22,7.429,30,2023-04-20,2345995.04,Closed
2427,18905,57,2394341.61,1424944.38,9.104,25,2024-10-09,1338730.63,Active
2428,3912,81,1835967.99,1378808.54,10.749,15,2024-06-26,1171072.82,Active
2429,13779,98,1659840.63,740995.12,9.698,20,2023-12-26,691074.09,Active
2430,15612,11,4512421.42,1833093.22,8.343,20,2023-08-17,1399089.64,Active
2431,24813,33,2705008.39,1778310.9,9.128,20,2024-10-22,991627.49,Active
2432,13962,23,4565788.53,2206814.11,10.295,30,2023-12-19,744131.46,Active
2433,9096,43,2511095.96,1230005.29,9.223,25,2023-01-24,1098172.91,Closed
2434,22106,3,3428230.88,2052959.37,7.469,30,2022-12-23,684425.24,Active
2435,17442,50,6991291.75,3836486.74,7.71,20,2022-01-27,3403296.86,Active
2436,24012,3,6283476.9,3845865.68,9.681,20,2023-10-27,3111134.39,Active
2437,1652,34,1635382.77,798527.0,7.704,15,2023-11-15,643520.8,Active
2438,8506,20,4075818.2,1927224.98,11.381,25,2024-05-18,1727703.04,Active
2439,21526,83,2899332.77,1917103.66,7.401,25,2023-05-16,983042.07,Active
2440,18579,26,5250090.12,3714930.17,6.572,20,2022-10-03,3232914.35,Active
2441,4118,71,1839492.03,1319184.34,10.396,30,2022-09-20,846568.27,Active
2442,24968,89,1889466.13,1366470.53,8.024,25,2022-08-16,1167938.45,Active
2443,14437,31,4563898.93,2757374.83,9.524,15,2022-03-31,1891529.95,Closed
2444,10872,2,2606339.61,1697266.92,9.435,10,2023-11-22,1021324.19,Active
2445,17214,74,6350754.37,4047910.38,7.21,30,2024-07-27,2098169.07,Active
2446,10510,93,2686908.04,1104090.98,11.025,10,2022-10-01,494026.19,Active
2447,15964,85,2474349.06,1815772.09,10.57,15,2023-06-20,929436.54,Active
2448,8600,15,1391013.99,950748.23,10.773,20,2023-03-24,606773.1,Defaulted
2449,14172,17,2683364.38,2136448.57,10.666,15,2022-05-26,991536.56,Active
2450,4723,15,11866589.78,9251820.68,6.518,10,2023-02-19,4988060.4,Active
2451,16492,19,3448016.75,2342125.25,7.455,20,2022-06-09,1244785.35,Active
2452,11679,59,1000000.0,531243.42,9.756,15,2023-08-31,436084.79,Active
2453,2022,31,4244065.27,3363412.56,10.867,15,2022-01-01,1327567.24,Active
2454,13044,53,3363339.16,2611104.33,7.853,30,2024-06-04,2237327.28,Active
2455,6102,40,2787565.1,1396355.07,8.019,15,2022-05-17,1317182.25,Active
2456,8602,38,6430016.12,4528104.77,8.167,20,2022-09-19,3339665.27,Active
2457,6470,81,10980741.84,7395859.51,8.849,15,2023-07-10,3663496.17,Active
2458,21273,74,1390206.97,756905.15,7.394,25,2022-08-23,249901.95,Active
2459,1043,69,1891454.46,1071955.84,8.929,30,2024-03-20,468669.93,Closed
2460,15454,10,2983615.06,2128639.22,9.292,10,2023-07-08,1215608.16,Active
2461,22040,19,4876357.35,2928433.76,7.541,30,2022-01-18,1651354.79,Active
2462,7914,12,7490619.78,4779366.37,11.133,20,2022-02-02,1564344.37,Active
2463,4345,64,2068986.1,1527231.98,9.548,15,2024-10-24,1285991.09,Active
2464,21320,16,1000000.0,421259.84,10.372,15,2023-07-02,184917.18,Active
2465,16401,24,4182188.76,2967899.25,10.663,20,2024-09-01,1378826.23,Active
2466,6069,89,2765969.77,2062673.6,8.788,30,2022-09-27,1800723.94,Active
2467,23285,84,2723452.12,2049670.31,9.797,20,2024-12-08,1802357.92,Active
2468,9366,70,1185289.33,538423.46,11.141,25,2022-03-18,443829.72,Active
2469,18757,23,1626683.47,874435.96,6.939,25,2024-05-28,537252.16,Active
2470,17900,60,4188669.04,2208277.08,10.4,25,2022-03-21,1888220.46,Active
2471,1361,9,2584154.96,1717955.76,11.0,25,2024-04-20,1060846.55,Active
2472,18752,48,3916160.58,2327737.31,10.063,15,2023-02-11,978557.99,Active
2473,3388,80,2200092.68,1458409.05,10.247,10,2023-10-04,590912.09,Active
2474,5244,11,2404578.68,1899715.01,11.479,10,2024-06-21,1581164.04,Active
2475,3957,50,3257031.59,1623401.14,10.05,25,2022-01-21,1187564.03,Active
2476,13490,37,4899098.63,2613018.52,9.703,30,2023-09-22,1405611.8,Active
2477,22008,15,6573675.26,2725286.64,11.092,10,2022-01-07,897065.85,Active
2478,9223,91,3896985.78,2196932.1,10.12,10,2023-08-13,2070939.22,Active
2479,18323,19,1882744.0,1198950.07,11.028,30,2024-07-28,624376.58,Active
2480,17761,65,2653554.88,1394995.13,9.534,20,2024-05-10,1272999.86,Active
2481,4212,14,4721024.87,2827774.27,7.624,15,2022-01-09,1259552.1,Active
2482,21017,45,5967220.26,4499438.16,10.802,30,2024-02-16,2915824.23,Active
2483,20189,55,9868912.08,4285652.7,8.522,30,2022-01-15,3975915.32,Closed
2484,5585,21,3085884.24,2285031.96,11.32,10,2024-04-13,1269132.08,Active
2485,12370,86,4215331.45,2300213.13,11.026,15,2022-04-06,1285352.28,Active
2486,357,58,5814023.88,3008749.92,8.687,15,2024-12-18,1441942.48,Active
2487,13772,9,2924159.63,2239332.02,10.063,30,2023-02-07,1901039.37,Active
2488,24505,60,2218407.21,1006597.49,11.356,15,2022-04-02,869788.96,Active
2489,16472,19,1688169.79,710113.46,10.689,30,2023-07-05,350906.53,Active
2490,12030,46,1567202.68,1062956.94,10.565,10,2023-07-18,861981.63,Active
2491,4201,28,5262042.12,4151327.35,7.115,10,2024-06-04,3535443.55,Active
2492,21824,68,5145872.22,3005214.27,6.87,20,2022-12-28,2133597.02,Active
2493,965,71,3082355.26,1714950.49,7.716,15,2024-06-18,1258327.63,Closed
2494,15675,36,2929160.81,1945614.28,8.081,10,2022-11-02,1273728.94,Active
2495,19373,25,1470497.01,978361.57,9.634,10,2024-08-22,869840.63,Active
2496,17623,31,2097071.49,1662063.64,9.155,10,2023-11-06,1094585.88,Active
2497,15112,54,4799133.34,2105321.89,7.047,30,2022-08-22,1474396.57,Defaulted
2498,17514,39,1000000.0,516803.22,6.523,25,2023-02-10,407722.48,Active
2499,4298,92,3271995.89,2553551.24,8.859,25,2022-12-06,1398842.7,Active
2500,5426,78,3967368.77,2049558.18,6.576,30,2024-01-28,1561802.21,Active
2501,20337,77,9117727.05,3687202.99,10.977,20,2024-12-24,2886019.07,Active
2502,9985,52,4471587.18,2078629.72,7.895,10,2023-09-24,741106.72,Active
2503,18335,97,2200475.78,1087428.33,9.205,25,2024-08-11,785140.18,Active
2504,20108,90,6676398.5,2804842.79,10.713,10,2023-05-24,1911990.1,Active
2505,19561,61,2940147.11,1420718.59,6.597,20,2022-04-09,628252.34,Active
2506,11653,57,5170245.08,2177648.86,9.446,20,2022-09-29,1615392.96,Active
2507,11718,59,4351215.87,2392021.08,10.038,30,2023-06-20,994819.13,Active
2508,2608,97,9596611.04,6324531.8,10.574,10,2023-08-03,1903948.43,Active
2509,18808,53,4843068.3,3382031.3,9.877,15,2022-04-10,2917073.27,Active
2510,4052,22,2613881.92,1692693.99,11.333,30,2024-10-15,1155721.86,Defaulted
2511,15842,49,3450205.14,2746880.16,8.528,30,2024-02-28,2181837.81,Active
2512,22357,84,5756654.42,2390376.4,11.485,30,2023-03-01,1059889.71,Active
2513,4399,99,2182145.8,1406132.66,11.347,30,2022-02-11,769856.11,Active
2514,22561,28,2056114.94,1205804.02,9.943,15,2023-05-23,711963.14,Active
2515,21815,4,10543664.59,6593430.24,9.479,15,2024-07-03,3370837.25,Closed
2516,15789,12,3542942.97,1848063.21,8.073,10,2023-05-18,602757.41,Closed
2517,4364,30,3701020.06,2073849.09,6.853,25,2023-09-04,656406.43,Active
2518,4716,26,2963553.41,1238638.62,7.61,30,2023-06-12,1040221.18,Active
2519,14714,78,8723661.32,6492481.04,10.423,25,2022-03-08,2711160.04,Active
2520,22317,60,4079540.85,2460035.09,6.669,10,2024-04-27,1593018.19,Active
2521,7508,96,4441240.87,2460294.26,8.818,30,2022-03-12,2212426.96,Active
2522,143,96,3134477.13,1761759.75,9.835,30,2022-08-05,1197514.81,Active
2523,11415,55,2800066.61,1293473.97,9.705,20,2024-05-10,1020819.13,Active
2524,5975,56,2115523.29,1409663.33,9.464,30,2023-12-06,1168407.18,Active
2525,12546,1,3753952.69,1890652.76,7.223,30,2022-10-16,693124.03,Active
2526,22436,26,2286524.19,995368.42,8.475,10,2022-10-29,761828.4,Active
2527,20937,99,3417406.71,2688973.64,7.757,15,2022-04-20,1540105.52,Active
2528,6045,42,11844775.43,8164514.4,10.056,30,2024-07-25,6724232.5,Active
2529,18998,52,3644549.99,1572275.22,9.237,15,2023-11-08,975369.3,Active
2530,16226,92,3509232.19,1451555.8,6.667,30,2022-08-22,1212518.35,Active
2531,18135,24,1000000.0,709000.79,10.445,15,2024-08-22,300996.41,Active
2532,21640,71,1478127.42,1151217.86,6.715,30,2023-02-05,704144.2,Active
2533,19197,6,5707153.12,4396639.76,11.365,10,2024-11-12,3737356.64,Active
2534,23915,41,2215628.49,1237270.63,9.949,30,2024-04-05,1160849.85,Active
2535,23225,5,2271397.94,1509428.49,11.461,10,2023-02-20,1146455.19,Active
2536,680,83,6210426.13,4934183.2,10.848,15,2022-11-08,3896178.45,Closed
2537,6695,15,3329884.42,1622317.43,9.598,30,2024-12-19,1090562.61,Active
2538,9901,23,2592387.64,2047344.14,7.814,10,2022-05-21,1554208.82,Active
2539,24081,40,2154934.87,1695976.57,10.051,30,2023-08-20,522076.68,Active
2540,24004,8,7945938.24,3622116.73,6.986,10,2022-11-29,2114877.32,Active
2541,13930,11,2270542.33,1748140.92,6.863,10,2024-08-24,1556364.2,Active
2542,9522,24,5641491.74,2413749.45,7.5,25,2024-05-16,1940219.67,Active
2543,10130,20,1593307.37,1108283.62,9.054,15,2024-09-12,783709.46,Closed
2544,23836,60,4230892.84,2456270.05,9.422,15,2023-05-22,1913432.75,Active
2545,18006,64,2385628.56,1543780.36,6.686,10,2024-02-06,773806.12,Active
2546,9499,13,2054889.75,1221649.14,8.489,20,2024-09-06,505669.84,Active
2547,203,18,1646491.66,974913.28,9.576,20,2024-06-08,788823.52,Active
2548,3985,97,1691567.97,772066.08,9.518,20,2024-07-24,619995.41,Closed
2549,12597,49,5452149.31,4205719.62,10.557,20,2023-02-22,3175672.5,Defaulted
2550,5738,92,1836340.23,759248.69,6.89,30,2022-05-01,534961.86,Active
2551,23185,72,1455461.43,1086418.45,9.373,30,2023-07-10,616991.62,Closed
2552,514,61,2895131.32,1507345.19,10.928,25,2023-11-23,1275119.92,Active
2553,14860,99,1872006.39,869288.84,11.411,30,2024-04-19,436247.58,Active
2554,8982,21,1784906.5,1051784.75,10.544,10,2022-11-04,700923.79,Active
2555,14421,34,1706982.05,764063.31,8.83,20,2022-08-03,434856.04,Active
2556,17591,26,4930687.09,3696437.05,9.414,30,2024-04-10,2575859.67,Active
2557,18764,41,5827606.71,4315001.15,9.951,10,2024-07-29,1658572.58,Active
2558,15706,48,2071870.94,1365378.68,6.972,25,2023-03-26,589119.35,Active
2559,3560,41,6128540.11,3408435.07,8.262,10,2024-06-08,3125034.3,Closed
2560,17308,16,2704227.54,1277340.84,7.317,25,2022-10-05,861581.29,Active
2561,14777,34,1668506.37,1328798.9,10.258,25,2024-02-03,506003.98,Active
2562,16506,35,3366377.93,2601516.69,8.471,20,2024-11-01,2051659.3,Active
2563,7048,22,3983000.38,2712842.69,6.953,30,2024-07-13,1781443.13,Active
2564,19787,98,2244436.04,1084089.66,6.549,15,2022-06-14,755645.27,Active
2565,13744,83,4796268.46,2611100.72,6.564,20,2023-01-04,1064340.09,Active
2566,1651,78,4776104.01,3029739.02,8.097,20,2024-10-12,1763075.98,Active
2567,16372,32,6912528.25,5030343.7,7.006,20,2023-05-24,4207733.27,Active
2568,12257,64,3298286.44,2196167.04,10.432,15,2022-09-08,1530546.9,Active
2569,6518,41,2107991.95,984115.92,11.302,20,2024-06-28,916031.45,Active
2570,19229,23,4959169.51,2899351.51,10.579,30,2023-11-02,931910.18,Active
2571,21146,29,3500840.93,1664180.02,11.049,30,2022-06-10,1092842.61,Active
2572,22895,95,4197737.87,2153883.54,7.596,20,2024-07-21,1111265.98,Active
2573,21518,23,5397506.18,3644769.75,6.696,15,2023-06-06,1859246.11,Active
2574,10472,92,3083033.49,2155892.61,9.325,30,2023-07-27,1041645.5,Active
2575,916,41,3905551.14,2067210.15,9.851,25,2023-06-02,846783.8,Active
2576,16553,3,11690938.86,5328249.52,8.584,10,2022-03-24,3524693.24,Active
2577,12132,39,4758575.32,3133547.31,7.048,25,2022-08-02,2694034.58,Active
2578,12269,66,2101457.5,1077345.06,6.565,10,2022-01-22,383436.65,Active
2579,16122,77,5270149.56,2155209.16,8.035,25,2022-08-10,2019460.53,Active
2580,6301,53,3357342.78,2616381.64,11.363,20,2024-05-26,1374772.89,Active
2581,5060,38,6243308.73,4336394.75,8.305,10,2024-11-25,1894481.14,Active
2582,2335,29,2011272.01,923201.48,8.925,20,2024-12-20,744156.75,Active
2583,23583,4,3828905.93,2159983.29,10.9,15,2022-10-14,1023651.41,Active
2584,16062,48,1492916.45,1077872.9,7.45,10,2023-03-29,686532.68,Active
2585,18767,25,4484579.7,1956149.07,8.47,15,2024-03-18,719297.48,Active
2586,10958,91,2797106.02,1882090.78,7.601,20,2022-12-11,1478049.99,Active
2587,14709,4,6271869.32,3951492.68,7.376,30,2022-05-20,2282585.39,Active
2588,6451,96,4830228.31,2059572.45,8.299,20,2022-11-30,1931677.18,Active
2589,6929,65,3436966.92,1623959.68,7.195,10,2022-01-22,1476019.95,Active
2590,11337,91,2396953.49,1009380.69,7.05,25,2023-09-03,779052.19,Closed
2591,9246,26,5307106.56,2678482.19,7.398,20,2022-09-10,2242810.9,Active
2592,24186,97,5940210.49,4353196.1,10.924,10,2022-05-03,2339658.83,Active
2593,22585,42,2661021.02,1460643.63,8.911,10,2022-12-09,555205.36,Active
2594,6993,54,4018384.01,1658080.96,7.493,15,2023-06-07,1170525.85,Active
2595,18218,37,4490968.11,2904853.37,10.879,25,2022-07-05,1797209.18,Active
2596,2209,2,1710314.49,1182995.52,9.023,20,2022-06-05,1114909.1,Active
2597,20159,4,4185478.19,3046190.33,10.501,10,2022-11-19,1576702.39,Active
2598,23281,25,1506561.27,1072425.21,8.277,30,2022-08-28,628635.78,Active
2599,623,96,2676226.96,1982535.25,8.002,30,2024-09-27,933869.87,Active
2600,2695,81,2140252.76,1008597.12,8.872,30,2022-12-04,315173.33,Active
2601,16956,56,2305540.49,1318762.28,6.953,10,2024-11-05,1237611.76,Closed
2602,4843,38,11910948.94,8824292.75,10.855,15,2022-09-18,7188059.68,Active
2603,10646,49,4143974.26,1820085.34,9.39,25,2024-08-03,881433.7,Active
2604,2534,68,6281055.96,3882196.91,9.171,15,2022-03-16,3000661.0,Active
2605,24983,23,6905816.2,3626708.9,10.001,10,2022-11-10,2762884.67,Active
2606,7602,60,3189613.11,1541728.18,6.807,20,2023-08-24,1222816.94,Active
2607,20345,35,2263921.85,1658296.19,6.534,15,2023-12-31,1370900.88,Active
2608,11461,24,2690987.93,1533554.92,9.599,10,2024-08-26,468720.0,Active
2609,4122,15,2738350.34,2157988.71,7.686,30,2023-09-29,2027609.1,Active
2610,869,11,4235848.51,1738796.82,8.711,15,2022-07-31,1252807.2,Active
2611,21442,19,2812308.95,1675512.0,11.344,25,2024-04-05,893462.73,Active
2612,9777,60,3591872.55,1839840.62,7.424,10,2022-07-28,1122681.64,Active
2613,10175,33,4606041.81,2489683.37,6.907,30,2022-11-14,2001997.08,Active
2614,7918,30,9499074.7,6479642.65,9.804,10,2022-08-13,2702588.11,Active
2615,5318,20,1580610.06,1220039.71,7.923,25,2023-02-09,524164.15,Closed
2616,22130,1,5624163.04,3413409.15,6.592,15,2022-10-08,2931592.61,Active
2617,14883,44,3118460.93,1810968.94,8.508,10,2024-01-20,865513.32,Active
2618,7496,87,1431997.93,1130987.51,7.407,30,2024-05-10,721989.14,Active
2619,22055,37,1894183.44,1339931.14,9.029,30,2023-10-10,1194233.26,Active
2620,531,77,2463079.71,1030019.76,8.079,10,2023-10-24,342275.42,Active
2621,16628,9,4398420.47,2585695.66,8.492,30,2022-03-27,1703585.21,Active
2622,20388,2,8240755.89,6540060.24,8.705,20,2024-10-27,3069951.58,Active
2623,13337,81,7807411.44,3734159.39,11.125,30,2023-10-19,1874596.92,Active
2624,2257,57,4018222.79,3053355.28,6.719,25,2024-02-05,2288529.28,Active
2625,15629,61,6501735.17,3163668.56,8.206,10,2023-04-11,2610613.75,Active
2626,20312,26,1300349.02,800707.84,11.483,20,2024-10-05,619846.35,Active
2627,18070,95,5685547.23,3882203.78,9.846,20,2024-07-03,2141092.85,Active
2628,18645,22,11842024.0,5526944.12,9.831,30,2024-09-19,2574180.54,Active
2629,15449,21,4337206.71,2319174.03,6.514,25,2022-05-31,1922016.76,Active
2630,10471,27,4673709.09,3212480.09,9.531,30,2023-12-25,1809414.31,Active
2631,12418,89,2953113.45,1197759.76,9.807,30,2024-03-09,541632.33,Defaulted
2632,7860,100,8629386.9,4350959.14,9.906,20,2023-11-25,2331152.38,Defaulted
2633,10089,80,2101846.24,1168411.44,8.584,30,2023-05-08,951773.57,Active
2634,14324,39,8121149.81,3586301.95,7.8,30,2023-07-30,2212222.1,Active
2635,9728,46,4777757.94,3529934.42,8.443,20,2024-12-11,1697238.53,Active
2636,1068,41,2637359.99,1078048.41,11.132,15,2023-04-07,622506.62,Active
2637,18900,70,1414657.94,961177.84,10.616,20,2023-05-24,766065.93,Active
2638,14446,15,2378808.94,1863003.32,11.462,10,2024-01-12,1498936.22,Active
2639,21740,93,20884158.18,8692822.85,11.278,20,2024-01-13,3662775.59,Active
2640,21962,87,2757223.12,1140128.94,9.471,25,2023-02-03,886731.95,Active
2641,4863,75,3450544.0,1677577.18,9.978,15,2024-01-31,767042.97,Active
2642,24095,35,2041810.81,1576522.82,6.774,10,2022-09-24,996231.89,Active
2643,22567,45,3593459.59,2651407.54,8.804,10,2023-06-15,879676.97,Active
2644,4185,60,6333873.93,3757510.14,10.082,20,2022-05-23,3000588.28,Active
2645,24764,69,2008057.38,1403029.6,7.041,30,2024-08-03,1124557.14,Active
2646,10084,17,3229017.4,2183189.72,11.159,15,2022-08-20,1598157.36,Active
2647,12134,16,3893467.46,2971120.58,7.356,15,2022-12-08,2207714.54,Active
2648,5338,50,5771865.8,4583973.68,8.643,15,2022-08-19,3654391.98,Active
2649,7890,88,3823759.44,2491608.05,7.714,30,2024-10-04,1051147.38,Active
2650,457,11,5172131.3,3362697.41,11.264,25,2023-05-02,3035176.11,Active
2651,17451,65,1358049.41,822217.64,8.961,30,2024-10-11,622108.88,Active
2652,11431,20,4162011.82,2301254.61,7.708,25,2024-05-25,1390397.79,Active
2653,5948,63,4432701.45,3444877.74,9.0,25,2023-02-27,2160994.23,Active
2654,10708,96,4227628.33,1744534.97,9.775,30,2024-02-01,530740.96,Active
2655,9351,38,20271527.63,15907016.55,10.513,20,2022-03-14,10418807.43,Active
2656,11820,32,1677625.38,820634.73,8.879,30,2023-07-25,772029.26,Closed
2657,5040,34,3625530.38,1684456.11,9.379,20,2022-04-29,1572109.45,Active
2658,16808,24,8968712.82,6354285.2,9.793,10,2024-08-11,5216743.87,Active
2659,17882,29,5213922.46,3307581.5,7.92,25,2023-04-07,1910603.12,Active
2660,20881,79,3155216.87,1842561.08,7.616,25,2024-10-09,1412981.45,Active
2661,14206,19,4216016.81,3239039.4,8.02,15,2023-05-13,1102930.41,Active
2662,20303,51,4022376.68,1746954.81,9.608,15,2022-02-24,1224633.56,Active
2663,10187,13,1743129.19,1132377.47,11.053,10,2022-04-13,1074860.1,Active
2664,24134,47,2131086.14,1649945.0,8.568,15,2022-01-13,1414608.25,Active
2665,7743,47,3938428.4,2182284.31,7.27,10,2024-03-08,744086.82,Active
2666,2765,96,1412032.64,933712.67,9.544,25,2022-04-06,842834.49,Closed
2667,8806,49,2767552.74,2172609.59,10.686,10,2024-08-22,685660.63,Active
2668,14685,84,4700920.7,2183194.4,8.682,20,2024-06-03,1846898.48,Active
2669,20995,98,1196656.81,646123.54,8.55,20,2022-04-21,407544.73,Active
2670,18059,39,1670238.83,774429.75,11.357,10,2022-10-21,512362.61,Active
2671,3769,97,7654820.91,5850131.66,9.188,20,2022-04-19,3605638.56,Active
2672,15975,73,6410972.98,3579256.09,8.944,25,2024-04-01,1543505.51,Closed
2673,22152,70,2523616.31,1165839.76,8.946,10,2023-10-15,940246.64,Active
2674,5333,23,1503069.44,806089.74,10.828,25,2023-06-22,492590.96,Active
2675,11792,32,4446707.66,2438065.0,8.666,15,2023-11-03,1828954.92,Active
2676,24589,75,3982367.65,1887641.79,7.818,15,2022-09-06,830722.85,Active
2677,11491,37,1563211.63,1168506.56,6.602,15,2024-02-16,399558.63,Active
2678,7262,63,1034503.42,529080.29,8.906,25,2024-10-25,206113.73,Active
2679,20957,25,5215977.62,2200362.85,8.254,20,2022-11-13,1894837.6,Active
2680,12632,47,2029493.94,1238467.09,8.585,20,2023-03-15,518955.17,Active
2681,17873,84,4033609.54,3049638.96,7.86,30,2024-07-07,2435628.82,Active
2682,4085,94,1895733.46,1012904.72,10.076,25,2024-03-24,871132.22,Active
2683,357,87,7620602.63,3375455.38,10.425,30,2023-04-16,1247646.4,Active
2684,20678,13,5396139.0,3991336.38,6.576,15,2024-12-22,1814115.6,Active
2685,19563,88,3956437.25,2101190.0,10.079,25,2024-12-05,1711908.06,Active
2686,1884,12,5099833.68,2555940.46,8.542,10,2023-02-23,1517738.62,Active
2687,23106,44,3673768.67,2664591.69,10.774,30,2024-03-08,997972.41,Active
2688,14137,11,6036581.13,3617526.07,7.077,20,2022-05-20,2734225.47,Active
2689,7988,75,1547460.98,847489.62,7.693,20,2023-02-14,471375.01,Active
2690,11909,72,1724595.49,1135764.82,11.331,10,2022-04-13,344892.14,Active
2691,17106,63,6791395.65,3545488.23,6.852,10,2022-05-14,1327966.27,Active
2692,8651,59,2815289.93,1963673.47,6.573,10,2022-07-26,1130624.69,Active
2693,10988,17,1241104.13,690077.26,9.85,15,2023-11-11,376104.14,Active
2694,8283,92,3288411.11,1920312.29,7.804,25,2023-06-18,773992.63,Active
2695,22471,46,2845976.17,1842623.5,8.403,30,2023-11-22,1271202.49,Active
2696,10001,87,4196873.6,2453480.49,9.873,20,2023-05-24,1603239.71,Active
2697,604,11,3231008.16,2414970.71,10.579,25,2023-09-30,2001340.07,Active
2698,820,96,5173410.76,2143101.32,6.572,20,2024-04-16,908908.36,Active
2699,21902,67,1000000.0,465345.61,8.558,30,2022-05-18,434900.55,Active
2700,16361,72,7243514.32,3337357.8,11.079,30,2024-04-25,1486714.31,Active
2701,14817,53,3343131.96,1356627.81,9.029,25,2022-01-18,800863.55,Active
2702,21311,68,3296967.45,2418026.84,7.038,20,2023-02-22,1400525.41,Defaulted
2703,7462,22,8571096.73,5752674.72,9.794,15,2023-12-03,2914248.15,Active
2704,11180,63,4728141.21,2523845.1,11.001,10,2023-09-17,2391279.79,Active
2705,3391,57,3769149.82,2190818.95,10.192,25,2024-09-10,1467514.14,Active
2706,3747,99,5514235.06,3563877.4,7.923,25,2024-09-28,3064972.66,Active
2707,8831,55,7568948.5,3301192.46,7.182,25,2024-09-03,2752452.71,Active
2708,4070,5,2031469.37,1086696.98,6.61,30,2022-10-04,1008033.28,Active
2709,22037,90,5147273.76,3626784.14,9.515,10,2022-02-20,1824220.28,Active
2710,9555,95,9632058.8,5512110.12,7.436,30,2024-05-27,3065619.97,Active
2711,9660,28,3421291.76,2257809.43,10.067,20,2023-05-15,1668032.91,Active
2712,18322,76,2883361.85,2156493.77,8.622,30,2024-07-28,1636736.86,Active
2713,20321,62,3884082.58,1813302.27,10.912,30,2023-05-14,1653055.31,Active
2714,402,91,2547282.7,2031327.75,8.463,15,2022-11-26,1032587.82,Active
2715,2968,27,1427579.3,739490.22,7.618,20,2022-11-18,565428.35,Active
2716,1569,19,6617289.07,4759560.64,7.551,10,2024-07-04,1746564.33,Active
2717,23899,26,6068974.44,3441686.7,11.457,25,2023-05-10,1777915.98,Active
2718,2987,30,3868163.5,2964922.31,10.851,10,2024-09-27,2151501.23,Active
2719,2263,72,2721164.83,1219514.15,9.208,10,2023-09-03,956577.16,Active
2720,8212,76,6909431.82,4505607.76,8.783,30,2022-05-08,2955431.74,Active
2721,15964,70,4158534.09,2918522.39,6.635,25,2024-02-18,2742739.33,Active
2722,16805,60,8617252.95,5730182.8,8.109,15,2023-08-02,3647229.11,Active
2723,11367,97,2867614.56,2038155.8,9.845,15,2024-06-12,757983.75,Active
2724,8604,15,3562496.01,2399369.58,9.257,30,2023-10-26,781563.74,Active
2725,1068,90,4485337.52,2888246.47,11.484,25,2023-01-04,1441770.68,Active
2726,13882,2,5107486.84,3051128.86,6.912,10,2023-06-30,2014054.29,Active
2727,21937,90,4675752.08,2613245.74,8.799,25,2023-12-09,1389599.68,Closed
2728,6608,96,8849314.08,4390846.03,6.846,20,2023-04-01,3148730.41,Active
2729,3171,40,2644597.57,1964761.07,11.427,25,2022-01-11,1099340.8,Active
2730,17549,60,3583583.04,1625631.92,8.774,20,2023-02-11,1247804.64,Active
2731,1610,91,2158083.9,914746.04,7.776,25,2023-10-05,411805.41,Defaulted
2732,14064,74,9277774.3,4277654.67,8.784,30,2023-05-26,3061885.06,Active
2733,12322,56,6569496.73,4642068.87,11.074,30,2022-12-13,4319752.14,Active
2734,245,38,3830659.71,1965267.61,9.4,20,2024-09-30,935601.29,Active
2735,20387,85,5523287.51,3058941.89,10.78,10,2023-11-10,2710034.07,Active
2736,9966,50,1158514.96,554726.41,8.865,30,2022-11-10,525982.34,Active
2737,2394,80,3967663.22,3008179.25,8.554,10,2024-09-16,1050535.44,Active
2738,3398,30,4389146.34,3047276.77,10.344,20,2023-07-14,2017941.9,Active
2739,10583,75,2323772.54,1135869.81,11.031,10,2023-12-15,529075.26,Active
2740,11223,93,2164021.82,1201865.99,9.391,25,2024-11-18,591632.06,Active
2741,14679,32,2257378.18,1434642.82,10.077,20,2024-02-29,636481.98,Active
2742,23197,40,5743631.75,2360789.43,7.347,30,2024-06-05,2042035.77,Active
2743,14246,37,3826932.92,2467066.49,8.581,10,2022-10-05,1267887.19,Active
2744,19205,39,2224019.73,1704902.66,10.489,15,2023-10-19,1600599.53,Active
2745,7890,56,6879394.4,5277395.48,10.003,30,2022-07-11,1606956.7,Active
2746,85,92,4962208.6,3065928.48,8.756,30,2024-11-16,1635552.44,Active
2747,16156,59,3266951.15,1890830.36,10.04,30,2022-01-10,1147680.28,Active
2748,22234,80,5450625.32,2950666.74,9.689,10,2023-03-21,2662451.86,Active
2749,8775,72,2352055.24,1246395.94,9.852,30,2022-11-16,1015993.66,Active
2750,15090,16,7825692.97,3161228.94,9.087,30,2024-07-24,1286621.23,Active
2751,1179,37,2982667.89,1369758.61,8.825,30,2023-05-03,830339.26,Active
2752,22963,50,2453131.78,1479535.67,7.297,30,2022-11-08,727968.45,Active
2753,19767,9,3706675.72,1629727.68,10.197,25,2022-07-20,909930.62,Active
2754,4310,85,3298886.51,2187552.69,10.178,10,2024-04-15,1600617.96,Active
2755,3979,40,6122797.22,4622907.95,8.857,15,2023-09-22,2409450.99,Active
2756,14352,5,4190850.94,1984189.98,7.369,15,2024-12-20,897570.05,Active
2757,17035,15,2090772.39,977609.24,8.015,15,2023-11-07,921412.98,Active
2758,11107,27,10474453.46,5702612.78,9.358,30,2024-08-25,4216517.67,Active
2759,3457,36,5229752.63,2289016.89,8.93,10,2022-10-01,1708613.21,Active
2760,4113,78,6652220.84,4970334.28,10.395,20,2023-07-09,3059252.65,Active
2761,10568,71,3969717.24,1970785.21,9.69,20,2023-06-28,595439.57,Active
2762,17957,83,4673948.07,2892093.86,11.471,15,2022-09-14,2689675.8,Active
2763,2206,85,2446237.95,1859588.08,8.536,15,2022-10-11,1506950.05,Active
2764,12902,9,6030048.9,4063260.17,11.378,30,2024-09-24,2795140.43,Active
2765,6383,12,2183032.83,974031.52,9.058,30,2022-11-05,815882.94,Active
2766,1018,22,3653906.37,1988691.34,10.836,30,2022-06-04,1735936.92,Active
2767,17784,88,2785503.98,1568807.24,9.428,25,2024-03-12,1348411.39,Active
2768,5109,43,3704314.89,1800739.03,10.737,30,2022-05-05,1167364.0,Active
2769,10163,16,1585456.84,935581.19,6.81,20,2024-07-09,475703.42,Closed
2770,11728,40,1915436.19,1218009.65,7.033,30,2022-12-31,1013223.52,Active
2771,8423,63,2384069.51,1511782.0,11.129,30,2024-01-27,1279634.91,Active
2772,23895,4,3745863.72,1855569.41,10.7,30,2024-03-29,1018719.65,Closed
2773,15569,13,3005726.29,1981409.39,8.225,25,2022-01-05,1562603.29,Active
2774,1365,54,2207732.14,1127763.2,10.82,10,2023-03-07,473347.64,Active
2775,20621,76,8470533.89,3708922.81,11.133,15,2024-05-10,3376103.69,Defaulted
2776,16521,95,3488009.33,2130001.49,9.509,30,2022-03-20,1725667.44,Active
2777,11046,19,4479396.68,3104691.09,7.885,20,2022-08-06,2472076.7,Active
2778,260,90,1754861.76,1166999.85,7.616,10,2022-04-09,661344.78,Active
2779,24957,23,5037991.23,3172456.71,10.238,30,2022-11-15,1562904.42,Active
2780,3372,45,4760424.26,2133175.86,8.893,30,2024-09-17,1195461.78,Closed
2781,19087,19,2048488.47,1299198.25,8.292,20,2023-02-19,1140986.03,Active
2782,8635,9,5078978.52,3324681.26,8.172,30,2023-04-11,2148719.98,Active
2783,16391,6,1992456.21,922394.19,10.128,30,2024-05-27,632198.35,Active
2784,2557,11,2683829.72,1725497.19,8.773,25,2024-04-03,1227252.77,Active
2785,17666,80,4611733.26,1853806.65,6.733,10,2022-10-30,826684.08,Active
2786,7576,82,3685855.76,1612216.43,8.991,15,2024-02-22,1185580.88,Active
2787,9647,24,2305616.19,1287226.07,10.642,30,2024-03-26,778911.34,Active
2788,16070,51,4212333.19,2455852.6,9.95,30,2024-07-05,858056.78,Active
2789,9628,90,6792651.58,4466476.08,7.751,10,2022-12-20,1374719.47,Active
2790,5428,55,5477678.32,2392089.09,7.82,25,2024-07-03,1110499.22,Active
2791,16596,61,1586896.59,1168429.52,10.996,15,2023-03-12,715358.43,Active
2792,14797,41,3658694.84,2419342.68,6.744,30,2022-07-05,1954135.84,Active
2793,285,84,1000000.0,681168.4,9.037,25,2024-06-19,418244.78,Closed
2794,17190,44,6052797.69,3373758.6,6.85,15,2024-05-26,1767690.04,Active
2795,1352,11,2635432.83,1217787.95,7.584,20,2024-08-22,1154912.65,Active
2796,16448,82,3553857.46,2732514.94,8.815,25,2022-01-29,1107457.98,Active
2797,4095,67,3638788.49,2690721.65,6.831,15,2024-12-12,994324.37,Active
2798,14433,49,2227981.55,1709391.92,7.625,15,2023-07-07,640048.83,Active
2799,7478,51,2541093.5,1122356.72,10.154,15,2022-09-30,995637.43,Active
2800,18994,75,3033015.15,2036831.48,7.789,10,2022-01-08,913285.27,Active
2801,9093,3,4958082.72,2246098.94,8.135,15,2022-04-24,951271.2,Active
2802,8325,24,2296852.21,1438137.89,10.505,15,2023-08-24,505320.29,Active
2803,22415,77,3257724.53,1785313.92,11.307,25,2024-05-16,1199413.07,Active
2804,1386,25,1541315.91,652280.22,11.259,30,2024-06-10,476195.53,Active
2805,13365,41,3146902.92,2402549.19,11.338,30,2024-09-26,1504307.75,Active
2806,12094,53,1576095.03,1187648.32,7.179,25,2024-07-18,1111137.0,Active
2807,7075,19,1582403.45,1104540.74,7.699,10,2023-04-05,728044.61,Active
2808,2802,32,2998287.42,1812273.1,9.317,15,2022-08-29,629334.11,Active
2809,12108,17,4448883.06,2741570.19,11.362,20,2024-12-10,1042187.9,Active
2810,7523,26,7475676.77,5826688.15,10.817,25,2022-03-13,1823725.69,Active
2811,11562,24,8983091.88,4968538.5,6.967,20,2023-04-12,4619239.94,Active
2812,8979,44,4181352.11,2385051.74,7.266,20,2022-03-06,1461591.51,Active
2813,6470,75,4756708.84,2945522.73,9.286,15,2024-06-23,2072405.9,Active
2814,20844,21,2075028.1,950708.28,7.344,10,2023-11-30,693138.7,Active
2815,209,32,1206814.3,815933.23,10.585,10,2023-05-06,482747.34,Active
2816,21146,21,1489747.39,903456.21,9.093,30,2023-03-11,604894.98,Active
2817,23260,92,4681794.07,2245277.23,6.856,25,2022-07-17,1610144.34,Active
2818,23558,48,6341840.57,3218046.91,10.959,30,2024-11-25,1392048.27,Active
2819,10547,92,4888516.94,3603111.35,10.74,30,2024-06-05,1704434.08,Active
2820,18230,46,9634890.22,5358464.97,6.609,10,2022-07-18,2246265.79,Active
2821,5979,38,3529540.81,1525624.66,9.425,20,2023-04-13,781565.11,Active
2822,19860,6,1690110.65,1346855.4,7.056,25,2023-03-22,1027826.4,Active
2823,19559,94,3031815.62,2170425.47,7.399,20,2022-12-05,1705952.59,Active
2824,13080,14,4740695.38,3532004.59,8.94,30,2023-03-25,2247299.46,Active
2825,17659,5,5961835.6,3146350.79,8.21,15,2023-11-03,2120517.65,Active
2826,15821,3,4545701.22,3371120.06,11.469,20,2022-05-09,1118164.69,Active
2827,24808,99,4094610.75,3013483.38,8.091,30,2024-05-31,1877141.94,Active
2828,9303,11,2657342.8,1131373.38,9.871,30,2024-12-15,386880.0,Active
2829,18329,80,3729886.11,2265163.29,7.007,30,2023-01-29,1355234.53,Active
2830,23162,41,5998348.87,3440590.34,8.142,15,2024-11-29,2579549.41,Active
2831,9151,48,5104367.14,2098784.7,7.162,10,2023-01-04,708458.36,Active
2832,12818,84,3413100.25,2552492.75,9.123,10,2024-03-24,2382153.63,Active
2833,24812,62,16887797.81,12606187.9,11.355,10,2023-06-09,11231371.98,Active
2834,9916,15,6394872.49,4870221.72,10.062,30,2023-08-03,1713490.13,Active
2835,21937,42,3026447.74,1687148.05,10.602,10,2024-09-16,1087110.28,Active
2836,86,60,2436813.53,1587583.87,10.31,15,2024-10-25,1226974.46,Active
2837,15859,69,2734222.2,2093214.01,8.504,15,2022-04-17,1852956.95,Active
2838,10591,95,4845273.3,3599825.2,6.962,30,2022-08-16,2193836.86,Active
2839,17970,15,1204326.91,790517.35,7.975,20,2024-10-13,406681.01,Active
2840,2535,89,2134083.48,1303426.01,10.474,15,2022-03-13,761654.18,Closed
2841,5692,98,7144141.52,4144492.16,7.418,20,2024-06-14,3836735.03,Active
2842,20972,80,1332058.63,884289.8,7.566,10,2022-12-28,496874.7,Active
2843,6118,66,4956085.46,2661686.3,8.129,20,2024-06-09,1310482.52,Active
2844,5557,12,2920800.0,1839118.71,8.766,10,2023-08-02,854577.86,Active
2845,14205,96,5750432.27,4420340.61,7.786,10,2022-03-12,3902235.24,Active
2846,14880,3,3856313.92,2362174.08,6.824,25,2022-01-04,717621.49,Active
2847,18952,67,2357406.11,1453153.43,7.881,25,2023-09-01,572953.57,Active
2848,24131,4,1741422.12,1360276.86,10.086,20,2023-07-17,692183.71,Active
2849,23487,94,2027633.05,968835.73,10.554,10,2023-10-28,768795.49,Active
2850,14187,97,6237432.0,2674702.97,9.899,25,2022-05-17,2480118.69,Active
2851,23905,99,4657747.65,2143716.36,9.224,15,2023-02-25,980975.34,Active
2852,18997,33,10814482.69,4938735.97,8.725,30,2023-11-19,3920669.77,Active
2853,12022,8,1200966.59,909899.14,11.131,20,2023-09-19,515641.56,Active
2854,10487,81,2882015.53,2066885.73,9.853,25,2024-06-09,1205361.4,Active
2855,24294,91,2256651.8,1425478.75,8.59,30,2022-05-11,1152305.41,Active
2856,22653,84,4003503.22,3183509.49,8.636,30,2023-08-15,1941812.94,Active
2857,13707,37,1760867.13,899091.99,8.876,30,2024-05-10,487086.81,Active
2858,18981,33,2243808.68,1386542.33,9.976,20,2024-03-10,503070.5,Active
2859,4333,70,1786851.66,1369152.75,7.216,15,2023-07-29,1001142.05,Closed
2860,18149,95,3614717.72,2084269.84,6.8,30,2024-06-29,1461553.58,Closed
2861,10691,55,3942704.98,3140883.05,7.251,20,2022-04-04,1592251.49,Active
2862,18803,85,3583242.3,1608761.13,10.941,10,2023-09-20,604088.08,Active
2863,12984,52,4324153.13,1868942.84,8.793,10,2024-08-11,1017585.05,Active
2864,7477,68,2511698.57,1774143.12,11.25,20,2022-09-20,1289851.2,Active
2865,1814,17,4839288.79,2563414.16,9.434,25,2023-03-02,1074893.94,Active
2866,14728,8,2904992.7,1750387.73,7.207,25,2023-01-21,877015.49,Active
2867,18808,45,2124573.28,1694873.21,7.696,15,2023-06-22,845888.42,Active
2868,4979,78,2011862.55,991686.03,6.809,30,2022-03-27,749362.97,Active
2869,22316,66,11003571.93,7421799.24,10.315,20,2023-08-28,6929982.33,Active
2870,13805,16,1292913.13,751144.71,9.166,20,2023-11-30,376567.54,Active
2871,23197,5,2971093.15,2328204.06,10.348,20,2023-05-04,818776.59,Active
2872,24656,58,1000000.0,613647.99,9.399,30,2024-07-19,211581.48,Active
2873,4748,41,7540663.49,4040171.34,10.171,25,2023-09-13,2004196.48,Active
2874,6495,9,4615294.38,1915567.74,8.427,30,2022-01-29,617249.02,Active
2875,8045,12,4791706.29,3373404.2,8.072,15,2024-12-02,1113836.93,Active
2876,7795,19,6076896.13,3857321.46,9.94,10,2022-08-07,2935147.94,Closed
2877,7788,53,4605969.76,2200966.87,9.452,15,2022-03-23,758611.83,Active
2878,8945,50,2094252.58,994171.37,9.113,30,2023-07-07,436229.49,Active
2879,7051,60,5232563.23,2465720.76,6.804,25,2022-09-17,2080425.48,Active
2880,22440,96,6807680.22,3963181.21,6.839,30,2022-04-05,1950725.35,Active
2881,18106,55,2579362.91,1235441.28,8.743,25,2024-04-07,386272.95,Active
2882,581,89,1636545.23,824236.2,10.127,15,2024-05-04,478065.69,Active
2883,16900,60,1881447.29,1044616.43,9.785,30,2022-02-16,782666.19,Active
2884,9252,40,2270296.88,911264.85,8.055,20,2023-10-29,375818.51,Active
2885,7734,85,1645789.44,1293897.44,7.384,10,2022-08-02,986898.55,Active
2886,24681,40,3278425.55,1338882.76,10.951,15,2023-10-04,704196.19,Active
2887,11802,94,2655726.25,1930422.36,7.961,10,2023-08-15,1559590.68,Active
2888,7624,93,2861247.74,1497349.43,8.548,30,2023-10-24,518942.18,Active
2889,20974,95,3783986.44,2507577.01,7.28,30,2023-01-04,1977143.13,Closed
2890,17382,54,5055960.13,2894203.33,9.01,15,2023-07-31,1727233.35,Active
2891,12023,89,2644821.82,1280306.63,10.59,25,2023-06-16,946441.24,Active
2892,5736,66,1409855.8,1122009.6,7.945,15,2022-01-15,937692.56,Active
2893,13205,77,1104633.14,536195.46,10.95,10,2023-11-17,165516.92,Active
2894,23476,65,2210623.27,919579.62,9.542,25,2022-11-16,497866.16,Active
2895,3865,50,2215461.45,984359.57,10.218,15,2024-10-20,733931.81,Active
2896,17917,8,3195609.44,1349450.77,11.034,20,2022-01-21,687169.71,Active
2897,599,32,6745473.69,2744143.58,10.904,25,2024-04-04,2252411.96,Active
2898,11825,30,2958065.8,1453546.26,8.112,30,2022-08-12,1337375.06,Active
2899,16899,9,2856804.36,1199535.92,6.79,25,2024-02-13,1106645.43,Active
2900,5974,3,1783074.05,967482.54,9.16,20,2024-11-27,532898.6,Active
2901,10156,37,1000000.0,508318.12,10.589,20,2024-07-18,465607.82,Active
2902,13064,31,4462028.05,1898056.25,6.809,10,2023-04-06,1075352.19,Active
2903,8459,16,8908338.75,5404174.44,6.892,15,2023-02-25,1840453.8,Active
2904,23810,25,3146437.86,1357633.82,7.275,30,2022-10-24,523690.36,Active
2905,14413,38,3784698.81,1680924.36,10.256,15,2024-01-27,722809.05,Active
2906,23165,13,3165858.25,1602291.36,10.345,10,2023-03-24,1017858.77,Closed
2907,21144,67,2014882.17,1300651.9,8.357,20,2023-12-06,1022101.22,Active
2908,15798,51,2104971.85,1306896.04,9.682,20,2022-09-23,603575.72,Active
2909,16211,82,2247509.91,1401368.13,7.486,20,2024-04-16,989572.59,Active
2910,24101,58,2283613.16,1059072.38,6.593,30,2022-06-19,506844.4,Active
2911,651,52,3057005.29,1376750.32,9.464,10,2023-12-05,963659.71,Active
2912,20112,98,2218177.31,1696775.29,7.626,20,2023-10-13,950188.2,Active
2913,13461,26,3642051.99,1810631.07,10.307,10,2024-10-30,1207926.77,Active
2914,12974,77,1984214.79,983199.43,9.217,20,2023-12-06,799600.28,Closed
2915,18393,89,4285628.12,2603902.83,8.843,20,2024-01-22,1789727.04,Active
2916,14283,48,12281310.92,9150951.71,10.654,10,2022-08-19,3207841.37,Active
2917,19626,72,3911830.77,1750553.01,10.168,15,2024-12-28,1017063.42,Active
2918,3558,59,3824290.61,2342470.45,11.264,20,2022-05-29,929758.45,Defaulted
2919,6220,86,2929017.16,1887892.22,9.302,20,2022-01-28,1639417.68,Active
2920,18407,31,8368459.29,4182731.33,6.843,15,2024-05-19,3586913.12,Closed
2921,1030,25,5001947.69,2978946.25,9.921,25,2022-07-10,1012751.12,Active
2922,17200,50,2589932.52,1263391.5,10.169,30,2024-02-19,449479.23,Active
2923,17079,96,8653535.12,4366350.13,8.553,25,2024-01-18,3471811.55,Active
2924,21432,35,3594502.75,2468414.09,11.309,15,2022-08-28,2186498.25,Active
2925,15707,1,7070206.97,3067479.81,9.316,25,2024-08-16,2136864.59,Active
2926,22558,10,6499769.11,3789539.91,9.464,30,2024-01-30,3233373.18,Active
2927,20694,32,2612554.69,1216416.47,9.39,20,2023-11-03,564114.95,Active
2928,9920,28,3177188.57,1359279.03,9.538,20,2024-12-01,773566.3,Active
2929,206,31,1103504.98,625205.88,7.311,25,2023-08-13,393027.15,Active
2930,11830,13,4911375.13,3393828.3,8.887,30,2023-10-01,1227310.7,Active
2931,10604,58,1360916.36,1015520.93,9.542,15,2022-11-08,557201.9,Active
2932,1118,22,4523813.34,2978817.42,9.8,25,2023-09-18,1726612.13,Active
2933,3802,18,6879038.8,5199511.12,6.8,25,2024-05-07,2606352.37,Active
2934,21764,99,2601322.23,2027429.59,9.559,25,2024-05-02,1898454.87,Active
2935,6646,4,4522804.09,2492902.17,8.631,10,2024-02-26,1189542.08,Active
2936,3993,67,7356390.98,4535220.82,10.368,30,2024-07-28,3593170.42,Active
2937,8423,68,1243982.1,595216.95,11.064,10,2023-03-10,393359.47,Active
2938,7764,81,5760385.28,3230696.73,7.65,25,2022-01-27,1189763.01,Active
2939,123,61,2845685.89,1436488.5,8.065,25,2022-12-04,568776.1,Active
2940,23210,42,7273309.88,2968183.83,9.817,30,2024-01-25,901429.55,Active
2941,19788,10,1749961.19,1331134.87,6.858,20,2023-05-02,763808.75,Active
2942,11279,48,2936011.11,2082406.69,10.513,10,2024-06-28,1506119.36,Active
2943,24818,17,4552702.31,1965431.05,6.778,20,2022-04-21,1786276.81,Active
2944,21626,66,2245647.77,1554791.35,9.527,10,2022-04-02,1341974.52,Active
2945,8199,3,4343463.13,2514945.91,10.693,20,2024-12-02,2228196.79,Active
2946,8638,11,1610183.9,1178650.52,9.733,10,2024-09-16,493699.3,Active
2947,21370,35,1747189.11,768970.75,10.49,25,2024-04-07,310612.88,Active
2948,21553,68,2936086.06,1826611.43,9.638,25,2024-11-15,607192.58,Active
2949,24015,6,3954389.97,1977993.56,10.547,10,2023-03-13,1476977.62,Active
2950,18931,46,3558393.27,2669913.4,7.376,30,2024-02-17,870463.41,Active
2951,2042,15,4499681.34,2776743.72,7.785,25,2023-11-21,2384258.64,Closed
2952,6170,22,10388205.71,5069725.76,7.791,25,2022-11-10,4654891.93,Active
2953,12081,73,4264897.47,1835985.42,11.346,25,2024-05-10,810735.8,Active
2954,12242,11,1782540.9,1189179.07,11.282,25,2022-07-29,820928.33,Active
2955,60,2,4089427.8,3215648.59,7.692,25,2023-12-18,1416493.16,Active
2956,5687,32,6404116.78,5012134.62,11.208,25,2024-02-15,2659379.03,Active
2957,5438,100,1843816.87,766828.06,8.81,15,2023-09-10,242081.11,Active
2958,2383,49,4701849.38,2701248.73,7.358,15,2022-09-20,1450200.65,Active
2959,15186,5,3836147.46,1984559.28,11.432,10,2023-01-07,1479224.38,Active
2960,14347,24,2285743.48,1053908.36,8.972,20,2024-07-01,448005.53,Active
2961,21532,79,3133475.99,1988331.52,8.044,15,2023-02-25,1568116.04,Active
2962,4189,63,6554771.02,3690993.85,10.972,30,2024-10-31,1757278.66,Active
2963,12277,12,10169412.98,7726731.21,10.75,30,2024-01-03,4849523.43,Active
2964,16442,41,1860688.42,1036395.86,7.707,30,2023-01-13,979471.95,Active
2965,19886,47,1237202.38,910246.8,9.18,10,2023-07-14,658695.43,Active
2966,7005,91,2199667.03,968176.23,8.356,30,2023-09-06,503880.47,Active
2967,9513,50,1506540.37,779511.28,7.678,20,2022-06-04,511559.32,Active
2968,2666,3,2716383.81,1645613.47,7.774,15,2024-02-23,1031965.28,Active
2969,4668,35,5979569.56,3740589.22,10.934,20,2022-12-23,1886900.09,Active
2970,1297,35,2845541.54,1490043.73,8.99,30,2023-12-19,898891.39,Active
2971,9998,14,2480598.79,1582488.92,10.72,20,2022-01-11,1495677.8,Active
2972,9169,61,2155472.0,980795.16,9.625,15,2023-05-20,925490.4,Active
2973,5238,89,3914513.37,2461369.44,7.295,30,2024-06-10,1939380.14,Active
2974,21384,24,3373821.22,2420544.13,11.181,10,2024-05-02,1681239.65,Active
2975,17703,31,2381199.71,1606747.82,8.208,20,2024-01-21,685790.13,Active
2976,3912,82,1000000.0,580937.94,9.537,20,2024-02-20,526813.25,Active
2977,12731,25,3625440.47,2075224.59,10.648,15,2023-03-02,1912732.5,Active
2978,17382,22,4584885.89,3587649.37,10.338,25,2023-01-02,2779800.82,Active
2979,1142,31,6336917.64,3672278.98,7.489,10,2024-05-13,1143252.74,Active
2980,23151,37,4385327.07,3172873.78,6.549,25,2024-04-09,2949931.93,Closed
2981,3166,4,1424491.76,861528.49,7.616,10,2022-09-28,282868.43,Active
2982,9202,54,7681896.58,3458261.06,6.685,25,2022-05-12,2471085.81,Active
2983,13058,94,5446864.48,3181865.93,8.432,30,2022-06-14,1575556.74,Active
2984,6726,93,2209679.71,1699050.5,8.167,15,2023-11-02,1308089.15,Active
2985,15875,1,2529218.35,1089592.26,7.665,25,2023-07-14,525540.78,Active
2986,23281,87,2610615.19,1789888.73,7.413,30,2023-07-21,947147.17,Defaulted
2987,17848,58,1694183.02,707825.89,7.526,15,2024-01-21,502110.96,Active
2988,17374,100,3366663.83,2243306.1,10.607,20,2023-05-24,909948.55,Active
2989,21066,88,4803233.78,2824953.96,8.581,20,2023-02-27,2653445.92,Active
2990,20395,10,2035306.05,1517371.59,10.213,30,2022-01-11,801855.27,Active
2991,7439,80,3518096.36,1799481.23,8.433,10,2023-09-17,805544.47,Active
2992,19119,100,2244894.01,1460966.6,8.268,10,2023-10-09,954046.29,Active
2993,8389,5,1622958.43,929087.54,9.981,20,2022-04-04,804339.05,Active
2994,14448,8,6094047.59,4146162.51,8.315,15,2024-02-07,1408199.14,Active
2995,23502,96,3663746.64,1860457.4,10.789,30,2023-01-23,562064.93,Active
2996,15374,77,1000000.0,765600.01,9.094,15,2022-10-18,273620.5,Active
2997,4642,39,6275344.87,2540208.97,10.212,25,2024-04-17,1338376.15,Active
2998,23896,40,2611985.07,1936634.82,10.63,25,2023-06-07,959163.17,Active
2999,10671,5,3488368.15,1542239.74,6.53,20,2023-09-25,660348.89,Active
3000,10432,43,3212842.82,1718251.23,7.033,10,2023-12-22,524928.97,Closed
3001,4972,88,7826739.87,5169978.6,11.041,20,2023-01-14,2961214.88,Active
3002,15752,18,4713027.8,3205951.7,6.599,15,2022-03-07,1227302.71,Active
3003,21607,95,3122572.34,1544373.79,7.077,10,2023-05-24,535476.29,Active
3004,8730,29,1297002.84,775126.55,10.897,25,2024-04-05,374323.35,Active
3005,19239,81,3460067.7,1410322.14,9.294,10,2024-07-18,434062.56,Active
3006,10007,25,6023066.93,4443913.33,10.645,15,2022-01-30,3849662.95,Active
3007,18348,91,3492761.95,2753570.68,11.293,20,2024-02-14,1150301.93,Active
3008,621,92,1658869.3,700857.3,7.504,30,2022-04-05,433909.53,Active
3009,20656,36,7539436.49,3281178.59,8.769,20,2024-01-31,1812317.04,Active
3010,15639,99,4884336.7,2399486.53,8.381,15,2024-12-01,735774.44,Active
3011,11636,87,1055430.81,595169.62,6.869,10,2022-06-29,368590.02,Active
3012,2880,6,5850006.1,3011715.6,9.012,10,2024-11-27,2298585.52,Active
3013,7699,48,2442740.07,1468827.5,8.94,25,2022-07-16,623623.03,Active
3014,13850,17,5907195.12,2827624.03,9.521,25,2024-07-07,942969.91,Active
3015,3161,74,2151426.12,898094.23,9.078,10,2023-12-17,301018.78,Active
3016,6326,3,1692163.83,1277445.62,10.889,15,2024-04-13,550926.98,Active
3017,6845,77,1238217.5,702630.91,8.153,30,2022-09-25,363544.46,Active
3018,15347,95,2515386.9,1123059.05,7.829,15,2024-10-17,666050.67,Active
3019,5560,39,4574306.0,1862093.71,7.281,25,2024-10-28,1696954.25,Active
3020,3657,13,12189639.52,8560521.03,7.889,30,2022-09-10,3048966.14,Closed
3021,2509,97,3515090.68,1559072.53,8.648,15,2022-09-05,1087311.78,Active
3022,14794,74,1107936.0,629095.45,7.691,30,2022-02-07,578866.45,Active
3023,22608,100,2489229.98,1977105.61,11.253,15,2024-08-05,1562890.39,Active
3024,1249,11,6205391.57,4358110.39,8.93,20,2024-01-23,3614966.87,Active
3025,6199,9,3226575.44,2280013.22,8.051,25,2022-11-10,2086407.28,Active
3026,5917,79,8557926.9,5929244.09,11.182,30,2023-05-11,3576349.58,Active
3027,5380,83,2949893.76,1313828.03,7.369,15,2024-11-26,1103671.84,Closed
3028,3821,99,4944935.53,3706155.37,10.921,15,2022-08-24,3188579.56,Active
3029,14990,1,1992391.93,1334619.17,9.503,20,2022-03-02,1213214.82,Active
3030,2235,42,4122806.78,3119660.81,10.07,25,2022-04-12,1582758.45,Active
3031,7115,87,3936087.42,3059161.96,8.689,25,2022-12-15,1350404.07,Active
3032,17097,72,10079576.99,4359330.88,9.881,10,2022-04-08,1517047.89,Closed
3033,12109,54,3826923.1,2500147.86,9.375,20,2023-08-26,1366763.19,Active
3034,2016,76,4173482.03,1988670.72,8.956,30,2024-06-26,1849104.7,Active
3035,20640,97,3299037.68,1483563.35,7.636,10,2024-01-16,844955.39,Active
3036,21187,58,1822179.95,981689.88,10.487,10,2023-01-24,474854.6,Active
3037,2308,52,2558285.7,2017652.14,7.503,30,2024-01-20,614833.97,Active
3038,3892,87,1884388.01,1231144.44,7.038,30,2022-09-13,730956.78,Active
3039,24831,20,6023306.78,3951976.79,7.962,15,2023-06-12,2204679.12,Active
3040,16361,50,2094030.84,1416439.77,8.131,30,2023-01-24,1135679.39,Active
3041,19372,72,4258225.77,2180939.81,8.451,15,2023-01-15,892465.72,Active
3042,19681,13,6351693.73,2782280.17,9.203,25,2024-09-22,1487613.02,Active
3043,8393,99,2673032.94,1735776.34,8.27,10,2024-02-07,1364262.22,Active
3044,23692,100,4645072.0,2325688.7,7.283,25,2023-10-19,819789.94,Active
3045,6427,98,4580009.24,3599139.09,7.557,10,2022-03-23,2179558.91,Closed
3046,18004,2,3836808.45,2075533.44,7.786,30,2023-10-08,1066660.29,Active
3047,24588,90,4787556.57,3391434.27,8.54,15,2023-01-31,2735166.42,Active
3048,14311,72,1900693.62,916720.13,7.545,25,2022-11-26,376873.09,Active
3049,11832,5,2702338.25,1399515.79,9.622,30,2024-04-07,1166154.48,Active
3050,13202,11,2466156.91,1682734.72,9.382,20,2024-08-12,788913.09,Active
3051,10002,44,2136484.25,1045513.88,6.823,25,2024-07-11,368442.88,Active
3052,3101,40,3312585.12,1885722.62,10.23,25,2023-12-06,1740683.75,Active
3053,19196,75,4723777.01,2706281.84,7.798,20,2022-02-18,1480499.67,Active
3054,3843,30,3111501.71,1567542.99,10.181,20,2022-08-13,1162025.42,Active
3055,8525,88,5550649.97,3427105.82,9.747,30,2024-07-31,1579118.12,Active
3056,13157,15,4333689.13,2508025.4,9.117,10,2024-11-05,1127351.31,Active
3057,14208,3,4502548.48,2489265.98,10.702,25,2022-07-27,2069433.51,Active
3058,23843,100,4489185.41,2495638.78,9.971,30,2024-08-31,799024.89,Active
3059,358,29,1440433.3,899794.29,9.758,25,2023-02-23,677726.45,Active
3060,13970,94,2281169.07,1090907.07,8.684,15,2023-12-05,586326.39,Active
3061,5972,80,1929387.11,1505866.37,11.356,15,2024-07-12,803348.9,Active
3062,2127,29,8899734.24,6817475.53,7.331,15,2023-10-04,5666809.93,Active
3063,10846,82,1588691.29,900168.79,9.332,30,2024-07-03,822480.68,Active
3064,6534,56,4225120.46,1695593.45,7.187,10,2023-01-11,804398.35,Closed
3065,8821,17,4130881.0,1695817.52,10.77,20,2022-11-21,790862.01,Active
3066,18336,82,4596462.66,2940200.65,8.372,20,2022-08-09,1584038.37,Defaulted
3067,1055,42,3049059.88,1829966.99,8.527,20,2022-12-15,591196.84,Active
3068,11515,9,15603455.57,11836684.61,10.435,30,2023-04-06,4923395.0,Active
3069,11962,30,7457514.32,5481753.01,9.315,10,2023-03-23,4445832.63,Active
3070,12514,19,2558548.49,1561231.55,8.032,25,2024-08-05,1340583.7,Active
3071,13752,84,1875369.72,1451342.9,10.697,10,2024-09-26,1032120.1,Active
3072,23471,25,4754676.11,2697934.75,7.112,10,2023-10-14,1187987.73,Active
3073,17140,20,1959037.93,830336.22,9.389,10,2023-01-09,651085.8,Active
3074,5552,7,2502470.42,1046927.39,8.671,15,2022-06-15,450996.3,Active
3075,18558,38,3455031.6,1921158.54,9.126,10,2024-01-04,1071926.78,Active
3076,20992,9,4337364.85,1841554.75,10.966,10,2024-01-12,1011046.17,Active
3077,12273,5,8520623.94,5726788.44,9.001,15,2023-04-26,4084151.21,Active
3078,4248,93,5033640.07,3332021.55,8.871,25,2023-10-11,2893369.71,Active
3079,4642,56,2851356.74,1455150.35,8.15,10,2024-12-16,1048703.76,Active
3080,12435,100,5604524.44,3747507.21,7.722,15,2024-04-06,3533289.59,Active
3081,22162,63,3454968.35,2704907.93,9.708,20,2024-06-10,2248204.16,Active
3082,18768,4,11204735.52,5784313.14,10.572,30,2022-08-26,2114339.34,Active
3083,18657,53,3954563.63,2599188.52,8.419,20,2022-09-03,1468019.5,Active
3084,2264,19,2132703.95,1519784.58,9.821,25,2023-07-27,603803.85,Active
3085,18660,62,3061643.44,1379010.78,9.535,10,2023-09-16,686207.58,Closed
3086,18977,87,3164942.59,1389647.39,7.789,20,2023-10-23,849093.39,Active
3087,7637,76,2861748.56,1268406.28,7.484,30,2023-08-01,461247.0,Active
3088,5732,71,1164520.9,844611.55,9.267,10,2022-10-26,474039.26,Active
3089,15771,52,1239996.61,965653.55,8.861,25,2023-07-27,849773.37,Active
3090,11615,36,5280725.95,2729125.82,6.629,30,2023-08-22,1794616.33,Active
3091,2684,83,5097468.87,4019657.99,9.189,25,2023-09-10,3804246.23,Active
3092,20191,8,6149013.86,2688993.76,8.118,30,2023-09-19,2231790.03,Active
3093,15988,66,3102253.64,1820258.77,9.178,20,2024-04-18,1122507.45,Active
3094,22940,37,1601189.4,1162687.4,10.762,20,2022-12-23,1097423.18,Active
3095,3624,3,8396217.54,3376512.21,9.777,30,2022-02-27,1832816.12,Active
3096,4579,61,2817242.33,1228749.53,9.873,20,2024-06-01,1166436.19,Active
3097,12099,38,5128382.47,3457206.44,6.721,15,2022-07-23,1373130.15,Active
3098,14174,63,7148899.29,3819188.53,10.475,30,2022-03-01,1316036.73,Active
3099,22700,63,4867232.79,3397053.46,7.483,20,2024-04-21,3211662.05,Active
3100,22477,45,4698989.36,2140781.11,7.339,20,2024-07-21,1751519.28,Active
3101,2884,32,1468128.82,912409.81,11.312,20,2022-05-26,454841.26,Active
3102,1496,65,6091635.79,4344089.82,10.046,15,2022-07-06,2882823.12,Active
3103,22639,26,4834607.88,2274365.78,8.838,30,2022-02-11,1889421.44,Active
3104,14735,54,3440042.2,1871955.18,10.633,20,2023-04-09,1437728.35,Active
3105,5172,36,2861555.12,1792691.84,10.612,10,2024-07-09,1503556.84,Active
3106,14011,30,1501683.18,995901.01,7.771,15,2024-09-11,856518.29,Active
3107,12638,60,3185662.46,2495781.53,8.185,10,2022-11-07,2205437.08,Active
3108,15047,71,1137781.14,595464.79,9.027,30,2024-09-06,311739.08,Active
3109,11628,94,2145607.72,1175074.63,7.623,30,2024-04-15,871202.59,Active
3110,994,42,2196673.44,1534058.17,9.896,30,2023-04-03,968730.08,Closed
3111,12655,27,2985294.96,2136963.63,11.224,15,2022-04-23,1025656.22,Active
3112,22929,56,3286762.63,2203642.45,7.207,10,2023-12-15,1959807.55,Active
3113,4571,61,2487257.84,1552413.04,9.16,25,2022-11-16,1203849.65,Active
3114,3845,39,1646909.74,1206199.19,7.746,10,2022-06-23,786927.69,Active
3115,3484,76,1724237.44,1058654.14,11.073,20,2022-11-05,937551.97,Active
3116,9767,65,1048490.61,521943.83,7.399,20,2022-06-23,353186.83,Closed
3117,19785,29,3121201.96,2468781.32,10.143,15,2023-02-22,1975305.29,Active
3118,23631,19,1376407.33,842656.88,10.932,25,2023-12-17,503298.37,Active
3119,23055,1,1845701.51,830246.41,11.434,25,2024-09-30,482730.8,Active
3120,16078,58,1751867.76,1324835.47,7.024,25,2023-08-04,908157.93,Active
3121,18357,71,1370029.25,565440.8,7.962,20,2024-12-28,227062.88,Active
3122,9636,85,2507491.95,1631564.73,10.955,20,2024-08-07,1071083.48,Active
3123,2648,8,2124121.47,1275823.01,10.693,15,2023-01-22,1076319.67,Active
3124,7040,26,3168686.71,1714715.47,10.677,25,2023-05-23,1191639.45,Active
3125,15763,70,1327858.22,860923.93,10.806,25,2023-02-07,733538.0,Active
3126,13488,19,3067795.59,2317752.73,8.83,10,2024-12-19,1820557.5,Active
3127,8591,60,2481376.6,1307957.8,8.216,10,2023-08-10,599818.4,Active
3128,14682,7,1864666.7,1182744.19,10.118,30,2024-01-08,671016.4,Active
3129,4452,62,3332232.25,2563634.39,9.423,30,2024-11-05,933899.43,Active
3130,8603,52,2821260.66,1895518.54,10.917,25,2023-03-15,612519.42,Active
3131,7702,72,4717947.08,3039693.03,10.066,20,2024-09-18,1128819.83,Active
3132,12130,25,4156758.25,3255883.65,9.995,30,2023-03-16,1104951.04,Active
3133,826,40,1000000.0,564364.92,9.398,20,2023-01-07,192051.16,Active
3134,22026,65,3005938.17,1657524.35,7.618,10,2023-12-30,728761.18,Active
3135,8842,98,3296461.29,2217771.85,8.045,30,2022-11-14,1039364.88,Active
3136,8586,75,5251990.58,2881696.43,7.59,20,2022-01-14,1032845.55,Active
3137,21959,14,2518804.41,1099422.14,8.444,25,2024-09-14,1029774.77,Active
3138,17060,64,4301427.62,2064809.14,9.182,25,2023-02-20,1912121.44,Active
3139,24645,8,5816155.24,4205796.94,8.74,30,2022-01-01,3894242.68,Active
3140,24762,88,2366585.62,988053.34,10.375,20,2023-12-14,642351.6,Active
3141,16945,38,4178982.5,1763542.03,9.311,10,2022-11-17,1032668.18,Closed
3142,4381,33,2279792.88,1258051.75,6.652,20,2023-10-28,841818.96,Active
3143,20784,27,3482444.31,1971887.85,6.997,10,2024-05-28,978033.23,Active
3144,16093,23,6202926.85,3784807.79,8.905,20,2024-02-23,2389573.17,Closed
3145,18094,90,1523365.39,808379.25,9.891,20,2023-10-26,312518.86,Active
3146,10160,9,2454959.93,1257513.63,10.058,15,2023-11-19,836884.39,Active
3147,135,60,2640025.25,1823762.58,7.309,30,2023-03-15,1511400.59,Active
3148,13046,33,3097333.88,1581533.07,9.389,25,2023-12-22,1073304.69,Active
3149,11113,5,4326277.73,1768233.66,7.096,20,2022-01-30,1002492.73,Active
3150,12526,99,7053812.9,3434195.9,9.452,20,2022-01-31,2978391.61,Active
3151,16967,86,2863852.95,1264687.19,9.191,10,2024-09-04,707707.14,Active
3152,21903,30,2630740.67,1227821.12,7.463,10,2022-01-06,417051.56,Defaulted
3153,4956,79,14463392.44,7853991.66,8.857,20,2023-02-28,3709754.12,Closed
3154,15313,83,7004445.45,3617066.26,8.595,15,2024-07-08,2448328.46,Active
3155,23860,75,3325236.14,1765873.92,6.856,20,2024-06-25,1575418.57,Active
3156,10347,93,3411683.5,2707767.37,10.032,25,2022-01-11,2050338.88,Active
3157,16215,61,2113164.6,1203288.68,7.241,30,2024-07-11,1081601.74,Active
3158,10007,74,7273955.55,3606682.1,10.647,25,2023-08-31,2142877.96,Active
3159,15284,42,2568641.77,1741928.05,7.875,25,2024-04-05,607578.13,Active
3160,22666,26,4168967.76,1962473.22,9.692,15,2024-09-13,807936.21,Active
3161,10415,81,6178710.25,2761364.17,9.363,10,2024-11-15,1006044.87,Active
3162,815,35,6561091.0,4032753.77,9.087,10,2022-10-07,3213606.9,Closed
3163,23255,46,3145876.23,1419639.57,8.094,30,2024-08-04,465831.47,Active
3164,555,50,1067669.37,455962.18,10.862,30,2022-07-26,426243.87,Active
3165,14626,74,1058563.68,748749.74,8.204,15,2024-08-21,479873.25,Active
3166,19573,40,6562946.18,4473454.04,10.554,20,2022-05-31,3277569.64,Active
3167,15515,12,2191307.8,1710521.52,8.934,15,2022-09-13,1429837.3,Active
3168,3338,29,3211976.18,1786005.12,6.814,15,2024-04-03,1387835.51,Active
3169,4894,72,1907743.83,841431.76,8.557,15,2022-07-17,421419.64,Active
3170,17344,79,2521551.39,1319540.26,8.959,20,2022-06-15,590275.68,Active
3171,10082,4,4274249.28,2928141.23,7.851,10,2023-09-12,2638786.91,Active
3172,1644,30,2879021.9,1614705.57,10.201,25,2024-10-27,802013.07,Active
3173,7751,13,5161194.3,3779318.76,7.577,15,2024-07-09,2411914.65,Active
3174,15834,12,2206180.67,1142786.04,9.104,15,2024-05-02,465016.54,Active
3175,2972,81,7038661.76,4540078.76,7.402,30,2024-09-16,1515175.04,Active
3176,18166,60,3015094.46,1886522.37,11.237,20,2023-07-11,606901.55,Active
3177,16581,13,2105404.87,1266030.5,8.428,30,2023-02-26,1079123.68,Active
3178,21406,71,1163949.07,612084.42,7.171,25,2023-10-28,468322.79,Active
3179,9914,48,2155963.38,1397541.81,7.583,25,2024-03-13,910343.58,Active
3180,24693,51,4138737.44,1995847.63,8.646,15,2024-04-11,697875.51,Active
3181,22447,8,3975200.84,2108916.02,9.458,10,2023-02-15,1513484.9,Closed
3182,16983,56,9042300.76,5023097.61,6.692,15,2024-07-31,1853836.36,Active
3183,10865,44,2470240.27,1707099.07,6.668,30,2022-08-11,619682.92,Active
3184,21891,52,3498790.2,1995606.06,7.664,30,2022-10-22,1185329.44,Active
3185,18289,22,1000000.0,439250.64,6.642,20,2024-04-11,364473.5,Active
3186,13032,45,2658996.77,1701236.59,9.679,25,2022-08-01,1594951.54,Active
3187,189,62,2872689.01,2236151.27,8.312,20,2024-10-11,721172.14,Closed
3188,23444,81,2946141.73,1555616.85,8.886,30,2024-01-29,863278.23,Active
3189,10970,94,2132339.59,1100592.57,8.286,25,2023-07-18,807692.47,Active
3190,3567,92,6208589.97,3308666.38,10.257,15,2022-12-04,1359322.89,Active
3191,10438,14,2298737.2,1619253.2,7.313,15,2023-06-26,1224222.39,Active
3192,2622,98,1991204.58,1100854.15,9.482,30,2022-06-09,960493.7,Active
3193,23341,8,4658547.41,2844310.26,8.554,10,2023-11-11,2399772.01,Active
3194,23209,30,2042745.27,1250434.12,8.199,25,2022-09-13,896041.49,Active
3195,10922,2,6073179.92,3354675.43,7.966,15,2022-05-09,1289356.59,Active
3196,8534,70,2717012.8,1443228.22,6.637,10,2023-12-11,752435.31,Active
3197,3719,50,6129376.42,3271876.74,6.666,15,2023-06-15,2042773.84,Active
3198,15354,96,3539383.3,1955670.63,7.648,30,2023-10-31,1536057.37,Active
3199,2131,61,2915724.3,1766460.92,11.139,15,2024-01-19,1484599.4,Active
3200,12888,83,4982167.88,3570912.42,6.617,10,2022-12-14,1934749.22,Active
3201,9577,65,1907076.16,1085189.32,10.864,15,2024-10-15,895844.18,Active
3202,15474,68,4535199.13,2566085.53,9.235,25,2023-10-26,2053844.83,Active
3203,6325,34,2842767.73,2004886.63,10.182,30,2022-09-23,952680.42,Active
3204,23422,35,4545255.75,3391022.56,9.972,25,2022-04-26,2482200.7,Active
3205,13175,32,9507207.68,6671658.43,8.327,25,2023-03-11,4044745.64,Active
3206,21025,86,2324787.49,1281685.81,10.386,30,2022-11-10,872817.69,Active
3207,13660,75,5363423.86,3703392.05,10.732,10,2022-06-01,2829382.2,Active
3208,12287,32,1452925.14,1023014.92,10.666,25,2022-04-06,369783.71,Active
3209,7175,56,3865188.54,2635934.61,6.548,20,2024-09-04,892728.33,Closed
3210,17994,59,2859386.03,1508707.47,9.794,10,2023-04-07,955829.52,Active
3211,15432,44,4229714.92,3189531.06,7.407,10,2023-06-14,2924996.35,Active
3212,2895,90,3463574.09,1527555.83,6.715,20,2022-12-29,1158072.96,Active
3213,19079,72,2835303.45,2255488.55,9.503,10,2022-02-01,1373083.94,Active
3214,20576,66,3987554.75,2624248.43,9.798,30,2022-12-24,2492419.63,Active
3215,314,20,1000000.0,666290.13,8.274,25,2024-10-26,567530.45,Active
3216,12192,46,2255721.32,1798163.45,10.443,20,2022-03-28,738302.48,Active
3217,19463,54,3664736.06,1820040.5,9.537,15,2022-06-23,546810.37,Active
3218,14034,5,2175890.29,1670273.63,10.138,25,2022-11-29,1227307.13,Active
3219,21527,13,3322593.71,1957100.61,10.277,15,2023-10-04,1373017.26,Active
3220,969,41,4882744.1,2421534.98,9.629,15,2024-11-11,1020956.67,Active
3221,4301,88,3048503.21,2045558.5,11.11,30,2023-04-10,1688712.62,Active
3222,14317,20,1561212.52,1028556.84,11.125,20,2023-06-14,749456.51,Active
3223,16441,49,8207261.62,4921210.17,8.134,10,2022-12-27,3565987.28,Active
3224,5218,98,2888327.27,2269174.72,9.127,10,2023-04-23,1625339.02,Active
3225,19609,83,7539267.28,5126641.8,6.625,10,2022-08-02,3602329.03,Active
3226,12917,7,3333800.85,2436077.18,6.504,15,2023-01-30,1350833.82,Closed
3227,17629,26,2839542.94,2013258.22,8.96,20,2024-09-07,1459988.98,Active
3228,24835,53,3042996.17,2251064.39,10.739,15,2024-07-28,734489.69,Active
3229,11559,52,2671140.78,1573602.19,6.612,25,2023-12-29,622698.62,Active
3230,10069,2,1952237.18,1139490.6,11.468,10,2023-11-10,968005.33,Active
3231,16273,5,4125088.83,2165283.92,9.604,20,2022-11-23,1772581.09,Active
3232,14804,94,3350581.12,2420764.46,10.749,15,2022-07-14,1383510.66,Active
3233,17192,100,3719901.89,1920840.39,8.249,30,2022-08-07,801223.07,Active
3234,14328,76,1886674.84,1502496.65,9.655,10,2024-05-10,1226607.41,Active
3235,1515,4,4514265.6,3459261.9,10.926,25,2022-08-27,1302607.98,Active
3236,8834,26,3706455.52,2006356.68,10.102,25,2024-10-11,1208464.89,Active
3237,10962,14,3236683.12,2226318.76,10.107,15,2024-09-22,1858334.57,Active
3238,8370,20,1815492.43,781809.81,10.605,15,2024-03-01,335162.24,Active
3239,7052,69,8356556.9,5356108.54,9.657,30,2024-12-04,1730462.81,Active
3240,3908,20,6172108.02,2872467.81,10.818,15,2024-09-06,1348478.59,Active
3241,16478,65,3008274.1,1961207.21,8.741,10,2022-12-27,755265.33,Active
3242,19857,43,5198615.73,3490773.8,8.735,25,2024-11-23,1799266.1,Active
3243,10012,35,1813610.15,1351420.03,10.639,25,2024-03-27,905888.79,Active
3244,19706,41,1339104.13,834086.81,8.129,10,2022-03-29,345581.32,Closed
3245,17153,59,4991512.3,2411625.02,7.411,15,2023-05-12,1346946.04,Active
3246,7580,99,4145814.93,2276127.2,8.181,10,2024-03-29,941716.69,Active
3247,10066,4,1482125.01,1039629.85,9.811,20,2022-06-27,416977.14,Active
3248,5551,40,4257744.8,1834376.16,7.034,10,2023-08-09,1668754.17,Active
3249,16690,84,5843446.66,4127794.39,8.764,30,2022-12-27,1647496.86,Active
3250,984,34,1968089.93,1206709.82,9.636,20,2022-10-03,628992.54,Active
3251,8483,30,5432328.36,2293829.73,11.401,15,2024-08-05,1013146.27,Active
3252,5790,91,3671418.94,2505288.64,8.426,10,2023-10-23,1812031.61,Active
3253,9798,48,4113522.13,1692821.97,10.81,15,2023-04-04,1451844.88,Active
3254,7381,94,5620401.82,3098980.11,8.899,10,2023-07-30,1437426.53,Active
3255,7817,82,2827665.68,1705899.83,11.011,15,2022-12-10,1559259.25,Active
3256,4605,28,4443112.84,3124723.27,9.664,30,2022-09-16,2825916.65,Closed
3257,17345,1,4436805.58,3484700.51,8.916,15,2023-10-05,1824834.87,Active
3258,9113,88,3808032.4,2903952.29,9.286,10,2024-10-19,1163686.86,Active
3259,23260,45,4529339.39,3544133.17,8.138,25,2024-03-14,1707438.47,Active
3260,3164,7,3745095.3,1553313.99,10.243,30,2022-01-24,653518.33,Active
3261,22357,83,1000000.0,585358.66,8.346,25,2024-07-14,362254.87,Closed
3262,15427,31,1950341.83,1350723.39,10.288,15,2023-11-09,794516.22,Active
3263,6290,75,1770652.41,981599.79,6.644,25,2023-12-03,845715.58,Active
3264,1379,21,4750985.39,2506041.87,6.782,30,2023-03-29,1661015.97,Active
3265,10398,43,5577130.7,2853647.88,7.103,20,2022-06-15,1680109.59,Active
3266,21415,1,5297190.54,3886104.61,6.801,10,2024-08-10,1743320.86,Active
3267,20130,50,5105342.51,3076784.17,10.274,20,2022-10-26,2799521.36,Closed
3268,14135,52,9709676.18,7749651.1,11.163,25,2023-05-04,5761289.83,Active
3269,16300,67,2908698.38,1413426.76,10.081,15,2024-04-27,688499.63,Active
3270,8849,77,1000000.0,730563.46,7.549,10,2024-05-11,538053.87,Active
3271,2769,42,5485792.15,2458877.63,8.777,20,2023-03-21,984835.92,Active
3272,7086,23,1039085.35,627607.08,8.32,25,2023-09-20,242646.34,Active
3273,21343,45,6598419.33,4073013.89,11.362,15,2024-03-26,2267194.46,Active
3274,15155,54,2558362.06,1335965.16,10.569,20,2023-06-24,1072742.84,Active
3275,17804,70,7851392.72,4594131.59,7.517,25,2022-12-09,2850965.41,Active
3276,21820,65,1000000.0,434167.61,6.529,30,2023-04-23,251800.73,Active
3277,14435,73,2235250.19,1014585.02,6.596,15,2024-09-24,799409.34,Active
3278,9944,15,5961251.07,3795474.81,8.443,20,2022-10-13,1457624.17,Active
3279,15530,3,2142499.23,907161.37,7.876,20,2024-06-10,814560.76,Active
3280,2860,46,8072275.81,5136134.78,6.854,30,2022-12-31,3090552.58,Active
3281,20198,81,3853685.46,2553571.08,10.087,15,2024-12-20,1595210.77,Active
3282,17259,2,2769472.69,1260680.15,6.567,20,2024-11-28,1036846.98,Defaulted
3283,14850,99,3086163.11,1266230.65,8.115,15,2022-12-09,705662.65,Active
3284,13173,58,2245956.79,1119010.57,10.997,10,2024-02-14,823407.48,Active
3285,1440,32,1639731.2,979188.2,6.661,30,2023-07-30,344911.87,Active
3286,13131,73,1038967.81,482112.71,9.144,15,2024-01-13,293710.87,Active
3287,9872,25,1835320.8,913981.29,7.046,30,2022-10-17,822988.45,Active
3288,3194,27,3033209.61,2237235.99,8.813,25,2024-12-26,1627996.48,Active
3289,12289,9,2928390.98,2288735.61,8.966,25,2024-04-23,693717.29,Active
3290,650,33,7404578.33,3028144.98,6.899,20,2022-12-05,1511321.77,Active
3291,13780,5,3265865.89,1630400.54,10.771,15,2022-04-21,1168020.79,Closed
3292,24025,23,2165461.92,1269687.1,7.513,25,2022-06-24,1122285.59,Active
3293,9300,43,3719179.03,1951933.78,8.942,20,2023-09-13,1541577.47,Defaulted
3294,11132,20,4549807.61,2026576.47,8.577,20,2024-07-29,1445482.94,Active
3295,18425,13,2619312.29,1947773.63,10.482,10,2024-08-05,1200955.92,Closed
3296,7173,24,3510054.81,2270602.47,8.181,15,2022-09-07,1468093.08,Active
3297,19166,16,8875412.19,6157391.32,10.252,30,2022-03-11,2082841.76,Active
3298,4689,55,3999630.43,2213721.69,6.722,10,2023-02-10,1423441.92,Closed
3299,908,60,7260000.52,3724821.15,7.217,25,2022-01-27,3290860.46,Active
3300,7427,10,4981189.6,2669091.47,8.609,10,2023-09-08,1684714.89,Active
3301,11424,20,5563220.58,3206732.74,8.653,10,2024-07-03,2924212.57,Active
3302,15530,76,7485383.07,4153202.39,11.215,30,2022-01-29,3696653.3,Active
3303,14348,25,1633873.09,979448.11,9.294,25,2022-09-16,313685.46,Active
3304,13402,45,3766856.37,2369489.64,9.549,10,2023-05-30,1798438.57,Active
3305,15996,37,10444359.98,5026029.94,10.692,10,2022-08-20,2529888.77,Active
3306,24854,45,4341733.77,2912717.04,8.359,20,2023-12-16,2377057.81,Active
3307,3961,82,2401387.77,977489.88,10.371,15,2024-09-27,846308.75,Active
3308,17422,72,6054707.6,3679748.8,9.974,15,2022-02-18,2081876.26,Active
3309,18687,5,2981376.08,1572966.59,9.758,10,2022-11-25,1278403.62,Active
3310,24903,23,3043349.04,1841487.44,6.89,25,2022-08-22,1386514.87,Active
3311,19773,11,4275380.14,2745955.78,8.572,15,2022-07-27,1190836.98,Active
3312,15247,5,1841144.38,740395.1,8.571,10,2022-08-20,275618.17,Active
3313,16502,5,6091611.36,4369925.9,9.404,20,2022-03-29,3046932.67,Active
3314,20775,80,1440221.68,1083310.69,7.82,20,2024-04-23,902022.32,Active
3315,15761,33,3665288.47,1624779.01,10.597,30,2023-05-02,859864.13,Active
3316,6465,32,1000000.0,769237.78,9.326,15,2023-02-06,524511.67,Active
3317,12152,14,1529608.66,974233.33,11.055,25,2023-06-18,566957.73,Active
3318,1029,1,5424084.89,2631063.96,9.982,20,2023-05-14,898377.9,Active
3319,10271,75,6828965.72,4370084.94,6.807,10,2022-12-02,1924042.86,Active
3320,6515,37,5302740.21,3150288.0,9.262,20,2024-08-23,1599332.77,Closed
3321,3046,9,1061734.16,438331.51,10.368,25,2022-10-17,313691.25,Active
3322,279,20,5195411.83,3472653.38,10.736,30,2022-10-04,3187988.31,Active
3323,8509,21,2251198.0,1746858.8,9.163,30,2022-10-31,1316295.81,Active
3324,2233,51,1398588.35,1105588.25,9.162,25,2023-12-14,445740.31,Closed
3325,4598,26,2259102.34,1363543.84,9.122,25,2024-11-30,997582.76,Active
3326,6137,60,1497949.85,923836.78,9.173,25,2022-09-12,419343.19,Closed
3327,24697,90,5571048.54,2919586.26,11.058,20,2024-11-20,1400372.35,Active
3328,17599,48,1000000.0,686099.37,8.762,30,2024-04-24,340414.33,Active
3329,10034,39,2476265.09,1026045.08,9.733,10,2023-05-02,385363.29,Active
3330,17008,24,1766718.48,809305.51,8.07,25,2023-07-10,517082.31,Active
3331,11275,82,5122850.24,2371335.42,8.696,20,2022-11-28,1286255.25,Active
3332,14577,68,3576907.69,2513703.18,7.085,10,2022-03-31,839408.6,Active
3333,9590,47,3449779.54,1479121.04,10.045,20,2022-11-23,800043.13,Active
3334,10329,7,8366785.73,6475158.53,10.024,25,2024-07-28,2498602.89,Active
3335,11177,54,2522295.06,1284038.91,9.38,15,2024-11-29,982692.05,Active
3336,19855,98,3550521.17,2721761.04,8.572,20,2022-12-11,1181776.91,Active
3337,12850,1,5041198.32,2806877.65,10.031,10,2023-08-25,1289231.9,Active
3338,9641,71,3299570.34,2275140.23,9.44,30,2022-12-30,1141690.06,Active
3339,16016,31,3623174.23,1488363.19,9.813,15,2022-12-31,688411.97,Active
3340,20286,79,4513771.82,3301929.42,10.624,15,2022-08-18,2378320.88,Active
3341,18575,52,2629031.02,1667751.04,10.764,25,2024-07-26,611804.99,Active
3342,19124,46,1956174.19,1195697.49,8.519,30,2022-04-08,987713.44,Active
3343,4186,3,2319465.17,1689449.41,10.401,30,2024-11-18,865318.4,Active
3344,994,10,2080041.94,1201794.66,11.036,25,2023-01-06,392786.45,Active
3345,15638,84,5808647.21,4038492.03,10.12,25,2022-12-05,3650690.14,Active
3346,21603,85,3000028.82,1213376.75,6.652,10,2022-09-18,870245.34,Active
3347,4440,12,1711686.98,1212239.0,10.114,15,2022-06-23,769159.29,Active
3348,1333,94,2281123.99,1667503.68,11.135,20,2024-10-19,1431747.83,Active
3349,4643,55,9159214.75,6223578.86,8.674,30,2023-08-28,3420133.31,Defaulted
3350,21468,96,4516629.43,2294197.67,9.468,30,2023-12-12,1915315.03,Active
3351,21859,26,5810264.14,3952523.3,10.31,15,2023-12-21,2494827.03,Closed
3352,8728,69,4174406.5,2541825.23,6.598,15,2022-05-13,1171340.03,Active
3353,22429,69,3806569.61,2699387.09,8.154,15,2022-11-21,1890837.07,Active
3354,9103,99,2833556.27,2100415.97,10.538,10,2022-06-15,1036790.35,Active
3355,7939,94,2845711.2,2170492.92,9.117,20,2022-03-27,2012560.35,Active
3356,2877,43,1356903.04,749057.23,8.583,15,2023-02-08,267527.78,Closed
3357,20730,55,5341136.46,2331560.96,9.706,30,2023-11-02,1096578.73,Active
3358,11453,91,1783728.31,1001973.82,7.735,30,2023-07-02,918996.16,Defaulted
3359,16763,81,1920399.46,1444269.25,7.278,15,2022-09-21,1046694.05,Active
3360,5015,71,3591313.08,2554546.43,7.052,10,2023-07-28,1619942.91,Active
3361,5203,5,1436742.68,940384.2,10.431,15,2023-04-10,324467.66,Active
3362,24352,43,3866161.4,1689705.53,10.256,10,2024-08-12,880288.14,Active
3363,2716,7,2808325.39,1459565.46,9.813,15,2023-02-10,576392.24,Active
3364,2820,15,2111581.71,973519.19,7.032,25,2022-07-20,794089.11,Active
3365,6847,52,9277666.4,6764262.04,9.346,15,2024-01-12,2614682.46,Active
3366,14930,58,6209664.73,4194216.92,10.2,10,2023-12-26,3682665.13,Active
3367,14644,72,4409343.83,2747701.88,8.02,30,2024-04-28,954613.81,Active
3368,17947,20,1445359.57,725769.06,9.506,25,2023-03-02,403959.17,Active
3369,11081,39,3745379.43,1905149.88,7.121,15,2023-11-18,980525.99,Active
3370,22873,32,4159667.93,3165710.15,7.566,15,2023-06-20,1825442.92,Active
3371,20676,64,3217415.73,1522771.81,9.189,30,2022-04-02,1173171.49,Active
3372,3836,12,2520382.25,1629559.66,10.637,15,2023-07-27,821266.34,Closed
3373,119,95,1513162.95,1084530.93,7.382,15,2023-03-06,724507.69,Active
3374,15940,52,7451513.0,4342823.31,8.057,20,2022-02-06,1891331.28,Active
3375,18156,19,2660085.66,1926156.81,6.672,25,2023-05-21,1396838.59,Active
3376,19061,97,4237552.66,2280004.13,8.519,30,2024-03-29,1248666.2,Active
3377,10607,61,2351689.96,1780025.52,7.942,30,2022-02-21,924113.17,Active
3378,6467,79,4072640.79,3094357.07,8.903,20,2023-07-10,1417927.55,Active
3379,9566,44,4763740.55,3808960.68,8.922,10,2022-09-03,2869546.18,Active
3380,19370,91,2858630.95,1867242.26,8.904,15,2024-04-04,1634421.9,Active
3381,3982,3,3334855.19,2659520.6,9.166,30,2024-06-05,2057165.37,Active
3382,11192,98,4331749.35,2555277.48,9.401,10,2022-04-12,1142390.23,Active
3383,22303,83,3011878.01,1397172.13,9.02,30,2024-09-04,804326.33,Active
3384,3372,30,8078645.96,4904560.78,8.133,20,2024-12-13,3099591.04,Active
3385,17289,95,5828932.26,3943637.21,8.142,15,2022-10-19,2648352.33,Active
3386,2923,23,3325394.72,2063045.47,11.08,25,2024-07-08,1819292.03,Active
3387,7946,65,2517841.44,1217194.07,7.28,15,2023-03-03,540859.22,Active
3388,15291,67,3641547.95,1999321.52,9.174,20,2023-10-10,1406711.06,Active
3389,26,11,9570960.86,4965236.73,10.738,15,2023-06-17,3687726.88,Closed
3390,1130,5,5801321.8,3631604.94,9.289,15,2023-03-18,1286751.95,Active
3391,9728,48,2927000.68,1575960.98,6.533,30,2022-08-27,656185.41,Active
3392,21797,41,1183313.02,891580.61,8.542,30,2022-03-31,404409.38,Active
3393,3499,40,1184221.13,561579.17,11.383,20,2022-09-21,441023.97,Active
3394,14824,26,1259352.01,983998.08,10.157,10,2022-12-23,710237.93,Active
3395,14875,40,4133236.83,3180088.21,9.887,20,2023-06-14,1530286.38,Active
3396,14,20,4685800.34,3437280.57,7.323,10,2023-03-21,1169293.77,Active
3397,22156,72,5457369.72,2693059.77,6.556,30,2022-05-23,1999483.2,Closed
3398,13883,52,4216700.12,2263312.9,9.872,10,2022-02-28,838858.49,Active
3399,6147,34,5821736.72,4084875.09,8.219,10,2023-06-23,1283349.66,Active
3400,6346,65,2414807.03,1320582.18,9.282,25,2023-09-25,618913.3,Active
3401,7866,79,2222292.68,994483.8,6.688,10,2023-07-24,436510.36,Active
3402,8068,76,2736550.31,1248703.47,9.49,10,2022-07-05,698258.81,Active
3403,2804,66,4470140.56,2840402.39,7.294,15,2023-07-26,1207186.12,Active
3404,5830,60,1502667.15,760030.31,10.603,20,2022-03-15,285584.16,Active
3405,17158,10,5500082.65,2363209.4,11.466,30,2024-12-08,1976904.13,Active
3406,14783,69,2709593.52,1363207.19,8.764,20,2024-01-04,1292047.17,Active
3407,17573,28,4476973.25,1997388.47,10.949,15,2023-04-20,1678093.34,Active
3408,13519,33,1323361.96,1043552.54,9.428,25,2024-09-14,747074.93,Active
3409,10217,13,3780496.01,1684446.44,8.733,15,2023-08-15,1041331.39,Active
3410,1738,14,12026419.44,6601162.23,8.748,30,2022-05-20,5574641.77,Defaulted
3411,10429,82,3401454.17,2215206.21,9.193,15,2024-08-24,1684174.2,Active
3412,14408,33,5646341.73,3773349.45,10.545,15,2023-04-06,3174208.25,Active
3413,5435,80,2651447.87,1797640.95,8.043,15,2022-05-02,641856.03,Active
3414,12856,39,3141393.88,2102138.98,10.188,15,2024-10-06,1810190.63,Closed
3415,19223,21,2203195.49,1289747.27,11.232,10,2023-04-20,1087362.19,Active
3416,7465,98,4903039.78,2944396.4,7.551,15,2022-08-14,2412165.05,Active
3417,6681,67,2081671.14,1498755.4,6.765,10,2022-07-25,838031.21,Active
3418,9133,15,2771052.01,2111857.47,9.547,25,2023-05-02,1194171.84,Active
3419,20179,76,1201939.13,617452.51,9.962,25,2022-03-07,498955.49,Active
3420,22501,68,3429895.75,1965661.71,7.938,10,2023-11-06,873831.03,Active
3421,6161,51,1551868.41,1228305.53,11.405,30,2023-10-31,942160.62,Active
3422,18253,50,1844633.03,1271721.39,6.995,30,2023-06-27,442659.38,Defaulted
3423,20065,67,2596243.07,1854249.04,9.28,10,2022-12-05,635773.17,Active
3424,13440,77,14132717.3,5659601.2,11.182,25,2022-08-04,4371135.66,Active
3425,6279,52,3722041.28,1902248.15,7.727,15,2022-06-10,907725.21,Active
3426,23465,91,3011334.32,1562447.22,7.97,25,2023-02-11,837930.91,Active
3427,8697,56,10690061.91,7489954.52,9.432,30,2024-10-14,5430438.15,Active
3428,11,40,2514848.85,1360878.55,10.049,25,2024-02-09,546496.55,Active
3429,23996,4,1851205.39,1435154.04,8.233,10,2024-10-26,979166.36,Active
3430,7756,42,5030802.42,3165893.36,7.482,25,2024-09-18,2746005.84,Active
3431,10216,54,3427160.97,1824704.57,8.676,15,2023-12-13,1130145.54,Active
3432,8462,42,2654209.79,1068235.01,10.634,25,2023-09-08,673562.1,Active
3433,18669,70,5775107.66,3366783.01,9.739,25,2024-07-17,2833856.44,Active
3434,11935,4,5039538.21,2080039.48,7.147,20,2023-11-07,1255722.01,Active
3435,4225,20,5134100.99,2638310.37,7.061,25,2024-09-14,1976606.08,Defaulted
3436,9237,80,3106806.53,2221888.04,9.116,10,2023-09-04,1252702.09,Active
3437,13731,46,3392440.61,2506447.2,8.506,20,2023-10-08,1682948.66,Active
3438,15137,79,3209176.68,2285936.1,8.145,25,2022-05-07,1680256.13,Active
3439,890,62,1964204.27,876742.0,7.495,10,2022-07-02,290821.31,Active
3440,2284,100,4702599.07,3402469.77,6.788,25,2023-11-25,2558476.13,Active
3441,11591,86,1000000.0,508584.55,8.088,15,2024-12-14,363166.08,Active
3442,20142,41,2792863.53,1175596.11,10.616,30,2022-05-11,465949.03,Active
3443,10060,84,5321682.05,3189769.06,6.661,30,2023-01-03,2783111.37,Active
3444,6558,100,1065998.52,821228.08,6.608,20,2023-04-17,452620.62,Active
3445,10559,48,2776530.57,1306667.61,6.548,25,2022-11-20,1099116.11,Active
3446,14510,45,11874662.78,7772706.66,10.59,15,2022-06-29,5506442.41,Active
3447,17776,56,5803785.3,4258288.29,10.653,30,2023-05-15,3064327.76,Active
3448,3705,59,2803140.92,2179284.08,7.505,15,2022-06-24,1152093.45,Active
3449,6614,96,1139734.48,666710.17,11.41,20,2024-04-09,588895.13,Active
3450,18507,58,8141074.19,3505459.06,10.685,25,2024-09-13,2155614.67,Active
3451,24732,51,3173282.19,2235083.13,8.666,10,2022-03-10,865539.66,Active
3452,7085,73,4372043.69,3059999.38,10.642,30,2024-10-05,2644801.64,Active
3453,19298,88,6934837.97,3959704.12,9.154,30,2022-10-30,2141079.93,Active
3454,24644,26,2212996.23,1526242.79,6.572,30,2022-07-08,1277209.68,Active
3455,18673,24,5336250.38,2350345.19,8.91,25,2023-04-09,1262320.74,Active
3456,10655,66,3822628.99,1807947.73,9.758,30,2024-10-16,956663.79,Active
3457,23832,44,6359709.95,4236732.29,7.371,25,2023-08-13,2167408.81,Active
3458,14740,42,1668059.52,1317018.38,8.716,10,2023-08-08,663238.62,Active
3459,22552,34,2765625.52,1704661.04,9.519,20,2024-11-13,1579677.35,Active
3460,283,58,1960816.4,993224.97,10.668,10,2023-11-17,884172.56,Active
3461,788,84,3051751.65,2105909.28,8.319,30,2022-07-20,1567157.65,Active
3462,21113,9,1762241.7,1098212.71,11.361,30,2024-08-03,997175.75,Active
3463,17735,49,3365229.62,2269030.4,7.834,10,2023-08-01,1066990.02,Active
3464,19310,91,3124348.73,2338717.54,11.377,20,2023-10-28,1717876.98,Active
3465,10429,85,3798811.73,2078430.57,9.604,15,2022-03-20,1212149.26,Active
3466,22727,63,1568561.26,663171.09,9.402,15,2024-11-13,426717.03,Active
3467,23145,85,2148868.48,937431.43,7.295,30,2024-09-27,766308.67,Active
3468,19083,24,5915027.13,4505611.75,8.166,20,2024-11-08,3006727.57,Active
3469,17681,99,10451578.93,6754279.59,10.122,30,2023-09-01,5541635.4,Active
3470,23701,58,1963874.66,1451407.62,8.37,10,2022-08-10,616487.47,Active
3471,24282,63,1202735.8,936201.02,8.238,30,2023-03-17,346623.45,Active
3472,13277,6,2226361.02,1417422.47,7.299,20,2023-06-18,945924.7,Active
3473,7605,86,8359396.63,6599412.28,7.216,30,2023-10-15,5841754.4,Active
3474,24865,98,1205411.63,663043.57,8.746,30,2024-11-21,290957.56,Active
3475,13767,2,2955395.5,1982349.99,11.12,30,2024-03-10,873239.38,Active
3476,13243,3,3975541.82,2809890.13,9.761,25,2023-06-04,1375593.6,Active
3477,14543,54,2431996.04,1247079.91,10.637,25,2023-05-23,858501.83,Active
3478,6798,61,3311420.04,1429371.45,9.178,25,2023-07-31,798785.22,Active
3479,19914,44,5504952.24,3172564.87,8.325,30,2023-03-28,1504852.35,Active
3480,241,79,6742255.99,4173952.71,8.479,15,2023-08-01,3924021.43,Active
3481,10286,31,7077855.29,3197848.99,10.281,25,2023-10-06,2048250.36,Active
3482,5002,41,8166983.26,5610295.74,10.704,10,2022-05-15,2685475.88,Active
3483,21051,41,2816295.67,1970729.7,9.238,20,2022-06-25,1505995.88,Active
3484,16354,53,1546571.8,1096137.93,10.225,30,2024-02-02,788619.24,Closed
3485,3724,23,4358294.05,2578309.07,6.663,30,2022-08-03,2088758.74,Active
3486,13634,50,5081451.37,2386757.17,7.815,25,2022-09-22,1602463.31,Active
3487,16571,63,7822728.97,3704989.9,7.579,15,2023-08-21,2331262.64,Active
3488,1206,48,2344487.6,961192.27,7.128,10,2024-03-25,404180.28,Active
3489,15871,41,6439401.82,4831959.75,10.984,10,2024-10-24,3285361.64,Active
3490,7655,96,11216164.41,8479855.64,7.189,10,2024-04-08,5983880.16,Active
3491,12003,2,4699020.64,3111761.08,10.833,20,2023-01-08,2180992.13,Active
3492,4118,33,3598907.29,1633687.23,7.425,30,2022-05-20,1452295.96,Active
3493,1370,100,2774737.61,1370420.58,9.017,20,2023-03-22,1036234.39,Active
3494,16856,69,3172580.17,1586932.67,7.144,10,2023-01-22,683445.49,Active
3495,11428,17,1826781.18,1115754.99,8.955,25,2023-04-09,354977.1,Closed
3496,4984,43,2423766.1,1763933.11,8.746,20,2022-10-20,1636841.5,Active
3497,260,12,3044028.03,2290810.21,7.72,20,2023-08-15,1176962.32,Active
3498,15644,61,2161092.38,1254846.72,9.456,10,2024-08-04,647873.58,Active
3499,4572,56,2524522.59,1479672.37,8.551,15,2022-10-12,1381761.69,Active
3500,13551,82,6185681.13,3583312.42,6.542,15,2024-06-10,1205892.02,Active
3501,12342,31,5961987.99,3029472.75,7.98,10,2024-12-16,2379164.64,Active
3502,4641,53,1149833.44,740114.81,8.124,15,2024-10-05,542044.62,Active
3503,20074,87,10706857.6,5184436.39,10.83,10,2024-09-24,1952175.72,Active
3504,1025,75,2540413.93,1763609.54,8.371,20,2022-03-14,692158.91,Active
3505,11947,26,2600241.44,1921176.14,8.09,10,2022-05-17,772224.42,Closed
3506,10228,67,1082235.0,653531.47,10.623,15,2023-07-14,438010.57,Active
3507,21460,10,12707738.44,8939740.49,6.868,20,2024-07-27,3799533.1,Active
3508,22332,10,3712447.74,1920197.58,8.122,25,2022-09-12,1448662.57,Active
3509,19199,78,3019201.28,2341199.86,7.59,15,2023-01-21,832059.22,Active
3510,12387,15,4450208.73,3524271.64,10.76,25,2024-07-22,2571680.59,Active
3511,920,83,2494077.12,1636948.9,9.802,25,2022-12-26,708136.34,Closed
3512,22057,54,1616800.74,850613.13,8.294,10,2022-09-07,740556.43,Active
3513,980,17,5194639.95,2117547.36,7.955,10,2023-06-22,1273962.06,Active
3514,19627,76,1000000.0,472146.52,8.859,10,2024-10-30,375156.32,Active
3515,9281,29,1322658.45,814897.33,8.728,15,2023-08-04,690814.35,Active
3516,18933,91,2285938.55,1242635.41,7.1,20,2024-09-04,415943.6,Active
3517,21736,30,10055393.08,6601486.52,7.639,30,2024-03-02,3166312.32,Active
3518,6541,80,2700174.09,1218783.2,7.97,20,2024-10-23,641218.46,Active
3519,5651,2,2782960.49,1215627.97,6.502,15,2023-03-13,706479.45,Closed
3520,24634,60,4735966.85,3582003.8,10.215,25,2023-02-04,2069744.71,Active
3521,12291,38,4948125.61,3671245.93,8.563,10,2022-10-31,1164109.82,Active
3522,23934,74,5817764.35,3694118.13,9.37,10,2022-07-25,1518605.85,Active
3523,6911,15,8388014.77,4270429.03,10.962,15,2023-03-26,2992062.19,Active
3524,7105,100,3309383.11,1384172.52,8.61,15,2022-08-18,833132.58,Active
3525,13485,71,7234867.26,4766574.6,7.533,10,2024-08-03,4467836.96,Closed
3526,7189,87,3103466.88,1581705.47,10.146,10,2023-12-14,1341167.75,Active
3527,4255,14,2876190.46,1703498.6,9.156,30,2022-11-02,1257559.84,Active
3528,20823,99,5230854.67,3382638.05,6.823,20,2022-06-07,1413907.9,Active
3529,19856,52,2493177.15,1648930.98,6.823,10,2024-05-28,1367025.22,Defaulted
3530,4737,94,5994721.12,2468962.03,8.573,20,2023-08-12,799252.37,Active
3531,14203,91,1073881.45,553941.12,9.264,25,2023-01-22,483865.45,Active
3532,4467,56,3930248.5,3076015.62,6.795,30,2024-08-11,2747024.18,Active
3533,20647,7,2699038.95,1461976.32,9.21,15,2022-11-07,546330.54,Defaulted
3534,17594,25,3436481.0,2207825.91,11.431,20,2022-05-29,1611617.62,Active
3535,14116,76,1422681.71,970631.59,8.714,30,2024-11-25,756960.47,Active
3536,15181,90,2115549.3,1613579.35,6.749,25,2023-10-10,1266641.49,Active
3537,13589,100,5046043.56,3526496.62,9.864,15,2024-11-19,2588611.98,Active
3538,1211,12,2399147.91,1759262.4,8.891,30,2023-01-04,1042423.37,Active
3539,9829,32,3869439.7,2149992.89,6.599,30,2022-01-18,1008652.62,Active
3540,1288,12,2773684.23,1156447.08,10.999,15,2022-10-24,1073214.25,Active
3541,7961,23,3926547.76,2470865.67,9.191,10,2022-03-31,1792327.7,Active
3542,24488,56,8088212.33,4342116.24,6.866,20,2024-11-17,2751580.34,Active
3543,10862,75,4503062.72,3564470.12,9.075,10,2023-06-21,1732738.94,Active
3544,4805,91,3291578.38,2069870.77,10.677,10,2024-03-31,1152459.83,Active
3545,7314,69,1817122.27,963466.43,7.673,30,2023-08-31,836494.41,Active
3546,4620,18,4134206.34,2355630.36,6.608,25,2024-05-21,964408.68,Active
3547,17142,26,3293760.15,1998375.52,7.699,15,2024-04-13,692265.33,Active
3548,4424,16,2888886.25,1356235.41,8.67,20,2023-07-02,1234178.43,Active
3549,17402,1,3195235.57,2032994.51,7.913,30,2024-06-30,830774.0,Active
3550,19487,39,2819912.51,1894954.21,9.918,15,2024-08-27,776627.78,Active
3551,13986,4,1961715.31,1281798.87,7.243,15,2023-05-31,648716.97,Active
3552,8948,75,2580805.09,1506890.29,9.453,20,2023-01-21,1094924.68,Active
3553,14414,1,3217147.4,1481940.61,7.734,10,2024-11-24,604117.72,Active
3554,1390,84,1979890.96,1003255.38,8.599,20,2024-07-11,637227.88,Active
3555,20787,62,2642617.51,1565479.89,8.305,25,2024-07-20,493108.24,Active
3556,15937,73,3928381.82,2091273.72,9.19,25,2024-01-20,867263.57,Active
3557,13035,69,3117572.07,2230998.1,9.397,30,2024-03-29,1119224.17,Active
3558,649,38,4751242.06,2864538.19,11.191,30,2024-03-31,1146682.33,Active
3559,4877,11,5266135.34,4143955.74,10.348,25,2024-02-26,2113997.03,Active
3560,23029,42,1000000.0,758140.75,7.937,10,2024-08-22,668413.5,Active
3561,11227,44,7486292.26,3794011.6,11.392,20,2023-12-26,1466339.39,Active
3562,20327,28,3342764.02,1658138.44,10.429,15,2022-03-23,621335.89,Active
3563,10495,67,2011990.82,883767.82,11.46,10,2023-04-30,809561.01,Active
3564,11871,71,2745981.68,2132326.75,7.982,10,2023-10-06,1145570.46,Closed
3565,21236,47,2092055.3,1488144.96,9.605,10,2024-11-09,1003126.71,Active
3566,12664,89,2788942.16,1832739.47,7.299,20,2023-12-17,558951.84,Active
3567,2302,96,1225526.25,747029.57,7.522,20,2022-01-10,591069.23,Active
3568,13931,85,4908825.78,3372380.89,10.757,15,2023-10-10,2153091.71,Active
3569,10434,56,7183513.46,3869587.38,7.849,20,2023-04-21,2112763.43,Active
3570,24597,93,5439060.06,4072553.79,9.634,25,2024-10-17,3833592.75,Active
3571,17483,34,2851794.91,1939759.46,10.445,10,2022-07-27,1087747.34,Active
3572,9477,47,4860155.67,3612769.7,10.637,20,2023-10-22,2791765.92,Active
3573,4157,92,7549165.57,3323757.57,8.952,15,2024-10-05,1837329.75,Active
3574,3310,30,2381247.03,1359892.19,9.018,10,2022-05-19,508075.03,Active
3575,6963,80,4251397.87,2513743.71,9.934,15,2023-04-02,1689470.7,Active
3576,19054,96,2458514.19,1037247.73,9.63,25,2022-01-24,680136.41,Active
3577,14558,59,8338951.04,4619396.46,8.527,10,2023-12-14,2971352.35,Active
3578,14134,79,1847103.5,924863.88,9.385,30,2022-12-15,666673.0,Active
3579,21224,63,6038588.24,2729981.65,8.168,20,2022-05-19,1706879.53,Active
3580,20212,58,5898555.68,4185319.74,8.616,30,2022-09-04,2348838.85,Active
3581,10238,47,5468103.48,3302314.73,8.061,30,2022-01-30,2051865.74,Active
3582,2616,25,3195737.96,2183985.54,10.13,30,2024-07-21,850109.06,Active
3583,13119,42,1618527.7,731159.68,6.745,10,2023-03-03,334590.62,Active
3584,11928,92,3398502.01,1610392.77,8.212,20,2023-09-26,1145373.43,Active
3585,392,84,3327832.07,1610135.45,9.242,25,2024-10-28,1200806.87,Active
3586,15701,70,4706977.55,3489923.09,6.739,15,2024-03-02,3154255.08,Active
3587,7212,47,3569945.87,2534293.31,11.459,30,2022-03-19,1871966.07,Active
3588,2719,80,4955314.57,3715499.01,7.384,25,2022-12-02,2363671.54,Active
3589,644,21,1818708.82,1261803.63,9.392,25,2023-08-26,814345.92,Active
3590,23471,82,4368228.38,2822409.21,7.122,30,2023-10-02,941401.69,Active
3591,18473,73,5897209.36,4081643.59,11.046,30,2022-10-31,3608635.14,Active
3592,9000,25,4027389.47,3063183.56,10.719,10,2022-04-18,2010768.71,Active
3593,18963,14,3982325.16,1631502.56,7.145,30,2022-08-06,864359.82,Active
3594,14578,34,4521290.43,2141946.66,8.386,10,2023-01-27,1032333.8,Active
3595,13489,39,1228245.46,835432.06,11.195,25,2024-04-02,368726.2,Active
3596,2902,43,3678051.6,2742702.73,9.905,25,2023-08-26,1179959.32,Active
3597,12007,38,2877471.28,2029194.8,8.18,30,2023-11-11,1580859.58,Active
3598,978,16,1996855.97,1581536.64,8.13,10,2022-02-03,932907.73,Active
3599,24909,100,1975607.21,804079.05,6.576,10,2024-01-07,614402.84,Active
3600,9639,29,1316608.58,570497.91,7.228,10,2023-03-23,462521.31,Active
3601,15310,26,3660012.0,1671466.15,7.354,10,2022-09-26,1553729.23,Active
3602,21245,56,3198199.92,2548810.53,10.435,15,2023-01-25,1167148.26,Active
3603,2922,79,5197730.81,3281653.77,10.383,15,2024-06-29,1876036.46,Active
3604,12502,71,3666488.7,1980077.07,9.242,25,2022-01-09,1340501.57,Active
3605,993,62,6288427.23,2841384.94,7.877,20,2023-11-11,977678.48,Active
3606,8705,66,2237711.07,1482618.61,9.52,10,2023-07-13,1351803.12,Active
3607,9605,74,5059358.97,3814979.86,8.496,15,2023-08-10,1266721.85,Active
3608,20938,49,2940678.56,1380992.62,6.914,20,2023-06-20,472039.07,Active
3609,11119,99,6003865.32,4167827.81,6.609,20,2023-08-07,1834306.55,Active
3610,10973,80,2441697.19,1037056.23,11.135,30,2022-08-22,775974.38,Active
3611,9889,5,7150671.22,4029133.35,10.034,30,2023-07-23,2011604.41,Active
3612,23931,71,2704929.36,1818186.26,8.439,20,2022-01-06,1306334.53,Active
3613,23366,31,3596610.12,2505899.25,8.836,30,2023-12-10,1650921.0,Active
3614,4039,79,3276575.04,1423370.38,9.343,30,2022-07-24,1236660.98,Closed
3615,24525,20,3687439.03,2458179.09,9.228,30,2023-04-02,861152.41,Active
3616,23675,79,2033926.75,1431244.14,10.978,10,2023-09-06,1098095.27,Active
3617,3099,41,3845001.59,1985941.13,8.68,10,2024-05-29,1586607.23,Active
3618,3617,85,2192391.9,1064626.3,8.102,20,2022-06-29,784910.36,Active
3619,2667,58,1953551.84,916379.15,9.772,10,2024-04-21,751454.92,Active
3620,17669,99,2546196.91,1527535.49,8.563,15,2023-09-05,1131881.05,Active
3621,18609,77,3492191.52,2041595.04,10.14,15,2023-12-28,683041.42,Active
3622,15351,71,11660945.96,8404940.68,6.819,30,2022-11-22,6987487.63,Active
3623,11152,79,2595076.77,1695482.81,7.214,15,2023-10-31,1533001.75,Active
3624,24889,53,2252956.91,1175112.21,8.163,25,2023-11-05,1027203.29,Closed
3625,4755,44,3158774.49,2448549.94,11.44,25,2024-10-14,1604975.24,Active
3626,24661,24,10854751.86,8530433.56,10.861,25,2022-07-03,3597392.47,Active
3627,16483,13,2597438.64,1214801.51,9.742,10,2024-10-05,761637.35,Active
3628,24715,15,1000000.0,547599.05,8.596,30,2022-05-25,386766.85,Active
3629,5992,48,3128094.41,1362186.81,10.33,25,2022-12-31,1000000.47,Active
3630,9413,21,5298004.81,4136991.97,8.04,15,2022-06-09,3524399.57,Active
3631,10592,73,2218556.78,1206992.9,8.717,30,2023-09-26,399805.35,Active
3632,4916,98,4362839.3,3235807.08,10.738,25,2022-12-06,1514702.35,Active
3633,19654,57,4375861.0,3140048.44,7.669,10,2023-05-16,959993.99,Active
3634,24260,52,2446683.68,1911133.52,9.367,15,2022-04-09,1629713.52,Active
3635,16525,51,4729736.82,3672811.58,8.273,25,2023-11-07,1899703.71,Active
3636,22889,62,2728892.6,1766628.82,7.708,20,2023-07-15,924267.76,Active
3637,8546,45,3079431.98,2065601.26,7.459,20,2022-02-16,1811348.36,Active
3638,22844,77,2073571.43,1503674.25,10.082,30,2022-03-19,878139.82,Active
3639,10716,36,2144254.96,909012.39,7.343,20,2024-06-06,535662.48,Active
3640,19960,65,10459578.2,5907314.33,6.696,10,2023-11-05,2157961.28,Active
3641,19305,83,5133454.67,3229444.8,6.609,30,2024-06-19,2109679.3,Defaulted
3642,13224,87,2036033.88,1536732.64,9.036,10,2022-05-29,715288.22,Active
3643,12763,39,1854395.42,746450.64,10.84,10,2024-02-17,651742.03,Active
3644,15131,70,18612231.07,9596526.23,9.696,25,2023-01-02,3494914.43,Active
3645,8983,75,5949611.6,3829607.43,8.704,20,2024-10-05,3466342.47,Active
3646,24690,40,3626143.0,1480837.54,6.755,15,2022-06-11,856070.11,Active
3647,12447,32,1948669.43,1024688.41,8.541,20,2023-05-27,478171.31,Active
3648,23216,34,2008252.03,828792.25,8.058,10,2024-06-19,382297.21,Active
3649,10464,38,3223512.4,2356600.53,8.492,25,2023-12-25,2080664.76,Defaulted
3650,16294,15,6381026.63,3579620.98,8.575,10,2022-03-16,3005090.41,Active
3651,6023,66,2227231.45,1593075.43,8.291,15,2024-09-06,943503.28,Closed
3652,19427,33,1831626.93,937902.42,7.201,10,2024-01-11,770750.57,Closed
3653,9304,33,2480495.41,1763873.69,10.392,30,2022-04-17,1579449.41,Active
3654,6553,94,1397774.46,732002.17,8.133,10,2022-01-07,607268.67,Active
3655,21259,54,3581138.95,1749701.82,9.053,15,2022-09-27,1076766.82,Active
3656,12686,88,7182229.32,3465240.57,9.794,30,2024-08-08,2124844.87,Defaulted
3657,20928,47,1999737.6,1457012.19,6.551,10,2022-10-10,588442.19,Active
3658,6308,57,2902509.3,1284787.9,10.299,30,2022-05-28,819962.52,Active
3659,1546,52,1000000.0,574321.93,9.316,10,2022-01-30,239396.36,Active
3660,21532,45,5249707.12,2629901.91,6.545,20,2023-10-16,1275005.16,Active
3661,2822,79,4618183.77,3595520.49,10.807,15,2022-12-27,1082409.39,Active
3662,2615,78,3680937.56,2408309.01,10.606,15,2023-01-02,885938.11,Active
3663,17481,90,4348336.6,2742292.04,7.538,25,2024-12-27,1506949.15,Active
3664,22311,32,1518205.58,951913.52,10.098,25,2024-05-27,330815.81,Active
3665,6008,3,3458026.88,2540187.55,6.801,20,2022-12-02,2057918.88,Active
3666,7345,65,3707633.36,1525817.45,10.954,20,2023-01-15,1231539.24,Active
3667,1388,51,5175156.31,3649890.76,8.131,25,2022-01-14,2057393.95,Active
3668,3129,3,1471163.72,940762.27,10.582,15,2023-06-22,882367.51,Active
3669,11370,7,1906019.07,1158544.0,10.176,10,2022-09-15,625783.04,Active
3670,19515,82,1581088.43,1126157.67,7.63,25,2022-09-14,690874.56,Active
3671,12510,47,1376513.58,847764.12,10.457,10,2022-07-17,305089.93,Defaulted
3672,7302,68,9737948.99,6206356.5,8.815,30,2023-03-01,2542301.82,Active
3673,22074,14,2617591.48,1371129.41,11.178,30,2023-09-03,1099984.23,Active
3674,1648,70,7238988.65,5064078.6,8.386,25,2024-11-09,1585701.57,Closed
3675,20197,43,2440220.61,1050600.99,9.621,25,2024-05-01,503555.77,Active
3676,14721,37,4112614.86,1993614.98,9.406,10,2022-10-18,1824615.76,Active
3677,5549,95,8953548.12,5661377.19,8.05,15,2024-08-01,4982653.53,Active
3678,3357,43,2726216.15,1366313.2,8.899,30,2023-06-20,434693.91,Active
3679,3791,37,2087991.44,1605448.81,10.506,25,2024-04-07,1190509.5,Closed
3680,20163,66,3434673.53,2263746.49,7.926,25,2024-09-30,1865390.03,Active
3681,11118,2,7906220.87,3630658.16,6.679,10,2022-03-29,2078177.01,Active
3682,9446,26,2674698.32,1543884.56,8.001,15,2024-06-13,875522.13,Active
3683,14536,18,2300579.28,1445476.65,6.795,15,2022-11-16,1271830.04,Active
3684,14479,95,4204011.22,2026908.09,8.332,15,2022-09-22,1883219.79,Closed
3685,24456,91,8033843.72,5364009.1,10.438,25,2024-07-21,2424146.42,Active
3686,17570,36,3060113.84,2225925.05,8.977,20,2024-06-30,1542091.06,Active
3687,19011,39,2436504.06,1054536.41,8.844,30,2022-01-06,954735.9,Active
3688,6694,40,1000000.0,730559.44,11.054,30,2022-07-29,294739.3,Active
3689,15554,81,4255581.51,3040141.37,10.919,25,2024-10-29,1943768.79,Active
3690,14354,63,3305631.66,2120821.38,8.722,15,2022-09-09,1046643.86,Active
3691,20817,4,5091411.58,3660288.37,7.973,10,2024-10-16,1701533.72,Active
3692,16390,30,2037953.3,1477868.86,7.397,15,2024-11-11,528240.05,Active
3693,1226,12,1372625.28,722450.78,8.558,10,2023-04-06,274933.07,Closed
3694,9255,49,2126616.42,927050.74,10.656,15,2023-05-11,555687.7,Active
3695,20681,44,2901618.38,2217682.63,6.641,20,2024-12-29,1411500.66,Active
3696,15527,59,3192865.64,1747447.12,7.027,30,2023-11-28,692200.57,Active
3697,201,4,9165396.67,6470731.67,8.178,20,2023-08-29,2608885.02,Active
3698,3697,94,3275634.62,2285806.75,7.082,20,2023-01-29,1884088.93,Active
3699,20329,82,6104535.32,2488187.26,11.391,15,2024-08-30,1996426.35,Active
3700,24559,93,3509783.41,2611662.24,9.863,15,2023-03-03,1451258.15,Closed
3701,20770,59,4115995.43,2011894.26,10.37,25,2024-02-12,825085.68,Active
3702,24758,66,7484809.6,5257344.13,7.622,25,2023-05-14,3278918.69,Active
3703,2941,18,6433711.38,3364472.26,9.504,20,2022-01-05,2792572.12,Active
3704,1636,72,5298955.24,2600705.89,11.225,25,2024-11-27,1276035.79,Active
3705,18028,68,9331734.44,4067805.54,9.074,30,2022-07-11,3252756.69,Defaulted
3706,8218,95,1641410.48,969387.76,6.521,10,2023-01-16,352188.84,Active
3707,13603,22,9134374.18,6790744.18,7.354,15,2023-04-04,4073330.28,Active
3708,24697,63,3419634.62,1561993.7,9.967,30,2022-10-03,1479248.53,Active
3709,13809,74,2797962.42,1939706.71,11.273,30,2024-12-19,1778894.17,Active
3710,5182,49,1984463.93,1066398.1,7.318,15,2022-02-22,864278.4,Closed
3711,15818,37,1683006.83,1007798.61,11.168,10,2024-01-01,714295.16,Active
3712,11932,45,2920431.78,1998891.78,10.077,10,2022-11-21,790010.62,Active
3713,3065,37,5574073.56,3752452.37,7.576,15,2023-05-04,2739350.89,Active
3714,1790,18,5515587.28,3059229.02,11.238,15,2022-01-16,2805363.35,Active
3715,100,66,2564501.18,1857198.96,7.857,25,2024-07-17,715944.12,Active
3716,2290,86,5450475.9,3067170.73,10.208,20,2023-10-29,2066148.26,Active
3717,7543,24,1695453.91,950006.46,7.669,15,2022-03-09,709132.33,Active
3718,19454,35,7605561.64,3171544.84,6.835,25,2022-12-19,1051801.02,Active
3719,2079,64,3638670.98,1772832.53,8.061,15,2024-11-14,1117939.45,Active
3720,23383,7,1537138.02,1170015.87,8.965,10,2023-09-15,766817.92,Active
3721,18265,68,3449308.99,2566860.7,9.523,30,2022-12-17,2114884.46,Active
3722,6565,45,1989828.7,1227767.95,6.682,10,2024-07-19,1043397.89,Active
3723,9782,94,3134975.24,1833048.66,9.355,25,2022-04-10,788816.42,Active
3724,11828,6,3030800.96,2424413.32,9.551,20,2023-11-29,1596537.7,Active
3725,20820,13,2043996.44,1079463.14,9.452,25,2023-01-06,864091.05,Active
3726,5826,33,7476400.82,4955795.43,8.799,25,2024-12-06,3086368.6,Active
3727,1963,42,2744191.53,1163922.56,11.461,25,2024-08-15,532831.54,Active
3728,10705,84,3506070.26,1704161.84,9.285,25,2022-06-13,1049320.79,Active
3729,1845,28,4418334.52,2957519.84,10.874,10,2024-10-14,953289.39,Active
3730,11562,80,1767776.55,1305457.04,9.193,25,2022-01-10,1049615.14,Active
3731,16080,55,1715622.18,1151477.51,7.217,25,2022-02-13,863305.88,Active
3732,7777,91,2974748.22,2342504.01,7.815,10,2024-12-13,1369738.87,Active
3733,12054,27,5104725.6,2377109.98,9.531,30,2023-02-02,2091172.02,Active
3734,9275,38,2971046.56,2086045.82,6.756,25,2024-08-09,1402975.08,Active
3735,7263,29,3636895.11,1815110.18,7.05,30,2022-03-20,574143.46,Active
3736,12435,17,2250440.65,1199975.05,7.398,30,2022-09-05,1027115.24,Active
3737,20784,46,6711245.64,5135681.88,10.976,25,2023-01-15,4144203.45,Active
3738,10583,92,1485459.75,779317.5,8.621,30,2024-02-01,414092.2,Active
3739,5649,50,7187690.02,3539318.62,9.801,20,2022-08-15,1901151.51,Active
3740,419,84,5693741.95,4033072.46,7.445,30,2024-02-16,3689253.2,Active
3741,15931,68,5874246.73,2893795.35,8.431,30,2024-06-05,1682232.16,Active
3742,4148,84,1718914.42,1337154.71,9.745,20,2024-01-11,993157.67,Active
3743,20488,94,8342284.43,3757604.41,10.072,30,2024-02-05,1620451.94,Active
3744,13611,26,4121454.36,2572105.14,8.367,20,2022-03-10,1374872.71,Active
3745,2121,82,1310673.69,940633.79,8.681,15,2024-11-30,329772.43,Active
3746,22014,10,2340374.15,1687273.04,11.023,20,2022-03-15,890024.83,Active
3747,21727,70,1770127.09,1272710.03,9.46,10,2022-06-22,447873.17,Active
3748,13256,23,3438980.79,1803108.4,10.982,15,2022-09-28,1477458.71,Active
3749,24274,68,1931522.29,1401043.83,8.694,20,2022-09-08,547111.02,Active
3750,15810,9,4493496.93,1840332.17,9.984,20,2023-02-12,1586157.88,Active
3751,21020,16,1943812.49,1379612.24,7.391,30,2023-05-28,558921.99,Active
3752,12572,76,1811925.29,816104.34,6.649,10,2023-05-22,459522.89,Active
3753,20351,64,4948227.83,3719597.78,10.921,10,2024-01-08,1148411.96,Active
3754,17162,68,3116048.4,2091072.12,10.776,15,2024-04-07,1865867.3,Active
3755,8927,88,1901592.05,1305250.33,9.473,10,2022-10-27,1186977.24,Active
3756,11777,54,5945292.27,2955949.84,8.212,30,2022-03-05,1301408.6,Closed
3757,961,64,1804913.34,989882.78,9.485,20,2022-09-04,771326.94,Active
3758,12152,86,4752126.05,2079182.07,8.361,25,2024-01-27,1907896.05,Active
3759,17916,87,2506062.25,1419470.74,9.101,10,2022-05-13,622194.62,Active
3760,711,67,4791967.17,2142565.76,8.449,25,2023-09-25,1535458.88,Active
3761,12318,85,6382647.39,3918043.4,10.756,20,2023-11-26,2030306.15,Active
3762,12617,44,2212449.85,1021698.74,8.623,30,2022-09-29,772328.8,Active
3763,22240,56,4452080.29,2008957.8,8.234,30,2024-03-20,1885068.3,Active
3764,9154,59,5093056.01,3380426.27,7.358,25,2024-12-10,1349382.24,Active
3765,13748,52,4301620.95,2444754.35,6.737,25,2024-09-07,1262221.93,Active
3766,8682,5,1936903.5,1345882.35,7.053,15,2024-12-20,649444.64,Active
3767,6463,97,1612504.2,972687.36,9.241,10,2022-03-20,533056.27,Active
3768,7324,56,4328412.05,2022891.88,9.891,30,2022-09-18,1721000.88,Active
3769,12118,99,3892957.09,2735840.29,9.129,20,2024-12-07,2185599.94,Active
3770,9944,89,1885000.79,813406.26,6.633,20,2022-05-06,254672.65,Active
3771,9767,23,4096439.88,2525953.54,10.911,30,2024-09-14,1367821.79,Active
3772,14825,62,1803950.94,950769.61,8.381,15,2024-05-25,703792.76,Active
3773,24114,96,3615700.71,1621876.43,7.514,30,2023-08-10,591244.27,Active
3774,22698,66,2492298.35,1366744.73,8.956,20,2023-01-01,442984.46,Active
3775,19860,47,3103654.67,1753724.92,8.647,15,2024-08-18,1611811.53,Active
3776,15724,15,4359217.38,2207777.64,11.131,10,2023-08-05,1664807.11,Active
3777,14824,25,2095088.81,1116471.38,11.23,25,2024-07-16,353570.56,Active
3778,9726,33,2612028.04,1237678.59,10.475,20,2022-03-03,774209.58,Active
3779,24635,90,1934360.22,1066066.9,9.03,10,2023-07-26,909825.03,Active
3780,12470,71,2609897.2,1152951.8,8.448,20,2024-12-16,1018928.7,Active
3781,13688,33,2946536.98,2332370.94,10.284,10,2023-08-01,1613015.98,Active
3782,18419,94,5228093.33,4080597.52,10.018,10,2022-01-04,3073440.6,Active
3783,17496,32,2025393.9,946978.66,8.966,25,2024-03-20,792081.0,Active
3784,10534,84,2982746.54,1690536.66,10.198,20,2024-02-08,765918.8,Active
3785,917,45,5084340.56,3059728.06,10.59,30,2022-07-13,1089864.75,Active
3786,18289,26,2839172.6,1916989.92,10.88,30,2024-02-01,677329.3,Active
3787,13641,13,1878212.43,1104005.63,10.587,25,2023-12-21,339121.22,Active
3788,4559,92,1501067.49,1012372.92,10.052,30,2023-09-19,394255.98,Active
3789,22346,63,3130167.27,1497072.67,11.22,30,2023-10-03,463617.81,Closed
3790,13350,1,5619753.44,3038050.43,10.068,30,2023-05-03,990211.59,Active
3791,22082,95,3366664.53,2444792.66,6.843,20,2022-01-26,1647943.47,Active
3792,10023,68,5452295.07,2810906.71,7.417,30,2024-02-05,2097342.96,Active
3793,21435,7,4335147.0,2819364.54,9.459,25,2023-12-20,1798230.99,Active
3794,7741,89,3151485.87,2519515.32,7.653,25,2023-10-16,2122723.99,Active
3795,19006,20,2189153.34,1534779.87,11.289,15,2022-06-29,837181.76,Active
3796,23562,59,1454759.3,1076757.64,6.76,25,2024-09-12,687009.15,Active
3797,19837,17,3733963.77,1961251.12,8.284,20,2022-10-15,731047.1,Active
3798,3620,65,6060225.58,4082333.71,10.315,15,2024-03-12,3417404.43,Active
3799,2525,64,1251391.04,582325.57,9.2,10,2024-04-07,535235.63,Active
3800,14973,25,4917644.87,2031886.66,10.447,10,2022-03-20,635338.78,Active
3801,2693,58,1000000.0,767989.51,11.286,25,2022-08-09,500622.15,Active
3802,24827,84,1000000.0,526291.51,6.764,20,2023-05-22,249084.2,Active
3803,18342,79,4959993.85,3877270.39,6.951,25,2022-09-15,1393607.39,Active
3804,4191,92,1645223.34,1002819.01,10.442,10,2024-11-26,537780.12,Active
3805,7456,6,2963774.52,1484737.66,7.987,10,2023-06-10,1305148.71,Active
3806,6067,94,4746390.5,3379017.83,9.238,20,2023-11-06,2804569.98,Active
3807,24191,70,3933800.98,2690027.69,6.685,30,2022-01-03,2362546.75,Active
3808,12330,97,1395570.95,957060.09,6.805,25,2023-10-19,561106.82,Active
3809,4675,8,1577868.01,635461.99,7.274,10,2024-10-17,435494.75,Active
3810,20593,76,4004285.44,1950606.65,8.191,25,2023-08-24,1095883.42,Active
3811,23856,43,2690488.46,1836169.1,10.986,15,2023-08-11,1646079.04,Active
3812,16596,12,3868271.43,1847434.06,10.004,30,2024-07-10,1732431.93,Active
3813,4063,95,3304784.91,1514948.27,9.543,15,2022-03-19,1100091.46,Active
3814,16697,96,4542843.8,2014006.21,7.009,25,2022-01-04,1114290.99,Active
3815,12915,90,3356484.38,2678572.83,10.811,30,2022-12-22,843118.76,Closed
3816,2468,15,4580111.39,3600055.31,11.352,25,2023-11-12,3258537.05,Active
3817,6745,21,1957386.17,1372351.44,7.229,30,2024-09-14,667529.61,Defaulted
3818,18391,79,4301215.35,2150322.6,8.082,25,2023-10-13,1567363.37,Active
3819,19477,22,8644890.32,4866306.8,9.449,10,2022-03-29,1784593.63,Active
3820,11638,4,2037578.79,1620457.85,8.806,15,2023-07-07,838337.63,Active
3821,21811,3,5405827.98,4117359.8,9.573,10,2022-10-18,3563074.49,Active
3822,6238,47,4997291.82,2239703.47,7.944,30,2023-02-06,921907.09,Defaulted
3823,13259,14,3778904.7,2372073.62,11.257,20,2023-12-05,2249828.3,Active
3824,3267,9,1634517.28,789705.94,8.845,10,2024-05-10,614926.68,Active
3825,24604,18,3210068.77,1563044.58,8.754,25,2024-07-15,955064.07,Active
3826,1556,20,3121762.54,2300514.56,6.916,25,2024-11-07,2107710.83,Active
3827,10260,35,3694000.27,1705467.84,6.632,20,2024-10-29,1386664.79,Active
3828,3391,95,4044073.37,2633904.89,11.233,30,2022-10-19,1110377.78,Active
3829,18616,34,8407555.84,4307321.34,7.385,20,2023-11-22,1452250.63,Active
3830,7149,68,2977921.75,2091705.26,8.326,25,2024-06-11,1898674.24,Active
3831,18165,31,13554805.74,10451750.68,7.018,10,2024-10-03,6729172.21,Active
3832,16923,43,3510579.95,1549120.05,11.091,30,2024-10-22,766768.03,Active
3833,24560,9,2440653.28,1587153.26,9.114,30,2022-05-16,1325666.19,Active
3834,1269,18,4315971.87,2975450.62,11.444,30,2022-04-03,1530801.57,Closed
3835,18908,32,3097890.25,1617508.15,8.91,30,2023-01-07,1258966.82,Active
3836,939,67,7281487.57,4063809.89,10.972,10,2023-01-04,2525856.74,Active
3837,18076,70,3802133.73,1994047.37,6.553,15,2022-02-05,1281524.09,Active
3838,23199,29,2971204.98,1723153.08,7.911,10,2023-03-13,1058593.68,Active
3839,18378,37,6782936.69,4950443.97,11.056,30,2022-08-22,1830247.31,Active
3840,14325,82,3133880.41,1278652.38,9.129,15,2023-07-10,446218.19,Active
3841,6030,35,1118593.81,571448.66,7.345,20,2023-08-03,279696.43,Active
3842,18992,63,2596507.22,1749770.85,7.189,30,2023-11-19,740379.89,Active
3843,4494,25,2944796.32,1396799.79,9.818,15,2024-03-13,784922.93,Active
3844,13843,2,4383228.74,2536401.65,7.214,15,2022-01-07,924264.78,Closed
3845,20156,52,3063650.78,1424846.02,10.64,25,2024-09-16,841564.6,Active
3846,11236,64,2427462.42,1033072.72,8.736,30,2023-01-17,748760.2,Closed
3847,14777,48,3080344.72,1307028.78,9.601,10,2024-07-27,402994.41,Active
3848,12275,87,2470279.31,1164351.55,8.719,25,2022-05-03,845482.06,Active
3849,5124,46,3556021.62,2494401.21,10.288,25,2024-12-19,1942652.87,Active
3850,17136,64,3585980.54,2711778.13,10.797,30,2023-07-01,1779939.35,Active
3851,12562,60,3100597.25,1357271.15,10.775,10,2022-03-09,1283932.32,Active
3852,18856,11,1689983.81,1227096.19,11.447,20,2024-09-09,782427.32,Active
3853,7801,78,5194894.17,3385721.55,9.19,15,2024-03-11,1792012.93,Active
3854,11200,60,8328207.07,4244586.97,10.497,10,2022-11-20,2354257.78,Active
3855,10168,6,3503947.46,2681125.62,7.741,15,2022-12-15,2478701.97,Active
3856,3619,75,3373873.97,1601345.99,9.348,30,2023-09-11,888982.0,Active
3857,15333,47,1270194.45,863209.24,10.706,20,2023-03-12,610696.88,Active
3858,9797,45,12760290.77,9201707.74,7.829,15,2023-12-29,5966813.89,Active
3859,18810,19,12557034.43,8806640.28,11.317,10,2024-03-24,7454513.19,Active
3860,3,3,4103828.19,2758817.2,9.736,30,2024-03-06,1203409.11,Active
3861,347,58,5799233.48,2379027.15,8.801,10,2022-07-26,1516348.29,Active
3862,18092,11,3757522.92,1555967.56,9.818,20,2023-05-30,793939.71,Active
3863,3491,76,1000000.0,725577.1,8.673,20,2023-06-10,396860.24,Active
3864,18650,81,5031287.82,2720280.91,9.579,10,2022-05-24,2022214.9,Active
3865,21237,86,6178091.17,2941920.93,7.649,10,2022-07-31,1187473.14,Active
3866,15972,21,4454621.26,2932392.95,6.682,20,2023-09-16,1172575.3,Defaulted
3867,23404,50,1602313.2,674424.29,8.514,25,2023-05-14,248847.98,Active
3868,5826,40,1918366.04,1086881.71,8.243,25,2023-05-23,333948.44,Active
3869,11358,67,4173635.67,3035198.36,9.589,30,2023-07-10,985563.77,Active
3870,21597,44,4976229.92,3782537.27,9.302,20,2022-02-08,3510739.18,Active
3871,22299,81,5491452.61,2809657.35,10.662,10,2023-02-07,1911424.6,Active
3872,4657,59,4529684.79,2594826.75,9.991,10,2023-05-16,1578331.61,Closed
3873,20708,26,1526610.41,924467.54,8.79,10,2022-09-19,577690.75,Active
3874,10338,12,2574740.73,1811326.62,6.725,10,2022-05-15,1133293.54,Active
3875,13793,2,3890379.25,2479082.91,7.13,20,2024-08-15,1273421.0,Active
3876,17145,100,7476714.23,4152667.09,10.021,15,2023-10-10,2476030.99,Active
3877,3622,87,5895638.65,2358599.22,6.549,15,2024-07-11,1067736.83,Active
3878,9132,45,2909412.06,1606504.62,7.01,20,2023-03-18,1490565.16,Active
3879,9450,25,3238543.11,2418488.95,8.627,15,2023-04-22,1346772.05,Active
3880,11358,55,3659947.82,1592048.32,9.675,15,2023-08-09,492586.99,Active
3881,19153,92,3372190.15,2060996.63,9.875,15,2023-02-14,1140004.69,Active
3882,19972,62,12867130.33,8605665.55,7.528,10,2022-02-25,4925178.75,Active
3883,9926,45,2984232.04,1722217.19,6.506,10,2023-03-20,1280678.83,Active
3884,1725,39,4969391.76,2927978.01,6.651,30,2023-01-18,2434897.25,Active
3885,2889,59,2639094.85,1729689.04,7.075,25,2024-11-30,694260.21,Active
3886,11998,61,1973894.68,1445619.77,9.524,20,2022-03-16,505478.01,Active
3887,1463,19,6475998.61,3850312.92,9.245,20,2022-07-22,1602234.89,Active
3888,19250,30,2041070.52,1593067.11,7.763,30,2022-05-01,964003.42,Defaulted
3889,784,55,3517408.27,2539154.32,7.719,10,2024-07-17,1403309.57,Active
3890,5319,12,8494913.2,5501428.89,11.085,15,2022-12-10,4116451.07,Active
3891,11178,60,7462529.65,4058210.2,10.79,15,2023-08-15,1231874.42,Active
3892,22880,58,2092744.09,949205.4,8.394,25,2024-05-20,811598.51,Active
3893,14150,54,6935329.79,4453411.25,10.731,25,2022-02-05,3854020.87,Active
3894,4738,21,1444231.13,893065.56,11.291,10,2023-07-08,459158.88,Active
3895,2694,42,2490322.4,1086873.53,11.041,25,2022-01-19,962321.35,Active
3896,2068,20,2563589.53,1554845.22,11.144,15,2024-01-09,1185552.05,Active
3897,20563,79,6196813.36,4134934.66,8.969,25,2023-01-03,1569750.34,Active
3898,3740,22,2320620.48,1503737.77,6.826,15,2024-03-03,895157.85,Active
3899,5357,23,1457939.38,1086384.71,11.066,10,2024-09-10,806494.22,Active
3900,10560,99,7747044.64,5690759.15,7.494,20,2023-07-03,4235412.11,Closed
3901,10098,98,3970096.71,2648964.17,10.603,30,2023-02-09,1231466.04,Active
3902,4111,79,2794985.28,1845028.71,9.73,20,2023-12-06,1475272.89,Active
3903,4354,78,6350498.08,3182536.81,10.802,30,2023-03-25,1221992.51,Active
3904,12750,38,1779605.79,1275948.87,11.053,15,2024-12-10,1000931.62,Active
3905,4181,18,4057406.58,2547700.43,7.936,25,2024-10-26,1892297.69,Active
3906,9428,71,2140333.3,1654352.54,11.363,15,2022-02-26,1171195.98,Active
3907,21557,9,2200258.41,1084581.26,7.338,20,2022-09-12,572189.63,Active
3908,9379,70,1592212.64,1048858.91,8.728,10,2024-06-16,904617.38,Active
3909,82,52,3404980.33,1868199.04,10.159,25,2023-01-09,1246109.31,Active
3910,12588,6,2560300.35,1474198.64,8.575,10,2022-07-05,501222.87,Active
3911,6018,2,2760577.39,1285515.12,9.229,10,2022-08-13,1029873.17,Active
3912,7331,65,4983331.72,3001413.22,7.694,30,2023-11-23,1739052.81,Active
3913,5166,64,2779492.14,2066844.8,9.829,15,2022-10-12,769074.24,Active
3914,16740,75,3967490.27,1688042.27,8.057,15,2023-09-04,1081828.65,Active
3915,22564,30,2757218.8,1833769.47,8.078,10,2022-02-24,768608.92,Active
3916,11247,22,3161612.18,1629502.95,7.098,15,2022-09-06,743401.76,Active
3917,14973,83,3082072.19,2283910.14,11.043,20,2024-11-06,777156.64,Active
3918,3870,84,2430169.72,1857055.32,10.329,15,2024-04-09,1575119.51,Active
3919,13254,95,2250044.59,1609202.59,9.058,25,2022-07-20,1261031.02,Active
3920,16889,29,3061148.76,2234497.93,8.193,25,2023-02-08,1559238.96,Active
3921,140,76,3829695.19,1964986.68,11.007,20,2024-07-05,854082.3,Active
3922,6278,100,2372295.43,1635475.62,8.528,30,2023-10-12,1401353.67,Active
3923,14992,10,3007527.14,1210344.3,8.923,25,2024-10-02,1025375.73,Active
3924,373,10,3199460.56,1352542.34,8.163,30,2023-02-22,1077709.55,Closed
3925,11439,90,1985590.95,1557478.45,7.487,25,2024-10-08,959104.8,Active
3926,15493,50,3281684.74,2064149.75,7.359,20,2022-01-24,1326358.55,Active
3927,14839,72,4482098.97,3544628.78,7.109,20,2023-03-26,1364348.14,Active
3928,3411,57,1000000.0,757710.62,8.247,15,2024-04-28,368140.7,Closed
3929,9865,29,2331253.69,1133242.59,9.823,15,2024-08-12,501932.21,Active
3930,21688,26,4310595.32,2801321.09,10.308,20,2024-02-22,855635.96,Active
3931,19734,27,3748108.45,2532679.14,9.823,10,2024-02-29,1569133.46,Active
3932,18226,51,9961916.01,6369446.45,11.448,10,2023-11-05,3671998.99,Active
3933,6568,95,3722950.81,1961184.39,8.4,10,2024-02-20,1410798.67,Active
3934,19436,48,2380870.88,1160681.63,10.699,10,2022-07-17,511343.22,Active
3935,6187,4,2781441.21,1595997.86,9.021,25,2024-09-02,705177.61,Active
3936,11399,45,3799240.77,2664493.77,7.25,20,2023-07-05,1583449.41,Closed
3937,14526,29,1729030.34,998106.01,8.309,25,2022-04-02,600226.6,Active
3938,1977,2,3612431.83,2020322.18,10.418,10,2024-07-26,876288.51,Active
3939,20877,27,2041544.84,1282851.96,6.899,15,2023-11-30,1111130.86,Active
3940,12481,3,2008379.16,1502988.47,9.963,15,2022-10-26,595711.14,Active
3941,15384,82,1953722.98,1407873.21,7.662,15,2023-06-01,1115681.7,Active
3942,3659,11,2249454.62,1667460.31,7.17,30,2024-12-27,548977.24,Active
3943,20392,62,1635405.12,1235962.85,6.639,10,2024-04-18,648150.3,Active
3944,1169,84,3313387.16,2514095.78,9.019,25,2022-06-10,1532795.86,Active
3945,21189,33,2502459.32,1475483.94,9.829,20,2023-06-29,1381789.79,Active
3946,8377,96,1185985.32,898286.02,8.678,30,2023-08-01,279970.23,Active
3947,10828,58,4531213.88,2249361.49,9.101,30,2024-07-24,1605171.45,Active
3948,8010,47,3063473.75,1990835.82,8.528,15,2024-08-28,1078026.76,Active
3949,2218,61,2241468.41,1104443.85,7.439,25,2022-05-19,618181.8,Active
3950,15352,60,4670232.97,2764204.32,7.447,15,2024-01-10,1433959.96,Active
3951,15262,82,9146716.8,6166668.86,6.825,15,2022-02-08,3630733.33,Active
3952,24426,61,9670274.65,4979746.72,6.521,10,2023-12-15,1631718.65,Active
3953,23410,98,1462343.44,1055027.55,8.814,25,2022-08-14,720702.35,Active
3954,1884,72,3143673.65,1723925.34,7.243,15,2023-09-23,1500070.82,Active
3955,11133,53,3687979.09,1638237.57,9.098,20,2023-03-11,1244342.34,Active
3956,18566,62,2347843.28,973803.17,7.69,15,2023-03-01,889326.51,Active
3957,1659,63,1451535.57,905760.61,8.829,15,2023-05-27,478956.93,Closed
3958,3913,1,2684524.68,1202988.64,6.797,20,2024-03-06,488152.81,Active
3959,8244,6,3792636.63,2121134.21,7.135,25,2022-11-26,1110242.84,Active
3960,5419,77,3568308.56,1863039.18,9.301,15,2022-12-24,1370875.44,Defaulted
3961,14434,65,3188043.97,2369791.75,6.526,20,2024-04-20,1739820.79,Active
3962,7172,68,2851931.16,1651887.65,8.888,20,2023-07-10,854329.23,Active
3963,3488,46,7530840.31,5023972.59,10.024,30,2023-09-30,1886450.94,Active
3964,17778,58,2013046.85,1003297.02,10.057,20,2024-05-05,361979.68,Active
3965,20927,96,2489061.28,1241967.24,8.792,15,2023-06-06,831656.66,Closed
3966,1859,23,9321521.11,6104166.69,10.642,10,2024-05-14,5201195.97,Active
3967,4232,77,4235110.48,2472522.23,10.407,10,2022-03-18,1920367.75,Active
3968,16958,13,4053466.43,2757053.46,6.707,15,2022-06-11,2048400.06,Active
3969,10276,8,1816218.45,1004528.95,10.456,10,2023-08-28,605117.08,Active
3970,3795,32,1544048.21,1146746.37,9.603,20,2022-06-28,897716.12,Active
3971,279,32,2377546.71,1156777.65,8.303,20,2022-12-21,600288.99,Active
3972,13339,31,5539344.23,3928822.76,9.263,30,2023-11-30,2131529.98,Active
3973,22401,56,2881887.32,1378593.65,8.179,15,2024-09-18,883295.62,Active
3974,17569,30,5890738.83,3374189.21,6.94,10,2022-09-23,1940735.72,Active
3975,21964,91,1820290.42,1098738.98,11.158,25,2022-03-27,629519.25,Closed
3976,3763,99,4635812.65,2445345.15,8.084,15,2024-01-22,1436707.88,Active
3977,6572,18,3761112.95,2712377.97,7.1,25,2022-02-17,2104584.45,Active
3978,13793,77,5351831.79,2579253.2,8.669,10,2023-03-02,1335575.49,Active
3979,18078,78,4107858.95,2777193.22,10.376,10,2022-03-13,1855688.94,Active
3980,21747,99,2242507.42,1093230.18,6.693,25,2022-06-02,846821.18,Active
3981,6142,15,8362545.32,4357631.8,8.217,20,2024-03-11,1770062.08,Active
3982,9327,7,4083650.32,2448180.14,10.244,25,2022-12-20,1523321.82,Active
3983,8093,50,3251154.21,1895307.07,11.479,10,2023-11-19,1621735.51,Active
3984,23587,41,1701536.79,1277028.04,8.327,20,2024-06-27,704064.46,Active
3985,420,13,1000000.0,452546.27,9.738,10,2024-05-16,412616.88,Active
3986,8005,31,1512852.91,676464.01,9.614,10,2022-07-14,255400.64,Active
3987,12592,87,3643006.36,1468137.67,11.275,15,2024-01-15,889700.6,Active
3988,23197,74,3167050.8,1367222.84,9.538,15,2023-11-15,568313.77,Active
3989,19434,36,1478387.76,1136582.2,8.236,20,2024-06-11,797261.17,Active
3990,10730,6,2314392.85,1180787.65,6.957,25,2022-12-11,746389.15,Active
3991,5041,73,3309454.34,1603213.71,10.376,20,2023-08-27,1457522.66,Active
3992,9618,94,1365387.31,903375.43,10.366,25,2022-06-29,566227.49,Active
3993,6532,98,5761299.71,2498953.52,7.799,30,2024-12-26,2170625.18,Active
3994,23046,18,2584591.33,1609150.4,9.312,10,2024-04-04,1434992.75,Active
3995,9144,73,18384879.43,13105240.62,7.407,10,2022-09-20,10759611.53,Active
3996,11471,44,1993957.06,1452820.23,7.993,20,2024-06-19,632029.62,Active
3997,10890,7,3465628.19,1520636.48,7.277,15,2023-04-01,1029440.05,Active
3998,24316,62,1914449.97,934917.53,7.12,30,2024-05-17,481719.54,Active
3999,23837,5,4410427.9,2905685.26,11.316,25,2023-02-22,2097599.39,Defaulted
4000,22290,89,3480534.65,1916017.23,11.458,30,2022-05-08,1030313.29,Closed
4001,8323,86,3921641.28,1853155.41,7.968,30,2022-07-03,1531600.36,Active
4002,5355,3,2969257.67,1199655.4,10.132,20,2023-01-15,701753.8,Active
4003,2733,78,3777133.33,2093611.8,9.201,25,2022-02-09,1054266.35,Active
4004,3608,97,2468441.59,1091820.99,10.23,20,2024-11-21,396554.49,Active
4005,22081,59,4292628.49,2838399.29,7.679,30,2024-09-11,1324692.3,Active
4006,1202,68,3133910.2,1681620.03,8.216,30,2022-08-18,1223153.7,Active
4007,20288,14,2083049.96,1139079.68,10.823,10,2024-03-19,872966.5,Active
4008,21633,2,6587874.6,2929185.43,7.396,30,2023-02-15,1929290.51,Active
4009,19820,83,4444816.15,2688065.0,8.467,25,2023-03-28,1973809.6,Active
4010,19218,70,3460195.52,2001585.79,9.422,15,2024-06-13,1387761.24,Active
4011,18338,43,2746371.68,1544065.93,10.261,25,2023-06-12,1101568.29,Active
4012,6100,97,1000000.0,733680.16,6.689,20,2024-02-20,311510.68,Active
4013,9644,76,2337084.92,1481513.67,9.298,30,2022-08-10,938675.82,Defaulted
4014,2193,58,2799925.08,2101744.42,7.984,15,2024-02-20,1048052.15,Closed
4015,8394,10,1597244.22,732154.29,8.133,15,2022-07-09,249931.08,Active
4016,6465,17,2421709.79,1529229.09,8.618,10,2023-09-25,1109677.99,Active
4017,22970,40,1632046.33,1281776.5,9.87,20,2024-07-15,437483.31,Active
4018,20171,46,6170254.08,3934182.37,10.851,30,2024-07-05,2908025.7,Active
4019,744,43,3651794.62,2270784.92,9.191,25,2022-10-04,1044573.78,Active
4020,24794,92,2648598.55,2084804.94,10.62,30,2024-02-07,744313.94,Active
4021,16908,97,1381325.42,1021437.68,7.005,15,2022-08-30,786550.69,Active
4022,5431,41,4332438.7,2279012.58,10.992,20,2024-05-31,922257.53,Active
4023,5904,88,3709549.88,2410517.58,9.184,15,2024-07-23,1570449.39,Active
4024,3162,29,3482680.08,1583687.76,6.587,20,2024-03-19,699827.1,Active
4025,23675,74,5008555.69,3092172.74,7.849,30,2022-01-06,1990964.98,Active
4026,2052,37,2583511.42,1999750.47,8.918,25,2023-12-23,1572596.65,Active
4027,5874,5,8922261.71,6637568.42,11.464,15,2024-10-07,4913590.67,Active
4028,21560,4,4728295.45,2102467.91,9.322,15,2023-12-03,1678412.28,Defaulted
4029,12051,15,4700219.62,2198351.52,10.788,30,2022-10-03,1477799.09,Active
4030,8952,4,2492207.17,1413807.35,11.492,10,2024-02-01,800847.28,Active
4031,14338,1,4980778.12,3947243.45,7.202,20,2022-06-13,1999765.46,Active
4032,13533,43,2513381.09,1472311.69,9.118,10,2024-12-30,746184.88,Active
4033,24641,18,2495617.37,1374124.08,11.276,10,2022-02-11,669176.25,Active
4034,1451,95,5349386.77,3189396.74,8.704,20,2023-03-18,2286149.99,Active
4035,5199,74,5353091.05,3018195.75,9.17,25,2024-12-04,2515253.41,Active
4036,10335,57,3161415.65,1511424.09,11.46,10,2022-11-14,1156151.78,Closed
4037,21067,78,8369285.51,6612976.39,9.593,25,2023-11-22,3361227.25,Active
4038,22501,3,2811814.18,2239418.17,10.455,15,2022-07-06,1082160.45,Closed
4039,15219,2,1000000.0,651667.89,6.853,10,2024-08-10,417608.93,Active
4040,7366,27,2572758.62,1648102.51,9.024,10,2022-06-01,1034037.41,Active
4041,3424,33,2662258.72,1450171.9,10.773,10,2022-10-14,903021.26,Active
4042,24494,52,1791139.62,752582.47,10.227,30,2022-10-04,284543.45,Active
4043,23358,29,8519109.48,5548290.65,9.073,15,2023-05-19,4313572.05,Active
4044,22249,95,2102045.52,1501748.71,7.977,30,2023-01-12,958411.28,Active
4045,17453,60,3459329.95,1902961.33,7.247,10,2022-12-09,746287.56,Active
4046,5317,81,1918905.11,1498260.2,10.942,15,2024-02-17,653374.93,Active
4047,4445,80,10367756.87,7674954.66,7.956,30,2022-12-21,4345602.98,Active
4048,21062,57,1921953.31,1509570.29,9.113,20,2023-08-26,651407.6,Active
4049,11476,90,5173962.72,2153832.05,10.929,25,2022-02-24,896627.38,Active
4050,17026,26,2871705.22,2070745.38,9.036,30,2022-03-03,697168.74,Active
4051,2496,86,2655202.5,1265955.04,9.892,15,2022-01-10,851593.45,Active
4052,14222,10,1737420.7,1138074.46,7.258,10,2023-12-17,903452.38,Active
4053,2125,55,12219232.66,7331910.04,8.639,15,2022-06-06,3160098.15,Active
4054,1703,2,8796412.43,6568812.02,11.164,25,2022-03-05,5803359.33,Active
4055,5455,20,6054108.98,4602217.92,6.625,15,2023-02-11,2953664.73,Active
4056,16020,65,3235354.87,1992773.64,9.148,20,2023-10-24,1282232.18,Active
4057,21309,52,2333110.63,967353.3,9.693,10,2022-01-22,774955.51,Active
4058,3601,46,4450711.41,3167825.62,8.99,30,2023-07-05,1128448.95,Active
4059,20388,68,4006773.97,1899033.27,8.984,10,2024-08-24,814442.53,Active
4060,19340,90,4513492.13,2520633.55,9.969,30,2023-01-14,860125.28,Closed
4061,1940,87,2807249.58,1216493.06,8.152,30,2022-08-24,842204.16,Active
4062,2756,88,3471651.1,1414685.55,10.942,25,2023-07-05,1310143.06,Active
4063,10523,61,2543273.08,1753712.9,9.183,15,2023-08-17,571547.54,Active
4064,5988,73,1203896.79,621152.04,11.481,15,2024-12-07,335450.19,Active
4065,479,31,2446618.3,1207441.46,10.003,30,2022-04-06,655695.55,Active
4066,24572,64,5416449.61,2696998.34,10.178,30,2022-02-08,820908.48,Active
4067,20227,61,11608481.17,7223815.9,11.106,30,2024-06-16,2516498.34,Active
4068,16954,83,8354124.1,5791206.52,10.391,30,2024-09-27,5497656.8,Active
4069,19002,25,2142280.63,859793.63,10.449,10,2022-04-25,514423.79,Active
4070,9744,19,5219154.42,2841857.05,8.938,15,2024-09-15,1394383.83,Active
4071,1143,78,6303034.24,2742719.91,10.607,20,2022-01-27,1786649.84,Active
4072,8300,55,6315597.07,4620141.74,11.177,10,2022-10-28,3008051.45,Active
4073,24038,36,6937579.39,4660023.76,8.618,20,2024-03-11,3708696.54,Active
4074,2555,49,6126124.17,2919767.13,9.004,25,2023-05-26,942319.31,Active
4075,10658,91,3576814.83,2666467.4,10.671,20,2023-11-19,1336272.18,Active
4076,578,16,2033658.17,889860.05,9.476,10,2024-03-29,543736.75,Active
4077,16454,3,1755779.12,778099.18,7.772,15,2022-09-02,523009.33,Active
4078,11965,17,5271294.41,3761084.56,9.175,25,2022-04-18,2644868.21,Active
4079,14214,94,2223294.14,1402036.05,7.66,30,2024-08-11,776114.8,Active
4080,4456,12,2059596.03,1530526.33,9.69,30,2024-05-10,1389448.82,Active
4081,4297,98,1497356.21,1100155.43,9.473,15,2024-04-18,856883.48,Active
4082,16840,94,2399094.37,1258767.46,9.443,15,2022-03-03,1182117.84,Active
4083,22458,20,6744931.78,3837315.31,7.699,20,2022-10-31,1926409.25,Active
4084,20269,85,5274097.78,3522865.98,7.302,20,2024-06-05,3314212.42,Active
4085,330,76,2954493.5,1859979.52,10.088,15,2022-05-07,1674110.62,Active
4086,16826,53,3946163.93,3095838.26,10.164,15,2024-10-23,2066187.71,Active
4087,15096,8,2309546.22,1830486.65,11.085,30,2022-03-11,751525.06,Active
4088,117,1,3762279.64,1883078.4,7.633,30,2023-03-04,1415678.26,Active
4089,21526,83,2280046.41,1798675.47,7.074,30,2022-05-09,1175813.66,Active
4090,6798,70,2569489.16,1313243.66,6.507,30,2022-03-13,522985.08,Active
4091,23174,16,4391931.61,2662512.99,7.124,30,2022-08-09,2271280.54,Closed
4092,12314,98,1000000.0,446274.01,6.949,25,2023-03-09,344378.99,Active
4093,22580,60,2507717.43,1430236.59,8.871,25,2023-02-13,533299.86,Active
4094,14007,98,3499534.74,2793716.54,7.261,25,2022-01-28,1022216.18,Active
4095,5517,43,3998424.4,3187720.72,6.965,15,2022-08-26,1366646.22,Active
4096,19175,99,2204537.15,1639347.8,8.163,30,2023-03-13,815582.98,Active
4097,21732,31,2259983.32,1068726.03,7.342,15,2022-11-21,423848.22,Active
4098,14787,47,4232779.72,2926010.46,8.07,10,2024-09-20,1955209.68,Active
4099,18889,3,3379433.13,2337594.22,7.33,20,2022-12-09,1385096.65,Active
4100,1249,44,3036268.91,1237474.05,11.285,20,2022-06-11,978123.39,Active
4101,22503,27,2426074.57,1661435.62,9.601,10,2023-07-23,1126923.01,Active
4102,3908,17,6407909.12,3849317.12,9.032,25,2024-10-15,1227129.55,Active
4103,6228,27,3267743.51,1748517.15,10.87,30,2024-08-19,1004019.22,Active
4104,17430,76,4727031.6,3309202.03,10.021,10,2022-12-30,1795033.8,Active
4105,18134,76,3988569.48,1760784.19,7.463,20,2022-06-13,751777.93,Closed
4106,10350,10,9106138.06,6536136.16,6.515,30,2023-03-19,4174695.94,Closed
4107,5774,22,3003485.22,1952215.19,8.363,15,2022-10-09,1281789.25,Active
4108,11413,20,3069673.91,2228347.66,11.316,25,2023-09-21,1967868.21,Active
4109,3732,28,1749977.77,1097478.09,8.587,10,2023-01-26,539975.91,Active
4110,11499,10,5855108.37,4484750.75,11.403,10,2022-07-07,1362539.45,Active
4111,15977,1,1081069.83,783801.04,7.703,15,2024-07-31,555540.22,Active
4112,7421,45,4867066.52,3739771.5,11.32,15,2023-05-22,2737959.75,Active
4113,23148,44,2623721.34,1391606.79,9.473,20,2023-12-23,798906.71,Closed
4114,5830,19,4016293.36,3007992.52,7.48,10,2024-11-19,2270278.23,Active
4115,13450,22,1766239.9,1032328.79,6.859,20,2022-12-03,938730.99,Active
4116,23027,63,3278777.01,2307515.05,9.884,10,2023-04-12,1212876.65,Active
4117,1851,45,2230147.44,1032070.38,8.452,20,2022-10-19,774839.64,Active
4118,7834,100,4570602.01,2184687.99,8.352,20,2022-09-10,2016420.57,Active
4119,10692,40,3078533.43,1289904.16,8.427,10,2024-12-25,968461.91,Active
4120,4494,85,5596510.93,2851898.96,7.654,10,2024-07-29,2623152.2,Active
4121,15036,74,1971403.33,846856.18,9.296,20,2022-04-10,683215.36,Active
4122,2058,46,5088322.78,2329528.99,7.209,25,2024-03-16,1125648.78,Active
4123,23548,82,3694064.12,2829397.15,7.556,15,2022-08-16,892126.96,Active
4124,5410,26,3639147.77,1946623.94,7.157,10,2023-07-17,748404.78,Active
4125,11021,94,2917673.44,1946435.94,8.987,25,2023-11-30,1016211.06,Active
4126,17245,41,3226446.04,1771911.18,10.05,10,2023-01-28,1095559.14,Active
4127,16821,66,1363099.9,1023741.62,8.738,25,2022-03-27,521708.02,Active
4128,16906,38,3377737.68,1587663.57,10.081,20,2024-05-27,923474.63,Active
4129,2572,87,2871909.75,1840138.04,9.764,20,2023-06-06,1337321.1,Active
4130,10937,99,2243257.54,1185270.44,8.321,15,2022-08-31,855007.2,Active
4131,2169,61,6248787.93,3236133.33,10.625,15,2023-03-26,2005810.82,Active
4132,24268,42,2993546.96,1845464.76,10.09,15,2022-09-04,1102411.16,Active
4133,3530,49,12893856.67,5785077.91,7.448,10,2022-08-30,4377307.35,Active
4134,20260,53,4666060.4,2608378.13,10.625,25,2024-05-07,1795670.82,Active
4135,18128,34,3471671.82,2168110.26,6.772,10,2022-07-18,1428018.48,Active
4136,22098,21,5428396.7,2177072.92,8.915,10,2024-11-16,943074.54,Active
4137,7871,40,1372417.42,814677.21,9.957,15,2023-10-30,555116.3,Active
4138,7066,14,3504710.99,2447003.42,8.701,25,2024-02-10,1684721.85,Active
4139,12426,82,1723695.22,1038367.26,8.563,10,2024-09-01,731160.45,Active
4140,8275,47,8176772.46,4007032.67,10.111,15,2023-05-28,1350758.24,Active
4141,14093,42,4143786.65,3308285.17,10.745,30,2024-04-25,1626355.89,Active
4142,5037,56,5031219.86,3397934.03,7.024,25,2023-09-25,1525725.62,Active
4143,7533,8,3230979.15,1329327.81,7.882,20,2022-05-10,744815.44,Active
4144,208,91,3173459.12,2248597.63,7.289,20,2022-05-04,1920239.14,Active
4145,24517,4,1774631.53,938923.38,8.443,10,2023-07-22,756027.17,Active
4146,7499,48,1176740.61,757626.37,10.594,25,2022-06-18,590328.92,Active
4147,2003,41,3297359.61,1969654.54,7.192,20,2022-11-12,1751650.8,Active
4148,24932,12,5674068.8,3657500.35,8.45,15,2022-04-13,2475006.1,Active
4149,4114,24,2762462.75,1414367.74,9.29,10,2023-07-03,1107529.69,Active
4150,22066,92,3938617.26,2497853.36,10.823,15,2023-04-30,1766197.76,Active
4151,11936,7,1240374.71,920517.69,10.821,25,2023-12-25,416263.43,Active
4152,21818,53,4400098.52,2967180.87,9.775,15,2023-08-25,1475874.44,Active
4153,20142,3,2602977.5,1956495.02,8.995,15,2022-12-20,1317337.1,Active
4154,2996,13,2452013.18,1453302.41,8.883,30,2022-10-03,1346734.82,Closed
4155,17236,44,7032155.04,4657512.81,7.983,10,2023-08-07,3153065.67,Closed
4156,24141,26,2687962.37,1924620.1,10.956,15,2022-04-13,993821.51,Active
4157,14538,28,8688563.13,4818913.33,11.303,15,2023-04-07,2875854.42,Active
4158,1340,71,4733009.08,1939150.83,10.16,30,2024-06-22,1681295.71,Active
4159,327,8,2709225.79,1977326.03,11.288,25,2024-07-12,711695.58,Active
4160,13802,37,6117826.33,2692208.55,8.199,25,2023-12-27,1839793.36,Active
4161,2802,29,3615903.82,2445728.85,9.072,15,2024-04-05,1032706.76,Closed
4162,20837,84,3321822.68,2415284.9,7.843,30,2022-06-27,2084610.2,Active
4163,15191,93,6456456.55,4489813.38,8.179,10,2023-04-16,4146556.73,Active
4164,2365,54,4755983.24,3638377.6,10.472,15,2023-05-05,3300516.58,Active
4165,21672,19,2157363.65,1342601.84,6.862,15,2024-10-03,503490.92,Active
4166,5023,37,2237080.47,1222455.31,7.492,25,2024-08-11,470565.68,Active
4167,10817,12,6079756.54,3726535.65,10.688,15,2023-03-07,2888390.44,Active
4168,18322,29,5810585.5,4423191.77,11.383,20,2023-06-10,3983406.84,Active
4169,7890,11,1756622.97,1236511.58,10.437,10,2022-06-20,731197.63,Active
4170,13285,69,4125656.1,2341743.22,10.664,25,2024-11-01,2154180.08,Active
4171,11058,53,9104368.32,6902500.96,7.044,30,2024-12-03,5846551.99,Defaulted
4172,947,76,2887178.48,2072859.61,11.464,25,2023-01-29,1755700.43,Active
4173,3498,78,2371212.53,1619238.37,10.716,25,2022-10-07,715620.29,Active
4174,12474,37,3574975.33,2172247.13,10.885,10,2023-06-19,1338706.26,Active
4175,20518,99,1818531.89,1421588.14,10.54,10,2024-01-25,1174322.59,Active
4176,6463,39,2000006.02,1202832.37,8.39,30,2022-03-24,1057797.15,Defaulted
4177,3669,80,3570443.58,2044758.76,6.505,15,2022-01-15,1285912.75,Active
4178,18715,96,4108740.01,2239256.7,10.295,30,2023-03-04,1754871.4,Active
4179,5442,49,4332094.66,2468552.51,10.789,20,2023-08-13,2291004.0,Defaulted
4180,9325,9,2991144.62,1921686.61,10.716,30,2022-11-08,1368635.99,Active
4181,139,93,7730522.09,5654287.22,8.731,25,2023-04-23,3493878.38,Active
4182,21828,4,2379685.03,1653412.32,10.71,10,2022-06-24,998789.35,Active
4183,18565,85,4781826.23,2915505.44,9.615,10,2023-10-18,1906536.06,Active
4184,9007,23,1000000.0,765377.9,10.15,30,2023-03-15,508864.64,Active
4185,11885,84,3441353.79,1834910.33,11.43,25,2022-03-12,1255481.3,Active
4186,21068,11,2943443.45,1322676.76,11.031,15,2024-08-25,496191.94,Active
4187,13635,84,2671397.78,1389802.37,10.216,25,2023-04-17,1206577.23,Active
4188,8846,52,1038620.52,752555.3,9.802,25,2022-11-11,272610.17,Active
4189,9300,100,3431056.73,1806855.6,6.73,20,2023-01-22,1439305.7,Active
4190,13719,76,2747374.09,1361718.32,7.964,20,2024-05-14,431266.74,Active
4191,14861,29,2192903.35,949573.89,8.86,15,2024-01-06,358651.31,Active
4192,16226,50,2039964.89,1372858.94,6.515,10,2022-04-03,1225047.16,Active
4193,2952,19,4295726.83,2362412.1,6.984,20,2023-01-13,850253.33,Active
4194,16171,95,1917067.92,1056363.73,8.961,30,2023-08-06,886145.75,Active
4195,11806,52,2652776.47,1298375.16,7.957,30,2023-03-13,1149427.63,Active
4196,7818,94,4562342.93,3451946.91,10.581,20,2022-10-03,2309587.38,Active
4197,24837,64,2059108.55,1594053.96,10.876,10,2024-04-14,1222895.78,Active
4198,2346,16,1047599.24,590068.99,9.56,25,2024-01-14,464583.0,Active
4199,20894,11,1000000.0,622590.34,10.208,15,2024-02-16,408936.23,Active
4200,15395,13,7552973.92,5872844.81,11.247,30,2022-07-12,5372271.14,Active
4201,24274,29,3103298.83,1826012.41,8.454,15,2023-05-07,694893.16,Active
4202,19895,37,11629055.93,5487120.29,11.33,10,2022-06-29,3466147.33,Active
4203,19921,69,3323611.12,1781240.71,10.998,15,2022-08-07,1256083.05,Active
4204,22650,65,9809237.46,6209112.85,8.656,30,2024-06-13,4425174.17,Active
4205,24689,33,1710981.92,1167803.72,10.553,25,2022-11-12,697270.19,Active
4206,20072,42,1622850.54,1053795.39,9.643,20,2023-01-25,740429.27,Active
4207,13999,72,3624462.91,2159964.12,7.918,10,2023-12-09,1629821.05,Active
4208,12301,39,6407008.82,4977719.78,8.966,10,2024-08-25,2075965.97,Active
4209,20827,41,6984107.97,4254218.5,7.949,10,2022-01-12,3184916.76,Active
4210,23200,93,5179321.08,2529249.71,8.67,20,2023-08-05,899930.78,Active
4211,16158,73,8376718.1,5842154.84,9.883,25,2023-10-31,4718516.64,Active
4212,14899,42,2936911.71,1720937.71,11.324,15,2024-01-18,1336581.24,Active
4213,5307,54,7399257.32,4047250.98,11.326,25,2023-04-15,3504327.86,Active
4214,16152,51,1925448.22,1050041.36,9.715,10,2023-01-14,438600.88,Active
4215,19608,13,3872043.71,1852013.85,8.918,20,2024-03-17,1351595.78,Active
4216,4747,49,3256205.89,1736583.59,8.818,25,2023-07-23,1613146.16,Active
4217,1417,71,2551417.05,1645419.41,10.052,15,2022-03-07,1501682.17,Active
4218,4147,72,3466995.1,2025495.22,6.711,20,2023-11-01,896177.1,Active
4219,5356,67,9215434.93,5785681.32,8.807,10,2024-02-06,2725536.24,Active
4220,24943,2,4780005.59,3250384.05,11.417,30,2022-12-30,2841351.64,Active
4221,21661,94,1987188.04,1274681.39,8.701,15,2022-10-07,647868.95,Active
4222,2130,44,2601259.64,1252523.44,11.042,25,2022-03-01,491494.02,Active
4223,11882,98,1640581.81,710684.02,7.066,10,2022-12-14,275773.35,Active
4224,5011,23,2443169.32,1842619.31,7.096,20,2022-01-08,1037881.07,Active
4225,8556,24,1332889.64,925495.7,6.9,15,2023-05-30,359779.2,Active
4226,11649,92,1000000.0,413338.75,7.249,15,2024-02-11,205348.53,Active
4227,13409,13,1000000.0,490715.95,8.319,15,2023-02-13,379528.61,Active
4228,20578,62,1284591.97,600152.12,8.423,20,2022-07-10,287100.37,Active
4229,12286,63,2931459.59,2336255.93,9.767,10,2022-03-15,1781972.16,Active
4230,7959,78,1471693.02,770706.26,9.198,25,2022-02-13,572171.04,Active
4231,72,60,1583624.04,809930.56,6.876,10,2023-12-08,336421.69,Active
4232,16414,27,5260518.75,2656022.33,6.865,20,2023-10-06,2222975.57,Active
4233,23598,6,4746691.65,3132823.29,10.863,30,2023-08-24,1707920.31,Active
4234,2486,39,2697065.67,2047891.03,7.921,20,2022-04-24,705215.59,Active
4235,21025,21,5354792.67,2280537.88,9.058,15,2024-10-17,1844385.37,Active
4236,8022,52,4967353.92,3375396.89,8.994,10,2022-12-09,1986803.98,Active
4237,10995,22,2259054.83,1198756.31,9.451,25,2024-08-24,855954.68,Active
4238,16559,33,2191314.6,1633627.53,7.595,30,2022-09-11,1328918.63,Active
4239,7010,96,1780770.28,1284497.59,10.358,10,2023-05-26,391455.17,Active
4240,13848,9,3726406.64,2194563.41,10.528,10,2023-03-16,1790812.97,Active
4241,17510,45,1573693.31,1036643.11,7.062,30,2024-03-12,633789.61,Active
4242,4284,8,1984211.62,1078869.57,7.056,20,2022-09-02,517895.11,Defaulted
4243,8629,95,3369482.4,2385184.82,10.707,10,2023-07-30,2222790.7,Active
4244,1955,77,1000000.0,560546.16,11.147,15,2024-01-09,394586.3,Active
4245,17254,15,1695526.72,894706.03,8.687,25,2024-07-24,754612.01,Active
4246,205,65,3675409.42,1729763.78,8.464,30,2023-01-13,614564.79,Active
4247,20411,55,4434893.44,2774842.52,8.513,10,2024-11-04,852904.42,Active
4248,17076,51,2869300.97,1686236.53,9.622,10,2024-04-13,713818.43,Active
4249,22245,93,2344314.78,1166901.98,10.34,15,2022-08-09,521784.61,Active
4250,1193,81,2563564.94,1097411.71,9.304,25,2022-03-14,780755.92,Active
4251,7649,56,1450056.37,953547.45,7.503,20,2024-07-12,665433.01,Active
4252,16316,23,5476221.66,3809785.41,6.629,25,2023-04-25,3382651.58,Active
4253,15226,24,2510162.23,1139238.47,10.458,10,2024-04-18,851511.24,Defaulted
4254,11045,34,1672601.35,1114207.58,9.442,10,2024-08-10,356353.45,Active
4255,12252,50,5207683.22,2861477.24,6.581,30,2024-07-02,1266441.15,Active
4256,23089,98,2241914.53,1441861.15,8.272,10,2022-09-12,1088023.34,Active
4257,9015,73,4507830.77,2733848.56,7.477,30,2024-01-10,2260561.7,Active
4258,6130,11,1704831.21,1113744.78,10.658,15,2024-08-10,561960.51,Active
4259,7306,53,6722335.15,3191925.31,10.752,20,2023-08-07,2559459.05,Active
4260,8788,28,5082476.72,3054569.01,10.046,20,2022-12-30,1128442.07,Active
4261,13471,24,3845045.26,2674393.45,8.433,10,2024-08-25,1618414.55,Active
4262,3131,96,5001849.14,3995075.99,10.263,20,2023-06-18,1280212.27,Active
4263,21290,52,12608584.41,9522024.97,8.0,10,2023-10-17,5400723.42,Active
4264,888,69,1801120.8,1166036.8,11.083,10,2022-07-30,957803.07,Active
4265,18886,8,3107796.44,1734883.78,6.734,15,2022-05-12,715449.87,Active
4266,20441,70,1587657.06,921883.25,9.055,25,2022-08-08,544157.42,Active
4267,8449,61,4204116.19,2638804.75,7.657,15,2023-03-21,2489550.73,Active
4268,8829,67,7285625.32,4495764.89,8.765,25,2022-05-15,1847175.29,Active
4269,12150,81,4966357.36,3873129.75,10.642,15,2024-06-26,3001447.25,Closed
4270,4090,100,3590369.73,2191466.2,9.953,20,2024-03-07,996372.69,Active
4271,23934,99,8445756.25,5023308.96,8.19,10,2023-03-13,2640798.23,Active
4272,6772,8,3983141.94,3146394.92,9.691,15,2023-01-08,2621154.53,Active
4273,7736,85,3038546.28,1885417.93,8.084,20,2022-06-25,1364586.65,Defaulted
4274,479,8,4813937.89,2918810.76,7.378,25,2023-05-18,2131394.85,Active
4275,20103,47,9527461.73,6934072.11,11.169,15,2024-10-03,4367108.04,Active
4276,14273,36,4552551.03,2587088.7,7.823,15,2022-02-02,2059568.67,Active
4277,15707,91,2941239.12,2160401.23,7.875,15,2024-10-10,1574169.25,Active
4278,15570,3,2405153.86,1599722.34,7.288,10,2022-01-13,984903.53,Active
4279,6219,57,1515689.28,1120998.97,9.404,30,2023-11-07,381025.6,Active
4280,16067,79,1088986.67,476028.12,9.638,15,2023-09-30,350605.73,Active
4281,23739,99,2172974.12,1046264.93,8.56,30,2024-07-29,971241.58,Active
4282,9673,77,2413021.81,1860592.45,8.407,30,2024-01-14,1729555.05,Active
4283,8121,12,3363633.71,2355002.06,7.752,20,2022-12-08,1942090.43,Closed
4284,11810,37,2159242.47,929824.75,11.207,25,2022-08-25,753893.98,Active
4285,22295,65,3349134.47,1513298.4,11.273,30,2023-07-29,1082206.47,Active
4286,4644,5,2172314.41,1020585.58,11.199,10,2024-03-10,711258.44,Active
4287,16715,10,6153602.52,3567705.66,8.467,15,2024-02-11,2367743.85,Active
4288,23811,50,1000000.0,576328.53,9.095,15,2022-05-26,373646.53,Active
4289,1771,68,2460341.74,1348480.81,8.198,25,2023-11-16,1101792.98,Active
4290,18454,12,4551994.86,2677335.09,9.038,10,2023-02-24,1294366.65,Active
4291,17672,18,2887195.85,1730074.05,9.503,25,2024-01-13,522358.7,Active
4292,5375,81,2253446.94,1732848.05,10.449,20,2024-06-04,1186876.42,Closed
4293,19606,59,2321331.55,1622905.77,11.108,30,2024-11-01,1004794.64,Active
4294,4334,27,3797811.74,2705736.17,11.143,10,2024-02-01,1895865.3,Active
4295,5994,49,2172378.39,1332485.36,10.091,15,2022-01-07,612521.39,Active
4296,14842,7,1337334.96,940653.21,7.306,10,2022-10-12,614527.83,Active
4297,4189,66,1152215.03,637452.78,9.481,30,2024-10-03,367413.89,Active
4298,24363,88,3866524.08,2876018.52,7.941,20,2024-04-30,2219816.72,Active
4299,21578,9,4981129.33,2261795.54,8.272,15,2022-08-17,1556361.53,Active
4300,3545,43,1653564.76,948169.68,11.006,20,2023-05-28,569603.37,Active
4301,14156,62,3394212.52,2620182.14,9.196,30,2022-10-18,1035604.64,Active
4302,18373,56,1633971.74,1104114.92,10.962,15,2024-12-31,382216.53,Active
4303,4733,6,4031575.91,2151907.98,11.445,30,2022-07-09,914141.66,Active
4304,18290,72,3167262.32,1671650.07,8.537,30,2022-12-23,534997.07,Active
4305,22816,53,1674731.5,1058358.79,10.564,15,2023-12-21,702390.17,Active
4306,12063,24,2141376.17,1160358.84,7.639,15,2024-11-19,952865.44,Active
4307,6767,8,5361260.21,2833692.98,8.479,15,2023-01-22,1896933.66,Active
4308,11769,4,2354387.5,1615225.84,8.417,20,2024-03-06,559044.41,Active
4309,3974,82,1524234.93,626101.22,6.897,20,2024-02-18,579991.81,Active
4310,17771,57,2600983.74,1126460.14,10.376,20,2024-09-14,902122.19,Active
4311,8986,77,1780562.77,996744.28,7.385,20,2023-02-11,868641.17,Active
4312,14701,77,2017503.42,1238722.57,8.976,20,2022-11-29,1053822.91,Active
4313,18085,91,2594448.43,2074044.8,11.286,20,2022-09-06,1541233.73,Active
4314,14582,31,11575143.88,5030335.07,7.543,20,2022-01-15,4066676.22,Closed
4315,2735,59,5327608.84,3207057.32,9.668,20,2023-09-21,1944323.83,Active
4316,11947,70,14750928.33,7435995.08,11.279,30,2023-03-09,5264215.32,Active
4317,21326,85,11435407.94,5993703.56,9.864,10,2023-03-20,3043922.74,Active
4318,1870,41,2757667.54,1235851.92,9.105,30,2022-10-07,856542.68,Active
4319,6983,9,12959948.06,8981367.11,7.8,25,2024-07-23,4685978.67,Active
4320,18459,17,3324886.56,2569231.97,10.18,30,2024-06-22,2041673.52,Active
4321,4202,56,4532362.41,2219690.51,7.207,15,2022-07-24,1811721.68,Closed
4322,18975,66,6527998.64,3003609.37,8.206,25,2022-03-19,1815649.7,Active
4323,24968,7,3049828.14,1705966.09,8.115,10,2022-08-17,1042810.81,Active
4324,24842,90,3689107.19,2165421.07,9.216,30,2022-07-30,1264925.34,Active
4325,1433,97,2931739.84,1630241.95,10.246,15,2022-11-25,720303.46,Active
4326,2053,47,1757157.15,703482.59,6.563,10,2023-08-30,490663.32,Closed
4327,24392,51,2579295.64,1234623.0,8.362,10,2023-08-30,1019966.2,Active
4328,11121,92,4593410.92,1909508.89,9.738,20,2024-02-15,1785084.79,Active
4329,8900,23,2398351.66,1801605.6,8.062,25,2022-08-19,1506496.47,Active
4330,7507,34,1802360.46,1324975.5,9.479,10,2022-12-29,806343.33,Active
4331,15422,17,3673705.66,1584987.66,6.602,30,2023-10-19,1223417.92,Active
4332,4458,44,9031069.9,4209987.8,6.707,20,2024-02-08,3947365.09,Active
4333,13065,6,3559496.51,2816086.95,11.475,15,2024-09-09,2511903.92,Closed
4334,1617,47,1883842.05,888038.11,11.207,25,2022-04-15,830817.38,Active
4335,23420,25,2877803.27,1665126.61,6.7,30,2024-08-28,1068258.33,Active
4336,23908,8,3799156.54,2038883.89,8.925,10,2024-09-27,1166166.2,Active
4337,2539,23,1083264.91,537468.41,10.571,10,2022-10-26,275443.27,Active
4338,13781,85,4688974.94,2811842.08,8.084,15,2022-09-16,2047596.71,Active
4339,5637,16,4647336.64,2476940.33,8.336,20,2022-07-24,2198520.64,Active
4340,17028,53,1389521.65,1092158.26,7.868,30,2022-11-11,542621.79,Active
4341,57,37,2881712.35,2262870.63,9.318,25,2023-02-14,1256870.58,Active
4342,13067,54,5783395.12,2905896.43,9.052,25,2023-10-28,1486458.84,Active
4343,24330,14,1282042.75,565299.84,6.865,20,2023-01-26,285760.03,Active
4344,12537,35,3439747.34,2109041.29,9.212,25,2024-03-29,1632940.94,Active
4345,6231,12,6769924.57,5209742.21,9.713,15,2023-10-08,1953105.69,Active
4346,18067,47,1000000.0,783772.69,8.003,30,2022-04-05,633433.0,Active
4347,21267,7,8610416.03,5588167.51,8.992,15,2023-11-27,3948115.69,Active
4348,18409,34,2198574.92,1251762.08,10.653,20,2023-02-12,1158254.2,Active
4349,22,84,3169182.95,1850175.27,10.152,30,2022-06-21,982592.3,Active
4350,11737,85,3508625.66,2735373.33,10.516,20,2024-05-21,1338920.95,Active
4351,20262,62,4036993.84,2921641.1,10.602,15,2022-08-15,1752443.48,Active
4352,20750,50,3581149.42,2526006.87,7.234,30,2023-10-21,1438842.5,Closed
4353,18288,77,1934031.79,1483123.51,8.032,25,2024-05-07,1346847.9,Active
4354,6352,40,4401175.21,2387326.52,7.553,10,2022-12-24,1642247.67,Active
4355,5122,54,6306320.55,3643360.54,11.274,10,2023-09-04,3410942.0,Active
4356,83,68,2752648.8,2015563.6,7.544,30,2024-12-04,946305.7,Active
4357,15508,27,3275164.88,2315847.67,8.391,25,2024-03-29,1783453.19,Active
4358,23814,38,2321174.4,1490523.62,9.554,20,2023-08-15,1284428.84,Active
4359,20060,56,1248349.25,928722.35,11.387,10,2024-03-09,747764.64,Active
4360,9321,92,1281179.57,656584.51,8.736,30,2023-03-08,208527.65,Active
4361,154,79,2274422.55,1592769.52,11.273,30,2022-04-18,788449.01,Active
4362,14986,71,1679812.51,1053526.12,11.094,10,2022-10-05,425694.1,Active
4363,7458,1,3629579.44,2758056.37,9.026,25,2024-08-13,2042682.62,Active
4364,4059,13,3189025.86,2450241.61,6.71,25,2022-08-09,2279668.45,Active
4365,17623,80,2189570.22,1208149.58,11.474,15,2024-04-26,638690.42,Active
4366,24088,45,5176588.45,3904406.85,9.938,15,2023-11-28,3102235.06,Active
4367,17261,23,3610270.41,2821998.48,7.034,30,2022-11-04,2548268.46,Active
4368,8977,80,1725626.82,1185507.72,10.169,20,2023-09-28,891058.31,Active
4369,9138,64,4182698.78,2026697.6,10.089,30,2024-09-28,1082145.27,Defaulted
4370,22264,56,4320069.8,2325481.34,10.645,25,2024-08-15,2201582.87,Active
4371,8053,95,1454853.38,680159.97,10.682,25,2023-10-15,479814.29,Active
4372,19128,47,4458205.0,2311284.17,7.107,15,2023-08-18,1201387.28,Active
4373,23985,94,7101948.47,4311621.9,7.424,30,2022-08-04,3997095.18,Active
4374,7656,76,7294313.83,4082429.02,7.608,10,2022-10-07,3671782.13,Active
4375,4737,71,6171874.39,4166735.13,10.243,20,2023-01-12,3479441.33,Active
4376,10815,23,1562082.96,867879.62,11.411,10,2022-01-27,399806.59,Defaulted
4377,11645,42,1000000.0,504553.0,8.321,25,2024-10-06,158923.92,Active
4378,12168,11,3727355.17,1672942.9,9.455,30,2023-02-27,622655.35,Active
4379,19940,52,3291022.19,1749109.05,10.438,25,2023-05-20,990309.7,Active
4380,19902,17,1432942.0,720254.09,10.61,30,2023-06-15,243972.69,Active
4381,5524,55,2746556.75,1300952.28,7.045,20,2023-04-24,1015452.96,Active
4382,21700,88,1588281.18,810373.99,8.462,10,2024-11-21,311182.84,Active
4383,5230,91,3816516.5,1910889.33,8.01,20,2024-01-03,953789.96,Active
4384,18690,22,1436905.13,710522.88,10.183,20,2022-01-12,290851.09,Active
4385,4678,97,2240304.9,1161772.34,11.22,10,2022-07-15,964299.02,Active
4386,2474,62,4706204.09,2223464.97,7.23,20,2023-09-10,857601.49,Active
4387,11012,20,3165633.13,2507588.53,8.277,20,2022-09-01,2323323.89,Active
4388,12387,92,2541146.33,1709060.74,9.805,10,2024-09-09,1472778.2,Active
4389,13396,27,2870370.72,1982326.07,6.758,20,2023-11-26,1697273.01,Active
4390,186,94,4794912.67,3017298.52,7.779,15,2024-08-25,2162796.65,Active
4391,19783,67,3713290.06,2588504.61,7.572,20,2024-02-25,1321180.32,Active
4392,9774,37,2531426.43,1733481.51,7.817,20,2023-10-31,859232.54,Active
4393,23477,15,3476179.4,2209521.97,9.132,10,2024-06-16,1501364.67,Active
4394,18928,21,3079349.83,2343570.85,11.153,25,2022-04-26,1526101.36,Active
4395,18538,12,6781320.13,3993234.21,10.065,20,2023-09-22,2361091.93,Active
4396,24204,81,4666184.09,2038301.68,8.807,20,2024-02-24,688089.64,Active
4397,811,23,10836086.31,5211141.53,9.799,20,2022-06-03,2797006.97,Active
4398,20488,20,3092506.17,1528890.06,11.165,30,2022-11-17,661488.95,Active
4399,24150,100,3121441.2,1557442.28,10.43,25,2024-02-29,1335695.79,Active
4400,15305,62,4249142.39,3292503.2,6.907,30,2022-06-16,1896472.43,Closed
4401,24437,21,6198596.72,3433740.03,9.926,30,2024-08-13,2277085.05,Active
4402,23368,37,6603538.73,4873205.72,9.139,30,2024-09-28,2176490.74,Closed
4403,8719,1,3073925.43,1397748.4,7.779,25,2024-12-07,765957.54,Active
4404,11771,98,5216149.41,2289765.09,11.446,15,2023-07-26,1594659.8,Active
4405,10794,56,1415782.93,675392.77,8.829,30,2023-07-23,380747.65,Closed
4406,247,11,5521107.38,2779628.38,11.257,20,2023-02-16,2394204.25,Active
4407,2749,94,1187057.64,680531.32,8.029,10,2022-02-21,264958.66,Active
4408,4931,98,2435168.61,1502506.77,9.368,15,2024-05-26,1378356.68,Active
4409,11713,56,4830015.13,3275030.53,11.223,25,2024-02-10,1241350.09,Active
4410,21548,69,6543834.22,2954852.94,7.64,30,2024-06-27,1553890.75,Active
4411,11966,59,2997372.31,1743810.11,8.749,25,2022-06-04,1159351.52,Active
4412,17984,52,7280515.45,3775593.78,9.344,30,2024-01-12,2886165.02,Active
4413,5045,28,5008481.35,3775922.93,10.562,30,2024-04-28,3148095.71,Active
4414,15849,68,1715143.85,691007.66,6.807,20,2023-02-25,230050.11,Active
4415,15965,95,1740891.95,718730.86,8.457,25,2022-02-23,544871.53,Active
4416,3350,8,8417882.77,5284583.05,8.525,25,2024-05-24,1810717.6,Active
4417,9769,58,1465032.79,1133584.18,11.223,20,2022-01-09,652557.15,Active
4418,22405,62,4169278.82,2146302.75,9.877,30,2023-03-27,1453716.05,Active
4419,6942,49,5622261.7,2660729.05,7.853,20,2023-04-24,1830364.12,Active
4420,1565,30,1986009.53,1389006.13,10.085,20,2024-02-26,907410.43,Active
4421,2699,88,1592139.97,771354.6,8.188,30,2022-07-03,290905.78,Active
4422,17708,72,3020096.97,1818528.17,11.341,10,2022-11-27,960085.07,Active
4423,24334,93,6134459.33,3051934.18,6.876,10,2022-05-06,2480357.92,Active
4424,10454,1,1437556.13,1145700.3,8.966,15,2024-12-16,542068.66,Active
4425,6408,19,2893448.11,2171558.27,8.071,25,2024-05-10,1770223.8,Active
4426,1900,35,5206202.99,2482787.07,9.975,20,2024-06-23,816554.55,Active
4427,10676,12,4468078.15,3065727.12,6.526,25,2024-02-23,2823938.24,Active
4428,19716,50,2036082.85,1500375.38,8.135,20,2022-09-21,508376.9,Active
4429,5462,78,4770117.64,3214125.71,10.653,30,2024-08-21,1246080.28,Active
4430,17324,20,7126573.31,4597742.74,6.883,10,2022-12-30,2636266.08,Active
4431,16192,35,8096563.24,3802614.17,8.154,25,2022-09-15,3318952.67,Active
4432,23134,54,3672860.63,2231333.63,6.667,20,2023-02-15,1959903.02,Active
4433,11025,22,5332612.58,3278327.93,6.643,20,2022-10-06,1409083.33,Active
4434,13366,82,1631017.01,1247254.48,7.723,15,2022-04-22,576918.0,Active
4435,18804,75,2669898.5,1292648.17,10.703,25,2022-08-16,978690.16,Active
4436,11772,82,3494086.93,1568161.51,9.839,30,2024-11-19,1269835.33,Closed
4437,11228,37,4761233.46,3219423.6,7.308,30,2023-01-04,1377542.33,Active
4438,20359,8,3584060.73,2175648.35,8.88,15,2022-04-03,1727603.09,Active
4439,8380,96,2448969.27,1080137.59,7.929,20,2022-10-25,430913.35,Active
4440,20698,11,1504206.31,713802.85,8.403,15,2023-12-28,460737.86,Active
4441,13418,70,2904143.62,1997655.47,7.159,30,2022-01-28,1771051.15,Active
4442,14428,62,3965665.66,2437985.44,8.821,20,2023-10-26,2182818.09,Active
4443,13884,10,1572153.11,1121440.59,8.844,15,2023-12-25,712515.0,Active
4444,18550,97,4945007.87,3708554.81,8.053,25,2024-09-23,3256165.3,Active
4445,19155,1,3933675.0,3103896.97,10.424,30,2024-05-16,2294913.42,Active
4446,16642,75,2696051.32,2080802.28,7.57,30,2022-08-06,992655.3,Active
4447,23993,9,7599665.63,3823702.52,9.336,20,2023-11-25,1892265.64,Active
4448,2159,92,3611840.45,1566545.63,11.014,25,2023-10-31,1070440.81,Active
4449,23614,64,1906605.2,1185458.17,7.994,10,2022-01-07,587629.54,Active
4450,19924,41,4971032.84,2003268.94,11.343,25,2024-09-23,877827.96,Active
4451,5666,83,6585748.67,3826790.49,7.44,10,2022-09-21,1735668.49,Active
4452,16718,34,4144346.38,2103585.32,6.892,30,2024-08-18,1189905.32,Active
4453,11428,97,5491844.52,2911490.03,9.056,15,2024-02-12,2747196.96,Defaulted
4454,8123,81,1158151.36,734875.29,9.046,20,2023-10-10,501616.98,Active
4455,7630,34,2877351.02,2152711.51,6.744,10,2024-07-08,1424301.55,Active
4456,15451,65,3374566.3,1904831.96,7.364,15,2024-01-14,700437.66,Active
4457,24519,42,2232726.51,1446029.51,8.728,20,2022-07-20,1293329.84,Active
4458,4728,18,2024598.65,1255057.65,7.65,15,2024-11-17,830261.25,Active
4459,16512,32,2017748.28,1597759.32,8.592,20,2024-04-13,1007844.84,Active
4460,11624,65,2116613.9,1588668.32,11.224,10,2024-12-25,585782.19,Active
4461,10723,53,9398300.92,5154368.97,6.571,30,2024-11-10,4324500.19,Closed
4462,24021,54,4621117.36,3315352.04,7.515,20,2024-02-08,1524512.56,Active
4463,4502,21,5055254.86,3652078.53,9.076,20,2022-06-02,1289183.28,Defaulted
4464,14360,12,1743283.41,823025.16,10.701,10,2024-12-29,450619.45,Active
4465,3228,76,2830739.64,1867487.78,7.073,30,2022-02-18,1234667.78,Active
4466,5258,70,2873697.71,2042116.59,6.777,30,2024-04-06,851125.32,Active
4467,12712,87,2650786.79,1143284.01,7.003,15,2024-06-05,619285.89,Closed
4468,10178,78,7599849.14,5047611.59,7.142,25,2023-11-26,4525240.76,Active
4469,8453,60,4358834.09,2121433.34,6.843,20,2022-12-20,926163.58,Active
4470,7661,69,2848257.31,1728382.02,9.634,20,2024-02-18,1232273.35,Active
4471,1944,67,3472799.84,1935624.43,10.735,25,2023-07-28,690736.99,Active
4472,8296,57,5743116.07,3454298.39,7.838,25,2023-02-11,3066416.4,Active
4473,11877,36,3976457.71,2282177.41,8.432,20,2024-06-14,2083417.4,Active
4474,23028,27,9742737.31,7665175.38,9.421,30,2022-10-07,4172539.61,Active
4475,12064,84,1208107.91,790612.38,10.328,30,2023-11-28,309395.42,Active
4476,8270,42,7389568.67,4820399.4,6.735,15,2023-07-12,2539693.21,Closed
4477,10488,31,3286489.13,2320421.45,7.755,15,2022-11-11,1466813.88,Active
4478,23737,6,8756718.5,4706898.26,11.294,15,2023-01-28,2147134.92,Active
4479,7588,13,2173975.99,1077495.43,8.758,25,2023-10-23,572300.89,Active
4480,749,11,6038333.63,2677530.0,10.586,20,2023-10-28,2231312.73,Active
4481,16196,94,3200196.01,1344413.06,7.165,10,2024-10-08,1197789.47,Active
4482,13408,26,4120053.58,2973021.09,9.919,25,2022-09-08,2684937.58,Active
4483,13404,36,2184901.4,1299926.27,9.685,30,2022-08-16,528493.61,Closed
4484,14526,99,6244268.47,3328138.84,9.321,30,2022-05-16,2275888.68,Active
4485,7997,27,3864347.56,2993379.59,10.396,25,2024-05-07,2680005.66,Active
4486,2032,6,3131619.74,2445427.06,8.233,25,2022-10-07,1756386.36,Active
4487,18031,87,3437626.93,2118079.91,9.768,25,2024-05-27,1900927.28,Active
4488,5053,26,3538222.25,2241562.4,8.953,25,2024-01-03,1892670.71,Active
4489,19055,79,1504490.37,753278.24,7.439,10,2022-11-15,288130.85,Active
4490,23241,1,2968078.61,2191803.49,11.183,15,2022-03-27,1780021.9,Closed
4491,7415,13,2045669.24,1367569.56,10.954,25,2024-12-14,798872.57,Active
4492,10922,12,1102259.94,706530.74,9.664,25,2024-09-16,259638.77,Active
4493,17206,47,10118428.4,5367515.06,8.62,30,2023-02-02,2123432.9,Active
4494,23016,76,2325368.07,1278281.48,10.032,20,2024-05-13,908648.67,Active
4495,23478,2,3240408.38,1546962.16,7.163,25,2024-10-04,533976.04,Active
4496,5906,34,7490935.18,5287349.53,10.67,20,2024-08-08,3977321.53,Active
4497,16198,80,4937789.0,3197506.84,8.338,25,2022-11-14,1523410.59,Active
4498,17752,8,3446517.0,2753101.79,9.777,25,2023-06-12,2255808.74,Closed
4499,19012,37,3605264.84,1966604.09,10.709,10,2023-01-07,1353408.8,Active
4500,16864,14,6012265.35,3153644.94,10.322,20,2023-12-01,2195749.88,Active
4501,11692,79,2037806.91,1466925.19,10.126,15,2022-08-04,511116.43,Active
4502,12793,54,2638932.11,1175737.23,9.932,20,2023-07-30,568054.87,Active
4503,12034,82,10189703.71,6673690.98,8.498,10,2023-03-10,4407528.49,Active
4504,16318,76,2042499.81,826994.75,8.542,25,2023-12-25,578996.09,Active
4505,9786,46,2785509.74,1774089.83,10.475,10,2024-06-16,863047.97,Active
4506,21674,49,3414045.57,2404136.18,7.98,10,2023-04-16,877108.64,Active
4507,8839,74,2652880.01,1464349.71,6.902,25,2022-10-06,672015.14,Active
4508,15935,74,1616792.18,828553.79,7.901,15,2022-06-04,756633.09,Active
4509,22693,52,1663977.91,1246451.03,10.89,25,2023-04-24,470611.28,Active
4510,11054,21,3152738.58,1994712.79,10.725,15,2022-03-13,1684557.56,Active
4511,13005,10,2448416.38,1905253.66,8.262,30,2023-08-25,972093.25,Active
4512,17220,59,6375963.01,4181337.86,8.396,15,2023-08-24,2056760.48,Closed
4513,1868,47,3303563.13,2073579.91,8.964,10,2022-07-29,1450655.43,Active
4514,13182,3,3861742.46,2704603.5,10.229,10,2023-12-17,1656000.07,Active
4515,11168,68,3545376.1,2286725.44,7.886,10,2022-07-20,1369131.93,Active
4516,9680,72,3367649.93,2024535.79,8.01,15,2023-04-23,934230.25,Active
4517,15373,22,2173290.14,913998.62,9.693,30,2022-01-31,669317.82,Active
4518,5638,81,6369469.38,4487671.1,9.889,25,2022-06-07,2290366.9,Active
4519,6715,19,2464766.73,1585803.43,9.248,25,2023-11-23,592244.37,Active
4520,14034,86,4221341.95,2268939.92,7.628,25,2024-10-04,1694541.79,Active
4521,5843,67,6919013.72,3729494.91,7.233,10,2022-11-01,2986670.74,Active
4522,12739,13,4322084.69,2699659.27,10.113,15,2024-01-03,927800.0,Active
4523,2994,59,2620433.6,1480648.75,6.797,25,2024-05-04,1280332.6,Active
4524,10535,65,2941691.9,2312888.84,9.992,30,2023-10-15,1774376.78,Active
4525,4591,19,4577346.13,3252946.77,7.204,15,2024-11-04,1923322.01,Defaulted
4526,21100,16,2670051.35,1680253.34,6.889,15,2023-05-04,1035598.81,Active
4527,10942,21,2755884.34,1684108.68,8.143,20,2024-09-18,1061266.43,Active
4528,24160,60,4932350.6,2988025.73,6.928,15,2023-11-05,1813692.09,Active
4529,8707,32,3315126.26,2647698.17,9.132,15,2024-07-27,1751944.08,Active
4530,291,17,4497898.33,3326310.8,11.431,20,2024-08-28,2215833.21,Active
4531,5807,8,8440777.89,4240912.66,8.748,30,2024-05-09,2320648.58,Active
4532,12403,81,5058182.06,3147422.48,10.187,25,2024-06-05,1272944.97,Active
4533,825,86,1963029.73,958719.77,7.974,30,2022-12-17,778709.87,Active
4534,7895,68,1108419.09,667532.1,11.172,20,2023-04-07,264911.28,Active
4535,22622,68,5461948.6,3497431.27,7.357,25,2022-10-25,1240222.66,Active
4536,3939,59,1968097.91,1441830.67,10.286,10,2024-06-25,493341.08,Active
4537,7572,76,6431394.48,2852397.36,9.256,25,2022-06-16,976504.31,Active
4538,21923,23,5023990.74,2878157.89,6.595,30,2022-10-02,2424233.72,Active
4539,17920,77,3254322.49,1356721.98,10.519,15,2024-11-10,425910.78,Active
4540,10179,88,2941457.9,1570878.34,8.975,30,2023-10-20,1278356.87,Active
4541,8062,46,10558598.1,7179560.3,10.732,10,2023-01-29,4398347.43,Active
4542,595,38,4105979.34,2829086.91,6.618,10,2022-10-20,2256496.62,Active
4543,15213,21,4686981.88,2611915.36,9.718,15,2023-12-05,1693809.74,Active
4544,17196,50,3974012.1,2856962.61,6.937,15,2023-07-04,1895587.91,Active
4545,20247,32,8104292.52,4170746.56,8.776,10,2022-05-07,3131575.12,Active
4546,14308,57,2418073.51,997638.54,7.259,30,2023-09-26,507387.37,Active
4547,18543,2,1035046.91,504556.3,10.412,10,2024-11-18,202887.91,Active
4548,16792,79,3453613.3,2700926.25,8.538,10,2023-10-29,2505864.21,Active
4549,22604,14,5045082.0,3238711.65,8.462,30,2023-08-11,1962196.74,Active
4550,6177,41,4381998.84,1793870.34,10.787,25,2024-01-06,1469682.79,Active
4551,24409,58,1000000.0,734354.44,7.221,15,2024-02-14,323703.53,Active
4552,11838,96,2419549.13,1426489.5,9.774,15,2024-02-11,1269458.19,Active
4553,20588,26,1540606.11,922209.36,7.531,30,2023-06-13,285102.32,Active
4554,454,96,3001627.85,1711238.74,9.114,30,2022-04-01,625032.24,Active
4555,996,64,7793842.89,3198282.08,10.425,30,2023-09-09,1468058.58,Active
4556,22877,23,6090300.05,3377551.02,10.992,20,2023-06-07,2179789.82,Active
4557,22623,16,2406511.86,1034674.92,11.304,15,2023-06-19,874428.0,Active
4558,18524,24,3590225.82,2265954.54,8.954,25,2023-12-12,873139.2,Active
4559,751,82,2986073.62,1631992.49,9.262,15,2023-10-10,1369298.69,Active
4560,18689,69,4149688.77,2565726.15,7.988,15,2023-01-02,2355864.56,Active
4561,6141,87,2110971.17,870920.82,8.81,10,2023-02-03,312995.36,Active
4562,17127,86,3549460.42,1872914.62,7.601,30,2023-05-30,696675.88,Closed
4563,2335,87,2376327.02,1009695.62,9.201,20,2023-11-30,912641.55,Active
4564,12160,56,3572504.81,2058227.77,8.513,15,2023-02-14,1762062.45,Active
4565,18215,13,2715815.38,1331217.17,9.834,30,2023-11-22,914562.0,Active
4566,3463,55,1794967.72,1381093.5,8.256,25,2022-12-06,1211948.29,Active
4567,22044,64,7160323.0,4138517.7,8.099,10,2022-03-04,3646086.07,Active
4568,1125,41,3031209.85,2114404.72,10.737,30,2022-12-13,1433669.83,Active
4569,21892,78,3193580.98,2026822.0,6.952,30,2022-12-03,1660913.65,Active
4570,19302,81,2332723.49,1030793.39,6.833,25,2022-12-18,639104.94,Closed
4571,6363,96,4490049.33,2154042.88,11.047,30,2024-06-16,1849778.84,Active
4572,7170,69,3288810.3,2152309.47,8.531,20,2022-05-09,1542739.64,Active
4573,5524,8,3024942.39,2375108.23,9.211,15,2023-11-26,1352162.5,Closed
4574,10210,48,2433940.9,1728143.62,8.827,20,2024-05-06,1171600.3,Active
4575,17449,64,2515954.23,1848669.31,10.129,25,2024-08-24,1290841.33,Active
4576,41,70,4253058.89,2877318.8,8.487,15,2023-11-16,917093.41,Active
4577,16377,11,2818985.5,1563246.44,9.042,25,2024-06-12,1361311.47,Active
4578,24311,73,1267416.55,830378.22,7.116,10,2022-05-12,517500.87,Active
4579,1782,55,2443041.95,1684055.61,6.784,15,2024-04-13,958646.47,Active
4580,7243,56,3313493.98,2443357.84,9.042,20,2023-08-24,1668844.37,Active
4581,22867,66,2662694.15,1756077.84,6.603,20,2023-10-02,1438138.55,Active
4582,12226,92,5820626.72,4198577.46,6.975,15,2023-06-22,2648466.1,Active
4583,6217,44,2142984.86,1154822.27,7.642,20,2024-09-09,656753.12,Active
4584,20886,75,3326595.28,1722172.99,10.281,25,2024-11-09,1567544.36,Active
4585,24932,27,4112567.55,2551761.29,9.208,20,2023-01-10,1656533.88,Active
4586,6722,3,3760080.33,2562792.06,8.035,25,2024-02-14,1051385.12,Active
4587,13716,4,2351308.84,1026911.0,8.86,30,2022-08-13,867901.15,Active
4588,19994,36,5099826.22,2690507.55,8.25,10,2023-09-01,1777699.88,Active
4589,2054,59,1973142.32,1179240.76,10.489,15,2024-05-05,783017.81,Active
4590,21879,88,8342794.45,6449650.26,6.516,15,2023-06-02,2922274.67,Active
4591,18898,81,2309904.8,1048619.43,9.912,15,2023-01-09,678914.31,Active
4592,6707,24,2712808.67,1875210.97,7.012,20,2023-08-30,570528.16,Active
4593,12955,14,1283384.27,715523.26,11.172,25,2022-11-22,249543.44,Active
4594,5787,56,3141149.46,2369226.9,6.837,15,2022-01-20,872590.15,Active
4595,8917,27,2045632.55,1284742.21,11.019,20,2022-08-15,1208469.76,Active
4596,10037,89,3747686.58,2554642.24,8.638,30,2024-03-07,2037015.49,Active
4597,22092,67,1938768.36,1158690.65,11.297,30,2023-11-08,601762.94,Active
4598,11678,56,2654717.0,1861635.95,11.343,15,2022-02-22,1215870.86,Active
4599,20401,13,3247498.19,2111574.82,9.83,20,2022-02-03,737771.89,Active
4600,11816,63,3834000.23,1977908.45,10.515,30,2023-02-05,1423244.08,Active
4601,22963,90,2668231.13,2074970.63,10.802,20,2022-12-11,1560522.72,Active
4602,3634,57,3962501.29,2116477.67,8.368,30,2022-08-05,1509760.58,Active
4603,17166,97,1860439.57,848031.16,10.228,20,2023-09-22,682715.21,Closed
4604,8652,62,2650055.51,1997334.06,11.459,15,2023-06-16,1412083.71,Active
4605,21034,44,1666870.0,985235.79,11.407,10,2022-11-20,869110.85,Active
4606,16435,32,1570970.78,653368.99,8.026,20,2024-07-03,335674.75,Active
4607,17768,24,3256983.95,1393693.07,6.914,30,2022-11-22,1122026.11,Active
4608,4111,45,13055770.64,5426565.73,11.181,25,2022-06-27,1905022.2,Active
4609,20350,9,1540330.62,718231.82,6.75,30,2024-02-08,337459.3,Active
4610,13557,50,6693097.93,3603759.61,11.183,10,2023-05-09,3061897.22,Active
4611,21043,43,2967445.14,1778515.43,10.542,30,2023-06-21,1419696.51,Active
4612,10535,25,1612035.23,1206933.56,11.034,20,2023-04-17,1070358.09,Active
4613,10507,15,3889916.34,2513055.67,7.047,10,2024-07-23,1304283.49,Active
4614,20491,13,2929510.33,1997311.37,9.926,20,2022-10-04,1134586.53,Active
4615,8472,39,4083939.48,2046555.62,9.715,30,2022-05-07,1653404.57,Active
4616,21542,99,4785318.95,3273136.24,11.403,25,2024-07-27,1248954.5,Active
4617,22557,34,2640945.16,1768149.64,6.863,15,2022-04-11,1014808.88,Active
4618,3278,89,6552219.78,3541314.83,10.429,25,2024-02-27,2838787.25,Active
4619,21107,74,5170549.98,2201928.23,7.993,25,2022-09-23,1211442.05,Active
4620,16066,60,6108769.66,4458316.63,11.404,30,2024-02-17,3767786.17,Active
4621,3609,14,1000000.0,494151.48,8.705,30,2022-12-10,345431.0,Active
4622,23458,15,1740315.3,755240.48,9.847,20,2023-03-26,427542.6,Active
4623,12832,97,3765682.28,2742544.94,9.716,15,2023-01-09,832276.72,Active
4624,24870,38,3949558.37,2608585.23,9.607,30,2022-06-17,2022312.81,Active
4625,24909,77,2764842.16,2186857.63,9.108,30,2024-08-11,1369886.87,Active
4626,13332,35,2944208.28,1422449.84,8.892,25,2022-03-20,941012.48,Active
4627,10553,9,2295248.74,1770292.4,9.021,15,2023-05-09,1173003.64,Closed
4628,8698,1,1671741.11,1047385.46,11.486,10,2022-06-03,531769.04,Active
4629,12629,4,2971459.03,2083459.54,9.663,10,2023-02-24,1902420.69,Active
4630,22189,96,5513223.37,2910761.14,6.845,15,2022-08-19,2583405.13,Active
4631,10113,5,1974348.38,1308240.6,9.237,10,2023-11-28,994401.84,Active
4632,8098,78,1567990.0,688006.18,6.609,15,2024-06-18,392914.07,Active
4633,18681,65,1386165.61,592713.54,9.144,20,2023-06-08,407725.89,Active
4634,22637,58,2737508.74,1291440.85,9.099,30,2024-06-27,1194608.65,Active
4635,21209,31,2827231.82,1872848.2,8.231,25,2022-05-20,1267131.7,Active
4636,4048,63,2511023.48,1316642.69,9.281,20,2023-03-17,889068.4,Active
4637,3016,82,5326157.73,2845229.88,11.047,20,2024-07-15,1773740.28,Active
4638,12737,32,1417627.35,732101.77,9.754,30,2023-05-05,326611.0,Active
4639,4260,31,4082893.77,1935791.06,10.624,20,2022-07-13,717287.17,Active
4640,19255,15,2060520.92,1452582.75,8.946,20,2022-05-09,493696.8,Active
4641,7037,93,3404945.06,1381725.37,9.712,30,2024-01-18,1277376.46,Active
4642,4234,72,2034942.7,1120075.56,9.601,20,2022-03-28,1048891.29,Active
4643,17991,83,3620350.67,1503991.14,6.739,25,2022-01-10,1014225.59,Active
4644,18114,35,4155602.73,2438789.12,8.483,25,2023-04-05,1035311.1,Active
4645,17130,99,2619723.43,1069602.92,10.478,10,2023-04-20,731427.68,Active
4646,20891,24,1873260.43,957734.15,8.485,20,2022-11-25,477296.36,Active
4647,20529,42,3444375.51,2239206.29,9.211,30,2022-05-29,758324.69,Active
4648,8788,71,2233829.78,1321406.89,7.926,10,2023-08-12,823797.7,Active
4649,23802,52,1404959.67,975545.38,11.222,25,2022-09-08,612097.28,Closed
4650,11785,100,3689045.19,1702369.39,9.366,30,2022-03-22,1071863.37,Active
4651,19188,77,6092917.48,4132971.02,7.336,10,2022-06-14,2093264.28,Active
4652,6263,11,4987618.71,3532525.22,9.407,15,2022-12-01,2372545.89,Active
4653,4177,36,4212801.03,2453964.11,9.802,20,2022-08-07,1980888.87,Active
4654,20433,26,4338560.85,2779656.46,11.399,20,2023-05-24,2221516.15,Active
4655,18770,94,3541508.11,2742859.29,10.96,25,2024-08-05,1724542.93,Active
4656,7867,72,7521412.5,5909467.22,10.2,20,2023-04-20,2305344.02,Active
4657,9206,41,6477821.27,3584190.0,10.775,10,2023-02-20,2029850.54,Active
4658,12965,16,7026578.76,5398771.13,7.65,15,2023-03-26,4875434.46,Active
4659,19336,54,6978692.28,4223430.52,8.689,15,2022-07-04,2246455.0,Active
4660,10066,87,2881924.01,2291809.03,11.203,10,2022-06-23,999540.09,Active
4661,19436,36,1000000.0,596617.75,11.482,20,2024-11-09,339034.57,Active
4662,7521,61,3879735.64,2142895.62,9.078,25,2023-08-25,789805.3,Active
4663,18898,89,4207028.88,2818643.83,7.468,25,2024-08-07,2045650.9,Active
4664,15420,89,9084734.01,7003434.38,9.745,30,2022-06-28,4451037.39,Active
4665,5902,16,2573593.96,1983304.51,9.054,15,2024-02-20,862480.76,Active
4666,655,17,3126779.63,1774730.42,8.964,10,2022-11-06,796113.73,Closed
4667,4914,41,4739149.16,2177695.41,11.019,10,2023-04-21,871282.55,Active
4668,1859,71,1199094.16,636595.14,8.981,15,2024-03-19,481168.61,Active
4669,8587,44,4323097.9,2763998.91,10.415,30,2022-01-19,2562875.77,Active
4670,16726,89,4108804.15,2246528.69,9.021,10,2023-01-22,1726310.75,Closed
4671,7803,73,1196690.92,896166.23,9.267,25,2022-11-09,292494.75,Active
4672,14078,82,3584748.05,2191065.29,6.797,25,2023-12-29,747183.73,Active
4673,3491,69,6819563.2,4539069.15,7.812,10,2023-06-07,2691306.17,Active
4674,24300,55,2863826.02,2230616.9,8.94,10,2022-07-27,1386752.52,Active
4675,9672,19,1000000.0,785483.4,6.742,10,2024-09-09,428329.29,Active
4676,16583,49,2101820.43,1370714.78,9.667,20,2024-07-09,437935.03,Active
4677,18226,96,3702104.92,1650667.26,11.358,10,2023-12-06,561688.02,Active
4678,23202,29,1290200.37,806332.85,11.478,20,2022-09-17,281209.79,Active
4679,18778,27,1583912.05,841759.91,11.401,25,2024-06-14,463923.72,Active
4680,6824,7,1662970.68,1136400.68,9.583,25,2024-05-12,679238.22,Active
4681,14296,45,4074054.04,2427108.45,9.027,15,2023-11-17,1714079.71,Active
4682,14869,87,6910078.27,3343564.8,11.067,10,2023-09-02,1927763.94,Active
4683,20190,25,3057402.42,1683726.9,7.54,15,2022-03-27,531259.03,Active
4684,18893,21,9938181.88,4993923.17,9.117,10,2024-05-18,4568037.11,Active
4685,16368,96,3540215.87,2776098.25,7.895,15,2023-06-21,2241349.35,Active
4686,8025,65,2091271.77,937683.35,11.163,30,2024-01-15,518760.61,Active
4687,6359,24,1602387.16,648326.84,6.887,15,2023-03-12,482304.23,Active
4688,2826,70,11317981.13,8471511.39,9.74,20,2023-06-06,7897893.59,Active
4689,10028,30,2229947.31,1137605.31,7.097,25,2024-03-16,1040325.03,Active
4690,24111,99,5468594.62,2567718.04,10.297,30,2023-01-31,1624119.12,Active
4691,22444,99,3722388.12,1494008.24,11.173,20,2023-04-07,906736.94,Closed
4692,7868,15,3156288.89,1518436.4,10.278,25,2023-03-10,932154.45,Active
4693,6893,44,1503021.96,939364.88,10.694,10,2024-04-15,618376.04,Active
4694,7462,87,9043290.84,3813370.55,8.511,10,2023-09-30,3159438.07,Active
4695,15581,69,3427925.4,2630766.17,7.125,30,2023-06-29,1822668.24,Active
4696,14735,15,7394356.76,3830469.53,7.956,10,2023-07-27,2354569.21,Active
4697,35,10,3076850.92,1735527.98,6.906,30,2022-09-22,588938.16,Active
4698,10775,39,5018774.85,2600439.12,8.058,15,2022-02-16,2011165.46,Closed
4699,23633,45,1040201.79,632134.55,11.081,10,2022-08-20,412052.9,Active
4700,23166,61,2642639.5,1767192.01,9.038,25,2023-08-26,1206802.12,Active
4701,14948,23,4189297.36,3348880.53,6.809,15,2024-09-01,1280757.48,Active
4702,10981,25,4298242.64,3279776.45,8.715,15,2023-11-22,1555321.66,Active
4703,19,29,2490425.93,1152563.56,10.895,25,2024-08-26,887059.72,Active
4704,14465,96,2247614.91,1470725.45,6.845,10,2024-07-23,1084001.36,Closed
4705,6606,30,3615176.62,1740357.64,10.869,30,2022-11-19,1096828.3,Active
4706,16587,93,2806968.2,1716607.68,8.725,15,2022-03-29,1249403.02,Active
4707,17115,88,3159842.02,1998962.27,10.392,10,2023-05-11,1881781.93,Active
4708,2576,85,3347516.25,2204304.05,8.811,30,2024-06-17,693031.45,Active
4709,6104,8,4729833.67,3245134.37,9.552,15,2024-04-07,1578493.68,Active
4710,7392,32,7796321.12,3918055.15,9.24,10,2022-09-29,2432928.29,Closed
4711,18592,93,11464784.81,5810212.58,6.582,25,2024-09-01,4453511.34,Active
4712,12536,32,4697033.06,2641403.67,6.764,20,2022-08-02,1458382.98,Active
4713,11709,14,1902335.16,965365.72,7.494,20,2023-02-10,606168.18,Active
4714,22609,54,2096324.73,1654387.61,10.229,30,2024-06-17,582977.16,Active
4715,15412,9,3978427.81,2055279.8,7.957,20,2022-01-07,1863664.54,Active
4716,18042,77,2371184.42,1741332.38,9.772,30,2023-05-06,854918.7,Active
4717,18985,23,2583568.96,2042315.17,10.638,20,2024-01-13,1196508.41,Active
4718,18748,1,2179485.46,910920.57,6.864,20,2022-12-15,310458.79,Active
4719,13962,95,3468833.56,1485120.9,7.165,10,2022-07-25,639052.91,Active
4720,1710,79,4975028.78,2458622.0,9.134,10,2023-03-04,1314526.87,Active
4721,2525,65,2314632.47,1426069.15,11.42,30,2022-06-23,549957.75,Closed
4722,17452,3,4866079.23,3685625.7,10.267,10,2022-05-19,3364842.95,Active
4723,19159,77,1444384.54,852230.72,8.96,30,2023-06-14,650650.74,Active
4724,20742,16,5022831.75,3228345.55,8.404,30,2022-11-03,1674825.96,Closed
4725,18233,77,2547485.25,1787939.25,7.357,20,2024-01-07,1185121.14,Active
4726,23464,15,9699373.53,6665421.5,7.311,30,2024-01-14,4617090.52,Active
4727,3079,30,4439529.64,1922711.76,8.611,25,2022-08-03,1332065.13,Defaulted
4728,2309,46,3868003.49,1651120.97,10.647,10,2023-07-20,805679.95,Active
4729,19889,96,1000000.0,705202.39,8.272,20,2023-01-09,654972.02,Active
4730,8143,81,11315582.89,8439146.92,7.989,25,2024-03-10,4434790.7,Active
4731,6435,99,4080229.05,1653421.81,8.046,30,2024-12-28,1141264.07,Active
4732,18151,2,1954274.52,1274744.87,10.934,10,2023-06-28,989071.27,Active
4733,8724,65,4138167.17,2732735.22,9.945,10,2023-01-28,2490898.92,Active
4734,23739,69,1143247.24,802883.03,8.159,15,2023-01-14,605483.38,Closed
4735,13951,68,4673135.87,2887075.62,6.867,10,2023-04-09,1009894.77,Active
4736,2604,78,2875875.72,2274630.05,7.782,25,2024-07-07,1555864.86,Active
4737,16307,39,4330535.04,3220200.77,7.675,20,2022-01-25,1772329.22,Active
4738,4258,31,4141311.2,2737048.32,9.582,15,2022-09-04,1374636.86,Active
4739,20456,60,4122059.89,3254774.75,9.285,10,2022-11-22,2766304.93,Active
4740,13304,93,6563118.81,3226634.17,9.081,10,2022-03-26,2746796.24,Active
4741,10916,72,3144010.85,2399038.6,8.879,30,2024-07-19,1262937.58,Active
4742,5903,93,4221041.25,2301959.69,6.613,15,2023-11-13,1156236.06,Active
4743,8254,35,3160580.32,1421277.16,10.796,20,2024-12-19,623004.45,Active
4744,11305,54,2921866.34,1888017.51,6.629,10,2023-01-17,582932.81,Active
4745,15809,38,1889851.88,758888.2,6.876,25,2022-07-26,471644.72,Active
4746,23092,98,1722359.33,979337.18,9.914,20,2023-11-21,844631.15,Active
4747,3720,67,9418395.91,4082304.76,9.101,15,2022-10-12,3032157.79,Active
4748,21130,84,4179969.15,2321031.01,10.668,10,2023-10-06,1802590.79,Active
4749,179,61,4944868.36,3070173.32,6.513,30,2022-01-28,2090073.65,Active
4750,23288,4,2399542.93,1508452.37,6.685,10,2022-11-28,1097444.03,Closed
4751,8340,3,2979239.59,1258276.76,10.483,30,2023-04-23,954204.85,Active
4752,16554,35,7532782.33,5869020.05,8.774,10,2022-10-28,3865599.83,Active
4753,21990,19,4721965.47,1912941.68,9.096,30,2024-04-01,1067986.9,Active
4754,15520,100,2140844.01,1352948.64,10.409,20,2024-04-03,449766.28,Active
4755,6814,88,4131723.3,2469153.8,7.459,15,2023-01-10,2166740.25,Closed
4756,14829,57,1993207.84,1532162.25,11.068,25,2023-09-11,1416493.4,Active
4757,5187,69,2800684.92,1394572.79,11.406,15,2022-10-21,1221200.71,Active
4758,22296,50,3688184.43,2532757.91,9.345,25,2024-12-27,906282.28,Active
4759,1962,36,2613315.22,1429027.08,10.747,10,2022-02-14,538888.8,Active
4760,9893,36,5061475.04,3976077.2,7.806,25,2023-06-18,1908456.37,Active
4761,17637,18,6578459.08,3744592.01,11.158,15,2022-08-31,1274894.16,Active
4762,10648,77,2955591.47,1326611.89,10.32,20,2023-10-04,737024.83,Active
4763,16081,14,7275809.18,3473904.08,9.856,15,2024-09-19,1177091.21,Defaulted
4764,17462,39,4338396.81,3244893.73,6.635,25,2023-02-12,2046771.56,Active
4765,1893,8,7574311.62,3383920.86,6.713,15,2024-12-17,1275433.12,Active
4766,12553,95,2144975.46,1441090.29,11.293,20,2023-11-28,937271.04,Active
4767,2365,33,1550045.22,1083152.48,7.725,25,2024-03-23,507484.36,Active
4768,23616,87,2949361.07,2191818.07,8.91,20,2022-06-24,1605838.36,Active
4769,19682,19,7171663.19,3164920.58,7.442,15,2024-07-28,1990284.47,Active
4770,6661,97,1505885.92,863771.76,7.615,10,2024-06-26,459110.24,Active
4771,15126,44,2566692.18,1636855.69,8.034,30,2024-02-28,567332.66,Active
4772,21222,6,9546539.81,4522842.5,10.315,30,2022-06-24,3592147.42,Active
4773,4820,96,3196984.88,1760197.48,8.443,15,2022-12-24,1639424.19,Active
4774,2577,7,3703826.25,2712811.74,7.632,15,2023-07-23,1724833.19,Active
4775,5615,27,1532791.33,1047283.49,10.547,10,2022-08-16,323341.96,Active
4776,5140,40,3170873.8,1871622.46,10.144,10,2023-10-12,881748.19,Active
4777,17568,45,4758575.87,3365129.52,6.759,10,2024-10-14,1780310.13,Active
4778,24734,47,5688506.37,2927917.37,8.953,15,2022-11-15,2043289.13,Active
4779,22124,33,1486699.47,1183911.79,9.116,10,2024-08-25,895425.77,Active
4780,7087,83,6877385.52,3217864.65,11.334,20,2024-04-20,1727025.36,Active
4781,1550,49,4487053.02,2050281.75,8.816,10,2024-05-15,1045015.9,Active
4782,21721,100,7300077.76,4157272.43,10.478,30,2022-06-19,3610762.75,Active
4783,23826,32,1498353.83,956036.2,9.783,15,2022-01-22,446663.37,Active
4784,20208,53,1642361.62,1092668.78,8.051,15,2022-10-06,749287.9,Active
4785,23080,30,3136631.59,1847393.36,9.508,15,2023-04-11,1234587.63,Active
4786,20481,79,5385430.97,2484424.99,7.035,10,2024-04-10,1589018.72,Active
4787,7290,66,2391513.98,1717010.34,11.004,15,2023-10-22,1150411.14,Active
4788,11548,45,4216264.96,1705322.46,8.529,10,2024-08-16,1301180.11,Active
4789,20604,100,6886839.54,4430832.41,8.443,25,2023-10-21,2728040.53,Active
4790,17030,35,5835340.56,2964695.18,8.446,10,2023-06-02,1818371.07,Active
4791,15937,59,1014255.77,723091.77,11.473,20,2022-10-21,351877.17,Active
4792,6622,52,5641319.41,4498591.18,10.864,15,2024-12-07,2820027.18,Active
4793,7365,6,4410440.58,2611044.26,9.758,20,2023-12-25,2374997.2,Active
4794,10353,14,2753375.34,1520208.03,7.682,20,2022-05-06,740762.54,Active
4795,6362,50,2703726.41,1464266.36,11.141,30,2023-12-12,1389934.63,Closed
4796,16099,71,6501537.27,4902657.79,10.688,20,2024-07-10,2282631.07,Active
4797,19163,18,9863644.73,6233025.54,7.037,30,2023-10-22,3271606.64,Active
4798,5715,28,6307275.34,2815705.51,7.076,20,2022-01-26,2004291.79,Active
4799,14614,90,2033600.36,1445861.18,6.641,10,2024-04-18,1146106.01,Active
4800,24355,25,2814293.04,1705252.68,8.439,25,2023-02-05,637905.38,Active
4801,16329,86,1325209.02,947671.68,7.957,20,2022-12-10,521789.48,Active
4802,15085,81,6478037.23,3595582.91,10.851,15,2024-11-30,1678872.48,Active
4803,942,20,3269589.65,2584864.96,9.003,10,2023-05-17,2272076.59,Active
4804,10581,16,1213496.37,711551.63,9.837,25,2024-06-28,365609.65,Active
4805,2940,87,9992817.89,6979354.02,8.18,30,2022-04-06,5952133.92,Active
4806,1753,20,4558398.07,2681958.67,6.937,10,2023-01-01,2499836.12,Active
4807,11592,42,7487690.61,4974509.08,11.34,30,2024-02-10,3333092.61,Active
4808,14744,7,3832607.65,2576120.23,6.574,15,2023-09-02,897476.39,Active
4809,14478,55,3682369.34,2296544.74,11.124,25,2023-01-23,1139823.87,Active
4810,16379,85,1686257.41,708485.45,6.974,20,2022-03-18,295747.5,Active
4811,13579,50,2099977.9,1222788.86,9.206,20,2022-07-26,1101432.68,Active
4812,24697,54,2050412.51,1171092.68,8.272,25,2023-02-25,436247.9,Defaulted
4813,19242,5,4124213.36,1904737.29,7.806,20,2024-06-13,1598444.12,Active
4814,2429,66,7223115.28,4191498.11,6.939,25,2022-12-31,1387845.65,Active
4815,18407,41,3829213.73,1750665.32,7.038,30,2024-10-23,778770.72,Active
4816,10229,14,2655700.49,2070654.06,7.138,15,2024-07-23,723913.39,Active
4817,10387,6,3694315.61,1758607.84,8.288,25,2023-10-17,1367900.38,Active
4818,11075,1,7429304.89,4077244.3,8.61,10,2022-02-16,2884540.96,Active
4819,8788,76,4174378.03,3141113.99,11.215,25,2024-03-27,2893838.52,Active
4820,14201,2,3147531.46,1414478.27,11.077,30,2024-02-20,559636.81,Active
4821,16573,41,2997324.28,1696541.36,7.59,10,2024-06-25,1330011.6,Active
4822,7354,78,1000000.0,480697.71,6.572,30,2024-10-03,147916.86,Active
4823,7760,21,2060835.51,1024384.83,9.97,15,2023-09-22,893333.25,Closed
4824,6557,29,1023677.97,784531.79,11.39,10,2024-10-22,348841.48,Active
4825,23959,19,4310392.64,3315606.16,6.547,20,2023-03-09,1455574.55,Active
4826,7051,55,2366958.83,1224319.49,7.678,15,2022-08-09,1075739.15,Active
4827,17424,37,5272372.34,2245090.33,11.257,10,2022-01-25,1782203.13,Active
4828,8120,53,6826295.89,4963625.77,11.281,10,2023-04-03,4326647.6,Active
4829,5388,66,3457134.57,1737643.67,8.543,20,2022-06-24,1211613.81,Active
4830,21991,25,4073560.2,2766710.37,11.069,30,2023-08-27,1328762.46,Active
4831,21788,36,2077170.08,878814.68,6.982,30,2024-10-06,342322.67,Closed
4832,404,2,2119599.88,1539216.39,7.779,10,2024-09-18,1047676.24,Active
4833,18613,59,4034856.77,2895295.14,8.583,30,2022-09-15,1202999.61,Active
4834,648,83,2916785.5,2055763.37,10.405,30,2024-05-19,1047728.19,Active
4835,643,10,3846396.37,2348915.09,7.751,10,2024-04-03,1847788.22,Active
4836,11820,8,2647646.42,2012251.49,8.166,20,2024-05-14,1858089.94,Active
4837,20277,35,1000000.0,616686.39,9.624,15,2024-03-03,482829.5,Active
4838,22697,79,6031797.59,4537015.85,10.836,20,2023-06-14,3270464.45,Active
4839,5127,27,2212309.07,887902.67,11.481,30,2022-07-19,792199.52,Closed
4840,21725,92,2905344.62,2155194.97,6.874,20,2022-03-02,1469029.91,Active
4841,12309,97,1894972.53,1469163.2,9.976,15,2024-07-06,1207215.67,Active
4842,19600,35,3085154.22,1465197.8,9.316,15,2023-06-22,1178798.89,Active
4843,20037,48,3921773.48,1762482.56,8.627,30,2022-12-18,609042.87,Active
4844,12561,53,1239930.0,541317.78,9.57,30,2024-06-22,295495.87,Active
4845,16691,58,8341024.55,3444428.21,10.936,10,2022-10-08,2744214.42,Active
4846,22194,15,1362832.69,805095.93,7.501,25,2023-06-03,404402.69,Active
4847,11063,83,2366145.28,1153753.83,9.57,10,2022-08-17,899061.52,Active
4848,5188,38,2643370.27,2049491.49,11.428,25,2024-01-25,1336227.05,Active
4849,16021,23,4524377.01,2904715.41,9.441,25,2023-02-10,886484.93,Closed
4850,20502,51,1179318.15,860578.31,10.653,25,2024-07-26,568544.46,Active
4851,13585,96,2881536.83,1724964.89,7.967,10,2024-10-09,577413.53,Defaulted
4852,10495,63,7238839.17,4123387.96,11.025,15,2022-07-06,3670228.98,Active
4853,19074,70,2634283.44,1453906.12,6.918,25,2024-06-09,1327018.44,Active
4854,5081,87,2121007.02,1606382.47,7.983,20,2022-10-21,1487279.75,Active
4855,24065,32,7506120.35,4664264.01,10.249,20,2023-02-01,2015618.86,Active
4856,6594,32,3479196.5,2259568.0,6.593,20,2022-07-20,1421135.21,Active
4857,10871,87,2756503.3,2049736.16,7.54,25,2022-04-17,730206.4,Active
4858,7654,23,5333182.86,3704545.38,10.809,25,2022-08-05,1666045.71,Active
4859,19713,90,5012542.38,3549429.16,6.619,20,2024-06-20,1688410.95,Active
4860,20755,39,5864827.16,4234929.03,7.985,10,2022-08-05,1941038.1,Active
4861,12436,86,7692951.6,4243686.03,8.515,30,2022-08-20,1568589.13,Active
4862,20585,74,3085999.2,1274542.21,7.331,10,2024-09-30,504223.09,Active
4863,21137,19,2828973.0,1844265.68,11.23,20,2022-07-21,639467.76,Closed
4864,21850,93,8379684.6,4802369.85,11.036,20,2022-12-15,3578973.66,Active
4865,21003,70,1551132.27,1079343.93,8.408,20,2022-12-29,930985.26,Active
4866,3656,50,2356247.87,1466587.32,7.959,15,2024-12-16,1378845.57,Active
4867,945,69,6794520.59,4418564.67,8.558,10,2022-12-21,1353005.62,Active
4868,12378,43,1000000.0,589279.35,8.375,15,2024-08-12,542779.28,Active
4869,112,40,6146979.71,3344267.07,6.757,15,2022-12-07,1688258.83,Active
4870,16113,33,7835245.85,5956403.83,8.368,25,2023-05-20,3522184.47,Active
4871,18311,64,2883741.25,1686697.33,10.349,10,2022-02-03,1335530.49,Closed
4872,2711,67,4723418.9,2817908.26,10.16,30,2022-09-28,1570620.65,Defaulted
4873,5652,62,1501700.58,750864.73,8.41,30,2024-01-30,402944.9,Active
4874,5303,71,6225369.24,2854703.28,6.673,10,2024-02-01,1209212.31,Active
4875,13534,1,1114826.03,817632.51,6.958,10,2024-03-03,714088.28,Active
4876,1351,15,2490907.87,1304417.09,10.409,20,2022-06-08,859707.79,Active
4877,21164,70,2629861.08,2042476.26,8.895,25,2023-01-22,1387153.49,Active
4878,11379,34,4600339.48,1989646.05,8.594,20,2022-04-12,866566.97,Active
4879,17617,87,3465912.71,2703005.63,8.586,30,2024-08-24,1742211.85,Active
4880,19084,11,2718953.9,1868831.97,10.222,15,2022-08-28,1256014.62,Active
4881,19211,36,3093110.08,1744228.96,6.78,30,2023-05-24,882095.25,Active
4882,4333,87,2298125.28,1246339.13,7.827,30,2024-09-03,733688.69,Active
4883,24554,57,3123289.14,1530532.68,8.968,10,2023-01-17,1230224.1,Active
4884,8911,61,2410174.36,994626.11,10.649,20,2023-01-16,356585.76,Closed
4885,11412,54,3689477.14,2750370.19,7.256,20,2023-05-20,1407422.94,Active
4886,15776,41,3723119.77,2174589.78,8.509,25,2023-05-04,1850022.6,Active
4887,14708,7,2009799.18,1550695.33,10.034,30,2022-01-04,976779.76,Active
4888,9318,58,3961263.87,2202899.33,7.176,25,2023-07-10,1336701.54,Active
4889,15099,3,3605214.1,2138474.92,11.078,15,2022-07-22,1369678.01,Active
4890,4306,20,2805030.37,1947783.02,8.7,30,2023-02-14,1523749.95,Active
4891,24067,16,2336238.84,1590524.88,11.471,30,2023-01-25,645780.46,Active
4892,22097,86,5908249.08,3046955.27,7.133,10,2024-11-29,1500689.89,Closed
4893,1889,22,2429630.0,1773074.35,7.163,15,2022-03-23,1158559.31,Active
4894,764,11,1433561.65,1046510.71,7.442,15,2023-12-26,344721.14,Active
4895,5998,1,2498677.01,1750379.25,7.514,20,2022-09-01,1134978.43,Active
4896,8239,78,2331206.81,1467947.09,10.606,20,2024-01-26,1075741.2,Active
4897,11956,11,3493350.34,1580159.77,10.123,10,2025-01-01,1069054.88,Active
4898,15745,92,4189753.11,2232661.2,11.271,30,2022-08-20,1411449.51,Active
4899,17608,28,2449033.15,1222061.18,7.244,25,2022-06-01,624479.23,Active
4900,21242,58,3234325.8,2365091.3,7.615,20,2023-11-24,828823.07,Active
4901,16971,24,4337507.46,3324833.02,7.655,15,2023-12-22,1340182.9,Active
4902,24331,23,5317675.71,3737673.48,7.956,15,2022-02-16,1420268.48,Active
4903,18237,82,2383444.92,1848266.77,8.885,30,2024-11-14,1035092.9,Active
4904,3113,61,3467145.3,1869407.04,8.84,25,2023-07-15,1183269.49,Active
4905,14007,34,4145445.88,2276658.79,8.438,10,2023-06-12,1948619.5,Active
4906,19365,43,2353188.38,1304807.51,8.204,25,2022-06-15,817541.81,Active
4907,4593,56,3047875.2,1451875.43,8.114,25,2023-06-27,894796.98,Active
4908,8478,51,5723841.77,4088226.81,10.634,20,2023-04-16,2125491.96,Active
4909,19283,86,1110182.82,763407.01,6.693,25,2023-10-17,677910.69,Active
4910,1205,72,2037107.56,1132212.07,7.804,10,2024-11-18,666319.71,Active
4911,10329,76,7827796.0,3239141.12,7.474,15,2022-06-01,1277674.78,Active
4912,24042,54,8225032.24,5590470.77,8.778,20,2022-10-20,2453843.62,Active
4913,20776,51,3183570.3,2448671.97,7.52,15,2023-06-18,1636985.62,Active
4914,13269,11,3101916.82,1432173.44,10.805,20,2024-09-25,1218794.88,Active
4915,1187,71,5573472.31,2369904.75,8.577,30,2022-04-13,1618071.84,Active
4916,14145,50,3250113.66,2310469.64,6.975,10,2022-03-30,1664412.17,Active
4917,20367,50,3242861.0,1707739.4,9.721,15,2023-07-08,1216214.23,Active
4918,8029,54,3842224.24,1791724.24,8.993,30,2023-02-12,1218204.57,Active
4919,14385,94,3085450.78,1719613.43,10.655,15,2022-02-26,820168.4,Active
4920,22548,50,1573182.04,1052161.39,7.419,15,2022-03-21,755305.79,Active
4921,16470,43,3130120.1,2234640.31,7.91,15,2023-10-06,1185511.49,Active
4922,18793,100,2667587.59,1608689.12,11.381,25,2024-03-14,663085.69,Active
4923,21632,5,2079594.32,1102475.99,9.285,25,2024-03-10,834976.43,Active
4924,13625,11,4975805.44,3125719.07,6.509,15,2024-09-13,2948575.82,Active
4925,11024,88,3472435.17,1887149.92,9.408,20,2024-04-21,1228712.54,Active
4926,23168,60,2140718.09,1427710.11,11.134,20,2024-11-30,607196.13,Active
4927,13181,15,6446536.36,3301936.75,10.776,30,2023-02-13,3062370.44,Active
4928,12900,3,2619122.8,1315978.63,11.441,30,2023-08-25,680239.76,Active
4929,17222,22,2537419.48,1245720.49,7.975,10,2023-12-24,518198.76,Active
4930,7490,21,2354410.46,1811962.69,7.013,10,2024-02-20,1537631.18,Active
4931,9261,28,8949013.31,6308121.1,9.734,20,2022-02-11,3857271.25,Defaulted
4932,18479,39,4058487.32,2171389.39,10.325,20,2023-09-13,786631.37,Active
4933,202,14,3402269.45,1652869.83,8.035,10,2024-03-27,1031020.63,Defaulted
4934,18694,28,3540062.64,1513577.01,8.31,30,2024-11-02,1138378.39,Active
4935,5125,98,1386534.2,1025889.19,10.734,20,2024-07-27,750923.2,Active
4936,10039,61,2395451.71,981492.09,11.423,30,2022-03-23,600952.83,Active
4937,9107,55,4036229.37,2390742.25,8.724,20,2022-01-12,2116302.8,Closed
4938,16149,37,6932942.56,2877703.05,10.823,20,2022-01-10,1533147.81,Closed
4939,10503,78,16089001.25,10164405.64,9.978,15,2023-11-01,4894963.12,Active
4940,24344,12,4168421.56,2295282.02,6.877,10,2022-10-11,750465.95,Active
4941,5486,12,7860149.86,5463887.94,8.664,25,2024-07-03,4804724.13,Active
4942,9414,3,1000000.0,608346.32,7.893,10,2023-06-12,425004.74,Active
4943,20230,43,1910845.47,855912.34,10.486,25,2022-08-17,603428.97,Active
4944,22977,59,6461213.66,4305400.01,10.036,20,2024-03-13,1402159.38,Active
4945,53,80,2839645.09,1150259.02,7.347,20,2022-12-06,1083944.6,Active
4946,4743,45,2065231.68,1243707.39,10.971,15,2024-12-11,718329.4,Active
4947,17846,9,3562805.57,2008299.41,9.449,20,2022-04-12,1165804.24,Active
4948,16917,92,3971076.83,2754296.43,10.321,10,2024-04-20,2469580.24,Active
4949,18494,96,1808639.16,1006198.76,8.312,30,2024-07-17,416854.58,Active
4950,11766,66,3028968.1,1313057.61,10.892,15,2024-08-15,614405.2,Active
4951,2238,60,2881677.59,1188678.29,7.153,15,2022-03-30,689934.21,Active
4952,12996,42,1133903.48,529055.22,10.42,20,2024-01-06,315811.44,Active
4953,11425,63,2336958.28,1090495.11,10.756,20,2023-07-17,875898.64,Active
4954,6389,32,4103030.7,2796079.3,6.77,20,2022-09-02,2289184.86,Active
4955,21754,41,2696860.67,1228145.59,7.801,10,2024-10-01,473944.66,Active
4956,17199,20,1799327.77,968069.13,8.493,10,2023-09-11,608101.83,Active
4957,1319,32,8351389.65,4109213.94,9.438,25,2024-03-23,1698182.18,Active
4958,2527,30,6316801.67,4501334.32,9.76,30,2023-08-04,3609268.95,Active
4959,7310,12,2810346.96,2241401.99,7.495,15,2022-06-15,1436164.38,Active
4960,3420,16,1455435.85,1163757.54,9.568,15,2023-10-11,947354.95,Active
4961,15506,76,3834351.48,2310947.47,10.021,20,2024-10-03,1122241.03,Active
4962,15846,48,4338080.08,3351859.41,7.382,25,2024-07-19,3037653.66,Active
4963,19112,34,3843664.9,2656538.68,11.487,30,2023-04-18,2056969.17,Active
4964,7765,90,3394822.4,1792979.59,10.926,15,2022-09-25,552293.25,Active
4965,9014,8,3174446.06,1795156.64,11.228,30,2023-06-09,1465396.62,Active
4966,8698,87,1362963.66,677739.5,9.326,30,2024-12-28,228457.82,Active
4967,823,73,7094456.59,4631829.98,10.79,25,2022-12-02,3687800.89,Active
4968,20264,14,1763419.72,1273912.04,9.585,10,2023-07-15,716228.47,Active
4969,22361,73,6241946.32,2678547.79,9.696,15,2024-10-12,1743630.38,Active
4970,11606,65,4866126.64,2572465.68,10.706,20,2023-03-25,2376331.7,Active
4971,19577,53,1392806.61,688178.8,7.144,10,2024-12-12,648396.48,Active
4972,124,71,2206699.0,1364477.53,8.11,25,2024-07-06,743418.12,Active
4973,23,70,4883909.86,2166934.33,7.972,20,2023-11-16,996597.77,Active
4974,8752,49,1688809.45,925201.69,8.224,10,2023-08-17,377260.02,Active
4975,16249,18,7990398.56,5864433.4,10.458,25,2024-12-19,2442066.8,Active
4976,23208,80,3421133.09,1425132.81,9.06,10,2022-02-27,1132383.38,Active
4977,21683,94,3663740.03,1480079.03,6.834,20,2024-01-25,1156064.59,Active
4978,7434,64,2262029.65,998496.23,10.773,25,2022-04-09,764327.41,Active
4979,8527,79,2993188.4,2272141.56,11.026,20,2023-10-31,757096.51,Active
4980,10538,21,5959602.25,3180266.54,6.631,30,2024-11-24,1531292.07,Active
4981,1613,27,4819828.08,2243783.56,10.361,10,2024-04-16,1482110.5,Closed
4982,16664,72,3880103.74,1635600.37,7.663,15,2024-08-07,585609.1,Active
4983,12754,44,2103697.32,928907.92,10.435,15,2022-06-26,880606.91,Active
4984,23930,32,1499712.3,1026999.39,11.482,30,2023-08-01,553739.68,Active
4985,21932,95,5450943.4,2790034.88,9.397,20,2023-09-18,2406473.1,Active
4986,4044,91,5799499.99,3836777.09,9.464,30,2022-06-02,2538869.64,Active
4987,18587,26,2534491.6,1910070.46,9.973,30,2024-12-27,1003253.4,Active
4988,12508,40,5220530.61,2426967.86,11.459,30,2022-10-16,1456006.37,Active
4989,14130,39,1096671.95,686388.21,8.143,10,2023-05-22,310850.67,Active
4990,10896,48,1519295.28,926091.55,9.327,30,2023-12-24,425710.45,Active
4991,21629,79,2543434.12,1689412.07,7.904,20,2023-07-24,1273816.15,Active
4992,16238,98,1000000.0,783518.66,9.527,30,2023-10-16,678603.19,Active
4993,7801,17,6040293.41,4560845.23,10.73,10,2024-12-31,2895611.91,Closed
4994,7696,51,1542271.69,1004915.39,9.562,30,2024-01-15,641394.92,Active
4995,24580,5,1147037.97,864396.02,10.485,15,2023-02-14,709121.21,Active
4996,21488,89,3246106.34,1355915.96,10.954,10,2024-11-16,973733.63,Active
4997,15864,87,1946821.41,1208796.8,10.801,25,2022-10-22,405389.03,Active
4998,15940,57,2641554.97,1402365.41,11.08,15,2024-11-12,1260149.18,Active
4999,11917,52,7900140.39,3625432.65,8.66,10,2024-11-06,3236651.9,Active
5000,17590,54,6021332.72,3828731.42,11.156,15,2023-06-14,1963558.03,Active
5001,3447,83,7634388.48,4530620.77,7.66,10,2023-04-08,2575238.66,Active
5002,18178,85,6185533.85,4931980.55,10.143,25,2023-02-27,2563612.34,Active
5003,10018,73,3257646.72,2326842.7,9.206,15,2024-07-16,1368690.39,Active
5004,13247,69,3905957.32,2770296.1,7.514,10,2024-12-20,2524309.6,Active
5005,9793,6,3514198.34,2641210.19,10.795,10,2022-07-08,1885542.72,Active
5006,1790,49,5187778.66,2835531.73,8.708,30,2024-05-09,2616355.3,Active
5007,7987,64,6806049.29,3243306.64,10.015,10,2023-05-01,2144844.45,Active
5008,8015,20,5775601.3,2408980.0,7.302,30,2024-12-29,1817143.63,Active
5009,24885,8,5235159.62,3013230.36,9.96,15,2024-06-18,2349615.91,Active
5010,4321,23,8729802.27,5730088.5,8.47,30,2023-03-05,4193992.71,Active
5011,20784,24,2570355.07,1839498.93,7.466,25,2022-04-16,1597320.87,Active
5012,19557,45,4316783.58,2130516.61,6.605,10,2022-06-17,1131192.86,Active
5013,9354,99,5203953.22,2340613.86,10.159,25,2023-12-14,2050495.7,Active
5014,24622,12,3467854.15,2740867.3,10.765,20,2023-09-08,2069028.92,Active
5015,16210,42,3114848.94,1255701.73,10.714,30,2022-06-23,868659.13,Closed
5016,21103,79,3138449.9,1468071.13,7.289,15,2024-07-25,1001804.51,Active
5017,22859,87,1172288.08,573927.83,6.503,10,2023-03-23,377804.19,Active
5018,13493,81,1923979.62,981679.22,7.143,30,2024-08-19,309883.37,Active
5019,6289,68,3445436.48,1676047.95,8.288,30,2024-12-19,1531091.07,Active
5020,10873,100,1105736.76,799021.48,8.809,10,2024-05-31,362604.51,Closed
5021,12333,35,3218407.69,1337328.86,11.166,20,2022-08-28,502325.09,Active
5022,1576,65,3094713.05,2098964.25,6.893,15,2022-04-06,1332404.69,Closed
5023,16357,92,4769195.45,2456510.2,9.589,20,2023-12-28,1973412.19,Closed
5024,24422,77,3769134.12,1637933.09,7.143,25,2022-01-28,653850.02,Active
5025,19855,73,2839962.38,1845588.85,7.874,25,2024-01-27,1688262.22,Closed
5026,18335,78,1285488.14,899485.92,10.74,25,2023-10-05,339705.04,Active
5027,9124,95,3084115.62,1854879.36,9.434,10,2024-03-28,1681471.14,Active
5028,24568,14,6564522.35,4660921.96,10.453,20,2023-08-12,4007497.25,Active
5029,8039,31,5903891.81,3587372.95,11.214,10,2022-10-18,1540578.57,Active
5030,22059,19,3272969.43,2030600.57,10.266,25,2022-12-23,1721507.34,Defaulted
5031,13650,92,3639502.02,2544023.52,10.768,10,2022-06-11,1063717.75,Active
5032,23859,99,3817870.45,2931370.66,8.069,30,2024-08-05,1964104.5,Active
5033,5383,69,3399967.8,2646605.19,6.543,25,2023-01-22,1452620.19,Active
5034,5939,33,3123848.66,1308998.38,10.97,10,2023-02-09,803438.46,Active
5035,8430,4,2314102.39,1004389.3,6.925,15,2023-04-27,619860.86,Active
5036,24906,13,1132627.59,707535.41,8.551,25,2024-08-12,616481.72,Active
5037,1921,36,5802158.05,3933738.83,11.163,30,2023-09-10,2731553.6,Active
5038,22060,21,9404417.74,7068180.28,10.245,15,2022-09-18,4023212.05,Active
5039,15994,18,2943981.48,1753009.75,9.762,25,2023-09-06,1093808.32,Active
5040,59,84,1098746.86,511074.35,7.111,20,2023-10-19,402484.1,Active
5041,10390,95,4691064.97,3286218.63,9.382,10,2022-10-27,2853020.88,Active
5042,3326,45,2320154.05,1536188.49,10.481,15,2024-03-28,1059033.96,Active
5043,2429,64,3453317.48,2514500.14,8.379,25,2022-10-12,1699297.71,Active
5044,16606,69,2960682.83,2329247.58,9.04,20,2022-09-21,881187.59,Active
5045,14841,72,4751595.11,2473820.51,9.53,30,2024-01-06,1480957.67,Active
5046,20160,99,4030871.14,2930095.78,10.334,25,2023-05-31,1703112.43,Active
5047,12323,26,4078755.57,2729631.68,8.443,15,2023-07-22,1146468.65,Closed
5048,17896,37,2638757.87,1442434.28,8.523,25,2022-12-29,1337547.44,Active
5049,11229,53,1749437.49,789964.02,11.128,10,2023-10-21,592401.49,Active
5050,20311,2,4409823.18,2321383.51,9.582,10,2023-03-28,1051756.74,Active
5051,14261,93,3519761.04,1478453.72,8.881,30,2022-03-28,706572.68,Active
5052,12642,96,4088925.04,1909350.26,8.41,30,2024-07-03,1609879.75,Active
5053,21509,76,4090557.71,2856263.49,6.943,25,2024-07-29,1233021.46,Active
5054,13554,16,2023326.89,1402010.83,11.328,20,2024-03-21,435657.69,Active
5055,8759,83,3572302.67,2713205.39,7.179,20,2023-11-10,2421379.48,Active
5056,17339,97,1721616.52,1324730.88,11.467,20,2024-03-24,1050310.35,Active
5057,3326,86,2154999.01,1204491.13,10.864,20,2024-05-27,830811.58,Active
5058,993,13,2127583.94,1337316.04,6.65,25,2023-07-03,747902.49,Active
5059,5591,70,2793153.43,1509305.09,9.923,30,2024-12-29,970834.21,Active
5060,1416,58,3518791.5,2178499.71,7.452,15,2022-08-23,1963783.28,Active
5061,3614,95,3004121.35,2190079.08,8.5,15,2024-04-10,2075752.92,Active
5062,17159,63,5639958.6,2392328.43,7.394,20,2023-03-09,2224880.4,Active
5063,2797,30,1721882.62,1278982.56,11.37,25,2023-07-09,919238.09,Active
5064,13665,90,1563003.77,748574.09,8.22,15,2022-02-21,607159.66,Active
5065,14657,95,3058148.09,1331147.27,11.082,10,2022-09-17,943218.97,Active
5066,2601,65,8583028.39,6780422.79,10.426,30,2023-07-01,6150838.07,Active
5067,24739,39,5155374.98,2533682.25,9.315,30,2024-10-04,1935143.67,Active
5068,1934,75,2546676.79,1769999.04,8.283,30,2024-07-20,932365.24,Active
5069,12935,22,3718211.03,2116645.81,11.178,10,2022-03-01,1579406.3,Active
5070,448,42,2269246.61,1124288.05,8.329,30,2023-09-01,386255.49,Active
5071,21997,1,3717932.58,1972488.26,8.764,25,2023-12-03,1426537.8,Active
5072,204,6,4700466.27,2097038.04,11.372,30,2024-06-30,1392321.51,Active
5073,12570,33,5630193.06,3634682.9,7.051,10,2023-01-01,2123098.84,Active
5074,12968,66,4566089.13,2343086.79,10.849,25,2022-01-12,715382.26,Active
5075,14761,52,2943934.2,1848610.57,10.619,25,2024-03-05,1399316.48,Active
5076,15711,34,1180107.78,858452.54,6.551,15,2022-06-24,432777.49,Active
5077,6021,39,6629363.16,5272958.92,11.028,20,2022-05-27,3016012.15,Active
5078,19239,78,1846580.52,990900.28,11.179,10,2024-03-23,481216.48,Active
5079,13240,11,3250215.68,1703355.32,8.87,25,2023-11-10,733012.27,Active
5080,9,45,1664803.56,1298057.8,8.662,20,2022-02-12,765069.21,Active
5081,15068,55,4382049.67,2962060.05,9.336,25,2024-05-21,2178839.47,Active
5082,12152,1,2084117.45,1505599.33,10.343,25,2023-08-30,1379547.08,Active
5083,24094,45,8334344.32,3956700.34,8.842,10,2024-08-18,1892529.26,Active
5084,21760,100,4077291.42,1768196.01,8.409,10,2024-03-25,694070.97,Active
5085,24204,20,6531836.7,5028482.01,8.603,30,2023-07-30,3603055.67,Active
5086,15294,22,4544579.46,1925067.23,6.613,25,2023-09-04,1346272.27,Active
5087,4106,29,2826093.08,1811551.64,10.315,30,2023-10-01,1675433.46,Active
5088,17850,11,10175179.95,5416771.83,11.415,10,2022-10-04,2009683.31,Active
5089,16595,87,3271895.9,2154814.65,9.663,20,2023-02-15,1081735.02,Active
5090,24810,8,8407487.29,5994280.49,7.763,30,2022-11-04,3460650.61,Active
5091,270,54,1583233.62,876532.38,7.175,15,2023-12-14,774326.76,Active
5092,2349,64,5181101.47,4113458.61,9.003,20,2022-04-26,2465194.83,Active
5093,14296,42,2795758.45,2139277.91,8.648,20,2022-03-29,1748046.57,Active
5094,5209,53,6641428.24,4015460.34,10.617,20,2023-05-26,2828762.08,Active
5095,18518,7,3587665.49,1775779.32,9.397,25,2022-10-22,1203147.45,Active
5096,20597,22,1586637.86,965944.9,10.211,25,2024-02-15,560662.23,Active
5097,21999,28,3096055.32,1613832.96,7.799,10,2022-09-24,570922.04,Active
5098,12794,75,2165163.51,1634715.7,9.941,15,2023-08-13,1399158.47,Active
5099,16405,49,6154539.49,3775326.01,11.286,15,2023-03-21,2196699.69,Active
5100,7825,68,1473986.73,1177398.1,10.702,10,2023-02-20,915756.43,Active
5101,11989,1,1302920.61,874383.33,8.421,10,2022-11-05,597830.01,Active
5102,6596,82,2344450.18,1246963.84,10.981,15,2024-03-17,443919.54,Active
5103,8805,66,3206650.61,2479264.85,7.421,30,2023-07-10,1428387.31,Active
5104,4598,78,3997160.53,1802400.0,6.732,30,2023-10-22,931790.34,Closed
5105,2273,99,3678752.46,1836036.42,9.572,20,2023-01-09,624874.14,Active
5106,1141,66,2170515.57,1537939.79,9.58,30,2024-04-07,1405377.93,Active
5107,23697,39,5789151.11,3825066.06,10.336,30,2022-04-27,1273383.35,Active
5108,21552,35,3194460.79,2090848.49,7.875,20,2024-09-24,982317.64,Active
5109,22155,51,4090350.27,2778595.18,10.557,20,2024-12-23,1149565.39,Active
5110,5573,17,3107226.32,1602511.71,11.474,20,2023-11-02,569290.76,Active
5111,22618,69,7230444.88,5655491.79,10.133,30,2022-07-22,2252231.28,Defaulted
5112,16097,18,2447802.82,1832126.95,9.402,10,2022-05-27,1197169.03,Active
5113,854,4,3064613.61,1379714.28,10.16,30,2023-03-18,870164.72,Active
5114,14655,60,2791075.8,2081483.66,7.311,15,2024-12-22,1333272.1,Active
5115,22536,90,2698221.59,1630769.81,10.403,10,2024-04-07,962862.5,Active
5116,2164,23,4328442.33,3283402.07,7.673,15,2023-07-09,2754373.99,Active
5117,16573,33,1896862.39,907203.39,7.772,25,2024-03-31,822937.98,Active
5118,15662,80,6858290.45,3170797.22,10.015,10,2023-09-04,961528.01,Active
5119,7631,68,1000000.0,657669.73,11.024,10,2022-01-26,459285.56,Active
5120,18443,26,1627323.27,1085646.83,10.259,10,2023-06-07,1029623.1,Active
5121,18721,33,6133653.69,4774400.79,11.026,10,2022-04-18,3880514.81,Active
5122,3177,84,5650230.77,3846122.84,8.228,20,2024-03-10,3076661.66,Active
5123,8275,23,5932914.74,3639306.18,11.21,10,2023-03-06,2087250.01,Active
5124,23523,78,1000000.0,576677.59,10.524,15,2022-12-23,541690.24,Active
5125,3999,90,1647445.57,726539.51,10.139,30,2022-11-27,645296.53,Active
5126,16958,3,3128558.53,1541970.12,9.796,25,2023-05-21,991442.99,Active
5127,21864,95,3955179.88,2060672.81,10.842,25,2022-09-29,643153.59,Active
5128,11005,3,4187401.61,2997039.33,8.261,25,2024-08-18,2637900.53,Active
5129,6698,66,1884652.19,1024369.7,8.02,25,2022-04-30,788060.11,Active
5130,18175,34,2753721.97,2086524.13,9.704,20,2022-07-22,1158353.05,Active
5131,13278,80,3342128.58,2005908.13,10.605,10,2024-06-16,1565458.08,Active
5132,20491,27,3519665.92,1599680.49,9.876,20,2024-08-22,1426538.07,Active
5133,24714,40,3247724.74,1848745.77,10.494,15,2022-10-27,757170.58,Active
5134,16931,88,1337801.45,620663.98,7.498,25,2023-01-15,279299.19,Active
5135,18105,72,2652884.84,1791664.86,7.359,20,2023-02-04,1634710.37,Active
5136,17725,11,2299126.17,1754015.91,9.609,15,2023-06-12,1513991.33,Active
5137,21156,22,7077236.77,5527165.24,7.383,25,2024-03-13,3419701.49,Active
5138,1320,22,1743262.16,904449.91,10.654,30,2022-08-30,513369.15,Active
5139,10908,80,4498793.65,3414363.31,6.929,20,2023-12-24,3006322.89,Active
5140,7997,66,2706101.96,1464494.68,10.638,15,2023-05-13,729436.74,Active
5141,22867,19,1342862.82,665292.28,9.186,10,2023-10-07,299681.55,Active
5142,13749,68,1875977.52,758021.43,11.115,25,2023-12-15,232751.17,Defaulted
5143,22343,64,3706123.41,2550020.39,10.025,20,2023-03-08,1566208.1,Active
5144,2855,43,3232368.17,1969356.86,8.564,10,2023-01-19,1868414.15,Active
5145,24714,79,6501228.84,4214933.29,10.885,30,2024-06-16,1679462.81,Active
5146,21513,91,1931951.32,1429328.77,8.165,20,2024-04-21,972977.04,Active
5147,5975,31,3662525.83,2430797.63,10.359,25,2024-12-04,1256547.23,Active
5148,20164,18,3500713.55,2107666.51,8.219,30,2022-03-10,1544411.74,Active
5149,11650,65,2694695.88,1519504.07,7.514,30,2024-10-02,541024.42,Active
5150,11668,71,5540703.44,2528390.94,6.671,20,2024-05-21,2213407.34,Active
5151,17840,95,1657563.38,1052774.79,9.385,10,2022-05-31,884764.04,Active
5152,3671,74,4822364.85,1982734.03,11.097,30,2024-09-26,1080072.92,Active
5153,19481,42,3953714.01,2931326.18,11.299,20,2022-07-22,1898753.32,Active
5154,21410,13,5724461.83,2932642.72,9.786,25,2023-08-21,2150574.57,Active
5155,9275,79,2353987.6,1252042.6,9.761,15,2022-07-08,885067.7,Active
5156,5972,88,5693280.21,3900975.69,7.508,25,2023-12-29,2991468.7,Active
5157,17653,63,2638270.07,1190103.11,10.065,30,2024-06-27,1045366.85,Active
5158,5328,11,1507246.98,868719.92,7.131,10,2024-09-08,662841.56,Active
5159,13628,22,2915045.56,1381305.18,9.199,10,2024-06-29,617205.59,Active
5160,8420,44,2465521.82,997129.55,8.162,15,2023-06-29,511781.98,Active
5161,9937,64,1820768.57,896528.25,8.245,15,2022-06-07,626886.36,Active
5162,2070,67,10176153.58,4411938.87,9.424,20,2023-08-10,1473533.22,Active
5163,14649,10,5649237.71,3828097.66,10.535,20,2024-04-15,1662006.38,Active
5164,9559,13,7219120.56,4354178.83,10.588,20,2024-03-08,3569975.83,Closed
5165,10922,98,4684414.05,2476478.51,7.991,20,2023-09-08,1828970.78,Active
5166,19762,50,2140900.74,1248867.06,10.963,10,2023-09-10,1158547.22,Active
5167,24824,6,3421782.24,1692602.2,9.317,10,2024-01-05,652698.66,Active
5168,5917,59,6192115.93,4361460.08,8.574,30,2022-09-12,2519481.27,Active
5169,7031,4,7620309.24,3528091.65,9.413,30,2024-01-16,2013836.62,Active
5170,9616,11,10398280.64,7805661.1,8.75,15,2023-04-14,4533239.5,Active
5171,3967,63,3413372.24,1594071.84,11.381,20,2024-05-03,830145.52,Active
5172,13186,49,2688133.39,1849170.43,6.727,20,2023-09-19,1475141.08,Active
5173,6726,22,2505215.07,1013183.91,6.874,25,2023-12-12,429198.13,Active
5174,3405,74,3125946.52,1379266.11,10.4,20,2024-03-15,580264.73,Active
5175,3015,15,1105733.48,479605.68,10.814,10,2024-06-08,195902.22,Active
5176,17097,55,4376107.11,3184108.26,7.007,20,2023-07-19,2865016.33,Active
5177,12862,31,2110753.27,1408484.32,11.432,25,2022-08-13,506726.57,Active
5178,15212,60,15771962.43,8917887.04,7.46,25,2022-08-02,4362461.21,Active
5179,9479,86,1640725.75,939263.39,6.547,10,2022-07-27,450191.16,Active
5180,2778,100,1981828.96,1532770.38,7.835,10,2022-03-21,1384610.11,Active
5181,5633,55,1925547.19,1255110.45,8.627,10,2022-01-21,1140566.25,Active
5182,9439,16,2850423.47,1360340.39,10.919,10,2022-10-15,645836.97,Closed
5183,6865,96,2744656.79,1610166.03,10.213,15,2022-06-11,837446.19,Active
5184,4641,29,5072806.05,3809361.77,10.621,30,2022-10-20,3499160.97,Active
5185,14364,12,2832162.97,1533498.41,8.696,25,2024-02-14,895220.6,Active
5186,19926,14,2816498.74,2225745.58,10.755,15,2023-01-11,1663317.74,Active
5187,18785,98,2940829.06,1934964.35,10.823,20,2023-02-08,872953.29,Active
5188,19015,56,3620331.45,1659756.43,8.426,15,2023-02-26,1333588.02,Active
5189,24770,1,3641321.08,2907842.02,10.652,20,2023-10-07,2738707.01,Active
5190,4392,9,4195619.31,2311764.57,8.354,10,2023-06-21,1111653.97,Active
5191,7968,22,2060337.94,1147969.3,8.457,25,2022-04-18,442839.91,Active
5192,17630,75,3118988.1,2216206.76,10.902,15,2024-01-30,839289.06,Active
5193,20088,69,4766902.7,2252410.53,8.927,10,2023-06-09,1680176.77,Active
5194,17470,33,4272383.31,2429140.6,11.226,30,2024-04-09,1490172.25,Active
5195,10442,77,4294305.51,3390196.1,8.914,10,2024-11-19,3009000.74,Active
5196,2172,12,3518539.04,1530503.67,10.908,25,2023-06-10,672871.36,Active
5197,2399,28,4063249.51,1873105.77,7.563,10,2024-11-29,1421856.96,Active
5198,1287,21,3568255.77,2704733.01,9.761,30,2024-01-07,2360570.67,Active
5199,9697,68,2120227.25,1497678.99,6.861,20,2024-05-20,1250423.86,Active
5200,17597,62,2046855.08,1045082.65,8.232,15,2022-08-06,538723.17,Closed
5201,12510,29,5047168.15,2446875.62,8.269,20,2022-07-23,1484402.77,Active
5202,10501,98,2558104.44,1183378.71,8.058,30,2024-07-11,608504.08,Active
5203,11709,93,3429837.1,1882781.21,9.593,20,2023-08-02,980199.79,Active
5204,19654,43,1000000.0,590864.38,8.382,10,2023-06-23,207807.29,Active
5205,24562,90,3448054.85,2359681.97,10.156,25,2023-02-18,2131047.44,Active
5206,18189,75,2867427.26,1425095.41,6.742,15,2022-12-26,648680.02,Active
5207,21359,94,7771042.6,4644072.78,7.834,15,2023-10-23,1704720.27,Active
5208,9959,59,5094824.88,2803984.46,6.647,15,2022-08-23,1869436.74,Active
5209,20174,11,3750427.23,1589631.76,6.977,20,2022-01-16,1296277.04,Active
5210,16391,61,2591319.71,1763986.16,11.253,30,2023-09-24,929301.26,Active
5211,21430,84,3746449.77,1772338.27,10.943,20,2022-11-26,1125419.25,Active
5212,6031,59,1896325.04,798348.97,11.476,10,2023-07-26,655318.53,Active
5213,24142,71,1918610.64,1149205.49,6.88,25,2023-04-11,807089.33,Active
5214,14433,48,2842206.16,2165860.77,8.83,20,2024-07-01,1833694.01,Active
5215,7397,1,3480611.79,2017941.2,7.156,20,2023-06-06,771206.91,Active
5216,2307,15,7154477.93,4756050.19,7.247,10,2024-07-31,2598393.29,Active
5217,8759,46,1040191.98,596542.74,6.565,25,2022-01-21,417565.48,Active
5218,4757,13,4678494.27,2713407.75,6.794,10,2022-08-24,2307706.77,Active
5219,20013,71,2153953.66,1490899.34,9.472,30,2024-11-17,1325821.76,Active
5220,7847,10,5908902.66,4508375.5,9.522,30,2022-03-21,3884476.65,Active
5221,4427,67,2846056.31,2026080.08,9.036,10,2023-02-28,1602935.89,Active
5222,18551,23,2165840.1,1297461.09,6.932,10,2023-07-07,1133439.83,Active
5223,18778,65,5756715.09,3616022.26,10.363,20,2023-04-27,1140321.99,Active
5224,16912,94,2766014.18,1423353.86,7.163,25,2024-11-30,525471.93,Active
5225,20321,21,3183524.23,2458181.25,8.524,10,2022-11-12,1896312.65,Active
5226,23363,85,1717836.81,1098867.35,8.011,25,2022-02-14,563431.18,Active
5227,2044,2,1482043.6,918372.61,7.368,20,2022-03-12,600397.74,Closed
5228,24683,2,2273336.68,1284352.29,11.374,30,2023-08-17,967522.33,Active
5229,5515,69,3203590.83,2122750.7,10.319,10,2024-03-18,1172730.31,Active
5230,21649,26,2674336.3,1808276.0,6.574,20,2023-08-02,1313770.98,Active
5231,11859,42,2065892.43,1509224.43,10.686,15,2024-04-16,900463.22,Active
5232,7543,63,2363963.9,1417491.82,10.573,20,2024-04-10,660828.06,Active
5233,5846,20,3760590.05,2865009.93,10.433,20,2024-07-05,1105886.55,Active
5234,17271,23,7114036.21,5282359.47,8.762,10,2023-01-22,2633446.81,Active
5235,3299,71,2709407.6,1790589.77,7.009,25,2022-01-13,1415644.12,Active
5236,2157,1,3817124.19,2473856.72,10.69,10,2024-09-21,1412029.48,Active
5237,112,91,2361953.09,1074333.1,7.486,10,2024-08-11,777518.55,Active
5238,8286,79,2119580.8,1648940.77,10.647,25,2023-05-30,815687.51,Active
5239,22457,71,2857352.84,1158642.93,11.009,15,2024-10-28,608508.68,Active
5240,23593,87,4551313.83,2425606.4,6.999,10,2024-05-14,1203082.07,Active
5241,19818,4,3752717.32,1758025.5,7.768,10,2022-02-22,732477.14,Active
5242,5300,7,5888004.04,4246365.63,6.672,25,2024-05-22,1968935.32,Active
5243,15748,58,2780076.48,1370554.91,8.352,10,2024-12-17,505788.52,Active
5244,10534,2,2287333.34,1785709.88,10.285,25,2024-12-15,713490.6,Active
5245,13087,65,1242282.56,801585.05,9.235,15,2022-12-10,669070.44,Active
5246,9169,45,5102150.5,4025302.48,8.958,10,2022-05-02,3772178.99,Active
5247,13557,5,1797990.25,934214.51,7.924,30,2022-01-22,387841.84,Active
5248,970,67,6761491.83,3637803.68,7.658,10,2022-07-19,1531120.83,Active
5249,1489,30,4663036.91,2106724.35,7.951,10,2022-04-23,798248.41,Active
5250,1564,84,1115971.48,773056.81,8.881,30,2023-06-30,467099.87,Active
5251,4404,52,3867811.62,2603829.0,9.143,25,2023-09-02,1294072.06,Active
5252,7126,12,3784762.59,2853693.74,9.984,15,2022-07-02,2230656.02,Active
5253,22152,28,6286464.78,2752822.5,7.097,20,2022-10-19,1390651.32,Active
5254,7389,18,2786023.55,1934377.86,10.729,10,2022-06-28,1718753.44,Active
5255,7635,88,1510772.14,666543.08,7.404,15,2024-10-21,415409.17,Active
5256,24375,67,5480670.74,3816441.38,6.988,10,2024-02-18,1330014.18,Active
5257,16971,66,1585986.66,1246290.16,7.048,15,2023-12-08,659908.83,Active
5258,13919,36,4963404.96,3575229.52,9.809,25,2024-06-25,1135935.73,Active
5259,4918,6,2292337.46,1513967.74,11.005,20,2024-06-28,1211913.1,Closed
5260,22123,8,2722932.85,2076360.72,10.432,30,2024-07-16,1826142.59,Active
5261,16873,35,1112140.1,703472.78,8.556,15,2022-06-19,319500.11,Active
5262,7356,40,7123608.9,5214297.08,7.161,10,2024-02-19,2446740.82,Active
5263,22827,97,3689329.28,2134508.97,9.592,15,2023-06-13,1421712.74,Active
5264,11242,61,1524975.21,923197.3,9.431,25,2024-08-20,451335.0,Active
5265,4621,19,3231239.83,2354518.91,8.104,10,2022-03-22,1348177.1,Active
5266,14263,42,5085908.9,2331881.78,8.401,30,2023-08-02,720662.65,Active
5267,5198,66,2660718.86,1192798.71,6.976,30,2022-02-23,771225.4,Active
5268,12478,39,2538162.51,1908274.57,11.464,25,2022-11-20,1310628.89,Closed
5269,16286,97,2666470.02,2084141.55,6.856,20,2024-11-25,714300.46,Active
5270,14591,60,1668434.57,828701.31,6.721,20,2023-06-16,751352.91,Closed
5271,8573,32,2903691.58,1549364.65,7.185,30,2023-05-23,1210455.09,Active
5272,617,31,13503000.44,9079486.38,9.21,10,2023-06-03,8615821.61,Active
5273,2465,38,6017912.59,3354507.13,10.156,10,2022-04-23,1950034.52,Active
5274,22912,19,1000000.0,795207.89,8.826,15,2023-07-16,574179.44,Active
5275,11449,75,4992529.63,3507772.49,11.464,15,2022-06-18,1609063.92,Active
5276,22387,3,3974507.15,1654539.28,9.613,25,2022-11-25,1097414.15,Active
5277,20471,52,3897560.78,2022466.51,10.874,20,2022-12-07,1666568.0,Closed
5278,15700,30,2922488.24,2299340.18,11.464,20,2022-10-21,1380572.76,Active
5279,5195,86,4117997.16,1662890.97,7.253,10,2022-03-24,1269408.56,Active
5280,90,6,5739110.73,3096390.79,9.474,15,2024-02-19,1931941.27,Closed
5281,16815,6,2461248.54,1862001.35,8.153,25,2023-08-24,737241.96,Active
5282,6050,12,2176728.41,1299658.32,6.726,10,2024-08-21,584086.96,Active
5283,11727,31,7208451.53,4566042.18,8.134,10,2024-05-14,3805144.99,Active
5284,17267,1,2292612.89,1711007.07,10.752,25,2024-06-16,1258569.44,Active
5285,5743,65,1000000.0,458178.99,8.077,20,2022-04-05,296587.46,Closed
5286,17447,21,1166338.41,669445.65,9.4,25,2023-04-01,312772.92,Active
5287,24169,69,4227301.23,2517670.19,10.297,25,2024-05-01,2063006.45,Active
5288,21395,84,4915328.98,3737189.47,6.681,15,2022-09-02,2606153.67,Active
5289,11384,50,5516194.67,4307048.29,8.939,15,2022-03-23,2575693.51,Active
5290,15742,5,3837880.81,2429745.35,11.099,10,2022-07-06,804996.94,Active
5291,21454,87,7260792.79,5482180.03,6.797,25,2023-12-17,4664054.59,Active
5292,8174,40,8758973.67,4872562.66,9.172,10,2023-06-29,2088527.75,Active
5293,13498,91,2759675.37,1512310.43,9.881,10,2022-12-15,652063.61,Active
5294,22389,38,3154607.58,2145095.44,10.626,10,2024-04-01,762257.95,Active
5295,23586,79,2839407.97,1429689.73,10.686,15,2023-05-14,713331.63,Active
5296,20965,22,2400609.01,1244611.73,7.722,15,2023-02-02,468444.81,Active
5297,1297,32,2941037.3,1672167.56,9.18,30,2022-07-03,775247.91,Active
5298,14816,80,7307984.37,4661890.31,6.705,20,2024-01-02,1814367.7,Active
5299,7264,18,3464254.39,2509219.37,9.085,20,2022-07-18,2127289.8,Active
5300,22728,75,4398107.22,2449167.54,10.192,25,2022-03-24,2092703.11,Active
5301,5629,73,3050513.66,1553627.27,7.583,20,2022-06-14,1096425.41,Active
5302,11565,62,5674642.83,3565148.55,8.857,30,2022-02-03,2168443.1,Active
5303,1925,66,3993730.3,1668395.36,10.26,30,2024-04-13,1492368.24,Active
5304,8632,20,3656149.08,2729207.65,9.077,25,2023-02-09,2587657.47,Active
5305,13254,59,5159862.51,3414483.93,11.162,20,2022-01-16,2029357.8,Active
5306,7801,93,2687295.53,2145459.97,10.68,10,2024-06-24,1031590.53,Active
5307,19785,64,1796430.38,902044.91,9.706,15,2023-03-21,596416.98,Active
5308,3604,75,5587620.89,2894611.85,8.867,30,2022-03-05,971940.05,Active
5309,8217,44,4761857.41,3309754.55,10.23,25,2022-06-01,2234970.55,Closed
5310,14244,33,2510503.47,1589209.27,9.7,20,2024-04-07,803740.86,Active
5311,23253,47,4311320.23,2418420.15,8.566,10,2023-06-25,2020561.86,Active
5312,22084,39,1509465.33,812911.25,6.591,25,2022-02-21,509017.76,Active
5313,11723,37,4879961.07,3467402.09,8.088,30,2024-02-01,1510383.09,Active
5314,13745,26,6020373.66,4069820.49,6.877,15,2023-03-30,2892677.06,Active
5315,10577,99,4787775.87,2034657.14,8.14,20,2024-03-06,1906392.47,Closed
5316,11603,2,3566083.15,1781588.01,7.176,20,2022-01-11,1145898.56,Active
5317,8326,60,2022136.47,1356579.96,10.601,10,2023-11-24,1244879.36,Active
5318,6873,2,3946389.61,3045509.36,11.132,20,2022-04-07,1617610.2,Defaulted
5319,16321,40,2585545.28,1949376.56,10.216,30,2022-12-21,1556006.47,Active
5320,11324,36,1599045.34,854638.52,8.959,15,2024-10-14,344602.24,Active
5321,23720,70,2007340.8,1140191.83,8.791,15,2023-10-01,966215.96,Active
5322,15766,74,2085146.93,1159030.04,10.426,20,2024-11-08,692561.95,Active
5323,22912,36,6975104.69,4329481.79,8.911,20,2023-09-07,4041770.18,Active
5324,22711,98,6045036.75,4260299.15,8.155,25,2024-05-01,1361787.29,Active
5325,2160,70,5250958.95,2119241.63,9.005,15,2024-04-08,1813431.62,Active
5326,17679,9,1096663.89,553300.05,7.776,25,2022-10-29,417611.46,Active
5327,13995,39,5781376.04,3236033.85,6.733,30,2023-08-18,2692178.79,Active
5328,20009,50,1843564.06,979430.5,6.795,30,2022-11-05,479412.9,Active
5329,1057,68,2818546.22,1338907.2,7.877,30,2022-01-06,896335.56,Closed
5330,3830,69,4495026.5,1868331.12,6.758,10,2023-12-28,701615.15,Active
5331,3913,15,2123123.25,1490742.02,7.248,25,2023-03-26,1270990.21,Active
5332,2710,81,4337897.36,1901359.11,7.007,10,2022-01-07,1648557.12,Active
5333,10678,51,2894187.23,1912782.61,8.26,30,2023-02-13,723794.31,Active
5334,14181,4,2613151.68,1877867.57,8.471,15,2024-04-25,1593283.6,Active
5335,1611,47,5097700.64,2503808.5,7.775,25,2023-10-25,2072022.35,Active
5336,6843,19,5017237.77,2487126.1,7.945,30,2022-06-24,2356219.39,Active
5337,2967,5,2535675.47,1381403.17,8.824,20,2024-11-19,1010879.16,Active
5338,23051,24,2845795.29,1390819.1,9.808,15,2024-01-07,933006.01,Closed
5339,5503,15,2545259.44,1143958.54,9.821,20,2023-11-13,898087.03,Active
5340,19478,89,1779830.35,1393616.77,7.108,25,2022-10-27,1170337.06,Active
5341,3400,25,7377018.23,5836904.21,10.626,15,2023-09-01,2173869.08,Active
5342,1603,10,4792757.85,2463485.48,7.505,10,2022-01-29,1738400.33,Active
5343,18236,52,4322802.25,3054408.06,9.1,20,2023-01-22,1303304.31,Active
5344,10038,53,8573707.26,5132865.12,9.807,10,2024-11-18,2143817.38,Active
5345,9019,32,2698573.51,1623987.04,10.073,20,2023-04-02,943430.56,Active
5346,22818,23,2931477.78,1726431.46,7.547,25,2022-09-08,1370356.14,Active
5347,20427,56,7134038.8,4588954.01,7.121,25,2024-10-03,1632661.3,Active
5348,20851,28,2048389.37,1236419.53,6.948,10,2023-11-13,412341.15,Active
5349,19570,13,2898927.39,2201831.68,10.024,30,2022-11-16,886887.9,Active
5350,5771,72,8170968.81,5561430.5,6.934,10,2023-02-06,2183001.47,Active
5351,194,67,2383522.04,1201472.44,9.305,30,2024-03-05,805497.45,Active
5352,11034,71,2792736.62,2045443.88,7.882,25,2023-03-21,1923211.42,Active
5353,11570,70,5049698.9,2521171.43,9.22,15,2023-12-26,1595480.49,Active
5354,1913,34,2028413.32,1135738.34,10.09,20,2024-02-05,357628.41,Active
5355,24071,61,6100222.98,3796052.41,9.769,15,2022-06-07,2946287.41,Active
5356,2211,46,1449381.12,1068839.0,8.916,30,2022-11-27,842383.9,Active
5357,10776,91,3094171.42,1290734.26,8.267,25,2023-10-12,860838.95,Closed
5358,2049,84,4016768.89,2035631.44,10.956,25,2024-05-29,921088.41,Active
5359,6888,92,4741383.9,3285296.01,6.888,15,2022-03-23,1783203.04,Active
5360,15622,49,3041881.57,2047895.02,8.868,25,2022-05-21,1708458.64,Closed
5361,3547,91,4087230.85,2223699.01,7.006,20,2023-03-13,1701014.38,Active
5362,10557,83,5105691.36,2235759.72,7.962,20,2022-07-28,961806.0,Active
5363,1950,12,1149389.34,881028.88,6.785,20,2023-10-08,313840.55,Closed
5364,10466,65,1437746.57,1079172.33,9.717,15,2023-04-18,877437.45,Active
5365,3214,48,4723760.31,3196223.29,9.27,30,2024-09-27,2863765.42,Active
5366,19487,35,1739317.3,732941.09,8.153,30,2023-10-17,695269.05,Active
5367,1514,31,2754562.71,1365778.79,10.538,10,2024-04-08,1205111.28,Closed
5368,12000,94,5345228.65,3145176.75,8.237,30,2022-10-17,2122819.98,Active
5369,5912,3,6485505.54,3855150.63,10.631,20,2024-04-28,2267602.03,Active
5370,22475,12,5265322.78,2262719.56,9.083,25,2023-09-07,2144032.86,Active
5371,7916,16,3893645.41,2373788.68,9.951,20,2024-08-15,1675275.32,Active
5372,6520,81,1957145.2,1180868.83,9.912,20,2023-11-11,953116.62,Active
5373,20993,9,3078726.99,1240681.44,6.661,30,2024-09-22,657664.18,Active
5374,23691,30,1387996.74,568864.88,7.033,20,2024-12-01,261162.93,Active
5375,19030,48,2542171.4,1874766.0,11.0,10,2024-05-08,825659.05,Active
5376,13673,16,7209355.26,4173389.76,10.499,10,2023-08-28,1947150.3,Active
5377,22720,22,3618431.56,2701112.59,10.549,25,2023-03-04,1959128.16,Active
5378,9148,77,2086858.26,1371245.64,11.389,25,2022-06-11,566357.8,Active
5379,15011,63,3696862.22,2106899.97,10.414,30,2023-05-30,1691402.5,Active
5380,9033,67,2619501.31,1123481.08,7.422,10,2023-09-20,938241.67,Active
5381,14875,47,1230743.4,531711.53,10.257,25,2023-11-22,256176.39,Closed
5382,12006,89,4272309.3,3005280.77,7.558,30,2024-12-27,1848481.25,Active
5383,3202,1,3462243.2,2320400.43,11.098,10,2022-06-02,1513374.18,Active
5384,6474,79,1925516.88,1029003.47,9.294,10,2024-11-25,432628.88,Active
5385,20874,27,5155287.36,3546699.71,11.341,20,2024-04-15,1202289.35,Active
5386,433,16,6495564.05,2904727.73,9.766,10,2023-09-27,2182963.05,Active
5387,9801,47,2229240.73,1305288.15,10.399,30,2023-01-09,1093483.07,Active
5388,15290,82,9468089.9,6960716.79,10.662,25,2023-02-17,3416385.02,Active
5389,22910,73,2737814.84,1827527.24,7.18,20,2023-04-12,855637.63,Active
5390,13697,62,11772084.29,6439520.95,10.344,20,2024-03-15,3395405.02,Active
5391,4022,58,4675400.01,2842811.23,9.507,25,2023-09-16,1562683.37,Active
5392,20993,89,2333112.2,1570736.68,10.294,10,2022-04-24,517964.75,Active
5393,5353,63,5800511.66,4332045.99,11.081,30,2024-09-12,1871580.41,Active
5394,1092,9,2351274.3,1554231.85,10.419,20,2022-12-11,1015309.81,Active
5395,2383,25,4893596.79,2406959.76,6.792,20,2023-10-09,1444572.5,Active
5396,1585,89,5113282.48,3717059.18,10.024,15,2023-10-18,2305839.78,Active
5397,10343,92,1858321.51,773657.87,6.949,20,2024-06-19,471213.1,Active
5398,15419,91,3013159.36,1347882.68,8.79,15,2024-02-26,432246.01,Active
5399,12705,75,2244492.56,1519995.27,10.009,30,2024-05-30,1386455.99,Active
5400,7815,69,3383037.96,2006241.07,6.658,30,2024-10-13,1077467.84,Active
5401,2837,37,4949824.87,2563117.72,8.343,30,2023-08-20,2013771.32,Active
5402,20054,10,2085636.58,891113.39,11.173,25,2024-10-01,346866.2,Active
5403,585,29,3795972.3,2523313.84,9.363,20,2023-06-21,1202940.75,Active
5404,17272,52,3812956.76,2544329.32,10.894,10,2022-12-01,956363.29,Active
5405,11780,68,3013676.83,1236804.54,11.272,20,2022-08-20,377255.63,Active
5406,11052,79,5745807.7,4524783.18,6.865,30,2023-06-28,2952276.66,Active
5407,1736,41,2136719.63,1144866.13,9.866,15,2023-09-16,704229.86,Active
5408,13111,74,2721576.85,1735227.04,8.233,30,2024-01-19,794507.0,Active
5409,7254,13,2693594.36,1805836.46,8.63,25,2024-05-19,757217.14,Active
5410,22227,71,2514273.15,1739189.09,11.122,10,2023-12-28,1387781.87,Active
5411,10457,40,2221373.03,1697396.37,8.231,30,2023-11-11,1595343.76,Active
5412,3723,64,1666261.87,788567.58,6.792,20,2023-09-26,245954.95,Defaulted
5413,18602,69,2196324.06,1131946.52,9.488,30,2022-06-01,392158.45,Active
5414,3972,6,8725374.32,4011352.83,9.166,20,2022-12-12,3243215.34,Active
5415,18310,71,3704314.41,2793482.38,7.63,25,2022-07-12,1981284.76,Closed
5416,18506,96,4172741.78,2529140.69,7.298,20,2023-02-05,1108738.72,Active
5417,4833,5,2486296.41,1204163.13,7.173,15,2023-07-19,591054.45,Active
5418,19068,81,2362088.98,1522523.01,7.219,25,2023-01-24,1439196.48,Active
5419,1865,16,3807306.7,2731150.57,10.164,10,2024-11-19,2294007.14,Active
5420,18454,1,1287175.06,749914.04,10.165,20,2024-02-12,526906.29,Active
5421,24719,58,3473289.73,2535339.85,7.152,20,2024-09-30,1322718.38,Active
5422,18381,91,6764857.29,3116519.53,7.384,10,2024-09-19,1837047.47,Active
5423,23378,22,3729785.09,2817318.13,6.999,10,2023-04-25,1078854.45,Active
5424,13163,99,4109950.59,2164510.94,8.917,25,2022-12-22,843408.25,Active
5425,7585,67,5953910.76,4372039.45,8.151,15,2023-02-05,1885129.35,Active
5426,22975,79,4873477.18,3489281.89,9.754,15,2022-01-21,2034586.73,Active
5427,13940,52,4093247.08,3112707.52,8.905,25,2023-06-05,1211157.01,Active
5428,8488,74,3441964.42,2164462.75,10.753,20,2023-06-17,1619579.53,Active
5429,21003,67,4090320.47,2315636.78,8.269,15,2024-08-20,1419405.5,Active
5430,11275,80,3399133.82,1882075.28,8.961,25,2022-02-23,1163588.61,Active
5431,14114,89,2307256.04,1369849.75,7.01,15,2022-02-06,1176866.05,Active
5432,24813,80,1949368.42,1481565.35,11.18,15,2023-02-05,871971.97,Active
5433,758,33,2208807.03,1141065.57,10.615,30,2024-07-14,512248.41,Active
5434,5126,5,5459760.25,3941844.45,8.446,25,2023-05-28,3115050.9,Active
5435,21535,58,4569582.25,3440356.79,10.362,20,2024-07-31,1829922.61,Active
5436,14239,96,2341536.27,1132404.88,7.411,20,2024-03-19,489766.57,Active
5437,9687,33,2625113.73,1310427.2,11.283,20,2022-12-20,833507.45,Active
5438,9686,92,4583501.28,2878978.86,6.833,30,2024-01-08,2138104.08,Active
5439,21456,71,1907281.14,1452626.02,9.143,20,2023-08-17,988945.81,Active
5440,5803,23,2632206.99,1755749.44,9.525,10,2022-02-27,999127.98,Active
5441,24838,85,1823655.76,1365290.54,11.154,25,2022-01-19,925725.63,Active
5442,14751,25,4629708.33,2912575.66,6.839,25,2022-01-16,1906576.74,Active
5443,23165,55,3478787.67,2517548.83,10.409,10,2023-05-05,2373544.32,Active
5444,23545,56,4000810.92,2448015.76,11.111,10,2023-05-14,1953449.73,Closed
5445,7020,4,2673452.18,1576667.56,6.562,25,2022-06-05,1022942.72,Active
5446,3920,73,2080094.44,1520311.98,6.949,10,2022-06-02,1342704.0,Active
5447,6403,76,8576968.8,4149472.46,8.29,25,2022-10-24,3559274.24,Active
5448,8719,92,3430970.07,1398494.74,9.55,25,2024-11-14,1288765.87,Active
5449,19663,64,4917363.71,3731547.07,6.605,25,2023-03-05,2237703.13,Closed
5450,10852,76,5355011.64,3391008.14,9.745,10,2023-02-11,1372039.0,Active
5451,22805,56,5810931.1,2381816.84,7.875,30,2022-03-02,1028355.52,Active
5452,12471,59,3614606.44,2265200.2,6.953,25,2024-03-19,1060548.42,Active
5453,24745,43,1848181.08,1189319.77,11.433,20,2022-09-04,812862.94,Active
5454,8850,60,5142565.59,3726270.99,8.141,15,2023-07-30,1202981.76,Active
5455,19126,95,6659140.69,3766381.72,10.647,20,2022-03-17,1288201.57,Active
5456,19719,15,6743876.25,4434587.6,8.436,10,2023-07-04,3619839.86,Active
5457,18082,66,3368874.52,1679959.77,7.216,20,2024-11-12,1395963.94,Active
5458,19433,58,2672916.41,1487988.06,10.894,20,2023-10-03,1391232.57,Active
5459,4817,64,3243525.24,1422703.51,7.896,10,2024-11-27,1187635.88,Active
5460,15559,88,3095749.6,1321410.24,7.04,20,2023-03-26,1183233.11,Active
5461,9261,68,2475557.71,1258884.88,10.864,20,2023-09-12,454087.31,Active
5462,8495,62,5079289.87,2496511.45,9.359,10,2024-09-10,2190692.29,Active
5463,5239,8,1505590.18,947091.31,8.869,10,2023-04-23,627601.69,Active
5464,9492,48,1794153.61,1254727.54,8.925,30,2022-02-05,1166818.04,Active
5465,22563,27,4189996.05,1713110.83,8.281,25,2024-04-19,979122.21,Active
5466,12862,94,1912378.8,1007069.51,8.091,25,2024-07-04,355174.03,Active
5467,11141,88,5933473.63,2861405.95,11.026,15,2024-09-26,2678195.96,Active
5468,3837,14,2004459.65,1451789.15,7.17,10,2023-01-14,1108617.61,Active
5469,7910,37,1673559.16,744325.04,7.141,20,2022-09-13,409969.28,Active
5470,1719,83,9342801.71,6623508.59,7.616,30,2022-12-11,5489960.23,Active
5471,19547,61,3161680.59,1991958.1,11.209,30,2023-02-26,1510452.36,Active
5472,21737,64,3314901.88,1531124.11,7.669,25,2022-10-31,1100212.28,Active
5473,15231,2,5531257.85,2680322.04,9.685,25,2022-10-19,822183.49,Active
5474,4149,30,3658171.32,2653758.1,6.771,10,2023-12-12,1103619.05,Active
5475,13361,45,2075873.44,1433039.38,7.906,20,2022-07-14,551676.5,Active
5476,14183,59,3007572.13,1974763.8,8.882,10,2024-07-30,1387812.93,Closed
5477,18510,46,4419320.92,2157465.88,6.993,30,2023-06-06,1146107.94,Active
5478,24821,79,3388418.12,2204634.03,7.641,25,2023-10-03,1519970.62,Active
5479,18359,36,2395964.64,1343219.79,10.118,10,2022-02-12,1129931.23,Active
5480,23794,55,4789161.53,3130539.56,9.374,15,2022-04-17,2244716.19,Active
5481,23944,69,3707312.32,2067081.54,11.063,20,2024-04-09,745431.63,Closed
5482,22715,60,1878245.05,890446.8,11.355,30,2024-08-13,388431.23,Active
5483,20776,68,2906912.02,1358548.85,9.63,25,2022-10-06,983855.3,Active
5484,16989,96,3157280.16,2208000.83,7.82,10,2022-01-20,857771.79,Active
5485,8096,37,2492845.0,1758021.96,7.628,30,2022-05-15,1442956.13,Active
5486,22345,53,1237054.56,702736.68,7.747,10,2023-04-16,213339.96,Active
5487,2350,71,3480390.62,2559701.67,7.986,15,2023-12-04,1396154.5,Defaulted
5488,4105,21,4627286.37,2407069.45,10.294,20,2024-12-14,800485.29,Active
5489,12545,93,5337212.97,3207144.41,8.996,10,2022-05-13,1798430.93,Active
5490,15238,29,8051455.8,5614230.32,10.991,30,2022-09-06,5211821.43,Active
5491,19213,15,5107187.37,3398953.39,7.036,30,2024-01-26,2557074.22,Closed
5492,2689,42,3629194.65,2615836.75,9.338,10,2024-05-20,1133262.7,Active
5493,4672,19,4561607.56,2601179.81,11.112,15,2024-04-27,1049948.16,Defaulted
5494,7628,92,3047543.25,1535607.19,10.151,10,2023-02-06,534876.05,Defaulted
5495,1807,40,4515484.78,2054678.33,11.123,10,2024-09-15,798440.03,Active
5496,24453,43,2259297.25,1749327.06,10.816,15,2023-12-15,1039808.78,Active
5497,19308,2,4335454.5,2203417.95,11.213,30,2024-07-04,1451470.06,Active
5498,19200,25,2812408.22,1485323.14,9.732,15,2024-09-03,1099219.13,Active
5499,3029,78,5438852.45,3733123.85,7.127,25,2022-03-29,2043773.76,Active
5500,1406,11,7713923.57,3278955.21,6.919,20,2022-03-06,2981956.85,Active
5501,16034,92,3786690.84,2877063.04,10.091,20,2023-09-23,1500470.68,Active
5502,19655,98,1000000.0,677184.95,10.027,20,2023-03-17,241870.11,Active
5503,24550,21,2230165.74,1589327.12,9.83,30,2022-10-16,1299052.37,Active
5504,23113,82,2900671.47,2132009.94,8.359,10,2024-01-23,1928350.79,Active
5505,24445,58,14591037.47,7715402.32,8.56,15,2022-02-09,3085842.02,Active
5506,24759,43,2533551.55,1946801.13,8.662,25,2022-03-27,1411221.37,Active
5507,5750,15,8189530.53,4623833.39,7.355,25,2022-08-22,4187232.51,Active
5508,4613,13,4542345.12,3500149.23,10.413,25,2024-12-03,1256561.42,Active
5509,18233,55,3809185.08,2543341.72,8.767,10,2023-01-01,2057400.49,Active
5510,21765,66,4916026.0,3026681.2,10.962,30,2024-07-02,1645729.01,Closed
5511,20650,54,4084098.1,3156768.98,7.7,20,2022-02-25,2364636.88,Active
5512,5435,88,3967116.18,2106422.07,6.81,30,2022-11-13,1477957.16,Active
5513,9540,86,1632383.8,814407.09,10.896,15,2023-08-01,590590.29,Active
5514,4954,9,3807827.96,2815470.3,6.936,20,2024-11-25,1515246.79,Closed
5515,12203,74,5298607.28,2576033.31,8.813,20,2022-04-21,1612324.72,Active
5516,12382,64,2472493.37,1687575.39,11.276,10,2024-12-21,664132.08,Active
5517,4355,73,11066392.34,6412359.66,7.161,25,2024-05-16,4280660.51,Active
5518,14733,79,4739850.38,2313881.1,6.631,20,2023-10-10,1765518.51,Active
5519,13691,5,1367625.6,884558.86,10.275,10,2023-04-03,492322.41,Active
5520,7203,39,3604016.7,1666403.78,9.498,30,2025-01-01,967007.84,Active
5521,13904,89,5068326.27,3911310.46,6.63,20,2024-12-23,2933982.7,Active
5522,2490,67,1947680.35,1377243.86,8.889,20,2024-03-03,561278.24,Active
5523,1446,94,1947518.01,1401727.41,6.632,20,2024-11-14,1104416.57,Active
5524,18442,90,1425497.12,640106.27,8.273,25,2023-01-28,359878.56,Active
5525,20203,83,1865247.39,784248.18,7.472,10,2023-11-09,685345.62,Active
5526,17481,61,8229432.86,6523645.3,7.899,30,2022-11-01,3589456.22,Closed
5527,14744,96,6437136.19,4056327.13,9.893,10,2022-03-05,3349657.53,Active
5528,430,45,2078385.86,969329.14,7.174,30,2022-04-04,514792.37,Active
5529,18673,85,5377215.92,2752307.81,10.422,30,2023-09-06,961284.76,Active
5530,13524,32,9929349.42,5337445.35,8.219,20,2022-07-02,2176243.09,Active
5531,19046,89,2066267.82,1338329.23,8.12,30,2022-09-27,624310.55,Active
5532,17292,75,2465347.39,1607746.22,9.586,20,2024-01-15,572906.5,Active
5533,5562,32,2416707.8,1788041.01,6.512,15,2024-05-01,942446.81,Active
5534,3991,77,2717175.7,1545232.6,7.074,20,2024-09-09,852809.37,Active
5535,22328,74,4757327.21,3338316.8,7.809,25,2023-01-04,3134689.5,Active
5536,21673,57,5065386.72,2682644.16,6.513,25,2023-02-17,2286532.77,Active
5537,18419,66,2981170.78,1744308.14,7.418,10,2022-05-28,1360775.38,Active
5538,6500,14,1212794.62,663885.68,7.28,15,2022-06-26,603888.93,Active
5539,12763,86,1570033.15,826466.94,10.518,10,2024-02-06,645325.11,Active
5540,19401,46,6038195.3,2816351.77,9.551,10,2022-08-10,965645.52,Active
5541,18526,93,2029639.58,1267838.02,10.976,10,2022-01-16,1132604.05,Active
5542,3685,58,4844723.32,2332640.47,6.873,25,2022-11-08,1805278.74,Active
5543,12891,52,3932715.89,1576883.4,7.925,10,2023-02-12,930019.98,Active
5544,23982,33,2058106.86,1206917.97,10.889,15,2023-06-01,726926.44,Closed
5545,17102,81,2214722.34,1272995.97,11.434,25,2022-05-24,847478.84,Active
5546,5730,51,4177331.97,2738772.9,9.153,15,2024-12-26,1099306.25,Active
5547,17858,96,1435365.7,623142.44,6.883,10,2023-10-10,499692.27,Active
5548,2004,99,7629440.97,5871703.92,7.888,30,2024-06-13,4336780.18,Defaulted
5549,1001,36,2108181.32,1185718.33,10.096,15,2023-10-15,588830.81,Active
5550,6464,98,1746928.12,1110750.99,8.677,15,2022-12-22,654137.1,Active
5551,8711,97,2213354.8,1738357.15,9.93,15,2023-08-14,1257093.23,Active
5552,7255,74,5182112.28,3110211.87,11.364,25,2024-03-30,2249836.94,Active
5553,185,19,4496679.93,2560107.57,7.875,25,2023-12-20,1402150.31,Active
5554,4046,88,2146005.87,1541682.03,8.03,10,2023-08-10,1463523.84,Active
5555,19623,86,2419878.07,1206025.22,11.325,25,2023-02-18,964269.3,Closed
5556,1433,39,1000000.0,687017.22,7.449,20,2023-11-08,523920.78,Active
5557,1217,71,3494961.46,2264708.27,6.762,15,2024-01-06,1870355.41,Active
5558,8374,59,1065054.52,642075.44,10.631,15,2022-05-19,602960.06,Active
5559,5030,73,4054301.16,1920693.74,7.021,20,2022-08-19,1432737.27,Active
5560,14390,32,1245067.92,589112.14,8.014,30,2023-08-01,356974.93,Active
5561,16196,26,3716950.94,2099839.3,6.552,15,2024-11-08,1094517.55,Closed
5562,9931,3,2594911.67,1442728.27,10.51,10,2024-03-24,781292.07,Active
5563,21359,53,12948767.85,10149018.77,6.954,30,2023-11-06,6481406.71,Active
5564,13678,68,4619902.51,2361959.55,9.621,20,2022-09-03,1293010.17,Active
5565,14256,80,2494890.04,1890709.41,8.152,15,2022-10-23,1305611.62,Active
5566,11827,90,1576909.25,1013989.16,6.855,25,2023-04-25,804520.05,Active
5567,9350,28,6180040.46,3617515.23,9.645,25,2024-06-30,2848018.13,Closed
5568,13118,77,2599651.83,1531744.56,11.385,30,2023-09-26,1376788.57,Active
5569,19338,31,1863655.04,850950.03,9.419,30,2022-12-26,771841.3,Active
5570,1357,29,1986188.72,897911.18,6.632,10,2024-07-24,641526.05,Active
5571,15091,74,4054369.74,3241068.22,8.258,30,2022-01-16,1180144.5,Active
5572,16948,91,3519458.81,1797533.52,7.658,15,2022-01-25,734931.46,Active
5573,22924,24,13189835.56,6260345.28,9.656,15,2023-02-13,5611813.89,Active
5574,16986,81,1752117.14,817220.54,8.887,30,2024-04-26,426372.0,Active
5575,13256,79,8744736.26,3793094.53,11.131,25,2024-05-18,1610509.84,Active
5576,1923,67,2293208.95,1367101.48,10.595,20,2024-03-06,1044457.2,Active
5577,14057,86,3576060.16,2166328.35,11.216,10,2023-06-07,1743920.44,Active
5578,13491,78,4631367.99,3300785.75,9.319,20,2024-11-01,2572205.14,Active
5579,14501,97,1023037.63,589739.02,8.166,15,2023-03-28,335735.71,Active
5580,19953,69,7513762.66,3286673.02,10.848,30,2024-09-29,1615944.23,Active
5581,15450,30,4404577.6,2168411.51,10.14,25,2024-07-02,1358429.99,Active
5582,21894,88,6103267.86,2908925.19,7.104,10,2022-02-24,1625974.11,Active
5583,21233,87,2735764.98,1844024.6,10.154,15,2022-10-31,1635056.47,Active
5584,21047,32,2101165.26,1276369.16,6.772,30,2023-01-03,388256.51,Active
5585,20364,41,1275327.13,950834.15,9.624,30,2024-10-05,554901.37,Active
5586,11480,72,2539450.25,1578724.63,8.791,25,2022-12-27,1008944.3,Active
5587,23635,37,4115027.11,2588100.89,8.606,15,2024-01-20,798909.8,Active
5588,22939,75,3887357.9,1764943.25,8.233,20,2022-08-16,1609043.66,Active
5589,20667,25,5935838.8,3183825.65,7.851,20,2023-08-31,2195406.33,Active
5590,19680,47,5022460.82,3816584.87,8.69,15,2024-02-05,1668346.62,Active
5591,9877,6,1042330.74,739730.89,9.297,20,2022-02-07,639675.57,Active
5592,16811,87,7003959.12,4798255.24,10.211,10,2023-10-07,1523321.81,Active
5593,1312,5,3100542.68,1870077.23,6.893,20,2023-08-15,768138.27,Active
5594,16772,33,5593657.04,3249507.76,9.225,20,2024-10-31,2974385.18,Active
5595,2210,95,3243964.98,2416104.45,10.881,25,2022-08-09,1183586.07,Active
5596,657,30,2774395.43,1166196.5,7.431,20,2022-02-06,614323.58,Active
5597,5044,44,2295865.48,947209.96,11.086,15,2022-07-31,895986.0,Active
5598,22555,36,2814386.16,1366956.66,9.726,30,2024-03-15,771237.23,Closed
5599,15781,38,2981343.66,1202520.4,11.163,30,2022-03-29,808350.88,Active
5600,16018,7,2073294.04,846430.94,10.049,15,2023-04-25,481585.69,Closed
5601,746,92,4413306.89,3158066.98,11.176,10,2024-06-10,2961787.46,Active
5602,23738,98,1933932.85,1088529.15,6.949,30,2022-06-03,866561.92,Active
5603,5171,24,5810808.87,3395530.52,9.551,25,2022-03-07,2536154.34,Active
5604,6833,98,1467228.85,865216.4,7.632,15,2022-09-16,327659.57,Active
5605,8986,7,1840427.07,744742.77,9.743,25,2023-11-09,335955.3,Active
5606,9329,60,2851740.0,1982635.47,6.795,10,2024-11-04,1703198.4,Active
5607,13589,91,2428999.63,1449419.23,7.364,25,2024-01-20,687065.47,Active
5608,8358,67,4587489.03,1952155.38,8.462,30,2023-03-30,1619956.51,Active
5609,14010,79,3478082.38,1675593.39,6.836,10,2023-09-05,747037.05,Active
5610,7401,21,2834862.07,1842843.04,7.054,20,2024-08-28,718451.58,Active
5611,17358,71,3965757.11,2533930.81,8.543,10,2022-02-04,1004477.79,Active
5612,6214,4,5626210.5,3402804.44,6.646,20,2024-10-17,3109996.62,Active
5613,24059,73,2210222.59,1097369.0,10.247,20,2022-09-03,826603.13,Active
5614,12719,58,1732387.0,784539.94,6.93,30,2022-09-22,591387.3,Active
5615,22569,75,2461979.55,1901724.87,7.844,10,2024-03-13,1667092.01,Active
5616,7008,84,4509143.73,2160475.96,11.378,25,2024-01-02,810342.05,Active
5617,16675,33,2422543.01,1608277.3,10.616,20,2022-07-09,616789.91,Active
5618,17211,62,4727440.36,3769832.26,8.931,10,2023-08-16,1159734.17,Active
5619,15877,53,2946049.11,1327053.14,11.192,30,2024-05-13,982267.93,Active
5620,11328,73,2500112.44,1639880.96,6.918,15,2024-06-23,1157508.4,Closed
5621,16768,67,10057206.91,6003479.58,9.884,15,2024-04-21,2410027.71,Active
5622,4045,78,1374126.94,954293.36,8.071,15,2022-03-05,788588.7,Active
5623,21182,56,2118462.54,1243862.49,11.487,25,2024-01-03,983526.88,Active
5624,15038,17,1871500.97,1146251.69,8.114,10,2022-05-06,395053.12,Active
5625,11101,81,1722148.52,845479.97,10.092,10,2023-08-24,667301.57,Active
5626,4783,50,3875629.95,3012026.31,11.331,20,2023-05-05,2444452.93,Active
5627,18031,1,2887185.87,2032645.3,9.861,25,2024-11-23,1240635.59,Active
5628,10793,55,2269139.64,988409.13,10.518,30,2023-10-09,526144.57,Active
5629,18746,47,3581096.28,1798452.09,7.518,15,2023-02-02,564299.7,Active
5630,10293,9,1264902.53,780142.74,10.083,20,2024-08-18,682876.39,Active
5631,13135,70,3129493.11,1531416.5,9.643,15,2024-05-15,542112.02,Active
5632,13407,30,3281084.52,2419953.76,8.284,10,2024-07-25,844887.65,Active
5633,5275,40,3887200.35,2295888.16,9.204,10,2022-06-26,729190.45,Active
5634,16061,92,1000000.0,649883.61,9.727,25,2024-09-17,490630.89,Defaulted
5635,6175,9,2266574.84,1481157.18,8.849,30,2023-11-22,1380505.75,Active
5636,11020,69,4376828.37,2986678.09,9.066,15,2023-04-16,1175322.4,Active
5637,12497,47,2654695.53,1233269.8,7.584,20,2024-02-28,965021.21,Active
5638,21758,36,3941779.01,2787655.77,11.446,15,2024-10-03,959724.44,Active
5639,1828,16,5473895.58,3485759.87,10.913,10,2022-03-06,2312194.87,Active
5640,2661,17,2991848.34,1257489.07,9.72,30,2024-08-12,1101568.15,Active
5641,12827,13,4649028.69,2737072.19,11.24,15,2022-01-19,2130025.7,Active
5642,3814,27,5187131.46,2730491.63,8.715,15,2024-02-23,1605725.41,Active
5643,7255,64,1711460.13,801494.86,6.656,20,2022-03-19,615342.71,Active
5644,11962,49,6389003.2,3505153.52,6.859,15,2023-09-19,1064116.94,Active
5645,3171,34,3594790.1,2417888.79,11.3,30,2024-11-28,1533352.3,Active
5646,543,60,2763473.11,1657056.57,7.988,10,2023-07-22,711492.41,Active
5647,14466,14,1633515.72,1150654.77,6.906,30,2024-04-28,641236.2,Active
5648,18619,78,1362459.28,1008565.06,8.17,15,2022-04-25,801613.45,Active
5649,14352,98,1252152.76,755543.09,8.981,10,2022-10-19,238513.08,Active
5650,21405,1,4858340.19,2872310.04,11.164,10,2023-06-11,1974055.86,Closed
5651,13865,37,2993562.73,2027122.96,7.464,20,2023-08-23,1915222.69,Active
5652,15116,49,1263768.42,982999.66,10.255,20,2023-02-23,699839.37,Active
5653,24454,57,5374163.06,3539269.26,7.925,15,2024-08-20,3250569.4,Active
5654,9572,28,4367131.92,2515971.25,11.491,15,2023-03-13,1961516.65,Active
5655,22349,74,1461298.69,678552.35,9.514,20,2022-10-13,269438.72,Active
5656,18361,43,1192771.65,535361.27,8.947,10,2023-06-08,408986.96,Active
5657,14963,89,2002354.63,934001.31,9.885,25,2023-09-13,438685.71,Active
5658,6678,85,2076153.14,1088078.22,9.562,30,2022-02-13,925755.15,Active
5659,15542,96,1585484.24,989425.97,11.203,25,2022-11-23,457598.73,Active
5660,18493,45,1612182.98,1154731.46,9.975,30,2024-10-20,1052366.83,Active
5661,14493,31,3243157.0,2045083.93,10.767,25,2024-10-05,1107741.47,Active
5662,13376,42,4755795.83,2034169.16,6.679,25,2024-03-14,769126.49,Active
5663,14830,83,5216378.83,3804583.04,11.383,30,2024-08-03,2308634.57,Active
5664,6488,80,1610611.17,1083424.24,11.38,10,2023-01-17,460100.17,Active
5665,12983,3,2539691.77,1475854.91,6.641,15,2024-07-27,1212366.11,Active
5666,17006,19,4305164.12,2780142.6,8.808,15,2023-06-26,2337667.84,Active
5667,11950,96,2376344.99,1274431.79,7.87,25,2024-12-13,1083595.65,Active
5668,23589,25,2556573.92,1294335.25,11.078,10,2022-11-19,959026.76,Active
5669,1792,83,1928279.24,1130625.44,9.639,20,2023-04-20,818488.48,Active
5670,24500,20,6268720.12,4643890.16,9.389,10,2023-11-29,3467227.32,Active
5671,344,81,2330373.37,1041408.02,10.132,10,2022-11-30,449356.44,Active
5672,19745,9,5526699.33,3995993.77,8.408,20,2022-10-05,2233096.15,Active
5673,15588,6,5138438.06,2926264.04,8.104,15,2024-05-12,2264795.43,Active
5674,8608,49,6831631.46,4815426.9,7.759,10,2023-07-31,2841264.5,Active
5675,12133,32,1253607.34,594261.12,10.172,25,2024-01-22,560020.51,Active
5676,20632,13,2776840.41,1756599.84,7.276,15,2022-11-30,1567779.26,Active
5677,3539,11,1687842.33,1175435.75,10.531,10,2022-05-01,562809.24,Closed
5678,3540,51,2419254.2,1806842.79,6.523,20,2022-03-13,1429802.17,Active
5679,15587,73,4643702.83,3278157.43,10.24,10,2024-12-31,2836012.9,Active
5680,8965,98,1690937.89,824286.52,8.961,20,2023-10-17,663059.62,Active
5681,18059,86,4527744.78,1832341.41,7.799,10,2024-01-04,1234810.65,Active
5682,5560,86,2955881.18,1324064.51,9.702,15,2024-04-25,904257.35,Active
5683,12843,95,7410840.63,2980486.04,10.228,25,2022-04-08,2411979.3,Active
5684,11368,80,3858759.18,2002542.67,10.193,10,2024-11-21,1346489.01,Closed
5685,5685,7,4095818.08,2035065.48,9.489,10,2024-08-05,1285743.1,Active
5686,15077,37,3701323.79,2050294.96,7.6,20,2023-05-28,1804607.58,Active
5687,14735,7,4951942.85,2652768.22,7.845,10,2024-08-12,833026.02,Active
5688,3794,10,2547005.87,1099893.85,7.214,30,2023-05-06,401025.74,Active
5689,17732,94,2251959.46,1391741.11,6.616,10,2022-12-22,1187652.15,Active
5690,14946,5,1281836.87,638453.86,9.859,15,2024-03-06,450735.78,Active
5691,4029,19,6467543.02,3993986.46,10.785,25,2023-05-06,1521790.27,Active
5692,14121,33,1069014.62,813834.88,7.643,15,2024-07-01,309565.55,Active
5693,16489,57,3284174.37,1337719.67,8.885,20,2024-03-05,601815.48,Active
5694,20698,25,4978383.06,3732403.53,9.296,15,2023-12-13,1678287.58,Active
5695,21422,100,2908444.54,1554942.92,11.312,30,2022-04-02,1194876.74,Active
5696,6628,66,2900407.23,1775228.62,6.984,15,2023-04-29,913026.18,Active
5697,2647,62,7524381.14,3464849.46,9.442,15,2022-05-15,2163809.89,Active
5698,22741,19,4712603.67,2235828.42,10.709,20,2022-06-20,1134671.41,Active
5699,10347,11,1776895.36,1243566.77,8.482,10,2022-10-13,1014143.9,Closed
5700,12627,93,4601657.39,3266351.32,11.167,10,2022-03-18,2306006.02,Active
5701,13464,95,4342968.71,2523055.15,10.337,30,2024-08-15,832378.35,Active
5702,741,27,8898886.65,5546359.21,8.057,10,2023-12-17,4470386.21,Active
5703,18689,77,1838051.96,1155262.59,9.178,20,2022-07-22,651816.36,Active
5704,12306,65,8018465.59,5498754.15,6.884,25,2022-01-21,4989684.74,Active
5705,8479,100,2729451.43,1180215.84,8.461,10,2022-05-28,517605.19,Active
5706,1912,92,4362701.32,1825554.9,11.223,10,2023-09-02,1120390.28,Active
5707,9687,76,5667365.01,2426253.49,6.738,20,2024-02-11,1302335.87,Active
5708,6584,72,2915713.96,1776996.34,10.726,30,2024-05-26,1148896.15,Active
5709,21561,92,5364743.38,3302233.83,7.038,20,2024-02-10,1592276.9,Active
5710,15713,8,1335098.38,562898.13,7.749,25,2023-09-16,355524.05,Active
5711,176,31,1262530.32,1005777.47,8.689,10,2023-02-28,485694.43,Active
5712,13906,79,3639497.83,2716695.05,10.614,10,2022-01-18,2522428.14,Active
5713,5787,49,1000000.0,419425.7,10.31,30,2022-12-29,230750.22,Active
5714,3559,18,2462270.07,1865662.84,10.109,30,2023-06-30,577977.0,Active
5715,8095,27,5295284.55,3113168.06,8.219,10,2022-09-19,1660073.12,Active
5716,13745,95,1874276.78,1239354.53,11.121,15,2022-09-24,1015736.3,Active
5717,20805,98,3262449.2,2303737.73,8.831,30,2022-02-24,1714648.3,Active
5718,1815,50,2076274.91,1042862.59,9.851,25,2024-09-30,582749.38,Active
5719,15226,30,4729290.12,2724847.93,7.299,10,2024-11-20,2307760.45,Active
5720,18095,49,2502419.79,1330877.22,8.962,25,2022-01-08,606563.77,Closed
5721,2015,5,2236847.21,1133056.94,7.292,25,2023-09-21,458930.9,Active
5722,23973,21,8115924.83,4354772.01,6.736,20,2024-01-19,3507399.8,Active
5723,6123,82,4236113.13,3072123.16,7.487,30,2023-09-02,2792149.83,Active
5724,17212,21,2209069.93,1684559.17,7.716,30,2023-07-19,1534547.88,Active
5725,5480,81,4042154.48,2928680.16,9.955,30,2022-05-03,1252390.05,Active
5726,24491,52,5599325.33,3044638.05,6.911,15,2023-01-25,1853936.73,Active
5727,4322,53,5471618.31,4032618.51,9.745,30,2023-08-27,1374048.74,Active
5728,9851,98,6279420.73,3916495.65,7.831,10,2022-11-11,2605808.46,Active
5729,23582,69,3927008.1,2804708.92,7.99,20,2024-04-26,1160202.24,Active
5730,22042,30,4625149.37,2201527.56,8.994,10,2022-12-11,936812.02,Active
5731,22163,83,1828559.31,913099.55,10.168,30,2022-08-22,722503.23,Active
5732,19125,90,5892037.1,4008326.87,6.593,10,2023-01-23,1203871.34,Active
5733,17520,47,1245440.0,594301.35,10.879,15,2024-11-16,474349.12,Active
5734,16035,32,4149159.55,2139976.57,10.57,10,2024-10-07,1596327.9,Active
5735,11601,52,6229914.47,4848530.02,8.968,10,2022-06-08,4264181.43,Active
5736,2985,53,1457306.56,718284.05,9.611,10,2024-12-23,515797.83,Active
5737,4097,74,1379930.67,628018.75,9.078,10,2023-10-16,558863.89,Active
5738,16882,71,3931321.41,3118919.03,11.246,10,2024-09-16,1808747.7,Active
5739,4843,89,2594906.22,2025714.23,8.073,10,2023-01-21,1564163.81,Active
5740,435,10,2217599.45,1156203.29,9.237,30,2022-04-19,791404.4,Active
5741,15175,38,12722818.26,8787709.63,11.313,10,2023-06-13,5754575.47,Active
5742,18029,57,8750783.94,4911042.92,7.142,10,2022-03-19,4615860.72,Active
5743,11216,49,1397460.83,879532.59,7.466,30,2024-02-18,797640.26,Active
5744,8871,70,3091558.04,2334120.51,9.29,25,2024-09-11,1559912.13,Active
5745,24483,24,2536641.43,1362819.07,8.662,15,2022-08-18,1232601.4,Active
5746,281,84,9023382.47,5134876.41,9.64,15,2024-02-08,2515611.75,Active
5747,23146,14,3586195.1,2319436.7,11.438,20,2024-01-05,1983176.76,Active
5748,19589,47,6040076.98,3227744.43,9.049,25,2022-02-25,1148259.06,Active
5749,2831,19,5365856.66,2364170.39,10.196,30,2022-01-10,1599424.17,Active
5750,15184,93,1566246.97,1163164.01,10.201,30,2024-02-19,457912.54,Active
5751,7935,3,1225270.16,526204.16,11.28,20,2024-11-25,282797.29,Active
5752,15722,59,1962545.18,1077536.02,8.514,10,2023-10-31,851740.49,Active
5753,7825,49,4074895.76,1937563.71,9.075,30,2022-11-25,1223528.09,Active
5754,2035,7,5066465.18,2561988.85,11.312,25,2023-05-04,1268865.79,Active
5755,16423,25,6911388.44,2944203.29,7.069,20,2024-01-20,935628.36,Active
5756,5351,66,5076135.05,2473967.36,9.795,15,2023-10-15,910283.29,Active
5757,16290,29,1000000.0,584541.46,10.409,25,2023-07-26,543751.89,Active
5758,13410,1,3053662.05,2323690.14,9.82,10,2023-03-26,909461.8,Active
5759,18647,56,4021345.22,2297121.89,10.435,30,2023-11-12,1245583.08,Active
5760,15330,29,1450239.14,879364.08,9.378,15,2023-10-29,834450.92,Active
5761,11153,99,2503961.99,1510731.74,11.427,10,2024-03-26,1104083.97,Closed
5762,21713,53,5595067.78,3220042.06,7.873,10,2022-09-14,2476109.39,Active
5763,5629,99,3598485.26,1904328.29,8.896,20,2022-01-04,1667380.03,Active
5764,12410,59,2264289.19,938657.84,11.296,20,2024-02-11,449620.66,Active
5765,13888,58,2182699.69,1147078.97,10.979,20,2024-12-11,802844.66,Active
5766,24696,67,2218374.38,1600779.61,7.032,10,2023-12-15,929181.66,Active
5767,16946,60,2675133.13,1303966.23,9.501,25,2023-01-06,898208.02,Active
5768,2477,82,5535412.99,4005921.24,10.519,30,2023-10-25,2621894.58,Closed
5769,8209,90,4499496.62,1882588.42,8.96,20,2023-06-27,1125659.99,Active
5770,4303,38,8174616.94,4866624.83,6.641,30,2023-12-27,2598418.07,Active
5771,17122,89,5364400.6,4203865.69,10.984,15,2023-08-29,2134714.09,Active
5772,11414,94,1825167.45,843521.47,10.224,25,2024-10-24,411044.03,Active
5773,17826,52,7093847.88,3335070.39,7.731,25,2023-10-08,1164723.85,Active
5774,19757,12,6103196.16,2654809.9,9.934,30,2024-07-05,2082420.43,Closed
5775,11621,23,4491645.48,2674349.73,11.471,20,2024-10-16,2378254.81,Active
5776,4072,75,1000000.0,526737.69,6.657,20,2024-12-13,246346.33,Active
5777,21559,11,4465364.51,3492093.3,6.746,25,2023-08-25,3252695.68,Closed
5778,18700,65,2145143.59,1613590.89,9.175,30,2024-11-19,971938.09,Active
5779,262,56,3251369.19,1983194.57,7.573,10,2023-01-21,1372035.83,Active
5780,13955,15,4583651.8,3019309.19,10.079,20,2022-01-09,2406901.85,Active
5781,11787,42,3486437.18,2437859.06,6.659,20,2022-10-05,1000647.43,Active
5782,7967,18,1790238.37,831311.76,8.642,15,2023-03-09,742486.12,Active
5783,9940,67,1545280.89,928993.51,11.133,10,2022-09-29,699936.38,Active
5784,2255,6,1559792.7,1140135.47,8.78,20,2023-05-14,702544.07,Active
5785,24647,30,1947862.99,868362.46,11.251,25,2024-09-20,795797.45,Active
5786,1107,21,6392457.85,3472707.52,9.552,10,2022-05-09,1435929.2,Active
5787,16292,76,2248478.19,1181640.57,10.924,10,2024-02-23,1007228.56,Active
5788,4726,17,4007844.46,2172018.84,10.227,25,2022-06-23,1070551.71,Active
5789,10012,27,3374548.57,1821040.77,9.779,10,2023-01-13,1710704.75,Active
5790,20644,31,2223024.55,1060489.21,6.854,10,2024-09-28,466492.42,Active
5791,12682,68,2044867.96,1210499.51,8.82,25,2024-04-22,743208.8,Closed
5792,5874,94,1086161.86,707467.17,7.205,10,2022-04-07,432851.77,Active
5793,19209,64,2051650.81,1173495.68,6.934,30,2023-05-20,541698.03,Active
5794,15430,89,1239499.21,498522.32,7.103,25,2024-09-13,291719.84,Active
5795,11378,3,2948488.89,2080462.48,6.823,30,2023-11-05,1735854.8,Active
5796,13106,35,4851974.82,3000858.32,7.048,10,2022-10-30,1447265.75,Active
5797,24247,16,5774362.85,3618569.18,9.97,30,2023-07-25,2340963.04,Active
5798,534,45,3861826.97,2670771.51,6.783,15,2022-01-12,832512.8,Active
5799,14160,58,6829329.93,4002178.22,8.316,10,2023-06-01,1861871.39,Active
5800,17995,9,3116275.2,1487563.5,10.557,20,2022-08-23,1339611.35,Active
5801,17767,26,1967303.77,1027157.89,7.241,20,2022-06-06,746920.19,Active
5802,7343,51,1851114.48,1387244.34,9.076,10,2022-02-04,1277323.73,Active
5803,3839,81,5250410.29,2776790.06,10.444,20,2023-10-18,2037795.64,Active
5804,6184,54,3960398.53,1589869.77,9.843,30,2024-06-18,1109384.0,Active
5805,21886,69,8338274.92,3958322.01,9.866,30,2023-05-13,1237411.12,Active
5806,15908,18,2388932.34,1274465.65,10.437,10,2024-01-14,677612.92,Active
5807,22151,45,1307391.72,1041936.48,7.871,25,2024-07-22,418190.63,Active
5808,22659,19,4706312.39,2796805.75,10.254,30,2023-05-19,1212564.25,Active
5809,10501,56,1545219.01,733963.13,6.613,30,2022-08-22,259222.6,Active
5810,9654,20,2952406.26,1461439.46,8.492,15,2023-10-01,1035711.22,Active
5811,11428,55,3903897.22,3070829.56,6.845,15,2022-11-26,1532412.96,Active
5812,15533,26,1639921.47,979379.25,11.251,25,2024-09-19,449961.26,Active
5813,17193,28,2087877.03,1444675.6,7.688,10,2022-03-30,730890.6,Active
5814,4402,44,5972880.89,2954911.33,9.381,10,2023-12-09,1784002.37,Active
5815,15580,79,10335522.28,5284274.21,10.199,20,2022-08-26,3596325.78,Active
5816,14918,87,14641094.69,9523258.09,7.308,10,2024-02-29,3560078.85,Active
5817,17705,82,10452122.4,5388672.75,8.94,10,2023-04-18,2581149.58,Defaulted
5818,24285,15,4294427.48,2401437.31,7.553,10,2022-09-23,1607652.75,Active
5819,18337,73,3556443.59,2398791.94,7.695,10,2022-04-05,1777294.36,Closed
5820,23731,14,1414341.25,697106.69,10.213,10,2022-03-02,577400.24,Active
5821,12842,20,4391165.03,3350387.07,9.103,15,2023-07-02,2858567.27,Active
5822,4301,39,7688530.86,4290185.41,10.851,10,2022-01-18,1425542.65,Active
5823,16582,91,2949025.12,2300670.09,10.214,10,2023-09-01,1086291.03,Active
5824,23942,73,2636685.65,1360649.7,8.487,10,2024-06-14,606024.61,Active
5825,23791,43,2990521.6,1938935.71,7.898,30,2023-01-18,612630.3,Active
5826,24944,8,5157700.9,3953421.49,10.88,30,2022-03-18,3687373.2,Active
5827,1275,86,1976889.88,1334108.92,7.341,15,2022-05-13,532660.75,Active
5828,18539,66,1059724.99,525396.07,7.981,20,2023-01-25,480347.57,Active
5829,8251,30,5201248.46,3481260.75,9.232,25,2023-11-20,3038312.35,Active
5830,22612,53,4137770.2,2743496.67,10.164,20,2023-03-24,2516395.48,Active
5831,15860,4,6973540.76,5129052.0,7.814,10,2024-04-09,3046223.38,Active
5832,5232,76,2037729.7,1068474.26,7.399,15,2022-04-18,409973.63,Active
5833,12471,4,1020728.22,746834.37,6.966,25,2023-08-11,285850.54,Active
5834,523,59,3633358.02,2131051.3,10.055,25,2022-04-23,765180.78,Active
5835,9039,65,8170183.53,5954053.59,9.618,15,2022-02-21,3944544.62,Active
5836,20441,97,3100399.18,1311547.97,8.561,20,2024-10-15,1111930.89,Active
5837,1726,14,2514966.1,1752205.59,8.394,20,2022-09-04,1646958.67,Active
5838,5604,68,4121893.33,2318919.2,6.973,20,2024-04-27,911615.52,Active
5839,10832,57,3354431.35,2631856.38,8.608,10,2022-06-04,880470.06,Active
5840,5519,96,3834131.39,1751105.81,7.785,30,2022-09-14,1277784.39,Active
5841,20699,55,2800057.77,1160080.01,7.314,10,2024-01-13,534416.74,Active
5842,15544,35,1923518.67,1248860.28,9.504,30,2022-09-04,657345.41,Active
5843,6762,16,5206266.55,2846642.53,7.402,25,2023-05-21,1769980.78,Active
5844,23760,85,2480369.22,1826946.36,8.866,10,2024-12-06,1381283.67,Active
5845,22878,3,1702692.56,989614.56,8.437,30,2024-02-09,404886.16,Active
5846,21250,70,7112980.86,5602837.36,9.555,10,2024-12-08,3138094.43,Active
5847,10,64,10541779.86,8377871.08,8.373,30,2023-08-12,4403134.31,Active
5848,21108,15,5759710.69,3458876.7,7.909,15,2022-10-21,2080186.63,Active
5849,2028,31,6836634.96,4859246.27,11.366,30,2024-10-21,3025692.23,Closed
5850,24037,52,1686369.78,913405.82,11.309,30,2022-01-07,677438.85,Active
5851,5714,80,2655090.69,1505250.2,9.728,10,2023-01-01,896329.54,Defaulted
5852,10084,45,7013491.11,5272851.53,10.673,20,2024-05-11,4974272.28,Active
5853,22450,94,11004175.52,5244786.07,7.463,25,2024-11-25,4731622.46,Active
5854,16779,55,3424743.66,2599840.13,10.016,10,2022-12-21,2402369.32,Active
5855,13192,64,5080672.41,2063491.62,6.831,25,2024-04-18,1003571.31,Active
5856,14128,84,2136639.0,1031713.59,8.738,25,2024-10-14,635599.42,Closed
5857,6380,13,1828629.51,1110661.1,9.19,20,2022-11-25,727411.35,Active
5858,14564,17,3370695.8,1619633.47,7.181,15,2023-12-10,1490780.99,Active
5859,11716,71,7925792.96,6116130.37,8.421,15,2023-01-25,5143130.83,Active
5860,17587,12,3175341.97,2308412.41,8.234,15,2022-09-16,992050.54,Active
5861,5390,41,3793146.63,1698852.57,11.194,10,2023-09-05,1105678.57,Active
5862,23862,35,3593235.16,1663978.22,10.516,15,2023-08-19,563776.07,Active
5863,13116,81,2600072.94,1795207.01,10.394,30,2023-03-09,1688853.95,Active
5864,20567,82,2611384.76,1828614.46,9.619,25,2022-06-21,1179686.69,Defaulted
5865,24168,38,1784471.49,1033918.81,6.928,20,2023-12-31,587856.71,Active
5866,5338,53,2270672.63,1610582.95,8.228,25,2023-08-18,1375576.45,Defaulted
5867,13233,84,1872546.55,1019614.87,10.747,15,2022-09-14,698354.86,Active
5868,4943,52,3517500.57,1417634.11,9.259,25,2023-05-06,1318830.35,Active
5869,15453,17,7020852.21,3829569.0,8.517,10,2024-06-24,1887348.91,Active
5870,16964,32,3890435.9,2127557.35,10.489,10,2023-05-13,659431.88,Closed
5871,2943,56,2956470.68,1954848.31,9.275,10,2024-03-06,756914.43,Active
5872,8576,25,5325193.7,3990732.86,10.225,10,2022-02-07,2061442.61,Active
5873,4151,25,2995387.03,1781375.03,11.277,25,2024-12-27,1591175.26,Active
5874,10932,54,3273110.3,2231027.59,8.561,10,2022-07-20,1223285.36,Defaulted
5875,3083,45,1103906.39,770003.31,7.333,30,2022-11-12,709619.71,Active
5876,24823,28,4764470.77,3030567.25,9.501,10,2024-01-14,1311676.25,Active
5877,3637,10,4214886.83,2059936.33,6.685,30,2022-09-29,1197564.58,Active
5878,19144,64,7460406.27,5264833.97,9.847,15,2023-05-03,1633828.43,Active
5879,21246,71,2020944.6,1605860.68,7.417,30,2023-07-31,563388.07,Active
5880,7687,64,6779158.89,3247795.11,8.174,25,2022-12-03,1259016.08,Active
5881,17065,48,3339600.66,2302763.38,10.04,20,2023-04-18,1966161.74,Active
5882,5959,24,2948062.97,1906617.38,10.87,25,2022-02-18,1686234.5,Active
5883,12475,75,1324307.61,571286.91,8.232,20,2024-05-19,406740.15,Active
5884,13307,51,8076076.76,4035662.2,6.505,30,2024-06-27,3390700.85,Active
5885,9856,40,8523289.83,3975825.33,7.941,15,2022-05-23,2131507.06,Active
5886,9791,31,3046587.67,2161489.09,6.818,15,2023-12-07,1364100.31,Active
5887,1849,11,3854022.38,2908752.53,10.442,15,2022-12-11,1213232.73,Active
5888,14263,12,3438765.86,1580305.37,6.825,30,2024-01-24,768625.83,Active
5889,15869,35,4834443.79,2848237.0,7.986,20,2022-11-19,1333325.47,Active
5890,6867,99,2911303.58,1500605.07,6.617,25,2024-09-23,671694.5,Active
5891,8655,34,4930712.19,3756632.55,10.679,25,2024-06-10,2535214.74,Active
5892,13633,13,3865248.56,2453047.02,10.924,20,2024-11-03,836167.26,Active
5893,3630,82,4572587.09,3085513.07,8.459,15,2023-07-20,2666649.58,Closed
5894,4297,90,5647978.81,3081294.89,10.746,10,2024-08-08,1568698.37,Active
5895,22736,92,1811084.65,814624.29,9.755,20,2023-02-14,354982.4,Active
5896,2713,68,4551467.61,3442667.3,11.302,20,2023-08-17,3226889.87,Active
5897,12678,63,1695545.86,1153031.1,10.858,10,2023-06-04,970041.65,Active
5898,12085,71,7277592.92,4234052.03,11.222,25,2023-10-17,4019156.42,Active
5899,12403,68,2870838.44,1833426.24,8.716,15,2024-03-01,792554.25,Active
5900,19771,9,4319119.72,2681734.57,9.099,20,2023-04-26,2025748.95,Active
5901,19336,76,1000000.0,682145.47,10.852,10,2022-02-01,609326.73,Active
5902,15658,35,1636538.59,926080.39,8.732,15,2022-11-28,313139.39,Active
5903,20647,18,4375232.6,3462025.08,10.274,20,2022-12-18,3039815.77,Active
5904,18104,48,1257138.14,937719.12,10.864,10,2022-01-14,720900.47,Active
5905,14894,60,4836517.42,2954914.74,8.856,25,2023-10-18,964940.44,Active
5906,18364,37,1920910.12,1344401.98,8.798,25,2023-12-07,679405.62,Active
5907,9604,6,13672341.77,7809947.46,7.378,30,2023-06-20,5918352.69,Active
5908,19290,72,21291779.68,16974170.87,8.323,30,2024-02-11,5421232.72,Active
5909,23791,61,3930740.46,2588544.93,6.926,25,2022-04-24,2335731.23,Active
5910,5037,100,1541572.82,1156054.0,10.828,15,2023-12-11,637648.85,Active
5911,22155,46,3160996.99,2259958.55,11.314,15,2022-01-17,1593292.5,Active
5912,17300,76,1818222.77,1363592.35,7.306,25,2022-02-28,791122.31,Active
5913,11318,14,3823958.17,2965440.23,6.558,10,2024-12-04,904613.66,Active
5914,22616,47,4922795.42,3262292.8,11.081,30,2024-09-07,2141704.29,Active
5915,1308,99,2439109.93,1620399.41,9.535,20,2023-12-11,499330.35,Active
5916,11177,50,5931954.05,3292211.93,9.52,10,2022-03-23,1857540.93,Active
5917,22249,34,1260690.89,615851.79,8.015,30,2023-02-07,338956.49,Closed
5918,4875,31,2417855.88,1613358.27,7.071,30,2024-06-15,527463.47,Active
5919,6030,58,3946577.33,3036987.65,8.447,30,2023-12-21,2185557.32,Active
5920,14579,52,2629270.86,1878283.03,8.748,30,2022-01-08,1696352.3,Active
5921,13196,89,2095570.71,1590421.67,6.857,25,2024-08-12,593971.14,Active
5922,12560,23,3345907.72,2399238.25,6.552,30,2024-06-16,2049129.87,Active
5923,22344,10,1805061.64,1055072.58,7.27,30,2022-01-01,605563.7,Active
5924,19936,11,2117530.63,1089515.28,11.047,10,2024-01-23,955223.08,Active
5925,1122,45,7204076.54,3303028.77,10.769,20,2023-07-09,2542793.98,Closed
5926,7904,17,3150056.33,2153491.88,9.5,10,2023-01-25,811507.01,Active
5927,6714,63,8564625.22,5677516.58,11.44,25,2024-03-07,4199686.72,Active
5928,7910,41,3199946.82,1524746.15,6.732,20,2023-12-10,920137.59,Active
5929,2,59,3284062.93,1690770.21,7.739,10,2024-03-11,774327.93,Active
5930,618,94,4687231.21,2748475.45,7.021,10,2024-03-08,1892274.41,Active
5931,17036,17,3597196.01,1687603.73,10.505,10,2023-04-17,732593.66,Active
5932,9176,75,3153048.1,1530790.53,9.374,15,2023-07-01,987756.61,Active
5933,16738,97,2145206.1,1651991.22,9.606,10,2024-12-20,923617.78,Defaulted
5934,24205,40,3159032.02,1431267.96,10.905,20,2024-01-20,1343225.2,Active
5935,7813,97,3667464.91,2063271.24,6.514,30,2023-04-25,1210214.99,Active
5936,17504,10,2346747.16,1851324.38,8.015,15,2023-10-14,883628.57,Closed
5937,3149,64,4676887.27,1940808.46,7.249,25,2024-09-06,851018.96,Active
5938,14316,17,1452660.44,607904.54,7.955,15,2024-08-26,372967.84,Active
5939,1883,27,2252190.34,1451198.52,9.03,25,2022-05-20,1184063.94,Active
5940,11344,55,3005633.91,2353482.76,8.773,20,2023-06-06,2147581.95,Defaulted
5941,13527,44,3702076.04,2084380.19,8.044,30,2024-01-21,1933848.54,Active
5942,221,43,2052530.64,1091601.44,8.323,10,2022-09-09,702622.53,Active
5943,18486,66,5581475.45,2591478.95,6.516,25,2022-01-24,1112530.34,Active
5944,1064,27,6986737.03,2888076.32,8.626,30,2024-10-10,2587588.21,Active
5945,2292,15,7180575.56,3907183.95,7.249,10,2023-03-09,3371843.45,Active
5946,15110,32,1442668.51,863470.0,7.763,10,2024-03-31,333851.74,Active
5947,21861,39,6260185.1,4685712.89,8.862,10,2023-11-10,2295125.61,Active
5948,2436,3,2741991.96,2123458.64,9.326,25,2022-10-14,1423569.65,Active
5949,2132,18,4573646.56,2269217.03,9.617,25,2022-11-03,1734468.01,Active
5950,8709,45,1531984.18,1038656.94,11.49,25,2024-02-21,795465.79,Active
5951,8962,51,3535322.19,1900734.67,9.062,10,2022-01-08,761511.94,Active
5952,21260,89,2163698.26,1725880.9,8.487,15,2023-02-23,1480633.71,Active
5953,607,5,9178609.46,5690114.46,10.777,10,2022-01-26,2819200.62,Active
5954,17721,81,3969512.83,1819395.83,8.674,30,2022-06-30,1718699.86,Active
5955,19193,25,2735700.45,1131977.34,9.467,25,2024-11-25,1053367.31,Active
5956,13920,59,2613322.3,1782828.15,8.067,20,2022-02-15,1344590.84,Active
5957,15314,23,3145521.41,2471824.92,11.221,20,2023-07-10,1327099.64,Active
5958,13211,20,1772550.87,1011549.13,10.53,20,2022-10-28,531045.82,Active
5959,7577,80,2694714.35,1186296.44,11.237,20,2023-11-11,1045724.37,Active
5960,21111,91,1811015.41,1278090.79,9.286,15,2022-12-13,555195.51,Active
5961,14649,9,3451672.31,2365910.48,10.209,20,2022-09-13,2028315.54,Active
5962,12209,81,1348926.92,555564.24,8.452,10,2022-04-17,346071.43,Active
5963,241,37,2046994.31,1586089.16,6.567,25,2023-04-04,1307089.38,Active
5964,11165,52,2064246.55,1345509.49,6.96,20,2024-11-04,747894.71,Active
5965,2988,86,6406055.15,3487039.35,9.465,10,2022-03-26,3149614.25,Active
5966,22037,43,3174708.15,2249782.91,7.374,30,2024-12-30,1874272.59,Active
5967,16343,28,2121255.67,1366394.41,7.118,15,2024-03-29,1226273.64,Active
5968,3744,12,4245736.68,1870991.88,10.917,20,2024-01-31,1069063.78,Active
5969,2675,74,1749457.46,835354.5,7.107,20,2024-03-10,696913.05,Active
5970,10572,24,5678657.06,2682144.27,9.232,15,2023-11-17,930608.03,Active
5971,3078,12,2137155.1,1065345.07,10.759,20,2023-08-02,580539.21,Active
5972,1557,1,4480339.92,3026323.88,8.364,20,2023-09-12,1826036.6,Active
5973,6795,67,1442979.87,857701.55,9.558,15,2024-03-10,663794.6,Active
5974,23805,56,2027011.12,999509.15,7.832,10,2023-06-01,890400.67,Active
5975,21929,10,3206552.92,2266383.22,6.588,10,2024-07-19,788246.42,Active
5976,23477,35,3337475.67,2507626.21,8.856,25,2022-03-20,1778681.83,Active
5977,13337,73,1893504.63,1043796.81,8.274,20,2024-12-24,430877.25,Active
5978,15316,80,1811783.76,1348451.01,7.117,20,2022-04-24,1214629.82,Active
5979,2916,64,4191146.64,2850900.75,9.943,30,2022-02-13,1458850.37,Active
5980,20885,82,7662830.84,5640946.21,6.69,25,2024-04-25,3094600.52,Active
5981,16488,87,3580704.66,2404790.79,10.799,25,2023-06-21,2046298.33,Active
5982,24784,62,3168269.77,1841469.73,7.364,20,2023-12-19,1662910.03,Active
5983,15462,87,4533324.39,2207223.16,6.629,15,2022-07-17,1764735.42,Active
5984,9913,56,2976539.42,1646447.35,9.823,25,2022-03-04,1433470.78,Active
5985,5860,36,4669481.93,3395163.61,8.6,30,2022-10-30,2408804.49,Active
5986,9647,79,3289614.92,2424427.77,8.84,25,2024-02-26,2257236.4,Active
5987,13759,68,9815114.05,5393664.86,9.071,20,2024-02-23,4607666.62,Closed
5988,4110,42,4305823.25,1767504.41,8.429,20,2024-04-04,1440791.94,Closed
5989,13996,91,3184404.88,1646486.43,9.171,25,2023-05-19,909286.09,Active
5990,21021,16,7923289.42,5511614.79,9.844,15,2024-11-13,1839479.79,Active
5991,24670,71,4863847.04,3385813.37,7.963,30,2023-01-05,1198713.32,Active
5992,18790,61,1000000.0,560611.21,8.792,30,2024-12-05,332197.27,Active
5993,4537,26,2615489.37,1357223.18,7.45,30,2022-06-04,588570.01,Active
5994,20178,45,2938031.65,1466575.58,8.257,15,2023-08-17,1233519.73,Active
5995,22062,49,3956207.63,2750380.64,8.541,10,2024-01-06,2191706.27,Active
5996,4619,39,5260759.94,2984623.37,8.732,20,2022-03-29,1241519.98,Active
5997,2428,37,4685194.4,2922406.34,9.192,25,2022-01-11,1125456.74,Closed
5998,10548,69,3775379.37,2710702.65,8.887,30,2023-08-17,1072543.93,Active
5999,15966,41,10661114.14,6595190.64,8.058,25,2022-05-04,3118038.32,Active
6000,7104,38,1425335.83,939800.55,7.382,15,2023-04-25,615816.47,Active
6001,23848,94,1326995.21,1018080.69,11.337,25,2022-05-29,838974.81,Active
6002,7037,60,3931599.44,2890649.21,7.547,25,2024-10-16,2599443.64,Active
6003,17259,7,2543161.51,1945469.87,9.865,10,2023-05-02,1568816.13,Active
6004,14647,38,3162401.24,1306007.02,7.385,25,2023-10-31,992792.38,Active
6005,6129,50,4911345.36,2963285.47,7.332,15,2023-05-13,1791013.49,Active
6006,12600,85,1854561.06,1073295.33,6.756,30,2022-05-04,563859.7,Active
6007,2126,18,4378736.86,3195066.06,11.013,15,2024-09-20,2196744.3,Active
6008,13889,42,1000000.0,690322.02,8.84,10,2024-11-08,589489.68,Active
6009,12358,50,3156286.91,1574615.8,11.43,20,2022-05-13,1327356.75,Active
6010,12161,22,2450949.66,1585898.02,10.103,20,2023-09-07,910028.39,Active
6011,18686,41,3321149.18,2443301.47,8.678,20,2024-03-12,1677483.02,Active
6012,15142,95,2596808.36,1295287.05,9.062,30,2024-01-26,644499.48,Active
6013,5770,28,1781146.75,1116491.78,9.512,10,2024-09-19,717327.65,Active
6014,2793,61,1330826.51,573818.65,10.063,25,2024-06-21,370959.3,Active
6015,4508,39,1393500.07,795943.67,10.245,20,2024-04-17,272562.05,Active
6016,421,50,3978884.28,3101408.92,7.036,25,2022-11-11,1683469.01,Active
6017,16484,44,3181674.74,2135588.93,9.611,25,2022-09-02,1749710.87,Active
6018,1014,12,3962357.44,2087514.91,10.158,25,2022-12-12,841074.18,Active
6019,6350,34,5720168.51,2550462.57,10.745,20,2023-02-27,1861323.66,Active
6020,16403,10,1413517.77,788963.82,10.958,20,2022-10-31,509670.88,Active
6021,21592,25,2097750.51,1588299.41,9.18,25,2023-04-28,876136.16,Active
6022,22606,62,7751439.25,3900659.11,9.741,25,2022-11-21,2510302.13,Active
6023,18158,98,10556690.26,5399016.04,9.2,30,2024-12-23,1768903.12,Active
6024,12570,76,2607491.07,1652727.49,7.309,15,2023-01-01,1564384.45,Active
6025,23702,72,5484997.0,2439504.57,8.258,30,2023-01-09,1282303.95,Active
6026,24755,93,3333933.47,1641589.16,10.286,25,2024-03-19,1420215.08,Active
6027,4441,32,3214470.3,1505181.32,9.82,30,2024-01-10,602215.33,Active
6028,14859,59,3550047.23,2672452.78,7.014,30,2023-07-20,1685692.57,Active
6029,12076,62,1318441.21,823068.46,7.305,20,2022-01-19,605807.42,Active
6030,13011,86,2193607.4,1468632.61,8.289,30,2023-06-03,670153.03,Active
6031,10199,76,3676835.81,1842171.64,7.556,15,2024-10-08,1466246.97,Active
6032,11632,23,2177947.24,1223179.86,9.644,20,2022-11-01,544914.64,Active
6033,8328,47,3175492.68,1973686.15,10.935,10,2022-12-04,1528815.81,Active
6034,14991,96,5359728.36,4139473.09,10.909,20,2023-09-19,1647446.32,Defaulted
6035,11448,47,3379024.31,2307471.67,9.853,25,2023-03-11,865292.87,Active
6036,21668,42,3612037.77,2271557.82,9.771,15,2023-08-24,1257102.64,Active
6037,17372,40,1335273.43,993264.14,8.1,15,2022-04-07,488373.17,Active
6038,9413,43,2733883.6,2117935.96,10.435,15,2023-05-12,1234575.16,Active
6039,5108,54,2552331.15,1910961.74,8.663,10,2022-05-28,1674032.66,Active
6040,556,78,4965496.34,3689094.0,9.495,25,2024-05-02,3181349.16,Active
6041,3001,12,3126152.65,2321157.67,7.604,15,2023-03-08,2134464.4,Active
6042,19825,27,3156343.92,2408304.61,7.733,20,2024-07-03,2268296.09,Active
6043,14017,89,4147549.8,2035230.67,9.458,25,2023-08-14,1428979.22,Active
6044,5334,39,3230658.87,1488251.64,8.232,10,2024-03-19,835364.55,Active
6045,10049,81,5586532.15,4048515.61,8.37,25,2024-01-23,3443267.72,Active
6046,1211,10,4523462.95,2693823.07,7.136,20,2024-05-08,1278679.41,Active
6047,22587,82,2460055.04,1053302.03,10.259,10,2022-07-15,425208.57,Active
6048,9948,94,5182652.83,3072532.58,11.314,10,2024-10-04,2489293.4,Active
6049,827,36,4741670.31,2260890.52,11.14,25,2023-05-17,2139484.47,Active
6050,3109,58,8665542.15,5129087.87,7.429,25,2022-05-06,4210095.44,Active
6051,10160,79,5401695.89,3629880.19,11.159,25,2022-05-26,2762756.17,Active
6052,17639,12,3773007.17,1844244.81,7.006,10,2023-09-16,831839.86,Active
6053,24033,31,2703965.88,1141278.35,7.514,15,2022-03-08,413327.59,Active
6054,24470,19,1627225.48,1201832.68,7.057,30,2022-08-03,483324.12,Active
6055,20841,100,3119253.03,1984236.49,8.132,10,2024-11-20,766421.02,Active
6056,24413,92,2431228.88,1189488.19,8.586,10,2023-07-26,419760.24,Active
6057,3181,29,2249616.69,913001.46,8.136,25,2023-12-25,391095.23,Active
6058,20127,99,3476022.18,1516725.19,8.137,10,2022-11-25,461774.44,Active
6059,20762,50,4927304.09,2770760.44,9.008,25,2022-09-20,1163729.73,Active
6060,9429,26,15690704.64,8553544.0,8.261,10,2022-01-02,2808787.5,Active
6061,18313,15,8087953.91,5179428.57,9.775,20,2023-11-23,1938271.41,Active
6062,5081,62,3351207.17,1373789.06,11.213,25,2023-03-13,945734.7,Closed
6063,18869,11,2706682.88,1728394.37,8.113,20,2024-02-16,785836.71,Active
6064,6550,81,3442257.05,2264814.78,10.113,10,2022-08-12,1157556.79,Active
6065,15793,49,1695299.58,724941.13,8.505,10,2024-07-20,270630.53,Active
6066,12495,28,2620059.82,1589875.71,10.125,10,2022-01-09,493230.03,Active
6067,22065,90,2015001.02,879263.67,7.255,20,2023-08-28,635964.17,Active
6068,12249,55,2392643.83,1754522.05,9.956,20,2023-05-11,1054661.13,Active
6069,17528,22,2112727.43,1423068.15,7.017,10,2022-05-29,1015325.65,Active
6070,8762,70,4460218.51,2046118.33,6.765,15,2023-04-03,800091.74,Active
6071,9119,58,5891413.14,3287467.64,10.903,20,2022-07-27,3119498.24,Active
6072,22269,99,4487543.89,2500011.48,6.526,30,2023-12-09,1591865.72,Active
6073,15530,18,3910264.58,2268185.42,6.678,30,2023-01-09,1797480.87,Active
6074,22612,81,6898852.17,2813253.23,8.675,20,2024-12-15,1138208.9,Active
6075,23417,90,6110843.96,4300463.58,6.548,10,2024-02-08,2594375.76,Active
6076,19233,26,2533294.7,1198002.28,6.704,15,2023-08-31,365227.16,Active
6077,19299,28,6517250.27,2750656.99,8.461,20,2022-12-28,1195451.25,Active
6078,2436,69,7598517.84,4088619.07,10.333,20,2023-02-08,2271557.49,Active
6079,22428,38,5712284.21,2500805.63,10.141,30,2022-10-08,1443794.09,Active
6080,7625,20,5117568.22,2652325.73,9.735,10,2022-04-14,2518101.91,Active
6081,23024,89,2410624.83,1880534.46,11.4,15,2024-09-11,1531014.07,Active
6082,6124,46,4119346.94,2124749.32,9.677,25,2023-11-16,1935294.98,Active
6083,13711,28,2289087.67,1616257.17,10.178,25,2024-03-21,1459676.38,Active
6084,17871,2,3142332.1,2287878.15,9.844,25,2022-08-25,1701357.66,Active
6085,10123,32,4915849.5,3322362.46,7.021,20,2022-07-24,1066216.33,Active
6086,24384,3,2851502.17,1610195.56,9.767,25,2023-11-15,1349131.53,Defaulted
6087,1562,72,4859273.52,2634024.52,10.137,30,2022-07-23,1936259.18,Active
6088,15329,78,5153523.4,3285016.14,10.484,20,2023-06-18,1842946.28,Active
6089,8566,99,4025450.18,2222214.08,10.838,25,2023-06-04,763989.21,Active
6090,3325,33,7264482.72,3426089.08,10.843,30,2024-05-23,3075072.03,Active
6091,847,38,3903886.33,2513757.27,11.235,10,2022-07-18,1311859.24,Active
6092,3603,91,3320544.68,1524438.28,10.206,15,2022-02-19,1433163.42,Active
6093,16967,24,1981176.67,1141505.54,9.259,30,2024-10-03,776771.32,Active
6094,1095,40,5194261.35,3693147.25,10.365,10,2024-07-22,2375187.65,Active
6095,20830,66,6266273.82,4136000.12,8.254,30,2024-03-06,3227851.14,Active
6096,24963,98,3222116.62,2183228.3,10.559,30,2023-02-28,1005466.74,Active
6097,20627,90,9695398.73,7203155.99,6.639,10,2022-01-14,4525719.44,Active
6098,4153,2,1802546.53,1219584.27,6.772,30,2022-09-02,874487.35,Active
6099,24179,31,5484094.65,3212057.52,10.402,25,2023-09-25,2317290.57,Active
6100,6445,39,3354325.38,1787120.28,7.39,30,2022-11-27,594628.6,Active
6101,16935,72,1365631.75,637182.13,7.353,20,2023-11-10,290773.65,Active
6102,13698,76,3592113.46,1515971.04,6.688,10,2024-09-12,1380949.39,Defaulted
6103,2266,34,3529072.86,2035540.5,10.582,15,2023-07-20,1876166.85,Active
6104,13637,96,3815274.55,2350138.24,11.293,20,2022-11-05,1941269.75,Active
6105,15925,78,1000000.0,673862.82,7.016,10,2024-08-08,542432.62,Active
6106,10141,47,1000000.0,733169.5,10.303,20,2022-08-31,665929.27,Active
6107,19929,83,3808813.21,2647163.42,10.423,20,2022-08-12,1997219.79,Active
6108,14494,20,3126267.36,1419759.01,6.932,10,2024-01-17,1156544.88,Active
6109,23807,22,5904522.02,3064424.82,7.512,20,2024-03-26,1610459.14,Active
6110,641,79,2681348.38,1073337.66,9.666,10,2024-08-08,422879.14,Active
6111,1644,76,4249646.21,2589933.77,7.363,15,2024-03-29,2339985.12,Active
6112,19137,33,2272326.83,1158641.3,10.687,20,2022-11-15,479483.6,Active
6113,12231,100,4177268.86,2085675.54,7.322,15,2024-05-15,1376818.28,Active
6114,7379,22,3613127.03,2729668.14,8.936,30,2023-05-04,2317499.9,Active
6115,683,88,2628670.78,1422206.89,8.356,15,2022-05-04,1215961.61,Active
6116,1607,16,3236902.26,1631601.72,8.628,30,2024-04-28,1317197.33,Active
6117,6583,31,2253626.48,1203304.49,9.563,20,2023-09-17,1004141.01,Defaulted
6118,7986,84,9927297.93,6744308.37,7.083,25,2023-01-04,5552460.78,Active
6119,17054,96,4883285.4,2289350.82,7.052,10,2024-02-29,1936269.06,Active
6120,13624,61,3547835.16,1518246.19,10.949,15,2023-09-16,1199384.47,Active
6121,24192,31,8019154.5,4871845.26,9.404,20,2022-12-04,3413817.77,Active
6122,9338,91,2789017.03,1462251.66,7.222,30,2023-04-04,1048321.11,Closed
6123,22343,62,1718635.1,1154353.32,8.022,25,2024-03-12,783706.92,Active
6124,23079,51,5311803.57,2931443.03,8.687,15,2023-08-24,2772185.8,Active
6125,11983,93,1584360.77,1041556.26,11.139,10,2023-05-25,336418.8,Active
6126,4287,54,2402237.25,1633772.94,10.443,10,2022-01-31,843947.28,Active
6127,6591,40,3546961.77,1815632.03,8.618,10,2022-10-16,793904.68,Active
6128,23913,84,4647994.34,2273533.54,7.9,10,2024-06-14,923398.53,Active
6129,21220,100,3142544.07,1764516.75,9.062,25,2023-10-28,925795.83,Active
6130,6733,80,4211193.16,3200962.34,10.094,10,2022-04-21,1926434.63,Active
6131,21515,90,7578380.05,5242595.41,10.649,30,2024-12-13,2673279.56,Active
6132,24981,96,4434884.11,2648702.27,8.672,25,2023-09-25,1839071.55,Active
6133,17508,73,4290064.26,2251219.72,10.239,15,2024-06-02,2028863.45,Active
6134,3990,51,4274956.24,3148948.21,10.721,20,2023-10-24,2971976.38,Active
6135,23071,4,1159686.11,469000.75,7.31,20,2023-01-22,397848.43,Active
6136,3110,4,3104241.69,1924945.17,9.99,10,2023-05-06,1171574.05,Active
6137,21,67,6654645.13,3342774.68,7.352,15,2024-07-11,3017943.22,Active
6138,10664,93,6571236.99,4684193.11,11.171,30,2024-02-04,3605632.6,Active
6139,12220,70,2545695.49,1574037.32,6.713,20,2024-12-12,502844.06,Active
6140,10533,79,2356971.66,979300.92,7.99,25,2023-03-11,607643.73,Active
6141,18547,92,6887004.94,4412252.61,10.285,15,2024-06-04,4034559.59,Active
6142,2921,43,1678898.18,782102.48,11.459,30,2024-12-11,359687.47,Active
6143,18058,62,2747866.28,1346214.46,10.027,20,2022-02-27,1229346.73,Active
6144,20439,81,4242319.45,3219253.45,8.118,15,2023-01-01,2785853.63,Active
6145,7934,86,3316843.46,1562320.98,6.611,20,2023-01-16,850381.9,Active
6146,6942,9,2580300.3,1817124.48,8.652,10,2022-11-28,748306.64,Closed
6147,9924,63,10826969.5,4594918.23,9.742,30,2024-03-11,4044967.61,Active
6148,23507,96,3327365.08,2172635.81,10.576,25,2024-09-22,1973059.94,Defaulted
6149,11513,86,7514950.78,4759406.82,8.546,25,2023-11-07,3495097.39,Active
6150,4241,67,3661640.29,2501329.07,11.124,25,2023-12-07,1648346.29,Active
6151,23627,88,6482433.02,4929764.31,7.683,10,2022-03-13,2711669.94,Active
6152,8347,64,3905394.1,2124234.22,10.534,15,2022-07-28,1394808.3,Active
6153,19632,96,2725996.83,1109962.25,6.653,20,2024-05-06,951597.69,Active
6154,4894,57,3808003.72,2065593.69,8.994,30,2022-03-30,654240.59,Active
6155,16163,19,2731335.88,1679096.61,7.214,15,2023-03-17,1090587.53,Closed
6156,24202,79,2136820.28,878498.08,10.993,15,2024-01-15,494011.55,Closed
6157,20249,76,2065874.83,1052819.27,10.283,25,2022-07-21,319000.47,Active
6158,8210,32,3346293.87,1557749.76,9.45,20,2022-07-27,775894.24,Active
6159,15805,81,5142581.62,3552809.06,7.17,25,2022-08-11,2525362.1,Active
6160,10370,68,1654832.0,898209.13,9.356,25,2022-09-01,815263.4,Active
6161,1598,78,5483012.35,3512469.18,7.936,30,2022-03-12,1550050.88,Active
6162,19940,74,1457289.65,1099317.72,6.564,15,2022-04-15,585376.7,Active
6163,17368,35,4974514.6,3032387.96,8.283,30,2023-06-18,2232695.87,Active
6164,15111,94,2108113.55,974317.37,10.897,20,2022-08-10,423885.57,Closed
6165,16760,19,3977932.43,1924418.99,10.659,25,2024-08-25,1303883.36,Active
6166,8809,34,4270923.69,2495295.84,9.311,15,2022-02-22,1846292.22,Active
6167,20814,82,4065985.48,3021644.82,6.52,15,2023-04-27,2079635.97,Active
6168,10528,21,1439998.5,1127585.02,11.139,15,2023-06-27,906402.74,Active
6169,23405,41,4012086.53,2362189.66,10.725,30,2022-11-14,1683636.49,Active
6170,3312,37,7630183.33,3807671.16,7.557,10,2024-12-28,3479824.13,Active
6171,9650,85,7923007.03,4931543.92,7.317,20,2022-10-16,3692019.54,Active
6172,4687,44,3216596.1,1908800.83,10.447,25,2023-07-12,1786179.0,Closed
6173,10285,83,2934345.02,1886270.79,8.776,20,2022-12-16,582063.09,Active
6174,16245,8,2532197.57,1579991.95,7.862,30,2023-06-08,514317.98,Active
6175,514,27,7234557.48,4985157.69,10.988,25,2022-04-05,1982289.76,Active
6176,7158,52,2527587.31,1120057.7,10.276,15,2023-12-05,876792.02,Active
6177,11376,81,3397428.14,2327498.91,10.69,10,2023-09-01,993493.34,Active
6178,21767,90,1541861.86,1150982.46,11.238,20,2022-09-23,531258.68,Active
6179,14791,60,5029250.23,2272293.4,7.61,10,2024-11-03,2047968.24,Active
6180,7944,36,2924701.45,1290769.72,11.322,15,2022-02-09,1225528.67,Active
6181,16844,45,3413746.39,1811660.64,7.023,10,2023-07-27,764510.31,Active
6182,21392,71,2967121.92,2264892.16,9.145,20,2024-11-12,1661499.31,Active
6183,10815,17,5132615.9,3401882.61,10.36,15,2023-11-30,2226255.78,Active
6184,20340,98,1880900.45,956836.32,6.707,15,2022-02-07,791812.51,Active
6185,10924,7,3602755.82,1911973.85,9.204,25,2023-01-04,1611463.52,Active
6186,12537,15,3867349.73,2206165.97,8.173,20,2024-12-04,1985373.03,Active
6187,20765,20,1160495.22,828627.06,7.382,25,2024-04-03,253818.28,Closed
6188,4922,24,4673220.16,1924760.81,6.611,10,2022-03-30,709208.4,Closed
6189,17639,82,2614524.91,1534423.51,10.625,15,2022-08-21,686523.45,Active
6190,17233,94,3855921.8,2119276.07,11.362,15,2022-06-03,1770069.91,Active
6191,5228,52,6482053.13,3678236.5,7.92,20,2023-10-21,3120149.72,Active
6192,19133,18,3652159.92,1582956.46,9.613,20,2023-01-19,1321813.29,Active
6193,12864,14,1381666.18,852958.15,10.687,20,2023-10-02,785257.17,Active
6194,3917,19,1977556.71,924991.3,7.521,25,2022-04-07,432168.78,Active
6195,24799,20,9305965.26,5548655.02,7.724,15,2022-03-03,3929793.37,Active
6196,23284,38,6943583.22,5467058.36,7.58,20,2023-07-26,1760609.59,Active
6197,15958,5,7444387.8,5802607.78,9.44,30,2024-10-23,3984932.46,Active
6198,1190,24,3338283.87,2470319.21,8.148,15,2022-05-20,2255103.56,Closed
6199,19956,71,2160965.03,1514248.14,7.05,20,2022-05-07,971060.59,Active
6200,13527,5,1145653.64,891754.51,8.454,25,2022-11-28,477599.09,Active
6201,4090,70,3922928.74,1811243.45,7.433,30,2022-03-11,1520392.89,Active
6202,16516,70,3045106.6,1976633.69,10.556,15,2023-01-06,1793224.2,Active
6203,23482,61,4529651.33,2516939.16,7.38,25,2022-07-02,2153187.48,Active
6204,22188,99,4114802.73,2726339.04,8.767,10,2023-03-27,1390117.58,Active
6205,6171,35,3322490.29,2414778.28,9.781,25,2022-03-10,2054190.07,Active
6206,17351,36,7920527.22,5000542.31,9.498,25,2024-10-11,1703487.87,Active
6207,23491,98,1616020.25,869679.55,11.24,30,2024-03-23,297084.29,Active
6208,10395,65,1466472.52,772670.72,10.329,20,2022-04-10,605839.58,Active
6209,612,24,2067577.9,872807.28,10.51,30,2023-07-12,414138.79,Active
6210,17975,34,2806471.09,1983592.75,7.252,10,2023-02-17,1001711.24,Active
6211,5388,22,3181242.99,2057493.28,8.886,25,2023-09-30,705005.68,Active
6212,24372,68,2717928.03,1463076.95,11.381,20,2024-08-04,448557.32,Closed
6213,4021,38,2616969.54,1236833.6,9.943,30,2023-09-06,944969.54,Active
6214,10870,65,4668243.18,2444693.7,9.136,30,2022-05-27,1555529.89,Active
6215,15852,51,2498811.13,1126717.26,10.734,10,2022-07-07,674637.6,Active
6216,9038,77,1330187.15,572984.05,6.735,15,2023-04-23,237161.54,Active
6217,533,5,1000000.0,765381.27,6.987,30,2024-05-16,641161.6,Active
6218,12663,67,2533803.1,1931073.32,7.925,10,2024-11-13,1201489.12,Active
6219,19198,74,4682354.69,3598564.27,10.722,10,2022-07-06,1165566.01,Active
6220,22879,33,3846374.85,2929057.51,11.02,20,2023-10-20,2028035.4,Active
6221,20912,37,9025658.89,6880672.84,7.008,15,2023-12-02,2400411.89,Active
6222,9712,37,1907327.96,1135183.4,11.49,10,2023-01-16,942588.24,Active
6223,2656,26,3971422.31,2969984.19,6.582,20,2024-07-18,1932637.05,Active
6224,7485,4,3523692.5,2312954.99,7.687,15,2024-05-24,971543.28,Active
6225,9876,5,2900270.55,1547280.23,7.055,20,2023-09-18,1380657.71,Active
6226,24515,64,1867874.94,935448.19,9.829,15,2023-02-23,814210.14,Active
6227,10433,77,2531941.41,1963935.64,11.289,25,2024-09-02,1109887.81,Active
6228,8572,22,3803830.55,2448604.96,8.28,10,2023-12-02,1506690.77,Active
6229,22283,94,8550036.92,4860714.7,7.401,25,2023-07-10,3825756.85,Closed
6230,19747,8,2589549.71,1215248.66,7.909,30,2022-05-24,589858.63,Active
6231,3266,71,4956424.34,2199380.58,8.155,15,2022-04-18,1267454.2,Active
6232,7519,88,5722367.0,3048227.36,6.528,30,2023-08-10,2709165.37,Active
6233,14177,6,1783832.83,879046.94,7.115,30,2023-07-03,591990.9,Active
6234,21094,99,6681480.11,2938223.08,7.936,25,2024-06-09,2192849.23,Active
6235,11453,57,3577221.52,2693560.2,7.169,10,2022-09-06,1508547.35,Active
6236,10470,36,3558952.65,2659548.37,9.634,25,2023-12-01,2074118.95,Defaulted
6237,17507,86,2524813.64,1767842.94,7.334,30,2023-04-02,979325.91,Active
6238,17967,10,3947627.89,2404076.4,6.754,25,2023-10-03,1903585.48,Active
6239,8325,62,2591226.67,1653534.32,9.209,15,2023-01-18,1347327.04,Defaulted
6240,19905,28,2790760.52,1626236.95,8.209,10,2023-10-25,609660.3,Active
6241,23090,51,1389291.79,746297.85,8.028,20,2023-05-30,362587.4,Active
6242,12798,44,4314756.98,2688659.87,9.979,10,2023-06-24,943148.22,Active
6243,9456,84,3243136.33,1847540.91,10.695,25,2024-03-06,680457.51,Active
6244,3373,37,4107318.24,2360306.37,7.138,30,2023-05-11,1784737.47,Active
6245,23618,57,1567399.71,980907.57,8.372,20,2023-07-06,538978.44,Active
6246,22835,4,6422923.97,3841518.97,7.614,25,2024-07-23,2239562.77,Active
6247,6505,28,4906819.82,2753561.35,9.615,25,2024-07-16,1388325.67,Active
6248,24436,53,5475145.94,3560205.6,7.905,15,2023-05-09,1429372.25,Active
6249,6368,16,2481769.07,1128124.21,10.517,30,2022-04-27,678615.34,Active
6250,17969,89,2648773.06,1913198.14,10.92,10,2022-03-19,1236864.93,Active
6251,7345,93,1043548.61,595643.49,7.102,25,2022-02-13,502726.16,Active
6252,8081,66,2461131.21,1427920.88,10.713,30,2022-12-14,1027342.12,Active
6253,1359,77,1399337.75,1056610.19,11.422,25,2022-08-01,854225.33,Active
6254,7681,73,2441276.1,1127892.58,8.419,25,2022-02-21,1054162.96,Active
6255,23051,16,5590558.76,2378994.32,10.231,20,2022-01-03,800247.88,Active
6256,5925,94,2879249.85,1621210.11,10.698,25,2024-09-12,861307.99,Active
6257,19369,77,1612153.5,1192761.12,7.207,25,2023-01-12,1031176.8,Active
6258,24203,29,2144304.77,933301.53,10.842,10,2023-12-17,479758.75,Active
6259,11036,98,5277037.0,4181129.69,7.346,25,2022-08-19,1817209.84,Active
6260,16244,43,2754631.16,1723107.05,8.284,15,2022-07-22,639986.66,Defaulted
6261,3525,32,4623060.12,2240063.61,8.737,30,2024-06-04,1462478.94,Active
6262,23099,52,11787795.03,5715849.47,9.281,10,2024-09-08,5085261.35,Active
6263,516,15,1295244.02,856320.24,7.687,30,2023-12-25,670722.06,Active
6264,13637,78,3598548.47,2435170.31,10.849,20,2022-06-08,1532685.37,Active
6265,7312,70,1233924.01,745142.97,7.876,20,2022-05-11,433826.86,Active
6266,6071,89,4229955.92,2975793.4,11.349,30,2024-06-01,2798012.62,Active
6267,10674,24,1000000.0,694264.16,10.109,10,2022-09-13,240499.2,Active
6268,13864,81,3715192.5,2079702.05,8.449,30,2023-10-19,1779588.81,Active
6269,14528,85,1862016.1,1150201.06,8.097,25,2023-12-22,1074322.45,Active
6270,19602,16,3274528.53,2214242.86,9.625,10,2022-12-13,1743663.5,Active
6271,1852,91,2597313.42,1612403.14,11.394,15,2023-04-20,739829.12,Active
6272,9292,47,9052891.59,4777648.99,10.958,10,2024-05-12,2586876.84,Active
6273,7492,51,1101997.41,547925.53,10.434,25,2022-12-05,298633.12,Active
6274,8121,98,4937553.6,2996915.9,7.852,15,2024-12-18,1314110.87,Active
6275,7762,31,4799557.87,3047119.04,8.861,30,2024-12-08,1580040.49,Active
6276,4398,54,2437737.48,1827659.33,10.341,10,2023-01-07,1545247.89,Active
6277,21308,97,1208759.67,541676.98,9.083,15,2022-04-07,437173.01,Active
6278,993,67,7321063.25,4726464.19,8.488,25,2024-10-22,3530573.04,Active
6279,22230,92,7093523.97,5165419.9,10.888,20,2024-12-05,2936864.27,Active
6280,4552,45,7463044.81,4213181.12,8.661,10,2024-02-11,2886510.05,Active
6281,5930,91,4897746.3,2241150.08,7.4,15,2024-05-06,1980631.4,Active
6282,23833,35,1740465.8,1364645.86,8.51,20,2023-04-27,488697.73,Active
6283,23830,66,3687227.3,2835119.03,9.806,25,2024-06-07,2241484.47,Active
6284,17470,5,2805253.15,1843027.3,9.463,30,2024-11-02,929454.88,Active
6285,6269,53,3844656.41,2033216.01,9.073,25,2024-04-22,717634.28,Active
6286,19734,61,3643163.11,2196654.91,11.249,10,2022-03-20,1911077.84,Active
6287,3428,60,1985368.2,1284336.73,9.247,15,2024-03-22,717142.67,Active
6288,18841,57,4812639.1,3188086.51,10.959,25,2022-08-12,2131819.08,Active
6289,12316,55,2494479.18,1509568.17,11.417,25,2024-12-01,1262904.71,Closed
6290,7532,5,4035748.18,1991110.03,11.191,20,2022-10-31,776810.91,Active
6291,11922,55,1828291.02,1000896.47,10.256,30,2022-06-11,348522.61,Active
6292,21997,25,3463631.66,1752755.58,6.595,20,2023-11-28,1181705.03,Active
6293,3367,68,9472737.22,4397885.54,8.494,20,2024-10-13,2792285.33,Active
6294,2426,8,3324519.2,1883032.05,8.746,10,2022-05-03,1608065.16,Active
6295,8303,71,2205993.02,1688471.43,7.763,25,2022-07-24,1034997.36,Active
6296,5153,24,3473276.26,2743296.47,6.772,25,2024-04-25,1305269.05,Active
6297,21142,67,1532171.46,794220.74,10.975,10,2023-10-16,529471.81,Active
6298,17128,32,3807767.0,1887533.76,6.588,20,2023-09-12,936513.03,Active
6299,400,71,4013332.47,2730008.05,11.415,25,2022-08-15,2380752.53,Active
6300,9857,14,1514192.09,1136485.37,7.308,10,2023-08-04,818742.24,Active
6301,19817,19,3975854.11,3065290.15,9.263,15,2023-06-06,2410963.63,Active
6302,21316,59,2286099.5,945797.22,7.771,25,2023-10-10,295901.72,Active
6303,22591,81,2175517.23,1126438.09,8.283,25,2024-05-15,407082.7,Closed
6304,9298,36,6659314.0,4597483.57,11.24,25,2022-08-22,2463913.58,Active
6305,24464,22,9499179.66,7493703.16,8.187,10,2022-12-11,6203906.08,Active
6306,3049,25,2062173.91,1403327.15,7.148,20,2022-10-30,1086989.75,Active
6307,11600,2,5682286.43,2581576.09,8.928,25,2023-02-13,977380.17,Active
6308,24759,38,2013426.4,862234.06,6.75,15,2023-06-10,707011.72,Active
6309,2490,4,4463415.47,2667043.06,9.561,10,2022-08-26,1279956.85,Active
6310,5516,47,4231194.99,2892970.32,7.375,10,2022-08-17,1287030.48,Active
6311,24422,80,1996201.73,1580086.48,9.392,15,2023-06-01,1379449.93,Active
6312,20992,21,2080507.8,1321593.28,9.606,30,2022-08-13,1192707.84,Active
6313,9245,95,1463650.49,1104580.27,7.979,30,2023-01-06,769806.02,Active
6314,17661,2,1820089.7,866462.26,7.733,15,2022-08-07,492223.17,Active
6315,11816,17,2493315.98,1826326.61,7.176,25,2024-01-04,815623.44,Active
6316,17494,52,1374582.54,789611.51,9.627,10,2022-06-28,250410.26,Active
6317,13315,54,3645136.08,2888531.94,10.062,20,2024-02-19,1858214.61,Active
6318,1384,67,1847104.19,1166717.79,8.207,10,2022-06-03,386093.12,Active
6319,17213,94,7900082.9,5653188.24,10.263,10,2022-09-09,3217775.76,Active
6320,3907,30,1497004.13,998858.75,11.299,10,2024-10-21,558141.74,Active
6321,22039,77,3404938.92,2135038.01,10.702,30,2022-12-26,1046298.89,Closed
6322,20288,35,3581340.01,1789388.57,11.417,25,2022-04-14,743006.18,Active
6323,21765,56,2707949.84,1847672.85,6.54,30,2022-06-21,1314369.15,Active
6324,20980,4,3908945.08,1758150.83,9.627,10,2024-07-31,1246388.75,Active
6325,7508,65,1953780.89,879001.91,7.67,20,2023-10-19,723811.72,Active
6326,15887,57,3725763.55,2356198.15,10.974,25,2022-04-18,2163599.34,Active
6327,23903,28,3844457.58,1642348.08,11.416,30,2022-01-24,629869.74,Active
6328,15984,43,4652370.93,2733154.86,11.004,30,2022-03-12,2289726.72,Active
6329,20694,39,5267491.68,3314964.97,7.408,30,2024-10-25,1232559.23,Active
6330,15850,73,1988368.09,932706.87,11.034,20,2022-01-04,296765.53,Active
6331,24031,97,4422816.63,2950048.57,10.047,30,2022-12-19,2054615.22,Active
6332,13511,79,4188982.88,2116633.34,7.481,25,2023-12-10,1020113.34,Active
6333,22344,93,1544962.79,836383.01,6.87,30,2023-07-02,598503.76,Active
6334,7804,95,2107390.44,1554689.58,7.904,10,2022-08-21,1352423.71,Active
6335,11717,29,2298416.28,1239853.06,7.562,15,2022-03-01,742189.8,Active
6336,8211,90,4738868.6,3547538.38,8.608,25,2024-11-29,2904262.29,Active
6337,2594,62,4566846.27,2931975.47,10.009,30,2023-09-07,2755175.48,Active
6338,16583,18,4158357.93,2332871.78,6.657,15,2022-01-17,1682652.07,Active
6339,24432,74,3057766.91,1845697.43,8.013,10,2024-03-16,1492875.68,Active
6340,23572,47,3404975.35,1705414.02,6.65,15,2024-03-27,1379112.09,Active
6341,19965,29,3516957.54,2514138.81,9.366,10,2022-12-02,1863519.75,Active
6342,11924,2,5242946.72,3392741.33,10.642,15,2023-04-16,2898183.05,Active
6343,9545,79,3554386.91,2345945.32,8.035,30,2023-03-13,1403445.71,Active
6344,21931,97,1075687.85,688491.48,7.75,10,2023-01-21,325034.57,Active
6345,7161,87,3626769.99,2168297.46,6.868,30,2023-01-19,1392819.07,Active
6346,24721,85,5450732.23,3758455.56,10.413,30,2023-05-20,2873987.79,Active
6347,3430,51,4536217.47,2522843.08,8.553,15,2023-07-24,1544243.94,Active
6348,8348,57,2471005.56,1373064.83,7.936,10,2024-04-28,423713.31,Active
6349,21609,73,10032839.66,7570913.31,11.402,25,2022-09-14,4479801.57,Active
6350,15232,88,1553202.66,648684.44,9.047,10,2024-01-17,316135.97,Active
6351,18324,34,1443821.22,830017.26,7.497,20,2022-11-22,470914.04,Active
6352,12373,44,2181445.42,1314235.53,7.681,15,2023-04-03,965323.3,Active
6353,16041,36,4863480.95,3382488.52,9.319,10,2023-04-29,2798462.12,Active
6354,1398,29,2888311.66,1835451.6,10.659,15,2024-04-12,696613.97,Active
6355,9199,68,4402994.25,2177458.34,9.211,25,2022-03-08,1839414.2,Defaulted
6356,18302,44,2557432.53,1110633.42,8.369,20,2022-08-02,732262.59,Active
6357,6693,75,2372346.32,1536989.06,8.741,15,2022-10-22,1040488.27,Closed
6358,5873,47,1441741.49,1088049.47,7.621,30,2023-09-06,980946.13,Active
6359,5452,75,2241367.86,1016030.32,9.354,20,2022-06-11,321517.68,Active
6360,22628,96,2179461.43,1439779.41,8.891,20,2024-05-15,1319124.77,Active
6361,5526,62,2257679.34,1425517.85,6.523,25,2023-02-06,647881.04,Active
6362,10318,47,2422629.91,1347429.85,6.966,30,2023-04-30,1005095.56,Active
6363,10499,56,5057344.21,3698961.56,7.535,25,2024-12-17,2536150.92,Active
6364,23066,58,3098359.81,1429074.85,9.117,20,2023-03-19,850855.08,Active
6365,11400,7,13176474.65,6521154.02,7.122,20,2023-11-30,4765421.37,Active
6366,3216,12,5006689.82,3612934.14,10.089,25,2024-09-14,1087449.24,Active
6367,2218,91,2622161.04,1726173.4,11.078,25,2022-07-01,1137588.95,Active
6368,15934,84,1557338.87,776358.83,9.919,20,2023-05-10,464617.06,Active
6369,4205,6,2877397.84,1866866.03,7.77,10,2023-10-19,955465.56,Active
6370,7656,18,2156028.82,1502631.63,8.182,25,2024-01-19,1305235.88,Active
6371,4698,84,3825188.33,1889504.93,9.974,15,2024-05-31,1601266.3,Active
6372,18945,74,8087856.86,6269472.21,9.584,15,2023-02-21,5530959.18,Active
6373,13257,40,2677492.3,2133935.88,10.145,20,2022-04-10,1030329.13,Active
6374,24314,19,2719209.61,1097793.75,6.873,20,2022-08-13,884650.17,Active
6375,4324,46,4110580.72,2225311.84,7.502,15,2022-05-22,1627600.68,Active
6376,13898,30,3679282.87,2141018.87,9.354,25,2022-08-29,701346.18,Active
6377,13146,63,2035781.09,848274.19,7.101,25,2024-01-08,757127.39,Active
6378,15769,49,6534216.2,3393172.8,8.548,20,2024-09-11,2038163.2,Active
6379,9553,78,1743775.3,988362.01,7.043,30,2022-02-17,324198.96,Active
6380,20434,76,7025887.59,5425438.55,7.116,10,2024-09-27,3759852.03,Active
6381,15433,8,3006260.24,1418482.28,8.721,20,2024-05-04,878000.48,Active
6382,14416,6,3511919.32,1999678.67,8.878,30,2022-09-23,1500277.78,Closed
6383,5076,23,4163478.68,1787091.54,10.695,25,2023-06-10,1179326.24,Active
6384,1711,36,4219710.91,2537483.13,7.851,10,2023-05-08,2129739.32,Active
6385,19411,30,5756956.07,2796242.97,11.033,25,2024-04-29,1711530.09,Active
6386,3618,60,2866656.36,1287455.4,8.051,20,2023-04-28,405095.24,Active
6387,3733,84,1800364.06,1249252.22,7.476,30,2023-02-09,431263.42,Closed
6388,7794,78,1000000.0,426493.36,8.64,25,2022-10-05,177497.65,Active
6389,2777,51,3281974.93,2119608.73,7.882,10,2022-02-19,1132605.05,Active
6390,19188,66,3331617.72,2043162.62,9.837,20,2022-09-26,908635.16,Active
6391,17223,50,2710615.84,1504766.41,8.119,15,2024-05-26,631986.27,Active
6392,8663,40,4595604.39,2012757.8,10.33,20,2022-05-28,1409869.32,Active
6393,13203,53,5031789.34,3618154.24,7.357,10,2023-08-24,2998035.3,Active
6394,4360,19,3807624.42,2390043.98,9.07,20,2022-08-16,1459817.52,Active
6395,9901,64,4267504.64,2953784.64,7.931,15,2024-11-20,2510550.5,Active
6396,4212,75,6445727.32,4469229.05,7.79,15,2024-05-21,3588676.78,Active
6397,6515,41,6767564.9,2972796.95,9.167,30,2024-12-14,892603.99,Active
6398,5301,40,1000000.0,780893.49,9.175,25,2023-06-07,377917.39,Active
6399,6326,6,1918326.81,1339862.94,9.09,15,2022-08-01,771196.04,Active
6400,23256,71,1496133.87,958482.43,10.846,10,2022-06-10,355602.62,Active
6401,6334,47,3945413.35,2201096.53,10.067,30,2023-01-28,1101167.04,Active
6402,9005,33,4741883.17,2662123.7,9.148,25,2024-04-14,2009792.65,Active
6403,15226,44,7147574.57,4171082.04,6.645,25,2022-10-29,2011155.85,Active
6404,5537,45,2279455.13,1169928.14,11.005,20,2024-08-29,590994.24,Active
6405,20796,93,4201560.23,2784633.16,11.493,10,2022-05-29,2528273.31,Active
6406,16497,85,3795595.44,2650310.12,8.75,25,2024-09-07,1408336.7,Active
6407,4094,36,3287836.8,1381493.41,9.634,10,2024-08-28,580436.08,Active
6408,1124,28,1007218.21,651268.09,8.872,20,2024-09-05,410459.37,Active
6409,10454,50,2654708.44,1493802.66,10.138,15,2022-12-08,780490.65,Active
6410,554,58,8136724.85,3717233.87,7.418,25,2023-12-17,2844275.38,Active
6411,3652,64,3191227.17,1393974.69,10.124,25,2024-09-19,536153.41,Active
6412,3012,100,9789129.42,6483485.58,8.456,25,2023-12-19,4030625.01,Active
6413,22562,70,6509921.4,3017011.77,6.59,10,2023-05-25,2504600.04,Active
6414,13005,19,3493847.55,1639779.0,11.046,15,2022-04-07,1109924.43,Closed
6415,9894,38,5937190.16,2920674.71,8.381,30,2023-07-31,1235088.27,Active
6416,23626,54,4272780.87,3251076.46,9.117,10,2023-06-09,1236029.23,Active
6417,17784,92,2324033.81,1454510.36,7.256,10,2022-10-27,1086389.04,Active
6418,7923,49,3096943.6,2274440.36,7.553,15,2024-09-30,866911.4,Active
6419,18655,8,1449322.3,592781.26,9.424,15,2024-12-19,239004.16,Active
6420,17975,77,4875281.73,3369020.39,6.876,30,2023-06-24,2293420.57,Active
6421,23070,30,4536382.44,2873166.96,9.809,25,2024-02-10,2350755.69,Active
6422,4496,82,1059872.41,438028.06,8.283,15,2024-12-04,255086.23,Active
6423,23468,58,2729110.31,2149107.46,10.46,10,2022-05-06,725399.67,Active
6424,16072,90,3442500.06,1417176.87,8.211,15,2023-03-11,1230098.27,Active
6425,5640,63,1876672.85,1107573.8,9.847,10,2024-08-28,596716.09,Closed
6426,3875,60,1777527.0,808186.69,8.507,10,2023-10-08,552353.95,Active
6427,22074,45,2099033.39,1518063.03,10.938,10,2023-04-12,698351.47,Active
6428,9692,62,1000000.0,417323.04,6.734,10,2022-03-02,315244.23,Active
6429,19479,28,9006722.69,4691766.94,9.723,10,2022-08-13,3112485.56,Active
6430,24428,98,8175185.15,4301551.56,11.027,10,2024-12-23,2300996.48,Defaulted
6431,17553,75,3131016.41,1326112.3,7.597,20,2023-11-18,1161272.61,Active
6432,7928,32,2001265.64,803390.56,7.551,10,2022-11-11,530272.58,Active
6433,12602,3,1652535.34,1159312.38,9.977,20,2022-03-06,1066805.94,Defaulted
6434,12237,52,4136641.79,2520640.22,8.538,25,2024-11-15,2384820.22,Active
6435,14365,96,5053189.23,3044815.42,8.372,30,2023-10-15,2439693.13,Active
6436,2773,23,3080380.96,1416854.08,10.384,20,2024-01-30,487372.66,Active
6437,10529,46,3953714.8,2643538.58,8.627,25,2023-11-28,2371439.08,Active
6438,15382,17,2042573.39,1382591.97,8.985,10,2022-07-11,961979.16,Active
6439,24654,34,3106992.01,2391172.72,9.785,30,2023-07-25,1273107.34,Active
6440,15494,99,2841704.57,1946468.86,11.309,25,2024-02-04,1732817.28,Active
6441,8488,47,1600476.44,681133.72,8.296,30,2023-03-14,522760.09,Active
6442,10614,95,3607489.07,1847954.33,8.508,10,2023-10-28,1006313.34,Active
6443,23308,94,6263545.83,4335120.93,10.486,15,2023-03-25,1640706.06,Active
6444,13053,9,1692199.1,863058.99,7.456,20,2024-11-14,403484.69,Active
6445,11585,11,3284192.94,1703791.77,8.566,15,2023-12-11,1493190.76,Active
6446,1073,17,6294116.04,3330559.65,8.328,20,2024-10-28,1551552.51,Active
6447,3384,98,2741094.6,1145931.46,9.461,30,2024-09-24,990135.39,Active
6448,12127,14,2895497.93,2242953.11,10.012,20,2024-12-29,1489119.56,Active
6449,1159,21,6852018.09,4907899.25,8.247,20,2024-04-10,2573190.77,Active
6450,6075,20,1719775.65,747501.39,6.549,30,2023-05-12,246354.46,Active
6451,9364,47,2008830.27,1586468.94,7.495,15,2023-06-20,532087.3,Active
6452,1761,94,1403999.2,789204.43,11.413,30,2023-02-14,460722.51,Active
6453,13710,8,2043247.46,1321860.66,8.998,30,2024-01-11,1139818.24,Active
6454,113,79,1693498.45,895698.69,10.593,15,2024-04-27,278550.48,Closed
6455,16094,76,5209381.7,3417177.16,9.979,15,2023-03-22,2017848.28,Active
6456,14672,73,1480460.37,968316.22,10.264,10,2022-10-01,603952.93,Active
6457,18416,18,3201884.1,1299034.6,10.783,30,2024-11-25,659785.56,Active
6458,9955,57,2705788.45,1589758.86,9.84,30,2023-04-25,1188500.62,Active
6459,9365,1,5010536.3,2698970.3,7.077,15,2023-09-05,1597891.34,Active
6460,10709,84,2347468.53,1783597.14,11.311,15,2023-09-17,1079959.98,Active
6461,22716,34,5266506.76,2539541.13,7.396,25,2022-11-27,2087854.93,Active
6462,13912,27,3169077.29,2251341.28,10.977,20,2024-10-14,933407.22,Active
6463,24875,61,3668920.71,2298671.33,9.177,30,2024-01-26,1871062.18,Active
6464,6420,22,6932221.46,3637731.81,10.414,25,2024-11-20,2428977.07,Active
6465,20712,74,5375183.52,3182420.15,6.921,15,2023-03-10,1576133.79,Active
6466,5777,89,9585200.51,5168777.32,8.578,30,2023-05-26,2465747.91,Active
6467,9977,56,1417265.86,1080880.63,11.208,30,2023-10-31,814316.0,Active
6468,16357,20,1114811.83,592689.98,10.346,15,2023-12-13,481187.88,Active
6469,17734,37,5195345.69,2730298.07,9.607,25,2024-11-03,1310099.83,Active
6470,16116,77,5550038.99,4357052.26,8.699,30,2024-02-06,3520466.71,Active
6471,9801,69,3773030.23,1871770.71,7.503,15,2023-11-27,1211835.02,Active
6472,1836,3,5702467.41,4521544.04,7.033,25,2022-09-28,3677330.31,Active
6473,8246,83,2554599.22,1883510.36,10.6,20,2022-08-11,607555.39,Active
6474,6968,60,7099593.66,5566118.09,7.443,10,2024-02-06,2257210.41,Active
6475,7948,4,3959873.76,1771288.67,6.561,15,2024-06-14,768001.22,Active
6476,10399,56,3909882.26,1860564.61,8.369,30,2023-08-04,1567575.79,Active
6477,13027,69,5219917.46,2602982.88,10.869,15,2024-04-21,1217737.17,Active
6478,12434,84,5199203.74,3940962.22,7.348,15,2023-05-30,2892553.19,Active
6479,17902,100,4851287.35,2937706.82,8.868,10,2024-08-19,1681913.83,Active
6480,22509,14,4534887.74,1951767.42,7.871,30,2022-12-10,1177120.48,Active
6481,18762,20,2063831.24,941928.82,9.218,25,2024-01-17,546997.78,Active
6482,11051,36,3178167.35,1477321.12,8.092,20,2024-08-14,478552.53,Active
6483,7048,73,2572706.47,1648630.36,10.706,25,2024-01-06,1334913.32,Active
6484,16145,30,3481746.28,1804429.57,9.892,10,2022-03-25,1416268.56,Active
6485,13302,72,2435882.06,1104117.23,8.035,20,2022-03-27,846099.69,Closed
6486,11399,24,3174869.46,1916096.48,9.943,20,2022-01-11,598414.37,Active
6487,12838,71,2105198.17,1112863.64,6.905,20,2022-10-13,433324.78,Active
6488,12848,64,5107987.03,3603424.27,10.649,15,2024-01-10,1277038.47,Active
6489,20868,2,4380078.2,1957572.6,8.243,15,2024-03-08,1473628.54,Closed
6490,13139,91,3234868.57,1410279.14,7.689,10,2022-03-02,837447.07,Active
6491,3073,86,4318041.21,2748039.87,8.485,25,2024-03-13,825608.14,Active
6492,18607,98,7959681.21,5495434.32,7.321,20,2023-02-10,4034502.09,Active
6493,22778,67,5369825.12,4088201.33,7.886,15,2022-01-04,2749547.04,Active
6494,22654,9,6421176.03,3126055.63,11.136,30,2023-08-08,1624924.4,Active
6495,23646,74,9158779.09,7192784.84,6.698,15,2023-04-23,4610076.97,Active
6496,11163,47,4630095.89,3593806.71,9.178,10,2024-11-27,1180265.0,Active
6497,14399,45,2089523.92,1467189.38,9.469,30,2023-10-11,1183635.14,Active
6498,10597,28,3970756.57,2084228.25,6.904,20,2022-07-17,1831304.79,Active
6499,24638,17,2827467.57,1607817.55,8.185,20,2024-09-08,1356748.08,Active
6500,12040,93,3040395.88,2205071.72,7.357,20,2024-10-24,1815296.4,Active
6501,11825,89,8665666.87,3859887.67,9.601,20,2023-06-08,3609668.3,Active
6502,8645,36,4029276.02,3093981.54,9.158,30,2022-10-28,1475816.86,Active
6503,8536,54,2413869.92,1905173.8,11.072,20,2022-12-12,1375778.3,Active
6504,4963,86,4431880.59,3138817.64,7.93,25,2024-02-19,1138110.97,Active
6505,1084,10,7357976.77,5448223.98,6.791,25,2023-04-02,3829088.39,Active
6506,7667,86,6061758.17,3374328.71,6.578,25,2023-07-04,2611707.26,Active
6507,10840,47,3963125.62,2018895.41,7.575,25,2024-09-23,1615480.91,Active
6508,5979,2,2961674.34,2068227.76,11.316,25,2024-03-29,878321.81,Active
6509,21013,80,2341433.65,1189342.24,11.263,30,2024-09-16,925145.42,Active
6510,10088,28,2037932.63,824711.18,9.583,20,2024-07-21,647330.56,Closed
6511,14703,82,6143597.92,3230394.82,10.705,10,2023-07-26,2578070.41,Active
6512,4009,1,2087967.77,1150217.11,9.733,10,2022-01-15,767411.48,Active
6513,5618,18,2505615.87,1794732.03,7.992,10,2022-01-26,849091.7,Active
6514,12640,27,3678810.44,2215579.07,6.826,10,2022-10-30,1621705.46,Active
6515,23010,42,3730734.47,1613813.91,8.522,20,2023-11-23,1305608.22,Active
6516,17136,74,4028428.41,2316392.57,10.289,25,2022-04-03,1035681.88,Active
6517,6020,48,2521724.39,1151222.12,8.008,25,2024-03-25,826294.53,Active
6518,13496,91,3904543.16,1728003.24,9.085,10,2023-08-27,795273.67,Active
6519,1681,92,6134046.77,3106673.83,10.795,10,2023-05-29,1357382.57,Active
6520,21859,86,2382305.79,1641595.43,10.676,30,2024-08-26,503722.9,Active
6521,17308,86,5149202.07,3023295.75,9.242,20,2024-07-15,1782331.73,Active
6522,20012,60,5450500.93,3223024.81,7.18,15,2024-08-16,1068267.48,Active
6523,17184,5,2074738.86,985234.1,9.149,20,2024-02-02,738390.67,Active
6524,22359,55,8111364.29,4457921.76,6.57,15,2022-04-27,1566349.68,Active
6525,20714,97,7567474.56,4532445.16,10.717,10,2022-08-26,4120005.39,Active
6526,218,19,2302399.15,946450.65,7.121,25,2022-04-23,657076.64,Active
6527,13904,59,3371142.04,2419779.9,8.345,20,2022-08-11,2226806.86,Active
6528,16864,53,8817907.81,7005948.65,9.698,25,2022-03-31,6005031.48,Active
6529,5627,54,3133338.12,2377120.87,8.368,20,2023-08-18,717370.68,Active
6530,21656,15,2513540.08,1635920.97,9.81,20,2023-11-13,752132.24,Active
6531,16641,60,3057033.04,2355528.49,10.808,25,2022-01-15,743414.84,Active
6532,20170,100,6160761.79,3508860.39,7.803,15,2024-10-26,2719885.44,Active
6533,16028,12,2849350.45,1320428.75,6.919,30,2024-01-26,1235623.67,Closed
6534,2366,42,4353669.45,2354082.15,6.581,15,2023-01-13,2205834.68,Active
6535,14317,53,3008096.47,1694098.77,10.672,15,2023-04-11,1492681.87,Active
6536,11832,72,4915911.44,2389354.35,9.151,15,2023-12-04,1182305.68,Active
6537,23850,100,3098148.12,1791844.98,10.619,30,2022-01-13,1070705.84,Active
6538,11905,70,1662591.93,832491.28,10.656,10,2024-11-17,316899.97,Active
6539,6880,39,4093349.88,2994195.6,11.042,30,2023-03-06,1493221.57,Active
6540,3582,31,2426511.42,1071502.54,9.151,10,2023-09-15,558603.06,Active
6541,5797,79,2404052.59,1147604.57,6.968,25,2023-05-23,922039.69,Active
6542,4184,95,8354481.86,4853922.57,7.819,15,2022-03-02,1461839.57,Closed
6543,3111,3,3422213.18,1948252.04,10.457,30,2024-10-18,1025056.89,Active
6544,1216,65,3604067.12,2072271.41,6.512,15,2022-01-18,1466111.83,Active
6545,10752,17,4526969.66,2405137.84,10.284,20,2023-10-07,1984343.46,Active
6546,16845,23,5479136.75,3304722.53,9.78,30,2024-02-11,2290663.79,Active
6547,559,38,8430567.14,3494325.43,9.442,10,2024-05-05,3067720.01,Active
6548,13881,30,2719764.93,1517078.29,8.43,10,2023-11-15,605524.71,Active
6549,16275,63,8670828.09,4145867.95,9.105,10,2023-04-24,3586161.72,Active
6550,12689,82,2218987.9,1621131.34,7.927,30,2022-08-13,1123817.32,Active
6551,24950,85,3756106.73,2932970.7,10.701,25,2022-09-29,2496461.13,Closed
6552,8180,36,3527336.23,1610650.68,11.417,25,2023-05-02,710512.57,Active
6553,17409,32,4156772.78,2409800.65,10.446,15,2022-10-24,1085006.08,Active
6554,24672,59,3305211.89,1451393.69,10.442,30,2023-07-17,845709.63,Defaulted
6555,5625,92,7236657.12,3866937.99,10.96,20,2022-04-08,2500923.62,Active
6556,16768,89,3956707.77,2093408.29,8.059,20,2022-08-06,876238.24,Active
6557,23787,1,3164255.43,2145994.38,10.41,15,2022-06-01,1830707.73,Active
6558,6392,59,6042335.78,2953651.02,9.047,25,2024-09-11,2125788.61,Active
6559,17369,34,4908980.51,3199116.18,11.109,15,2023-11-06,2211294.89,Active
6560,10112,86,9910873.4,4690737.16,10.934,20,2024-02-02,4192473.42,Active
6561,14936,55,5348314.08,4098532.06,7.375,20,2022-12-22,3409861.78,Active
6562,21181,46,4823828.92,3074267.55,9.263,15,2022-09-30,1330486.01,Active
6563,3128,19,3320645.21,1769795.22,10.349,25,2022-04-24,734275.17,Active
6564,12033,62,4300814.07,3233069.41,7.664,15,2023-05-02,987163.41,Active
6565,10458,94,3914969.85,2560582.65,7.601,25,2023-07-10,914633.93,Active
6566,8986,32,5658722.42,2542712.91,10.663,25,2024-11-28,1349796.22,Active
6567,6978,48,2436673.44,1477134.38,8.877,10,2023-10-06,806895.68,Active
6568,17978,63,2264107.31,935937.93,9.211,15,2022-12-22,419863.37,Active
6569,5832,1,4569245.68,2183756.68,7.525,10,2022-02-08,1204673.81,Active
6570,22487,71,5280278.24,3135582.61,11.385,30,2023-05-31,1681804.94,Active
6571,7743,29,11426245.36,7595515.61,8.729,10,2024-11-12,3834565.14,Closed
6572,16376,1,3654231.36,2721690.02,8.729,30,2024-01-29,1460596.9,Active
6573,12764,10,3794033.55,1764694.02,8.808,15,2023-06-05,1233918.92,Active
6574,14838,68,3663358.89,2469593.31,7.415,20,2024-01-19,1069533.14,Active
6575,16905,10,2743775.57,1702461.85,7.607,30,2024-11-25,558294.89,Active
6576,14212,93,5429873.35,3019057.29,10.56,25,2024-12-28,2531411.64,Active
6577,21242,16,1223547.73,597975.1,9.967,10,2024-06-09,512730.96,Active
6578,15434,26,2562130.49,1981089.92,10.208,30,2023-05-22,1038581.26,Active
6579,15887,65,2143234.23,1594547.37,6.646,20,2022-06-23,632081.12,Active
6580,10793,67,8225368.58,4598775.8,10.184,15,2024-04-20,2814937.4,Active
6581,19868,96,18307824.27,11172495.23,10.064,20,2022-02-26,3771243.72,Active
6582,18464,44,9075084.72,6895896.51,8.173,20,2022-10-19,2809584.95,Closed
6583,9485,72,2020186.47,1064989.45,11.142,30,2024-06-14,502135.15,Active
6584,20004,95,7267889.25,3662584.43,7.716,30,2024-04-27,2548007.45,Active
6585,22677,64,7789414.11,6049864.97,10.225,25,2022-01-19,4951597.72,Closed
6586,12694,71,4202157.12,2697958.89,7.507,20,2023-10-18,1566925.23,Active
6587,16748,83,3625238.52,2618458.61,8.197,20,2023-07-22,1785327.95,Active
6588,9464,81,4528151.68,2713184.36,8.994,15,2022-08-22,1246893.0,Active
6589,15491,36,1245066.88,584288.75,9.959,10,2023-07-31,320443.38,Closed
6590,5036,40,4339549.36,3111828.44,7.521,15,2024-01-31,992572.26,Active
6591,24337,27,1464137.12,958735.28,7.165,30,2024-07-10,851443.73,Active
6592,3528,8,1882345.66,912830.42,8.134,15,2023-08-18,274712.25,Active
6593,12410,71,3222618.06,1980902.33,9.73,15,2023-11-04,1427141.01,Active
6594,13366,68,6153720.69,2872558.35,11.369,10,2024-05-29,2099680.09,Active
6595,1827,51,3464718.29,2241288.05,9.177,25,2024-03-07,1473788.85,Active
6596,11783,13,2983461.23,2355283.18,7.212,30,2023-11-25,916792.81,Active
6597,16949,62,2607410.27,1540960.17,9.732,10,2023-10-03,493676.72,Active
6598,4465,67,5478338.19,4084756.41,9.816,15,2024-08-20,3795414.36,Active
6599,10737,38,1455355.68,616113.65,11.426,10,2024-09-30,204770.31,Active
6600,8615,6,3119370.83,1371853.37,6.683,15,2022-05-26,644129.57,Active
6601,19978,27,1404123.5,877056.9,8.331,10,2024-08-10,274373.8,Active
6602,24682,67,4912319.44,3442760.56,6.598,25,2024-04-15,3182037.34,Active
6603,7878,25,6139415.36,4748480.52,9.883,30,2024-10-13,2483329.88,Active
6604,12590,56,4564704.2,3576213.52,10.245,20,2022-03-31,2145438.53,Active
6605,24510,97,5629067.78,3816923.9,11.429,20,2022-03-14,3539132.36,Active
6606,592,25,2962347.92,1944414.79,7.646,30,2024-10-23,1833068.84,Active
6607,734,60,1712367.99,1203420.47,7.878,15,2022-07-11,1023287.43,Active
6608,16215,8,5305083.71,2476734.37,9.97,15,2024-09-29,2265064.32,Active
6609,8628,37,4148206.64,1861576.64,6.888,15,2022-11-03,924701.43,Active
6610,23535,12,14563839.47,10013855.25,9.39,15,2024-01-30,7977597.53,Active
6611,5600,20,2177226.48,1718278.25,8.53,10,2022-09-20,870323.85,Active
6612,9209,76,4101389.66,2690621.56,7.203,15,2023-02-06,2138774.72,Active
6613,14570,84,1035330.47,656893.45,9.012,15,2023-05-13,408791.42,Active
6614,4158,71,2642291.56,1232677.26,8.416,30,2022-04-27,825455.84,Active
6615,11628,77,2126120.24,1123777.38,7.329,20,2023-03-10,858946.65,Active
6616,16487,85,4577749.62,2751793.15,10.205,30,2022-12-11,2362753.6,Active
6617,24623,1,1000000.0,733918.74,7.194,25,2023-04-21,297963.25,Active
6618,499,37,1272707.44,926607.52,7.113,20,2024-02-14,457607.29,Active
6619,7737,4,14558315.72,7193499.09,10.462,10,2024-05-27,2622320.43,Active
6620,21770,62,3757008.04,2666858.67,6.644,20,2023-04-05,1258001.49,Active
6621,22944,50,5209475.64,3633712.7,9.396,25,2022-05-05,1361500.36,Active
6622,15046,92,2977346.32,1446205.37,10.645,15,2023-10-12,771805.19,Active
6623,12551,71,6497794.39,4653458.05,7.202,25,2022-01-27,1564606.91,Active
6624,24427,67,4463172.53,2037857.09,9.995,15,2024-01-30,1700799.19,Active
6625,15051,98,4369760.5,1771034.51,11.335,25,2022-09-09,1147933.92,Active
6626,2297,67,3003777.09,1844115.2,10.874,10,2024-05-14,1351589.03,Active
6627,17312,85,7155404.9,5696341.18,11.093,25,2022-12-13,4923391.4,Active
6628,23470,87,1961236.52,1382461.56,10.661,20,2024-08-27,675560.46,Active
6629,164,39,6079509.52,2883888.36,8.65,15,2022-11-08,1770140.88,Active
6630,13192,71,4721025.08,3095803.61,11.402,20,2024-01-27,1516441.73,Active
6631,23411,21,3470750.57,2376884.34,7.085,20,2024-05-10,1898548.08,Active
6632,17292,65,1386064.87,870882.83,6.948,10,2023-12-11,278596.93,Active
6633,24509,53,4972255.51,3802664.54,7.607,30,2022-08-13,3566353.91,Active
6634,1865,13,2861524.57,1450738.39,6.749,10,2024-04-17,1313391.17,Active
6635,1062,80,3690812.42,2945804.73,10.401,10,2023-06-03,1057427.85,Active
6636,14788,65,1957491.7,1322935.45,8.412,15,2024-01-08,503030.42,Active
6637,16136,38,1993577.34,1424199.36,9.302,15,2024-07-30,1187931.76,Active
6638,12031,18,3445878.3,1536841.32,6.868,25,2022-11-08,963716.27,Closed
6639,20514,84,4106600.36,3145404.35,9.487,20,2023-09-01,2297373.09,Active
6640,12320,83,14535064.08,6204622.77,9.056,15,2024-10-07,4296977.33,Active
6641,24123,93,3423188.99,2502123.16,10.335,10,2024-11-18,1734096.39,Closed
6642,697,58,5287156.98,3645257.55,10.026,30,2024-07-15,1359959.54,Active
6643,8624,48,2826432.1,1839581.54,11.463,25,2022-01-26,726423.36,Active
6644,19760,95,2614011.27,1183610.44,7.493,25,2024-04-08,685080.41,Active
6645,24395,1,3684539.87,2223654.51,7.715,20,2024-10-28,1448490.29,Active
6646,15223,60,4027666.06,2187051.57,10.22,20,2022-06-14,671306.71,Active
6647,12189,29,1587907.65,1258910.6,9.393,15,2023-04-26,504527.62,Closed
6648,1638,45,2948238.93,2354306.85,9.842,15,2024-06-17,1533688.61,Active
6649,2152,41,1053040.73,542585.73,9.763,10,2023-08-20,319551.34,Active
6650,12905,33,1274011.08,867197.22,9.243,15,2022-11-23,419976.22,Active
6651,8829,14,1707875.32,1155068.66,10.965,10,2022-04-17,992413.44,Active
6652,5734,67,2842395.07,2167590.05,11.034,15,2024-10-02,777509.71,Active
6653,3543,12,3057095.92,1648036.43,9.64,20,2024-02-20,624389.11,Active
6654,22797,84,3621277.01,2211846.3,8.59,25,2024-09-02,1453625.56,Active
6655,13914,83,3650812.66,2043965.75,10.884,15,2023-10-29,1758386.63,Closed
6656,2152,56,2450434.8,1645263.47,11.202,15,2022-02-03,1114254.65,Active
6657,1670,21,2262156.5,1567592.72,6.739,30,2022-09-16,1127456.85,Active
6658,22675,15,2208048.78,1711181.98,9.448,15,2023-05-11,1434457.77,Active
6659,5214,37,2974239.96,1425883.51,8.812,25,2022-04-08,460995.54,Active
6660,19017,27,6716039.22,3773182.06,8.116,10,2024-02-01,3204303.44,Active
6661,18411,76,2626707.27,1843949.82,7.866,15,2024-02-10,945845.46,Active
6662,7950,3,1491086.83,762547.21,11.39,15,2023-09-06,371438.88,Active
6663,4673,93,1732320.09,913561.37,10.458,20,2023-09-12,799383.04,Active
6664,9895,58,5275159.35,3107136.65,8.629,30,2022-08-30,2536667.33,Active
6665,23131,34,2578843.14,1235156.1,11.363,30,2023-06-06,821096.8,Closed
6666,8454,7,3345245.64,2350413.03,6.518,30,2022-03-04,1690094.9,Active
6667,21183,7,2055380.77,1608111.25,7.81,25,2024-11-30,1284920.59,Active
6668,7910,76,3019219.49,2380134.04,9.99,15,2023-11-16,1803175.0,Active
6669,12508,98,1631429.84,844727.39,8.082,15,2024-03-30,256124.2,Active
6670,3094,80,3126007.16,2081300.8,9.147,15,2022-09-29,1734416.32,Active
6671,1968,37,2738103.97,2014484.0,8.122,30,2022-12-20,876344.51,Active
6672,203,12,2849183.18,1646610.04,7.357,20,2024-08-03,560761.44,Closed
6673,24236,62,1331249.5,727083.29,6.739,30,2024-09-29,409968.86,Active
6674,2197,82,3532149.43,1475264.59,11.17,30,2024-12-08,975641.43,Active
6675,7263,49,2957980.75,2339745.24,9.156,20,2023-01-25,1429467.83,Active
6676,10229,94,2408642.97,1284223.02,8.895,10,2023-10-12,752897.29,Active
6677,8475,61,2677753.0,2005501.47,10.914,25,2023-05-02,1436362.46,Active
6678,10015,60,4782500.95,2823615.54,8.026,20,2023-05-16,1694683.35,Active
6679,22291,73,1645511.06,1132306.07,7.835,25,2022-03-01,520296.41,Active
6680,21428,7,2702984.48,1175040.8,9.685,25,2023-10-11,1032945.98,Active
6681,23946,77,4334045.11,2168262.22,8.991,30,2023-02-13,1716070.76,Active
6682,23352,79,2249952.35,958228.02,8.387,15,2022-02-18,898823.1,Active
6683,14875,86,1666778.68,1147379.87,7.757,15,2023-12-27,957031.43,Active
6684,7623,65,1800159.86,1172967.73,7.007,10,2022-04-13,1073441.39,Active
6685,14083,83,2977912.81,2169844.7,8.087,25,2024-02-16,1861580.49,Active
6686,12608,47,1241815.32,928222.24,10.139,30,2022-11-01,328519.92,Active
6687,10473,58,3626179.99,2738666.99,9.733,25,2023-03-06,2034555.2,Active
6688,6157,98,5311868.38,2581775.88,7.27,30,2024-10-10,2445199.38,Active
6689,18463,81,2211406.1,1159594.13,9.736,30,2024-12-02,578761.97,Active
6690,10096,57,3836100.61,1881368.86,9.112,25,2024-05-07,1042527.79,Active
6691,16284,15,3992820.36,2283209.46,9.686,20,2024-06-19,1874044.08,Active
6692,17392,95,4254015.18,2991306.11,11.334,20,2022-02-06,1819481.68,Active
6693,22244,72,1000000.0,455808.63,6.668,25,2024-10-27,427565.15,Closed
6694,9417,20,2867963.75,1721695.62,11.153,30,2023-11-17,827244.09,Active
6695,17579,79,7420495.41,5293207.89,9.107,15,2024-11-11,3084071.31,Active
6696,3085,2,3061497.16,2225134.99,8.541,30,2024-06-18,1147631.6,Active
6697,12842,17,7199554.07,4331279.71,8.024,30,2024-05-01,1985547.02,Active
6698,5686,32,7532958.58,3190061.8,7.851,10,2023-08-04,2039094.65,Active
6699,16473,54,4004402.97,3070574.72,6.628,25,2022-06-20,1351267.9,Active
6700,18283,50,6082239.9,4675381.11,9.656,20,2024-04-09,3789686.96,Active
6701,7331,28,3622192.87,2088778.72,6.636,15,2023-11-29,1419588.56,Active
6702,8538,21,6016663.44,2892965.93,6.989,30,2024-12-22,2447736.53,Active
6703,18410,23,7110565.64,4123037.89,8.63,30,2022-12-22,1261040.29,Active
6704,2131,72,2917790.12,2188068.44,10.942,20,2024-02-07,1304167.74,Active
6705,1724,61,1278126.0,836822.53,10.288,10,2024-06-26,287673.36,Active
6706,19434,29,5304466.65,2823329.69,10.111,15,2024-03-23,1053804.67,Active
6707,22841,73,2062298.27,1643896.33,7.311,30,2022-07-04,772778.23,Active
6708,4996,77,8131825.37,5663180.82,8.361,20,2024-12-09,1990601.33,Active
6709,20870,68,6600325.82,4846559.15,8.607,25,2024-01-02,4260800.42,Active
6710,12892,62,2735948.48,1762506.65,7.969,10,2024-01-15,621965.84,Active
6711,20368,92,3087423.74,1842271.0,10.342,30,2022-03-25,779808.65,Active
6712,2081,78,6626548.93,2676407.86,7.578,30,2023-01-19,982417.55,Active
6713,16955,81,8148031.61,6086637.08,10.754,30,2023-07-06,4342073.63,Active
6714,15759,88,1566312.12,1119316.13,10.302,25,2022-08-04,666411.63,Active
6715,14673,43,1000000.0,466325.05,10.225,20,2022-03-05,405863.43,Active
6716,15189,24,6542147.96,3647021.81,7.976,20,2023-09-06,3379751.41,Active
6717,9390,52,2494753.55,1053500.02,10.603,15,2023-10-06,673821.49,Active
6718,7550,98,2234285.75,974864.27,6.94,10,2022-03-29,364697.61,Active
6719,4516,83,2006153.8,847908.45,8.278,25,2023-12-15,384761.45,Active
6720,20580,25,2184978.42,1079021.87,7.186,30,2024-02-09,933455.38,Active
6721,1397,12,9112231.71,5695567.05,11.376,20,2024-02-26,4562533.96,Active
6722,21973,27,2571704.46,1923375.95,10.046,30,2023-07-30,1267402.91,Closed
6723,8705,22,3146476.95,1549842.53,9.659,30,2022-07-25,1412658.84,Active
6724,820,80,1679493.56,854884.1,10.067,25,2022-12-30,808743.97,Active
6725,12158,78,4330676.99,2761652.52,9.487,25,2023-01-01,1448735.41,Active
6726,5690,43,4896670.54,3357104.85,9.552,20,2023-04-20,2153413.7,Active
6727,19947,64,1880010.14,813610.66,9.685,25,2022-07-21,529244.7,Active
6728,18328,71,4050075.27,2552668.8,11.243,15,2023-10-31,1421668.88,Active
6729,4777,80,2576531.39,1251873.58,11.246,30,2022-10-07,377813.71,Active
6730,19415,91,3028102.32,2176890.55,8.695,15,2022-06-20,1970089.19,Active
6731,17192,9,1747290.34,1397208.19,8.614,25,2024-01-06,446123.4,Active
6732,17534,64,2996322.42,1839057.77,8.318,15,2024-03-26,1203947.88,Active
6733,17910,97,3906799.42,2765460.27,8.257,30,2023-03-25,2602658.31,Active
6734,21592,60,9467051.15,6471358.35,9.565,15,2022-02-19,2757230.38,Active
6735,3688,88,3236143.61,1648468.36,6.63,15,2024-06-30,1075500.93,Active
6736,4792,79,3063879.22,2167853.3,10.01,20,2022-02-22,1234324.61,Active
6737,13556,73,3054947.55,1936387.99,10.068,15,2023-09-11,944062.74,Active
6738,10210,46,4789539.52,3509567.97,10.922,20,2022-07-04,2378838.39,Active
6739,24078,53,6463111.9,3352725.44,10.821,15,2023-01-18,1908270.55,Active
6740,5560,39,6460802.59,3586666.35,7.214,25,2024-02-29,1395347.15,Active
6741,20817,49,2664727.65,1224217.85,9.153,20,2024-05-18,452561.62,Active
6742,1150,68,2892236.72,1905474.0,6.872,20,2023-10-10,713819.56,Active
6743,5288,4,1548366.89,1011257.08,6.992,10,2022-01-19,682334.55,Active
6744,13169,53,3547314.14,1710960.72,10.745,30,2024-11-12,1243892.52,Active
6745,20622,25,12986182.77,9567576.0,7.451,15,2024-05-25,3283000.84,Active
6746,4622,63,4518731.07,2711645.17,6.926,30,2024-08-03,2007907.03,Active
6747,5246,2,2219933.73,1126231.11,11.157,30,2023-04-16,822573.52,Active
6748,13354,3,8626860.43,5418827.43,11.386,30,2022-01-28,2736185.03,Active
6749,10534,69,2772820.91,1463989.91,9.259,15,2024-04-02,983923.21,Defaulted
6750,7984,74,3229515.28,2265585.09,7.503,10,2024-04-01,817248.79,Active
6751,8222,45,5058940.87,3975174.06,6.982,25,2024-01-10,1734206.96,Active
6752,1504,50,1761360.72,1236740.23,7.458,30,2024-01-06,762670.23,Active
6753,6051,23,2653147.45,1805557.25,10.106,30,2024-08-07,858828.92,Active
6754,22336,62,3330408.23,1395391.13,7.923,10,2023-12-22,699050.39,Active
6755,17203,5,1961418.73,1337306.69,10.321,15,2023-10-09,708533.07,Active
6756,11785,54,2400836.09,1751709.16,7.58,25,2023-12-08,838848.91,Active
6757,24463,18,1252888.07,990269.5,8.072,20,2023-05-13,766891.43,Closed
6758,7050,81,5979520.97,2558313.68,10.904,25,2023-04-25,2428861.4,Active
6759,16837,8,2617793.31,1056159.59,7.842,15,2023-01-21,744923.82,Active
6760,10690,16,1540146.17,770200.06,7.14,15,2024-08-11,601739.14,Active
6761,7600,16,2329992.16,1331836.32,9.058,30,2022-11-24,1032065.07,Closed
6762,8523,48,1408597.51,847269.84,7.794,10,2024-11-21,475168.68,Closed
6763,14067,92,3699580.48,2562951.16,10.968,10,2022-05-09,2149404.75,Active
6764,13740,64,1886302.8,935333.14,10.557,30,2023-09-13,519463.78,Active
6765,11225,25,3187067.64,1892294.4,11.227,10,2023-09-12,1087403.83,Active
6766,15728,88,3258782.98,1359363.87,9.455,30,2024-08-25,840224.29,Closed
6767,19814,95,2527841.34,1487169.38,10.675,25,2022-02-17,466252.79,Active
6768,17785,87,1661192.27,1079348.46,9.239,20,2024-10-06,1015006.3,Active
6769,8057,28,6326088.08,3624906.46,11.35,30,2024-05-29,3041660.96,Active
6770,23915,59,2112454.99,1387169.47,10.275,30,2022-09-05,1316494.27,Active
6771,18375,33,3537198.72,2192706.41,8.377,20,2023-11-26,2033784.98,Active
6772,16407,17,2896167.02,2100632.69,8.31,30,2024-02-12,1861692.85,Active
6773,17005,2,4786486.62,2452411.18,10.582,15,2022-08-07,1027579.52,Closed
6774,10331,81,1446878.14,836352.5,8.207,15,2024-10-18,692302.88,Active
6775,23648,57,4045931.24,1921268.71,10.352,10,2024-12-07,891788.46,Active
6776,6082,65,1235105.26,597707.31,10.275,30,2023-03-02,199955.7,Active
6777,24381,12,4063975.96,2023363.37,7.79,10,2022-11-20,975789.25,Active
6778,21651,53,1268375.55,1001458.74,7.906,20,2023-03-01,386785.5,Active
6779,21151,32,4757619.72,2831261.21,10.049,30,2023-04-25,1714584.85,Active
6780,23061,48,2585402.13,1221946.39,9.566,30,2023-06-01,882422.77,Active
6781,10085,73,4673226.55,3575948.96,11.017,20,2023-09-07,1839841.43,Active
6782,17039,7,1873914.71,887075.94,11.283,15,2023-01-20,774483.19,Active
6783,2744,82,3756554.75,1807857.45,9.678,10,2022-06-08,1609007.09,Active
6784,19107,80,2204929.81,1050927.81,10.184,10,2024-10-25,855129.05,Active
6785,12462,93,2622375.91,2018475.3,10.519,25,2022-01-31,1669650.49,Active
6786,1826,48,2071991.83,1391707.18,7.102,15,2022-10-16,1000921.77,Active
6787,13895,63,1631522.86,747037.11,8.727,30,2022-01-01,242268.33,Active
6788,21458,67,1076378.25,854892.62,8.552,30,2024-08-25,321102.48,Active
6789,15050,86,2696882.49,1205108.62,10.883,15,2022-12-03,914777.53,Active
6790,13224,8,3265106.15,1665877.81,7.679,30,2023-03-14,1186601.61,Closed
6791,21043,3,4971361.45,3497751.98,9.835,30,2023-06-04,2677527.23,Active
6792,13448,61,1484693.0,1140934.22,8.186,30,2022-07-18,690183.27,Active
6793,9900,20,3370362.8,1961178.97,7.217,20,2022-02-16,1398521.22,Active
6794,13828,99,4358030.22,2070090.65,8.745,10,2023-04-01,1605128.64,Active
6795,11116,92,5078625.5,3006317.69,9.743,10,2023-03-29,2760477.99,Active
6796,7093,10,1833142.72,1098465.94,9.056,10,2022-05-06,561692.61,Active
6797,23381,38,1480782.76,777348.11,11.114,30,2024-12-30,410966.04,Active
6798,6586,3,3183645.14,1284031.18,8.068,25,2024-02-10,721499.02,Defaulted
6799,19361,59,1549477.55,1016226.62,10.036,30,2024-02-07,960889.64,Active
6800,17198,8,7315405.58,3531221.47,10.968,10,2023-05-06,1772635.55,Active
6801,8390,20,1712815.51,1035341.3,10.221,25,2022-01-22,437161.51,Active
6802,9548,1,2547196.35,1924901.0,10.144,20,2022-09-01,1535787.46,Active
6803,237,15,2961439.02,2194899.73,7.194,20,2022-01-10,1305673.21,Closed
6804,2338,95,2740962.66,1359142.88,7.664,15,2023-02-10,1289627.73,Active
6805,8979,95,3538455.46,1948098.63,6.875,25,2024-11-02,690389.65,Active
6806,17431,77,1000000.0,668462.92,10.431,15,2022-07-14,275100.28,Active
6807,8919,8,4029495.51,2403991.41,9.456,25,2023-03-15,1623277.98,Active
6808,6859,29,6735004.09,3240064.36,11.451,30,2023-11-08,2174464.4,Active
6809,10841,83,6317741.8,5003296.69,7.486,15,2024-07-05,4233396.2,Active
6810,21348,96,2773038.5,1353346.16,11.362,30,2023-12-22,1013620.73,Active
6811,20553,75,6074051.65,3373832.6,9.599,30,2024-03-04,1755368.54,Active
6812,10986,51,4461046.44,3168516.78,7.602,20,2022-01-03,2396212.15,Closed
6813,5346,26,2287832.97,1019932.12,9.305,25,2024-07-20,536076.46,Active
6814,4970,62,2439255.02,1527451.36,10.668,20,2023-10-05,890080.66,Active
6815,17453,57,3448698.67,1976476.13,8.426,20,2023-06-01,595741.07,Active
6816,1515,44,3777744.2,2667919.8,9.164,15,2023-01-31,1167433.13,Active
6817,19158,13,3004672.24,1589425.23,8.452,25,2022-09-26,1120544.06,Active
6818,4331,35,4623172.84,2030182.33,8.888,30,2023-12-11,1193158.68,Active
6819,11417,59,8637812.98,3639799.54,11.137,20,2023-01-03,3293771.47,Active
6820,8644,78,6758238.66,3023671.04,6.722,20,2023-11-07,1378796.99,Active
6821,15345,63,2876015.31,1421973.36,10.329,20,2022-08-14,517209.08,Active
6822,11009,15,10624386.73,4906039.07,10.778,20,2023-04-01,4010162.09,Active
6823,9523,78,6274615.76,4166972.94,9.246,10,2023-10-14,2784038.87,Active
6824,23188,98,4260931.72,2166443.26,9.918,30,2022-10-22,1431449.61,Active
6825,21500,8,2929598.37,1435117.9,7.623,25,2022-08-30,622485.7,Active
6826,9910,74,8943060.09,6645751.81,7.128,30,2024-11-01,3767919.1,Active
6827,16406,64,2112486.75,1342733.18,9.54,25,2024-06-25,781747.0,Active
6828,13231,22,4600626.46,2210502.89,10.762,10,2023-09-08,2059825.44,Active
6829,12324,63,7094796.8,4160310.51,6.827,30,2024-09-13,3281911.15,Active
6830,447,43,8888677.76,6356616.67,10.244,30,2024-09-05,4624689.36,Active
6831,2948,16,2983807.14,1506565.4,8.319,10,2023-12-04,1161224.41,Active
6832,12185,28,7932932.08,5247048.18,10.911,30,2024-06-07,4430229.05,Active
6833,5373,74,2406213.22,1731431.89,8.595,20,2022-06-25,645352.05,Active
6834,20274,92,5158130.58,3324252.44,6.58,15,2023-07-24,1760962.7,Active
6835,22672,68,2596897.6,2067089.02,9.118,15,2024-01-17,1188299.77,Active
6836,4945,100,2655619.71,1905674.9,11.45,20,2024-05-12,1488474.22,Active
6837,9826,59,4431536.63,2439500.54,10.902,20,2022-05-25,1185081.43,Active
6838,6627,47,5844305.19,4377046.6,9.533,10,2022-08-30,3096156.04,Active
6839,9502,93,3537960.24,1732695.15,7.048,10,2024-11-10,697911.74,Active
6840,4706,2,4470838.19,2200009.61,8.833,25,2022-02-16,677206.29,Active
6841,5037,51,2996409.02,2283608.22,10.57,15,2023-06-13,1885723.67,Active
6842,11978,68,1581901.23,754715.49,8.242,15,2024-02-22,614777.61,Active
6843,17886,72,2452079.98,1847390.65,7.761,30,2022-02-23,759011.79,Active
6844,2502,27,2048107.23,850652.74,8.4,30,2023-08-07,390056.87,Active
6845,13401,6,5734232.06,4452774.3,8.252,25,2024-08-14,3455260.54,Active
6846,5177,31,4300995.58,1879895.31,6.827,10,2023-02-02,1385237.54,Active
6847,7938,79,8813841.52,6195849.88,9.003,25,2024-12-02,2175494.19,Active
6848,1047,19,3876618.91,2832232.27,10.131,20,2022-08-16,1933572.26,Closed
6849,3403,24,1577941.79,762672.12,10.011,25,2022-12-09,338809.8,Active
6850,17090,93,3206704.94,2041523.13,10.882,15,2023-07-21,698821.63,Active
6851,13732,5,7455210.71,5514091.49,7.316,25,2024-02-25,2287516.57,Active
6852,20869,63,6778349.85,4942524.58,9.241,30,2022-04-20,1594755.23,Active
6853,23352,58,1558176.73,904097.14,11.384,25,2023-04-30,755998.45,Active
6854,3857,30,3197986.15,1482702.37,8.761,25,2023-04-21,767761.84,Active
6855,11209,46,7425238.99,5483821.32,7.649,10,2023-05-07,2383371.49,Active
6856,10134,69,4962769.65,3023113.77,8.493,15,2023-07-21,2295804.58,Active
6857,4906,81,4372085.66,3313735.26,8.832,20,2022-06-21,2426389.52,Active
6858,23821,32,4721738.52,2554351.92,7.13,25,2023-12-27,1051059.96,Active
6859,935,49,2304181.22,1755258.54,8.323,15,2022-05-13,656597.12,Defaulted
6860,3985,19,1782948.14,1002462.7,10.417,15,2022-07-13,877781.96,Active
6861,7616,83,2418557.4,1346569.8,9.61,30,2023-11-27,475881.04,Active
6862,21943,22,5988360.17,4429189.57,10.801,25,2022-11-25,2544598.34,Active
6863,22849,86,2719636.56,1100280.95,7.79,10,2022-03-21,701949.63,Closed
6864,7979,83,2788960.49,1502772.19,8.312,20,2022-09-24,783088.16,Active
6865,7599,88,2875791.04,2266424.36,9.921,25,2022-03-09,1728822.43,Active
6866,10110,1,4260200.39,1874835.34,7.981,15,2022-07-10,1132825.86,Active
6867,13225,88,8194581.26,4783424.77,6.581,30,2024-02-12,3926686.24,Active
6868,6226,86,2942231.33,2114847.69,8.242,15,2024-06-07,1594165.05,Active
6869,20518,2,3465990.36,2481655.66,8.581,20,2023-10-22,958891.09,Closed
6870,6931,87,2885763.08,1466382.31,7.703,25,2022-09-09,979354.23,Active
6871,19739,37,6157568.0,3307955.81,7.161,25,2024-08-17,1375515.44,Active
6872,11662,22,2085376.85,857124.32,8.24,25,2024-05-20,630443.33,Active
6873,18248,30,5091098.16,2876984.34,9.746,25,2024-07-31,1591531.95,Active
6874,16179,3,3983764.4,3147395.36,10.757,10,2022-12-25,1745367.32,Active
6875,12302,48,3324688.92,2598107.55,6.686,10,2024-03-26,983118.88,Active
6876,9912,15,5744370.0,3579902.53,11.055,30,2023-07-12,3218013.24,Active
6877,20097,79,7468496.77,5706959.69,6.756,15,2024-04-14,3037919.54,Closed
6878,17243,36,1642577.22,925857.33,10.55,20,2024-09-10,764830.51,Active
6879,5955,53,2185039.77,1247939.97,10.126,30,2024-03-20,523871.71,Active
6880,489,79,4022233.14,1814429.53,10.222,20,2024-05-23,882561.08,Active
6881,7411,81,1666841.93,795325.35,6.795,15,2023-05-25,488231.71,Active
6882,14502,70,4586467.97,2103362.16,8.489,20,2022-08-25,1596468.09,Active
6883,10995,97,2733031.15,1666751.58,10.098,30,2023-02-19,869520.32,Active
6884,9848,9,3293973.89,2017091.84,9.417,25,2023-08-11,1717191.51,Closed
6885,22848,52,2698265.13,1539277.32,7.228,15,2023-07-04,865665.63,Active
6886,6102,3,7493649.87,3062321.58,10.39,15,2022-04-21,1200904.87,Closed
6887,10681,58,2874876.78,1852402.16,8.222,15,2024-10-08,637130.62,Active
6888,12917,44,1362806.18,872400.53,9.433,25,2023-02-25,549142.11,Active
6889,24682,13,22106487.09,9455001.28,9.331,15,2022-06-07,7424400.7,Active
6890,24646,75,4560860.24,2484242.34,7.614,10,2024-06-08,855413.26,Active
6891,19468,71,2209974.13,1765490.7,6.558,20,2024-07-11,776741.49,Active
6892,11730,71,1876250.1,1476994.01,10.54,30,2023-11-13,753576.93,Active
6893,13218,45,8153091.22,4157353.97,10.158,30,2022-03-02,3604306.24,Active
6894,18600,23,2367318.75,1088275.17,10.51,25,2023-11-14,909112.68,Active
6895,8692,24,4045488.89,1803299.72,9.811,30,2023-07-29,1140679.21,Active
6896,9179,26,2411597.45,1513997.24,11.06,10,2023-01-13,1304886.91,Active
6897,2841,52,6774155.06,3228890.4,10.366,25,2024-02-15,1597984.67,Active
6898,21480,85,1931488.07,1370088.47,7.406,15,2022-11-26,970836.86,Active
6899,3346,30,5507528.91,3755715.72,9.465,10,2022-04-23,1154715.37,Active
6900,16402,34,2728445.94,1985096.15,10.404,15,2024-05-22,789269.65,Active
6901,11420,7,3613083.26,2201473.8,10.793,15,2024-06-02,1157012.96,Active
6902,7920,40,3656862.67,1661385.75,8.219,30,2023-03-10,911931.09,Active
6903,4664,94,8050839.58,4148301.78,9.188,10,2022-09-18,1464361.2,Active
6904,22869,74,1969013.53,940551.21,9.063,10,2022-01-16,736054.47,Active
6905,8528,44,2889996.02,1480446.78,7.102,15,2023-02-16,1295637.46,Active
6906,23078,36,2102861.14,1451281.3,10.297,20,2022-01-25,488613.8,Active
6907,13743,17,3427719.61,1622274.51,11.413,15,2024-09-09,874841.38,Active
6908,12211,81,1505740.17,746722.96,10.441,30,2024-10-26,367867.35,Active
6909,11677,31,3509921.71,2038010.73,11.116,30,2022-10-27,1344859.63,Active
6910,2123,53,2840362.88,1641171.35,9.022,20,2024-08-14,903187.73,Active
6911,3569,27,1192961.39,928971.35,9.217,10,2022-01-28,479082.54,Active
6912,8874,32,1789654.27,1252312.02,9.862,25,2024-02-01,680107.85,Active
6913,10625,93,3044061.53,1400312.59,8.121,10,2024-11-14,1233067.46,Active
6914,15112,63,1600664.02,725358.34,10.416,10,2022-09-12,485346.74,Active
6915,19461,22,3344192.34,2541624.76,8.294,15,2024-12-26,1109337.63,Active
6916,16537,42,6348206.46,2564783.58,10.682,20,2023-09-21,1511227.76,Active
6917,24024,70,1265002.42,832652.11,10.735,30,2024-08-24,612586.19,Active
6918,7171,49,1154829.38,604256.9,9.155,25,2024-03-03,219393.43,Active
6919,20656,85,3227047.43,2501215.5,9.873,20,2022-06-01,1190161.81,Active
6920,18355,47,3181940.96,2084935.06,9.372,20,2022-03-12,956378.33,Active
6921,5935,20,1086963.29,560572.57,9.42,20,2023-04-03,268690.91,Active
6922,8641,30,3376522.95,2547891.57,9.196,20,2023-08-05,2191463.63,Active
6923,2961,52,1503202.56,941191.29,7.227,25,2024-08-10,582962.37,Active
6924,10637,74,1986509.47,894805.82,10.214,25,2022-11-30,769383.58,Active
6925,22868,22,3336148.19,2107768.09,6.69,25,2023-01-13,1974552.84,Active
6926,7000,34,2510497.79,1664377.04,10.159,30,2024-12-10,913917.93,Active
6927,5403,61,8390655.67,5537554.67,8.246,25,2024-10-20,4505185.93,Active
6928,13104,73,3199675.48,1772343.43,9.699,20,2022-07-09,792899.23,Active
6929,18761,79,4383955.14,2569072.23,7.96,30,2024-02-14,1506650.15,Active
6930,15109,87,3395847.94,2334441.29,7.381,20,2022-01-04,1931549.49,Defaulted
6931,22656,43,3326623.13,2263863.84,10.052,15,2023-02-12,681390.01,Active
6932,17577,51,2655335.26,1465808.59,10.254,10,2023-09-13,565890.15,Active
6933,4178,37,3391563.31,2311878.37,10.263,15,2023-07-27,774293.46,Active
6934,14406,79,4227855.58,1855939.7,11.069,10,2023-08-31,975332.09,Active
6935,2799,48,7323863.56,5206133.55,7.37,20,2023-11-20,3489417.89,Active
6936,353,13,4045723.16,2497753.77,9.896,15,2023-04-22,1365031.83,Active
6937,86,4,14154409.77,6910081.64,10.778,15,2022-06-27,2643560.12,Active
6938,14529,18,3453781.29,2602736.13,7.48,15,2023-05-02,1158250.73,Active
6939,1778,63,1523140.01,1202416.27,8.312,10,2024-01-03,699415.79,Active
6940,14594,75,2548139.15,1552383.31,8.568,15,2022-06-11,855856.96,Active
6941,3948,43,4426376.19,2691059.65,10.69,20,2023-07-02,1160642.6,Active
6942,23621,53,1000000.0,731923.6,10.904,15,2023-01-04,641529.91,Active
6943,8988,86,3780429.49,1750679.34,11.211,25,2024-11-04,1593088.04,Active
6944,17199,10,5476312.58,2521253.84,6.999,25,2022-08-12,1550873.13,Active
6945,17961,40,2085360.85,1451579.75,8.896,10,2022-05-18,879331.96,Active
6946,5895,43,2862417.54,1326444.59,7.561,10,2023-01-10,453830.15,Active
6947,11808,87,2701607.89,1966604.84,10.56,15,2022-03-13,1188890.47,Active
6948,4613,12,4696558.24,2212378.66,10.085,20,2023-07-02,1701940.92,Active
6949,10911,91,3730061.33,2832051.93,10.157,20,2022-11-11,2524007.17,Active
6950,9899,15,3933348.21,2257120.4,9.117,30,2023-10-27,1801607.94,Active
6951,8665,37,2441894.24,1384493.99,9.905,20,2022-09-04,1275502.87,Active
6952,326,64,3847091.22,1792624.07,8.953,20,2023-02-08,905738.44,Active
6953,8090,94,1483556.91,952140.35,8.702,25,2023-10-26,793318.34,Active
6954,20602,54,1972006.13,1375782.55,9.996,30,2023-06-20,787117.92,Defaulted
6955,17112,77,3237058.87,1957243.21,7.662,30,2022-01-03,1187517.46,Active
6956,13496,52,3229084.26,1569623.66,8.174,20,2023-01-20,836703.14,Defaulted
6957,9286,93,1293850.61,679542.22,9.659,30,2023-09-02,535549.99,Active
6958,1219,14,8156949.67,5790965.4,9.081,15,2022-07-18,1820099.94,Active
6959,2224,3,3772146.69,2841378.57,8.56,10,2023-09-25,1634605.95,Active
6960,17511,86,1772769.83,727968.31,9.183,20,2023-10-29,609730.21,Active
6961,10036,13,2179059.17,1392609.34,6.794,20,2024-05-11,494708.22,Active
6962,30,15,2079736.86,976145.63,7.816,25,2022-06-02,464914.62,Active
6963,20430,82,2898745.72,1572032.27,9.161,25,2022-04-18,1063766.43,Active
6964,18218,54,5579415.34,2847739.78,10.59,15,2024-06-25,2522687.84,Active
6965,15025,22,3642675.88,2338918.84,8.477,25,2022-06-27,2148090.73,Active
6966,3556,41,2489067.75,1174649.18,6.521,30,2022-04-02,415202.62,Closed
6967,22151,88,4079413.56,1700742.82,6.708,20,2022-06-20,692770.72,Active
6968,5288,80,3468716.04,1939659.08,9.348,30,2023-05-08,1746887.56,Active
6969,6642,45,8584730.33,3545615.88,6.741,25,2022-06-09,1562186.17,Active
6970,13746,32,1014180.96,635617.45,10.929,15,2023-02-09,503391.85,Active
6971,528,93,2692805.61,1967998.79,10.641,30,2023-09-20,1569172.32,Active
6972,15927,29,6130439.45,2671391.88,8.486,20,2022-10-25,808235.88,Active
6973,12958,14,3625237.14,1781417.67,7.551,30,2024-04-21,1440708.77,Active
6974,8333,46,1918090.49,1236449.58,8.582,25,2023-08-23,572968.91,Active
6975,15501,24,2844949.83,1625697.49,10.084,15,2024-09-12,736046.74,Active
6976,15834,61,1895211.02,1503700.95,8.136,30,2024-12-23,1276231.0,Active
6977,47,53,2965736.19,1568383.21,8.1,10,2024-09-16,1061564.75,Active
6978,6361,46,4491018.48,2537567.28,6.515,30,2023-02-15,1939670.44,Active
6979,18730,60,4235873.6,1694897.11,10.52,30,2023-06-14,1163706.05,Active
6980,13475,4,3130148.73,1912038.51,11.469,25,2022-11-27,1793670.14,Active
6981,3512,53,4583797.43,2975230.14,9.701,15,2024-12-06,2241676.4,Active
6982,22816,23,1175286.05,531189.65,6.786,20,2024-11-14,478888.34,Active
6983,18427,6,2266270.64,1446592.9,7.383,25,2024-02-26,769079.02,Active
6984,13755,74,3183361.6,2026211.0,6.792,30,2024-10-06,1767419.99,Active
6985,12284,39,4915874.3,3208019.42,8.25,30,2024-08-29,2691913.96,Active
6986,16056,33,8787473.46,6979817.9,7.577,30,2023-09-11,3413444.48,Active
6987,22334,48,2827266.7,1822715.42,6.721,10,2022-03-10,1403167.23,Active
6988,17927,93,2195905.29,1722669.89,10.069,10,2023-02-22,1255334.04,Active
6989,315,77,7051351.77,3485946.1,7.635,30,2023-08-16,3248329.6,Active
6990,3693,42,5355751.02,3799252.58,10.366,10,2023-01-29,1409688.51,Active
6991,8647,34,3144947.41,2034466.6,8.669,15,2023-07-25,1643260.97,Active
6992,20117,91,1399799.08,740302.04,10.007,20,2022-04-24,297610.94,Active
6993,2588,25,3338946.77,1602349.62,6.768,10,2024-12-05,876799.69,Active
6994,19669,28,6745640.07,4406532.72,11.21,25,2023-07-05,2858840.25,Active
6995,14801,79,3150989.73,1400292.34,10.464,30,2024-01-12,760971.59,Closed
6996,12071,23,1215940.87,924198.98,9.103,15,2023-05-07,654447.6,Active
6997,4337,34,2179008.47,1103740.87,9.73,10,2022-03-08,773850.87,Active
6998,20462,11,3720309.39,2891952.15,10.84,25,2022-05-16,1137924.92,Active
6999,8477,68,6741835.44,5054465.54,8.345,30,2023-01-12,3630625.8,Active
7000,7286,54,2683307.93,2123308.4,9.175,15,2024-05-17,1138911.23,Active
7001,13222,12,3155098.85,2029860.02,11.008,30,2023-03-15,1799289.81,Active
7002,17652,72,2326763.16,1002970.55,6.565,30,2022-09-08,371802.64,Active
7003,21499,40,2691693.25,1919650.96,9.961,30,2024-12-24,1535323.61,Active
7004,2188,1,1000000.0,485437.94,10.975,30,2023-03-26,195765.6,Active
7005,7977,28,7151712.17,5358432.04,8.972,15,2024-04-19,2162403.3,Active
7006,23894,20,1000000.0,613973.65,9.415,15,2022-10-22,237411.29,Active
7007,24417,29,5285476.31,3357161.05,11.317,30,2022-10-16,2325686.2,Active
7008,4318,57,2531189.28,1248812.57,9.183,30,2023-11-22,919241.4,Active
7009,12103,31,4429074.07,2692206.71,10.041,15,2022-02-21,2079278.28,Active
7010,11783,18,7194438.56,3370166.5,7.426,15,2023-09-02,2601942.96,Active
7011,151,59,4598014.67,2997868.07,10.967,20,2024-01-23,1359207.22,Active
7012,4996,82,5858826.19,3344461.1,11.181,25,2024-09-03,2663813.87,Closed
7013,5766,18,4045048.68,2454256.43,10.01,10,2022-11-13,1835013.62,Active
7014,6018,66,1431521.95,579504.79,9.893,20,2024-11-11,422031.02,Active
7015,12576,40,2194987.78,978467.34,8.81,10,2023-11-24,660134.8,Active
7016,5660,22,5767741.79,4351650.77,7.521,10,2023-04-29,3583978.25,Active
7017,13213,85,1398359.44,717173.48,8.215,15,2022-02-04,225922.31,Closed
7018,4612,2,3052669.98,1328435.6,10.555,10,2023-04-30,1097304.69,Active
7019,18011,49,5470061.84,4184468.41,8.924,10,2022-07-18,3551222.24,Active
7020,19729,87,3045856.74,2254175.4,10.398,10,2022-10-03,1236150.43,Active
7021,11455,38,3538047.49,2747534.76,10.159,30,2024-08-01,1044561.15,Active
7022,9325,57,3019144.94,2051085.52,10.559,20,2024-05-01,823301.18,Active
7023,12317,41,2048462.14,1363876.07,10.495,30,2024-06-06,651680.06,Active
7024,22927,58,4354400.14,2048838.91,11.025,15,2024-04-20,868712.6,Active
7025,5114,53,3499084.94,1646336.2,9.482,10,2022-07-24,951335.69,Active
7026,22777,31,2201060.07,1343023.73,10.484,30,2022-02-14,683799.29,Active
7027,24279,37,4811616.08,3392231.66,10.752,30,2022-08-23,1325638.08,Active
7028,5882,52,4055323.02,3030471.12,11.449,25,2023-12-17,1186283.66,Active
7029,21875,77,2089556.0,1168870.57,6.642,25,2024-12-09,720813.56,Active
7030,15252,99,5061522.15,2081787.16,8.174,20,2022-07-27,1630961.49,Active
7031,17245,4,2939597.04,1845665.27,8.854,10,2023-12-30,1302504.54,Closed
7032,6423,20,11740295.22,5021425.53,7.028,20,2022-06-18,4105973.46,Active
7033,22612,88,18743581.66,10936532.05,7.688,30,2024-04-20,8607879.01,Active
7034,5824,29,3429607.79,2488040.45,7.084,10,2023-02-12,1309704.85,Active
7035,8591,77,5386602.4,2558164.94,7.668,30,2023-12-30,849968.93,Active
7036,8959,11,3009766.3,1779261.32,6.806,15,2022-07-06,816537.32,Active
7037,16464,91,7004928.65,3752039.93,7.832,20,2022-10-23,2013552.38,Active
7038,3999,24,5634251.79,2582087.91,7.532,10,2022-04-07,922028.07,Active
7039,21570,96,5421305.29,2186770.0,7.597,10,2023-06-15,1583817.41,Active
7040,1941,48,7658225.84,5389792.42,11.251,30,2024-09-28,1774636.31,Active
7041,14939,2,11465979.13,8738874.24,9.582,15,2023-02-28,5360903.3,Active
7042,7679,7,2172025.88,1533433.71,8.457,20,2022-08-22,558239.87,Active
7043,12791,97,3961526.08,2484585.94,8.108,15,2023-10-19,1364403.78,Active
7044,22008,65,2725141.16,1519288.27,8.217,15,2024-08-03,692317.82,Active
7045,11738,16,2931550.61,1314484.03,7.811,25,2022-11-02,1176261.21,Active
7046,3989,65,4612454.96,3433949.67,11.052,30,2022-03-12,1534185.95,Active
7047,16842,84,7004875.92,5050484.01,7.445,10,2024-03-23,2299610.65,Active
7048,17479,10,3759273.79,2099169.08,11.471,20,2024-07-07,1260440.64,Active
7049,10839,5,3353585.91,1506343.06,10.161,30,2022-02-04,903964.78,Active
7050,16850,1,3606299.07,2120683.24,6.979,30,2024-12-21,1383204.11,Active
7051,24624,45,3407775.68,2174567.43,10.103,10,2024-01-10,1178392.31,Active
7052,13684,14,6638386.43,2828575.0,7.937,15,2024-05-14,2509281.97,Active
7053,8344,62,1334544.04,938665.07,8.569,20,2022-03-01,857811.26,Active
7054,19756,57,2609152.3,1569286.41,11.485,15,2024-07-08,496431.37,Active
7055,2441,61,4046132.87,3162905.31,9.972,30,2022-04-09,1278532.75,Active
7056,316,93,8528730.37,6287181.68,11.177,10,2024-06-15,3270396.3,Active
7057,23380,98,2991764.76,2205646.85,8.756,20,2024-01-06,2081170.16,Active
7058,3370,98,2040456.38,1070681.25,9.103,15,2023-03-27,395336.97,Active
7059,15449,11,1415588.25,723238.08,9.934,20,2023-09-10,483487.68,Closed
7060,8366,97,5959666.02,3970595.87,8.046,10,2023-07-06,3474432.98,Active
7061,4606,83,3060994.07,1685001.07,6.979,20,2024-02-08,1299252.78,Active
7062,4858,30,1341585.29,755215.05,8.963,30,2023-05-08,681566.73,Active
7063,23765,58,6090132.95,2850494.21,9.321,20,2023-06-20,984653.5,Active
7064,23402,45,3984974.2,1685030.26,10.362,15,2024-01-07,1157173.66,Active
7065,7817,88,7081915.16,5087265.73,8.458,20,2023-05-26,2003957.99,Active
7066,3179,87,3077689.63,2103278.42,8.274,20,2022-11-18,849588.42,Active
7067,23926,97,5826290.68,3844443.65,8.021,15,2023-11-01,1551981.46,Active
7068,15633,98,4307793.35,2828992.22,10.789,20,2023-07-03,1500082.88,Active
7069,23001,80,7028056.27,4624014.63,10.251,15,2024-03-02,2770922.06,Active
7070,133,36,5332094.19,3873742.9,9.536,15,2024-02-29,2159371.36,Active
7071,14727,2,1644308.94,782023.4,10.938,20,2023-07-07,571960.61,Active
7072,1697,43,5926473.97,3532006.31,10.565,20,2023-11-08,1708356.31,Active
7073,4004,65,2915286.51,1796529.28,9.338,15,2022-04-06,718247.31,Active
7074,4908,97,2245180.89,1372458.67,11.018,25,2024-04-01,497794.63,Active
7075,20434,94,15638140.42,9181453.54,9.961,15,2022-12-31,8516312.9,Active
7076,22718,90,7468591.82,3519563.07,8.93,20,2024-01-02,1561655.21,Active
7077,7492,83,4166504.34,2392286.57,6.744,25,2023-11-29,1816675.99,Active
7078,1745,70,4504646.71,2705047.99,6.623,20,2024-05-14,1485190.65,Active
7079,6237,6,4924225.05,2624712.27,6.532,20,2024-08-08,2416691.09,Active
7080,18522,62,1918898.61,1263681.73,6.779,30,2024-09-30,976117.32,Active
7081,8005,66,3776052.59,2764425.87,10.003,15,2024-01-25,1601227.74,Active
7082,3365,30,4681374.92,1998808.2,8.551,20,2024-06-06,1504705.16,Active
7083,3496,38,5140320.23,2286960.68,8.887,30,2023-07-22,2102666.77,Active
7084,21159,80,1643222.1,966202.17,6.962,20,2023-03-24,824426.94,Active
7085,6408,60,1000000.0,669507.77,9.925,25,2023-11-30,422452.3,Active
7086,15839,38,3248209.19,1980848.09,8.383,10,2023-12-02,619946.84,Active
7087,14298,50,1453755.72,947862.32,10.206,15,2024-05-03,509670.38,Active
7088,10437,13,4820719.21,3094681.15,10.387,15,2023-09-07,1969522.71,Active
7089,23884,48,3582951.06,1554784.76,9.074,10,2024-12-27,1024985.75,Active
7090,15570,26,3973122.06,2907107.31,8.299,30,2023-06-30,1539028.18,Active
7091,19542,75,3198157.96,2407257.86,8.343,25,2022-11-14,1059694.09,Active
7092,2942,41,2198270.02,1303539.4,8.081,10,2022-07-04,1237870.22,Active
7093,7617,50,3636131.06,2279200.29,10.211,15,2024-08-10,1838550.54,Active
7094,22722,34,2802226.55,1667488.0,7.522,30,2024-01-02,1396966.56,Active
7095,21105,84,7124302.92,5282764.84,8.706,20,2023-06-14,2450705.58,Active
7096,13828,77,3458690.77,2333983.61,10.057,25,2023-07-05,824475.19,Active
7097,23379,94,4464416.61,2136055.14,10.526,30,2024-01-16,963915.85,Active
7098,4169,28,2674649.21,1698466.24,11.155,25,2023-03-24,745243.18,Active
7099,16818,61,5259836.95,2749746.39,11.475,10,2023-06-27,1114341.36,Defaulted
7100,4252,75,3605721.57,2254143.8,10.679,25,2022-11-17,1271453.49,Active
7101,13282,65,4139479.34,2395502.05,6.548,10,2024-09-12,2252610.64,Active
7102,19434,98,5191805.17,3084051.55,7.898,15,2024-11-19,2489786.48,Active
7103,85,98,2411441.65,1309163.91,7.862,20,2023-04-26,923643.49,Active
7104,3640,18,4256048.5,1780100.14,8.531,30,2023-03-16,1126003.93,Active
7105,6006,68,3850659.73,2016787.6,9.25,30,2024-06-02,1620500.78,Active
7106,2563,27,2256845.73,1127394.45,10.626,25,2022-01-04,1040964.19,Active
7107,13144,26,6507036.97,3630186.99,10.006,20,2023-04-20,2779516.38,Active
7108,24051,64,5151085.23,2540944.07,6.544,10,2023-07-01,2345958.71,Active
7109,16471,11,6484321.69,4415843.99,9.543,15,2024-12-28,2403356.81,Active
7110,9711,82,4156838.73,1755087.38,6.789,25,2023-04-22,551502.37,Active
7111,20553,17,2438023.45,1628587.7,7.294,30,2022-09-17,1276065.29,Active
7112,10386,11,3372387.52,2273076.26,9.111,25,2023-07-19,1025215.42,Active
7113,5764,24,6286552.5,4335218.2,10.624,10,2023-12-03,2399096.02,Active
7114,21946,38,6168617.71,4057303.05,9.695,15,2023-04-12,2465505.3,Active
7115,2166,94,2290893.99,1360447.98,8.703,15,2022-09-08,885728.55,Closed
7116,15951,23,2127377.68,1669525.15,8.087,15,2024-07-11,803011.68,Active
7117,100,94,2086846.06,1575084.46,11.115,30,2024-06-28,1028088.34,Active
7118,13911,10,3036813.42,1776190.42,7.735,15,2024-09-17,805056.82,Active
7119,9919,81,3213953.91,1465647.04,7.108,30,2024-11-17,830357.09,Active
7120,19282,24,8521063.66,6208002.88,8.02,25,2024-08-18,3027367.0,Active
7121,9740,84,1640864.91,920657.75,7.83,20,2023-04-02,715829.89,Active
7122,23897,5,7819752.9,5106951.04,10.391,10,2022-04-06,3219689.69,Active
7123,15033,71,6723329.95,3702288.99,8.582,15,2023-07-07,3211196.66,Active
7124,22477,26,9334041.73,5765037.46,11.353,30,2022-05-04,5465761.96,Active
7125,2068,70,3554046.27,2539684.72,8.112,30,2022-12-23,1442641.68,Active
7126,19258,58,2065620.04,1517604.29,9.725,10,2023-12-18,1068623.71,Active
7127,19986,81,3330701.23,2661264.96,6.627,25,2023-10-10,1995605.36,Active
7128,20264,51,3116303.45,2352246.24,10.196,20,2022-11-22,1422312.0,Active
7129,4583,22,1856093.79,1338467.73,10.522,25,2022-07-29,506441.9,Active
7130,769,12,1471592.09,634124.06,7.581,20,2022-04-15,255541.0,Active
7131,23524,65,3064619.48,1922941.02,8.151,10,2023-03-26,1299689.51,Active
7132,7476,21,3755501.21,2894062.93,10.929,10,2024-01-29,1423345.87,Active
7133,24131,55,3558821.42,2306250.84,8.254,15,2023-04-03,803130.72,Active
7134,13687,82,2251109.0,1148508.73,6.796,10,2024-09-06,1059733.13,Active
7135,19004,87,2597273.8,1860975.67,10.444,25,2023-06-17,1098464.42,Active
7136,19667,5,2131039.8,911394.69,9.527,20,2024-10-05,498821.85,Active
7137,927,81,1995881.6,1516393.63,9.983,20,2022-09-11,642297.88,Active
7138,5257,25,1305544.31,722472.88,10.418,25,2024-11-07,469239.13,Active
7139,15370,63,2300138.02,1410541.13,7.078,10,2022-09-15,1106087.12,Active
7140,22275,3,4272496.67,2685886.09,9.654,25,2023-08-23,1617751.59,Active
7141,6486,95,3883693.21,2400788.64,11.052,10,2022-09-25,823022.33,Active
7142,10906,86,2883797.48,1493846.94,8.839,15,2023-04-04,886368.12,Active
7143,24678,68,2211870.55,1547977.49,10.471,15,2023-08-05,966806.25,Active
7144,7540,6,2458581.65,1168386.33,7.113,15,2024-06-05,688244.37,Active
7145,14377,76,2076256.25,1242964.3,7.115,25,2023-10-01,841640.5,Active
7146,21190,85,2196872.01,1370780.73,10.754,10,2022-03-16,461298.99,Active
7147,10726,53,2774823.33,1568572.52,10.775,30,2022-03-10,1294956.05,Defaulted
7148,10569,25,4942212.45,2753285.14,6.68,30,2022-03-28,1499420.79,Active
7149,22892,81,1371143.56,1094130.32,7.694,15,2022-03-13,938021.89,Active
7150,720,91,1832697.46,1316807.61,11.14,25,2023-09-13,572513.9,Active
7151,20082,56,8302858.04,5232393.8,11.163,20,2022-01-07,2976627.97,Active
7152,23636,56,4916390.76,2670395.61,8.861,10,2022-04-03,824663.83,Active
7153,607,12,5088462.5,3543267.93,8.066,20,2022-08-03,1989089.22,Active
7154,17694,25,2495875.61,1633020.6,8.231,15,2023-05-09,1536066.2,Active
7155,14279,85,4743235.18,2684668.75,6.742,10,2024-02-15,965489.59,Active
7156,12815,72,2569126.92,1862098.84,10.296,30,2024-11-26,1054784.14,Defaulted
7157,16478,97,3273414.02,2185813.21,10.231,25,2024-09-23,765188.74,Active
7158,18557,9,2773516.27,1448916.12,10.05,25,2023-12-26,711855.55,Active
7159,8198,67,4853372.14,3707957.09,10.813,30,2023-06-23,2408471.27,Closed
7160,556,98,4581693.04,3569580.43,10.041,30,2022-11-13,1306799.49,Active
7161,22100,43,2343049.11,1503465.35,8.95,25,2022-03-10,1321293.02,Active
7162,21988,57,5128683.85,2700410.9,8.209,15,2024-11-18,1323025.27,Active
7163,13663,20,2778719.49,1589318.29,7.381,20,2023-07-31,1346545.06,Active
7164,20700,44,2627881.99,2079001.39,6.971,10,2022-09-08,675091.19,Active
7165,11465,62,5727650.96,2496536.89,7.774,20,2023-12-08,2246739.18,Active
7166,16064,47,6430730.5,3631990.43,9.014,30,2023-09-18,2133992.99,Active
7167,13050,20,3597113.54,2648056.13,9.358,10,2023-10-23,1593368.33,Active
7168,180,8,3466104.51,1420581.29,9.838,10,2022-07-09,1302700.9,Active
7169,1418,66,6166415.99,3248309.08,10.236,25,2024-04-08,1392623.83,Active
7170,9422,43,9926332.24,7129512.88,7.913,10,2024-09-27,6318731.77,Active
7171,13165,20,1965075.2,881202.93,7.813,30,2023-10-10,541266.12,Active
7172,15765,35,2237458.05,1470322.64,6.925,25,2024-05-30,971300.63,Active
7173,23103,9,2048223.64,1452441.24,9.422,30,2022-08-01,959980.81,Active
7174,18467,61,2120348.11,1267389.68,7.445,25,2023-12-16,556387.6,Active
7175,4237,1,3435533.36,2709200.7,9.943,20,2023-11-05,2168210.07,Active
7176,12668,9,10247318.84,4975244.48,7.444,20,2022-10-05,2022856.97,Active
7177,19268,73,3373549.38,2074862.12,7.273,15,2023-06-14,1905561.05,Active
7178,13132,49,9982795.67,7691944.99,7.481,10,2023-12-09,2344238.49,Active
7179,11988,2,5565104.08,3903961.91,10.52,10,2023-10-21,1362629.23,Active
7180,14792,78,4448727.46,2337216.0,9.126,15,2022-07-31,1506995.31,Active
7181,4419,71,3098315.26,2346084.77,8.762,30,2022-03-16,2054181.61,Active
7182,10750,27,4465350.52,2063815.18,6.841,10,2024-12-17,906870.05,Active
7183,12636,24,3426054.53,2219156.59,8.509,15,2024-02-13,1004780.46,Active
7184,5849,89,2937310.35,2004044.7,9.953,15,2023-02-15,728406.66,Closed
7185,6434,78,2579593.22,1567219.83,8.171,15,2022-08-04,1301009.74,Active
7186,14562,79,4424369.47,2234630.56,9.372,25,2023-10-22,1696162.89,Active
7187,19722,56,1988969.74,1378150.06,7.899,30,2022-03-23,1043748.93,Active
7188,16955,99,1908261.98,1095960.85,11.116,15,2024-10-23,584172.98,Closed
7189,5497,33,4838114.11,2107336.53,9.852,30,2023-04-30,868806.15,Active
7190,5569,99,3938453.61,3042682.6,10.852,30,2024-08-13,2542813.08,Active
7191,1491,47,2547376.47,1652638.83,7.821,20,2022-06-19,634518.43,Active
7192,19430,59,5634521.6,3406310.39,11.065,15,2022-10-25,2871624.61,Active
7193,21850,53,1528439.17,874433.18,7.936,20,2023-03-25,550947.82,Active
7194,21994,15,2995352.75,2249398.86,8.316,15,2024-04-03,1927754.79,Active
7195,13504,3,1502494.29,1020708.78,6.847,30,2022-02-20,390214.34,Active
7196,24177,89,3903325.56,2800900.24,9.889,10,2023-06-27,1513128.4,Active
7197,21029,30,4456332.93,2723857.55,7.822,30,2024-09-21,2262673.28,Closed
7198,10352,80,5500840.24,3580688.97,11.352,30,2024-06-19,2662929.67,Active
7199,10568,2,9618436.45,6096167.76,6.883,15,2023-11-06,2905017.37,Active
7200,14323,94,6964134.52,4988897.66,9.757,25,2024-03-13,4183661.42,Active
7201,22066,69,1558107.29,935340.27,7.346,15,2023-09-18,855164.51,Active
7202,6114,63,3603264.38,2579325.17,8.081,20,2023-12-18,2111261.48,Active
7203,15399,40,2454592.91,1734157.42,10.718,20,2023-11-24,1573015.0,Active
7204,12261,33,2240390.19,1128640.69,11.011,20,2022-09-24,482906.11,Active
7205,8272,93,4309664.89,1786981.17,7.634,10,2024-10-08,1318450.81,Active
7206,1438,25,2285326.94,1109676.04,9.477,15,2022-10-05,956782.19,Active
7207,24435,69,3232151.21,2239434.6,8.591,30,2024-07-10,996236.22,Active
7208,15892,14,1910184.01,1457426.65,8.731,15,2024-06-22,604591.94,Active
7209,10942,10,2515785.03,1895904.47,6.549,15,2024-09-23,1534810.26,Defaulted
7210,7550,60,1852876.2,1306549.5,11.062,25,2023-07-09,861257.55,Active
7211,12365,34,4604892.12,2479964.85,7.693,20,2022-08-06,2237292.94,Closed
7212,13425,14,7736407.38,5617757.08,10.676,20,2022-05-31,2576634.03,Active
7213,16895,5,1111399.62,535012.98,8.168,25,2022-12-29,497295.71,Active
7214,17993,27,2319290.83,1047085.95,8.836,20,2024-03-18,864117.73,Active
7215,14147,52,4521881.86,2125141.01,8.816,20,2024-07-01,1077978.36,Active
7216,24854,11,3577468.08,2243155.53,7.253,25,2023-07-01,878004.93,Active
7217,24068,71,1017188.45,568728.71,6.773,10,2024-09-22,201899.8,Active
7218,8922,32,9599409.08,4497778.9,8.429,20,2022-02-09,2536686.8,Active
7219,23958,18,2899592.66,1764882.47,7.355,15,2022-08-17,645781.12,Active
7220,23847,58,2911741.93,1308251.55,8.162,30,2024-01-09,525194.94,Active
7221,663,57,5746700.12,3393687.0,7.773,30,2024-09-26,3145560.75,Active
7222,19286,76,2968526.0,1260808.1,9.07,25,2023-03-18,549367.18,Active
7223,5869,69,3438940.25,2584619.42,7.967,20,2023-02-16,1297054.79,Active
7224,17724,58,1799250.04,1071018.37,11.328,20,2024-10-25,369087.86,Active
7225,11610,2,7326384.23,4057754.6,7.778,15,2024-05-01,2495389.9,Active
7226,2119,47,3253823.82,1967354.35,6.808,20,2024-11-08,1099123.29,Active
7227,3487,36,2571142.96,1957975.73,9.807,20,2022-04-01,617880.71,Active
7228,10599,97,1840564.47,1104797.83,10.254,10,2023-02-23,746966.78,Active
7229,20485,26,2608320.4,1932353.12,8.856,30,2022-03-31,686058.4,Active
7230,7759,55,1876926.48,1088284.57,10.033,30,2023-03-06,750775.6,Active
7231,3672,70,3959754.74,2705448.89,8.914,20,2024-11-19,2363643.0,Active
7232,17363,10,6179660.13,3952735.68,7.499,30,2023-06-10,1971226.71,Active
7233,21108,73,3834764.47,1820715.01,10.481,20,2023-10-29,1280191.31,Active
7234,4624,20,2387480.45,1216600.12,9.564,30,2022-09-17,1041454.54,Active
7235,16418,6,5496656.52,3872028.2,9.429,20,2022-05-13,1192594.99,Active
7236,19540,35,5614772.7,3396522.7,10.354,25,2024-03-13,1713743.86,Active
7237,23120,20,5314029.14,2656362.54,8.947,30,2022-09-21,1415281.91,Active
7238,1595,81,2563679.23,1354252.44,7.007,10,2024-12-11,681083.59,Active
7239,7159,11,3782435.21,1612249.98,10.973,25,2024-04-24,502860.76,Active
7240,9048,30,2794705.46,2168874.1,10.122,30,2022-12-29,1389134.4,Active
7241,12367,37,1626489.81,715057.72,7.694,25,2023-10-22,329702.25,Active
7242,23756,37,2585368.52,1507780.85,9.159,20,2023-08-10,1035194.43,Active
7243,16026,2,4327392.46,2524963.81,7.167,25,2024-06-02,1651252.99,Closed
7244,16355,75,3648373.19,2886819.53,7.48,20,2022-03-16,1014574.76,Active
7245,11749,32,2536460.32,1415413.24,6.802,25,2022-03-08,694586.26,Active
7246,5157,42,4338161.71,2973716.21,9.502,10,2022-06-04,1245097.92,Active
7247,16027,10,3944145.96,2701532.54,10.552,15,2024-05-24,892402.42,Active
7248,20317,82,10691689.98,7441049.37,9.465,10,2024-02-20,4026091.99,Active
7249,9724,70,2558934.48,1638395.34,8.664,20,2024-06-30,1196944.25,Active
7250,23200,23,1186569.17,504830.95,11.117,25,2024-07-17,428050.16,Active
7251,18082,38,1772143.02,859459.14,9.419,30,2024-08-20,265390.32,Active
7252,14190,61,2326403.58,1774750.44,10.518,10,2023-08-07,1315619.43,Active
7253,17254,43,1554009.46,868960.9,9.412,30,2024-05-09,321926.72,Active
7254,4916,14,3940644.69,2585879.72,8.566,20,2024-10-06,1505843.22,Active
7255,16863,46,2360856.17,1411559.62,11.336,25,2024-02-21,741310.58,Active
7256,3462,91,2130739.56,1007788.35,7.901,25,2024-01-06,746352.98,Active
7257,5118,35,7678445.39,5639158.0,7.686,20,2022-07-21,4704742.7,Active
7258,8068,52,3673080.61,2809038.95,6.815,25,2024-10-10,1553570.72,Active
7259,15383,37,6312063.86,2831222.66,6.781,30,2024-05-09,887618.34,Active
7260,10142,86,3800349.05,2156327.42,6.704,30,2023-08-04,1546984.2,Active
7261,18073,18,5884055.06,3075300.04,6.988,30,2022-04-12,1381059.8,Active
7262,20405,35,4803016.06,3496375.67,7.498,20,2023-04-04,1630134.74,Active
7263,13441,9,4308444.48,2355468.45,7.327,30,2022-01-29,918426.94,Active
7264,22610,78,3019292.62,2143243.39,11.028,20,2023-10-26,1126623.44,Defaulted
7265,1898,11,2168052.7,1299237.84,7.58,25,2022-12-14,466417.91,Active
7266,23545,26,2137906.95,897746.02,10.047,20,2023-11-10,587296.01,Active
7267,16494,26,6118650.26,4004574.1,8.642,25,2024-08-06,2628744.68,Active
7268,21648,9,1427054.51,656375.19,9.663,10,2023-02-19,465836.16,Active
7269,4797,83,2266784.45,1252675.59,10.355,15,2024-04-20,578730.59,Active
7270,18986,37,13928207.37,5691536.36,6.936,30,2022-09-07,4484512.18,Defaulted
7271,19890,38,1000000.0,655809.73,11.437,30,2022-05-08,327430.91,Active
7272,14710,27,5903634.36,4233439.96,9.105,25,2023-08-22,3895785.21,Active
7273,24647,4,7581526.45,3064828.29,9.698,15,2023-12-06,2798333.82,Active
7274,2302,8,3893091.68,2147580.31,9.187,20,2022-12-17,1271913.24,Active
7275,19607,7,1907861.17,1080647.56,10.533,25,2022-06-08,422348.05,Active
7276,24203,22,3866352.0,2900378.68,10.555,15,2022-04-11,1826529.88,Active
7277,11302,7,4522074.35,3206420.6,11.481,25,2022-05-29,2185730.58,Active
7278,6215,85,8798994.37,6942715.08,10.702,10,2024-09-02,4586757.53,Active
7279,8159,71,2646970.7,1436050.35,7.166,25,2024-08-25,819867.32,Active
7280,19781,85,8319469.4,4459042.72,7.634,30,2022-01-07,3608462.95,Active
7281,4958,57,2357623.41,1785954.3,8.024,30,2023-03-26,1536096.5,Active
7282,4432,100,2669375.71,2066920.99,6.807,10,2023-07-03,1837498.46,Active
7283,2783,3,1732670.59,1254880.77,10.335,10,2024-11-25,757389.54,Active
7284,19344,94,2948861.66,2089223.22,8.901,15,2022-05-08,1846623.1,Active
7285,11416,35,7842736.2,5082598.29,6.741,10,2023-12-03,3797361.65,Active
7286,13453,8,3206345.16,1991763.32,8.175,20,2024-05-06,1885880.85,Closed
7287,7958,51,3794441.71,1591074.46,9.761,10,2023-12-28,1267640.01,Active
7288,12049,8,2999973.52,1936144.84,10.819,20,2022-11-18,820451.97,Active
7289,15814,6,3536118.79,2080493.19,9.866,30,2024-02-08,1337962.46,Active
7290,22861,49,6389791.75,4244116.67,10.193,15,2023-08-27,2201518.66,Active
7291,19671,69,4257879.05,2037107.95,8.259,15,2023-11-27,1374570.06,Active
7292,19867,31,1000000.0,470867.6,7.503,15,2024-05-25,283252.15,Active
7293,24179,52,2740638.24,1741360.89,6.515,20,2022-09-13,735804.61,Active
7294,16749,35,5027993.04,3036449.88,10.115,20,2022-02-09,1053473.88,Active
7295,19912,86,4825995.38,3104151.42,6.638,10,2024-04-05,2878038.92,Active
7296,14355,27,4888573.18,3297326.5,7.789,30,2024-05-14,3071293.73,Closed
7297,988,2,3876343.63,2413652.52,11.285,15,2023-05-29,1226574.06,Active
7298,500,79,2466120.96,1347391.03,9.318,30,2024-02-28,822606.17,Active
7299,24822,85,2439758.75,1865300.53,9.677,10,2023-03-26,1371767.02,Active
7300,18963,19,1883683.61,927723.81,6.734,15,2024-05-31,527910.16,Active
7301,14652,5,4067077.88,2567102.23,7.053,30,2024-09-15,2265161.9,Active
7302,21672,55,4820354.45,3817625.13,9.571,20,2023-08-11,1969160.6,Active
7303,17297,37,1593989.36,1101741.4,8.678,15,2023-11-01,460149.1,Active
7304,5417,76,4776028.6,2434547.78,8.388,20,2024-11-29,962093.43,Active
7305,943,50,4463450.33,1884870.2,8.017,25,2022-11-04,1638354.27,Active
7306,4264,52,4325417.61,2556456.69,7.186,10,2023-08-08,1512647.97,Active
7307,7125,13,1615822.46,1121012.55,7.446,15,2024-09-30,666795.79,Active
7308,19577,26,2930285.54,1509548.7,8.434,10,2024-05-30,836906.86,Active
7309,10683,53,3908165.06,2485534.27,8.244,25,2022-05-10,1785296.99,Active
7310,4002,6,4942828.35,3333724.82,8.358,15,2023-04-18,2915501.77,Active
7311,1542,78,1197687.45,549041.08,7.26,10,2023-05-19,518912.33,Closed
7312,6644,67,4921594.18,2756102.34,10.174,20,2024-09-20,2216752.26,Defaulted
7313,18466,93,2960340.52,1653603.93,9.993,25,2022-10-21,1366355.12,Closed
7314,12667,77,4052240.77,2631024.43,7.791,25,2023-05-13,2325535.52,Active
7315,3929,24,3851117.01,2679964.73,11.14,20,2023-11-20,2461571.59,Active
7316,22828,32,5486011.98,2616810.35,8.426,25,2023-03-23,2289493.57,Active
7317,16615,7,3792564.45,2622799.2,9.116,25,2023-02-08,1455637.48,Active
7318,20607,5,4583537.23,2157964.32,8.838,20,2024-11-27,2020866.74,Active
7319,4951,15,5638682.73,3269968.97,7.405,25,2023-06-29,2981981.04,Active
7320,8531,70,2159668.61,935436.42,8.117,30,2022-12-06,708514.0,Active
7321,17088,38,2454091.79,1355602.22,7.799,15,2024-06-21,616381.18,Active
7322,17446,36,5552245.11,3524311.94,8.231,25,2022-11-07,1712396.96,Active
7323,12662,35,2916962.87,1954292.95,8.551,25,2023-10-19,642855.47,Active
7324,735,49,3192329.44,2419639.73,8.705,30,2023-07-28,1677988.19,Closed
7325,12238,80,2112054.42,1341710.53,11.251,25,2024-06-19,817551.61,Active
7326,15658,22,1393379.02,835979.62,8.228,25,2022-10-02,369160.75,Active
7327,11744,31,2879211.94,1559807.56,9.748,20,2024-08-17,1352428.98,Active
7328,9267,73,2046250.0,1125729.82,7.879,25,2024-04-29,425465.86,Active
7329,12660,17,1005887.43,472120.22,7.216,10,2024-07-08,280186.84,Active
7330,13516,81,9516739.24,6683130.07,7.121,10,2023-05-29,5534272.77,Active
7331,23202,60,5722388.1,3809861.64,6.718,25,2023-04-16,1837640.08,Active
7332,14736,15,3256323.6,2279384.39,7.581,25,2023-06-24,1579253.56,Active
7333,19134,74,2723310.01,1828031.45,9.862,25,2024-08-19,990381.54,Active
7334,19087,26,5902960.98,4719527.58,7.883,10,2022-05-09,3484587.14,Active
7335,21952,10,3617069.2,2778265.78,8.839,15,2023-03-31,1425783.87,Active
7336,552,89,5360285.72,4090115.72,7.786,25,2023-01-12,3179691.3,Active
7337,3157,99,1643412.47,1214947.5,10.293,15,2023-06-25,412686.54,Active
7338,7307,33,3573742.24,1838690.03,8.115,10,2023-05-28,1563459.47,Active
7339,22114,66,2506835.25,1129647.93,10.89,10,2022-03-15,1021529.12,Active
7340,17774,11,3129745.76,1573054.9,6.513,25,2023-05-04,1327124.15,Active
7341,4269,30,2439411.16,1652022.2,9.959,25,2022-10-31,1080676.3,Active
7342,2931,29,6814710.32,3623607.09,9.841,20,2022-05-03,3247721.75,Active
7343,24958,70,1812555.13,1332963.93,8.077,15,2024-12-20,512980.71,Active
7344,1353,66,1501108.39,987204.75,9.428,10,2023-10-06,795711.44,Active
7345,17147,66,2232872.83,977749.27,7.884,25,2022-11-19,721182.82,Active
7346,14263,24,3833636.95,2013539.76,6.771,25,2023-04-30,1604751.81,Active
7347,22018,11,5289017.11,3381168.04,10.264,30,2024-09-16,1671199.17,Active
7348,19785,4,4751289.65,2970041.09,10.854,10,2023-05-10,1123916.51,Closed
7349,11474,44,2944009.93,1840960.34,9.742,30,2022-12-23,1584275.73,Active
7350,7947,36,2953142.42,2163994.45,9.029,30,2024-05-24,1793339.53,Active
7351,24203,48,3052116.77,1517599.69,7.133,30,2023-09-29,622034.58,Active
7352,12151,18,4261691.77,2836641.69,8.105,15,2023-07-26,863075.03,Active
7353,5141,26,4455181.34,2597076.78,9.999,30,2024-07-28,1648093.3,Active
7354,2700,100,8131255.55,4971303.87,10.267,20,2024-01-14,4032630.82,Active
7355,12786,57,2830918.14,1219052.19,9.155,30,2022-08-28,451897.84,Active
7356,14474,65,1923454.14,1168976.74,10.122,30,2024-02-16,445565.97,Active
7357,10871,44,7341877.77,4191392.69,11.349,10,2022-11-28,1983971.88,Active
7358,3379,2,1531927.58,616703.64,7.04,15,2023-07-24,542110.71,Active
7359,10703,46,2999785.4,1291295.26,9.149,30,2023-07-07,843043.94,Active
7360,6500,18,1915664.04,1287535.5,11.357,30,2024-11-17,1136226.58,Active
7361,21977,94,6440426.07,4338237.78,7.928,15,2023-09-10,4062532.98,Active
7362,974,31,2157554.41,1422846.96,7.733,15,2022-02-07,1054042.12,Active
7363,9429,92,3016507.33,2045385.99,11.423,10,2024-08-14,642230.39,Active
7364,7345,37,3520838.35,2624599.16,7.12,15,2023-04-25,2324524.78,Active
7365,448,32,1549917.28,1233972.89,9.586,30,2023-02-09,1077999.94,Active
7366,23209,2,4494922.85,2569752.09,6.913,10,2022-03-31,2135955.47,Active
7367,7224,59,7430924.09,4908561.08,7.879,15,2022-02-23,4621123.72,Active
7368,4313,26,1539787.24,854680.22,7.563,10,2024-05-27,384330.81,Closed
7369,11678,14,13057144.15,7084716.71,10.249,25,2024-06-29,5078472.86,Active
7370,23330,13,6313343.84,4334488.61,6.819,30,2024-12-07,3116851.46,Active
7371,21388,56,3694534.44,1534888.14,11.293,10,2023-05-24,784691.93,Active
7372,22764,35,4021624.1,3166660.48,6.596,20,2023-10-20,1377319.64,Active
7373,10235,57,4893396.48,2198196.38,9.973,10,2024-04-12,761359.17,Active
7374,24751,49,4830244.48,2216675.25,7.911,15,2023-09-04,1070342.07,Active
7375,23196,2,1694468.85,771165.88,6.763,20,2022-11-01,237222.01,Active
7376,7393,42,2614893.69,1780518.27,6.897,10,2024-02-23,744012.57,Closed
7377,22771,30,4397958.41,2377209.32,7.451,25,2022-12-16,776670.43,Active
7378,3693,78,3331540.75,1854548.92,9.461,10,2022-05-18,1196927.45,Active
7379,8128,35,3205373.95,2502775.27,7.894,10,2022-08-03,1611434.98,Active
7380,11321,5,1199711.06,656868.71,7.749,10,2023-08-18,448401.59,Active
7381,8839,79,3016330.32,2324471.3,8.863,15,2022-02-10,1443910.57,Active
7382,11442,82,3020358.91,2346997.71,7.55,30,2022-10-23,1892940.1,Active
7383,7010,67,4710030.44,2491404.9,8.466,30,2022-04-26,892407.12,Active
7384,9179,50,3486643.56,2398974.77,7.669,15,2024-06-06,1100993.3,Closed
7385,10251,44,1202549.85,484786.56,7.293,10,2024-01-30,338758.57,Closed
7386,19276,23,8487942.89,5687706.24,11.47,10,2022-07-20,4050499.92,Active
7387,7491,83,1092340.7,477982.59,8.115,20,2024-09-12,188577.69,Active
7388,4702,33,4720186.88,1897962.67,7.895,25,2024-05-09,838601.11,Active
7389,10044,96,1274309.41,637714.75,9.272,10,2024-05-30,489916.48,Active
7390,784,94,4999599.95,2414453.11,10.85,30,2023-08-14,979355.2,Active
7391,7014,62,3313836.8,2279053.03,10.663,10,2024-01-10,806711.7,Active
7392,18350,29,4214165.42,2941283.49,8.76,20,2024-12-02,2620784.22,Active
7393,18400,36,3231297.12,2210952.3,7.89,20,2024-12-06,1125131.23,Active
7394,11891,53,3262776.0,2151245.86,7.623,20,2022-08-19,811356.99,Active
7395,21817,51,3816662.84,2317678.2,7.179,20,2023-04-25,1012487.07,Closed
7396,17817,68,5237959.48,3677868.27,10.579,15,2022-05-10,1613107.97,Active
7397,24620,10,9026712.16,5682029.44,8.248,25,2022-01-29,3803327.87,Active
7398,15964,56,9615341.4,6477178.58,8.765,25,2023-08-20,5227165.16,Active
7399,2172,18,3196178.49,2521352.05,9.94,30,2022-05-01,2298840.34,Active
7400,18509,60,6298940.2,3096424.85,11.344,20,2024-09-11,1638367.61,Defaulted
7401,21511,29,2387963.8,1132517.75,8.914,25,2023-07-21,657331.5,Defaulted
7402,4092,10,4858083.91,1948815.63,6.825,15,2023-11-08,1556012.94,Active
7403,7583,23,3164997.85,2066843.38,8.351,25,2024-05-30,705509.59,Active
7404,16757,43,3900637.93,2450795.88,8.66,25,2023-06-09,960105.1,Active
7405,22029,30,17646345.11,10931675.18,11.134,10,2024-05-29,5369917.05,Active
7406,21596,32,1400617.09,773339.75,9.613,25,2024-05-05,372860.68,Closed
7407,17049,67,4765621.82,2601264.75,11.116,10,2024-12-16,1611379.66,Active
7408,3605,71,2239756.18,1528253.04,8.447,15,2022-01-11,704364.11,Active
7409,17602,70,4425722.97,1961306.45,8.423,15,2024-11-11,845577.87,Active
7410,12018,17,3266868.11,2308022.51,10.955,25,2022-07-22,1569244.13,Active
7411,10213,93,3161481.65,2231374.5,6.568,20,2022-02-14,804791.04,Active
7412,9523,32,4887337.71,3820056.25,7.297,10,2024-12-17,2374923.7,Active
7413,8748,89,2935869.59,1910888.69,9.281,30,2022-08-12,684154.7,Active
7414,20145,59,3110168.22,2334922.54,7.598,20,2024-01-02,937355.75,Active
7415,1343,49,4467579.92,3515397.0,9.611,25,2023-02-19,3075612.83,Active
7416,9301,47,4214992.75,2401293.29,8.186,30,2022-06-08,1604364.67,Active
7417,257,68,4792627.89,2006857.71,7.445,20,2024-02-05,1491619.31,Active
7418,12110,2,4066654.35,2751760.51,10.272,25,2023-02-26,1436516.16,Active
7419,23353,53,2549829.81,1762173.7,8.08,25,2024-01-23,1477369.63,Active
7420,3044,54,3711380.74,2554684.71,6.681,25,2024-11-18,2098887.0,Active
7421,5450,15,4421665.03,2572533.51,10.848,10,2024-12-04,1122896.37,Active
7422,14565,26,2222031.78,923870.13,9.652,10,2024-11-18,420171.13,Active
7423,760,21,3693498.65,2520759.68,10.229,15,2024-11-13,2382440.43,Closed
7424,3186,50,1587284.71,1141952.7,11.186,25,2024-12-21,685720.98,Active
7425,4714,75,12689884.91,6661646.46,10.411,15,2024-05-18,4808053.03,Active
7426,21327,79,3293355.0,2037715.57,7.32,10,2022-05-09,845535.92,Active
7427,22153,45,1804716.9,740664.23,9.054,10,2024-07-24,593077.57,Active
7428,21345,33,9114216.34,6632768.55,11.458,10,2024-08-30,4846468.61,Active
7429,1018,60,7214926.45,4515627.88,10.468,30,2024-09-06,2604755.62,Active
7430,13148,56,6202714.22,2935995.9,9.012,25,2023-05-18,1523799.15,Active
7431,18049,80,2082737.69,1176060.37,6.565,15,2022-08-10,606170.22,Active
7432,16240,100,3734940.74,2827494.97,9.206,25,2023-09-19,2301871.92,Active
7433,19294,16,1446440.55,1126377.06,6.73,15,2023-05-18,568377.23,Active
7434,11828,64,1080922.6,674106.11,8.354,15,2024-10-20,283789.01,Active
7435,24258,61,2309905.55,1142259.26,8.51,15,2022-12-15,555423.28,Active
7436,5338,93,2764778.22,1721978.46,8.457,20,2024-06-18,1065757.55,Active
7437,1073,76,6754976.18,4605895.85,10.714,30,2024-05-17,2271159.16,Active
7438,17110,66,5115348.34,3486837.83,10.156,15,2024-07-06,2127977.41,Active
7439,4007,77,13761950.82,5523978.23,8.949,25,2023-05-28,1935937.2,Active
7440,23749,18,2862826.16,1953879.6,8.459,30,2022-11-10,1108081.95,Active
7441,126,92,3074851.18,1871380.48,9.608,25,2024-02-07,1744916.12,Active
7442,7102,1,1633279.68,737898.72,8.135,30,2024-12-30,561020.2,Active
7443,137,63,6692243.64,4168418.27,6.6,15,2022-04-15,1581796.29,Active
7444,1400,15,5646748.56,3465538.36,11.104,15,2024-07-18,1121649.44,Active
7445,14127,28,6308543.93,4424884.56,11.493,15,2022-03-14,2878306.11,Active
7446,8523,25,3151321.14,2333767.17,7.206,30,2024-01-01,1243137.24,Active
7447,14927,77,4173175.97,2171553.77,9.271,15,2023-07-25,710657.47,Closed
7448,7668,81,9201405.83,5458396.14,9.53,10,2024-10-11,4879006.72,Active
7449,16197,48,4198938.38,1810742.88,7.505,15,2023-10-07,1272034.84,Closed
7450,9383,86,2711988.59,1911871.41,8.946,30,2024-01-20,614005.18,Active
7451,6518,15,3871245.91,2778751.36,9.561,20,2024-10-21,1627315.12,Closed
7452,7194,60,2000920.53,889365.08,7.65,10,2023-12-23,436869.14,Active
7453,20835,87,3440292.08,2288898.19,9.536,30,2023-07-28,1143731.7,Active
7454,21027,54,4800868.57,2195886.35,9.103,20,2024-10-28,870771.92,Closed
7455,18128,32,2320248.51,1371797.68,8.031,30,2023-07-06,868985.63,Active
7456,9632,74,1000000.0,789755.54,11.289,10,2024-09-20,616061.2,Active
7457,18937,83,1724548.52,968098.37,7.412,30,2024-09-28,759394.7,Active
7458,19933,61,3269986.4,2511488.77,11.049,20,2022-11-16,1082820.86,Active
7459,18531,30,6196465.52,2663645.65,9.801,30,2024-05-01,1482898.56,Active
7460,22986,9,5999673.27,2569733.75,10.204,25,2024-06-28,2016336.28,Active
7461,20113,40,3802824.33,2451972.37,11.073,25,2022-11-09,1744825.13,Active
7462,14858,24,2977842.32,1264362.92,6.568,25,2022-02-21,735783.79,Active
7463,23655,12,3080903.2,2425062.87,6.992,20,2024-07-15,2033341.15,Active
7464,22665,80,2669834.19,1968388.47,7.428,30,2022-11-25,923200.53,Active
7465,166,96,5055548.45,2838766.54,7.035,10,2023-01-22,2199091.29,Active
7466,5089,35,2177131.31,1130554.2,9.969,30,2024-10-28,353332.48,Active
7467,16265,65,4211299.17,2641125.16,9.139,20,2024-01-15,1596071.6,Active
7468,13946,77,3996177.07,2149709.26,7.538,10,2023-11-30,1972706.98,Active
7469,14340,85,3230175.9,2161038.87,9.604,10,2024-03-01,1400222.95,Active
7470,7160,79,7834908.81,6222880.6,11.061,10,2024-11-24,5170063.47,Active
7471,3309,9,1382358.51,636193.75,8.142,10,2023-10-16,282497.69,Active
7472,5066,64,4795033.92,2742203.32,6.766,30,2023-12-13,1991276.87,Active
7473,18260,4,2261655.35,1362625.56,8.935,10,2024-05-02,612285.96,Active
7474,3771,33,3634430.23,2453733.27,10.792,10,2022-03-07,1945733.94,Active
7475,21343,52,2617409.83,1739087.42,8.729,25,2023-06-16,1066093.65,Active
7476,448,41,2531936.11,1567215.25,6.607,20,2022-01-26,717098.99,Active
7477,21975,28,2110055.25,1065769.68,8.249,15,2024-11-04,464416.82,Active
7478,8148,25,1981479.71,1020986.24,7.073,10,2022-10-11,835790.85,Active
7479,5530,85,4531851.46,3258197.39,7.422,15,2024-07-12,1089906.99,Active
7480,21711,18,2927463.19,1985114.23,10.889,20,2024-10-31,1445103.64,Active
7481,9260,69,2446441.97,1421828.75,10.916,20,2023-12-22,908894.36,Active
7482,24259,94,2152387.75,1034046.85,8.15,15,2022-01-30,628935.72,Active
7483,5727,79,2085914.97,1287366.44,10.079,20,2022-12-19,644174.93,Active
7484,1950,30,3664934.99,2340867.26,8.4,20,2023-04-24,1492502.2,Active
7485,19882,68,3323208.55,1587202.68,6.744,20,2023-10-24,1317126.08,Active
7486,23650,69,5234575.16,2265404.52,7.596,20,2023-05-19,1567306.35,Active
7487,21725,91,2652875.79,1894011.62,8.963,10,2022-02-01,1152970.55,Active
7488,310,25,2934238.99,1539274.21,10.616,30,2023-12-06,984527.26,Active
7489,9863,46,5107092.24,3168127.8,8.19,20,2022-09-21,2243182.37,Active
7490,10233,43,3730810.99,2346197.64,9.41,15,2024-09-02,1962668.31,Active
7491,3531,37,3156035.77,2222864.43,10.664,30,2022-03-02,1952710.32,Active
7492,15057,81,3103911.46,2386262.11,10.39,25,2024-02-02,925502.46,Active
7493,16831,69,5957699.71,3676330.74,7.427,20,2022-03-13,3132229.39,Active
7494,13273,78,3474836.85,2475049.37,6.992,10,2023-11-01,1646439.14,Active
7495,9438,11,3261772.32,1677138.93,10.881,30,2023-11-30,581472.81,Active
7496,9402,37,1527317.08,1069495.3,9.978,25,2024-03-11,427132.03,Active
7497,23117,87,3179172.69,1865331.9,10.986,10,2022-03-26,1539342.74,Active
7498,11264,4,1036263.29,415488.27,8.669,25,2024-10-19,286560.39,Closed
7499,12506,42,13148886.7,6469790.43,11.192,25,2022-12-23,3368546.86,Active
7500,9314,16,2997906.06,2346778.59,8.399,30,2022-07-15,1590733.52,Active
7501,9739,34,1000000.0,728487.78,9.18,30,2022-10-31,304276.62,Active
7502,24872,69,1000000.0,589274.87,8.52,15,2024-04-29,256370.53,Active
7503,18640,62,2633185.1,1804774.79,7.408,15,2023-06-29,1527406.76,Active
7504,20237,8,3655023.23,2872811.07,7.78,15,2024-12-28,1639419.79,Active
7505,4830,84,1570062.96,921039.89,7.45,15,2022-04-08,633148.37,Active
7506,17742,84,3860261.23,1573488.43,9.09,15,2023-12-31,672277.0,Active
7507,16351,18,4161799.25,3010685.84,8.099,15,2024-12-28,2594151.54,Active
7508,4607,22,4491983.68,1861636.72,8.666,25,2023-12-04,1015237.59,Active
7509,14345,3,2639908.17,1823296.29,6.941,15,2023-09-05,1264369.8,Active
7510,2540,39,4194623.34,2605297.2,10.286,30,2024-12-11,1667134.77,Active
7511,9518,33,2135182.5,1324385.3,6.551,25,2022-12-16,434543.1,Active
7512,14598,93,3835619.56,1614996.19,11.035,10,2024-04-03,1020300.21,Active
7513,18574,26,5170380.93,3801595.83,9.879,30,2022-08-20,3419928.75,Active
7514,8096,97,3755069.37,1791506.05,9.266,10,2024-10-17,1612639.93,Active
7515,8997,83,4343442.05,1887171.74,9.378,20,2023-08-02,1243697.43,Active
7516,8008,53,3687274.56,1982025.61,11.292,15,2023-08-29,1560375.64,Active
7517,16373,27,1925222.22,956848.9,8.356,20,2022-02-01,441291.63,Active
7518,15937,57,4709112.23,3752462.02,8.097,15,2024-12-14,3232401.76,Active
7519,11328,95,4536653.87,3380831.28,10.905,15,2024-04-29,3127966.74,Active
7520,20475,41,3751626.96,2283847.66,7.109,20,2024-11-22,1851937.88,Active
7521,21133,31,1311843.74,636418.69,10.529,30,2024-12-18,345064.06,Active
7522,18185,64,1551128.47,624851.71,8.437,20,2024-07-06,485217.26,Active
7523,22929,1,6435312.56,3208045.33,6.596,25,2023-06-13,1846547.97,Active
7524,12141,66,4436747.01,2457132.43,7.001,15,2024-09-16,1808865.58,Active
7525,22408,22,4788914.81,2264697.54,10.451,30,2023-06-05,1956564.52,Active
7526,22436,83,5157577.93,3353490.94,8.532,10,2024-08-20,3086058.4,Active
7527,17022,29,1304619.11,734733.46,11.073,15,2022-03-26,512297.88,Active
7528,6383,47,3626021.48,2851883.56,11.199,30,2023-12-05,2146358.52,Active
7529,18759,93,2470280.53,1186460.67,7.861,10,2023-08-01,409080.78,Active
7530,20739,27,2772846.91,2138639.65,9.98,10,2022-10-31,1966392.73,Active
7531,13208,17,2282695.36,1664374.53,7.072,10,2024-02-27,804568.43,Active
7532,9471,53,5170665.77,2891562.46,10.376,25,2024-05-10,2541093.31,Active
7533,24100,71,3937314.05,2447857.29,9.942,15,2023-09-01,1889960.75,Active
7534,3526,100,4939852.83,2852734.03,11.252,15,2023-06-02,1537016.63,Active
7535,4440,7,2390534.68,1318942.52,10.569,25,2022-11-10,1082678.88,Active
7536,8457,46,2461587.26,1648413.37,7.24,15,2022-06-11,1307739.88,Active
7537,22728,100,4289751.65,3283494.25,8.213,30,2024-03-04,3030491.43,Active
7538,7668,50,2643113.6,1418131.68,7.474,10,2024-08-23,992163.52,Active
7539,1622,57,2068118.47,1083990.66,11.143,15,2022-06-02,842891.33,Active
7540,24184,13,4360210.89,1975881.49,7.876,15,2023-09-21,1821617.99,Active
7541,2845,93,5103843.92,3519495.92,11.381,10,2024-04-08,3260353.1,Active
7542,1999,14,11464416.33,6454700.03,11.18,10,2024-05-27,4952534.53,Active
7543,6848,19,3783401.71,1669963.68,11.483,30,2022-01-09,820369.36,Active
7544,14583,63,2643875.28,1841196.74,8.024,15,2024-12-04,598603.09,Active
7545,21173,51,3601587.18,1969237.61,7.612,10,2023-11-30,1859051.69,Active
7546,5080,43,4630612.48,3447381.33,11.201,25,2024-04-06,3031894.49,Active
7547,21227,18,4194340.44,1755676.6,7.36,30,2022-01-05,624513.12,Active
7548,20288,32,6233384.51,3494665.14,9.375,30,2024-03-26,1752988.63,Active
7549,8918,69,1630738.16,1208016.7,10.252,25,2023-03-13,956564.47,Active
7550,16939,71,2991270.23,1483608.61,7.607,10,2024-04-26,1308611.83,Active
7551,3907,29,1195842.72,604389.28,7.469,25,2023-03-07,235703.37,Closed
7552,1382,36,4365300.23,2493347.67,6.685,10,2024-06-28,1769181.74,Closed
7553,6563,34,5268242.12,4027858.4,7.766,20,2024-02-06,2482411.27,Active
7554,8788,87,2246029.11,1438474.22,9.268,25,2023-07-28,947881.39,Active
7555,6911,81,3285170.42,1600220.17,9.45,15,2023-09-04,683074.99,Active
7556,2287,35,1432975.32,633747.89,10.142,15,2022-12-23,321696.22,Active
7557,14932,46,4698309.12,1970753.48,6.649,25,2024-07-27,939338.54,Active
7558,2203,7,5581916.56,3493343.98,8.811,20,2023-01-21,1227139.65,Active
7559,558,70,6523197.98,3564475.43,7.932,30,2024-05-10,1824113.62,Active
7560,12269,12,1564665.77,1169891.85,9.673,15,2023-10-02,594756.14,Active
7561,13193,13,1268621.01,853419.22,7.841,15,2022-05-11,736944.88,Active
7562,18300,92,3013591.25,1295798.14,7.313,25,2023-03-09,905394.66,Active
7563,12707,100,3716473.88,2516427.38,7.997,25,2024-11-02,1979678.86,Active
7564,17203,100,1872691.11,1053093.14,6.997,30,2023-06-09,323859.29,Active
7565,18500,40,4187339.19,2067788.48,9.159,20,2022-04-14,1173001.88,Closed
7566,22846,38,2209337.12,1307212.09,9.201,20,2023-05-21,442357.33,Defaulted
7567,6643,94,1542130.42,719823.79,9.401,25,2023-03-01,539452.26,Active
7568,9716,61,3025333.41,2115454.89,9.644,15,2022-01-25,1640935.15,Active
7569,7403,8,2627011.95,1553041.47,7.569,15,2024-04-18,498821.93,Closed
7570,21020,95,2180962.35,1663849.47,6.663,10,2024-03-02,1478942.12,Closed
7571,18141,96,6351842.05,3353033.16,7.919,15,2024-02-03,1052641.68,Active
7572,2447,27,3763547.55,2436404.89,10.631,30,2024-07-12,763227.47,Active
7573,24116,19,5141284.0,3752472.9,8.257,25,2022-01-10,2032475.94,Active
7574,18835,70,1832976.99,1221552.78,11.33,20,2022-05-20,950822.79,Active
7575,7954,27,3873931.75,2278703.77,10.71,10,2022-11-10,1750912.57,Active
7576,18891,50,3479698.98,2251204.17,8.436,20,2024-06-28,1503093.52,Active
7577,12196,31,2706501.82,1091662.46,6.537,20,2022-03-06,467913.58,Active
7578,15733,30,4517738.25,2412596.68,6.911,25,2023-05-27,1944032.32,Active
7579,7459,8,6571935.37,3271234.86,9.53,30,2024-07-21,1125051.62,Defaulted
7580,1115,87,1396833.3,1038461.54,10.196,15,2023-07-24,492037.29,Active
7581,22573,42,4260497.07,2239893.38,9.328,10,2023-01-18,1411391.37,Active
7582,18,97,3024196.45,2350723.74,10.706,20,2024-11-21,2071183.47,Active
7583,11645,20,9581927.37,5504284.0,8.758,20,2023-12-07,2605079.84,Active
7584,16822,87,1225284.61,761280.7,8.458,15,2023-05-18,679281.49,Active
7585,14267,61,1417740.96,804383.37,10.88,10,2023-07-30,670527.18,Active
7586,12236,11,3027982.69,2040834.44,8.518,20,2023-01-27,911681.69,Active
7587,13383,98,6411470.59,3523359.87,7.896,25,2024-05-18,2856041.87,Active
7588,23358,11,3744321.67,1583812.55,7.179,20,2022-09-13,486708.74,Active
7589,24560,48,3248302.42,1938426.94,10.068,15,2024-06-11,1515913.4,Active
7590,19540,19,5450932.14,3633557.38,9.254,30,2023-07-17,1558876.0,Active
7591,7487,4,2665149.74,2116580.63,9.378,15,2022-11-06,988557.48,Active
7592,19145,37,5203527.27,3629216.26,8.644,30,2024-07-15,3430194.18,Active
7593,6940,57,2813619.39,1453518.31,7.94,15,2024-08-16,878657.53,Active
7594,2834,35,3677210.9,2219340.53,10.576,15,2023-10-01,1591578.99,Active
7595,21516,23,5263156.42,2431029.94,7.468,25,2022-02-08,2259884.74,Active
7596,19934,35,3367013.68,2301286.05,11.327,30,2024-07-24,1549306.8,Active
7597,15907,64,2737165.58,1684428.99,9.958,10,2024-02-11,1564820.84,Active
7598,16644,4,2976736.21,1853970.49,8.862,25,2022-02-24,1367660.22,Active
7599,9407,89,4584770.03,3446635.79,8.76,30,2022-06-06,1087059.53,Active
7600,4408,40,2200767.43,889352.11,8.067,30,2023-08-11,618532.3,Active
7601,17853,38,2771243.68,1580442.51,10.324,30,2023-10-02,489916.01,Active
7602,14636,100,4143297.32,2191418.34,7.927,25,2022-08-22,815727.57,Active
7603,22710,94,3152183.43,1833600.71,8.579,10,2022-07-28,1102186.82,Defaulted
7604,21226,93,4655568.18,2079057.6,7.554,30,2024-07-26,1341467.39,Active
7605,4125,15,1944202.8,927223.41,10.453,15,2023-11-18,526788.77,Active
7606,4975,54,2597004.67,1637928.37,7.416,10,2022-10-02,1549631.46,Closed
7607,22599,51,9016837.46,4877110.14,9.78,10,2023-07-19,1843535.49,Active
7608,272,98,4061964.62,3085327.11,8.302,25,2023-08-18,1028067.96,Active
7609,22983,90,1195443.58,755307.85,9.477,10,2023-04-29,551201.22,Active
7610,6741,30,4815520.05,2183551.04,8.736,10,2022-12-28,780975.56,Active
7611,16621,9,2777915.37,1785278.47,9.324,30,2023-09-24,1441987.56,Active
7612,16576,67,1679321.61,735478.7,6.855,20,2023-12-07,261888.14,Active
7613,13820,45,4127073.09,2974137.69,7.509,15,2023-07-03,1298156.85,Active
7614,1847,9,1460097.41,1054475.56,6.522,25,2024-07-20,405726.77,Active
7615,4955,69,1340313.68,970389.29,8.756,20,2024-11-15,883999.82,Active
7616,18211,79,1495035.25,739610.22,7.84,25,2024-12-28,372193.41,Active
7617,10854,71,6071166.6,2823519.54,9.966,20,2022-07-28,2251615.4,Active
7618,6316,73,6987037.34,5573222.32,9.738,30,2023-05-20,5266853.78,Active
7619,10506,38,7112987.04,3732106.22,11.227,15,2024-02-03,3015510.98,Active
7620,20462,2,5966296.68,3844639.07,10.725,10,2024-07-06,2276301.52,Active
7621,17387,24,9076423.46,4971206.37,8.107,30,2024-08-21,3977543.16,Active
7622,7354,98,2567533.56,1045204.61,7.98,30,2022-07-13,620091.12,Active
7623,6509,83,4638143.44,3127545.02,9.496,20,2023-01-28,2961968.32,Active
7624,23955,96,3649012.0,2184336.93,11.434,20,2022-09-29,1667345.35,Active
7625,6435,97,3647408.63,2340756.35,7.5,20,2024-06-05,1749724.68,Active
7626,22853,15,5950939.29,3183865.9,10.034,25,2023-04-19,1868931.82,Active
7627,11606,27,1697088.81,719746.34,7.839,25,2024-07-24,579836.97,Active
7628,21328,48,4138209.46,2996104.84,11.427,10,2023-04-08,2810344.05,Active
7629,12399,12,9622558.1,7095394.77,7.744,25,2022-02-17,3532352.19,Active
7630,6505,90,1986734.77,1476521.43,8.862,20,2024-03-25,1172974.85,Active
7631,8555,20,6429618.77,5015027.31,6.864,30,2023-08-07,2395395.86,Active
7632,9783,47,2249416.62,963403.34,7.722,15,2024-05-14,498101.86,Active
7633,8423,59,3379428.83,2412370.6,10.79,15,2022-01-15,1559778.7,Active
7634,11919,37,16252213.89,9433132.12,8.45,25,2024-07-12,4486526.96,Active
7635,15973,70,1213945.67,556383.25,8.178,25,2024-12-13,279009.09,Active
7636,3462,76,1626411.44,1096060.39,10.851,10,2023-03-22,580801.22,Active
7637,16945,19,2403496.18,1679850.09,11.46,25,2023-05-04,1181755.93,Active
7638,20147,100,1899936.08,1073501.62,8.282,25,2023-03-21,817954.71,Active
7639,14341,69,2754040.98,1165345.08,10.877,30,2024-09-11,511892.62,Active
7640,14918,32,5038396.37,2923014.01,7.882,15,2023-07-06,2724828.4,Active
7641,24755,1,5595485.56,3729570.22,11.475,30,2023-11-20,2035930.75,Active
7642,11809,89,1401090.07,974927.82,9.012,10,2024-09-18,361354.99,Active
7643,244,26,4071756.67,2287443.04,8.105,25,2023-11-05,869742.04,Active
7644,6541,90,7061535.84,5278282.56,7.04,20,2023-06-18,3944735.58,Active
7645,9699,68,4769565.74,3330925.1,7.208,25,2022-07-12,2828245.92,Active
7646,4000,45,5702122.68,4338182.14,9.691,30,2023-04-17,1661849.99,Active
7647,13676,74,1185801.21,859376.44,7.876,30,2024-04-26,481181.0,Active
7648,8065,20,1109085.25,560263.66,7.94,15,2024-04-01,191184.67,Active
7649,19922,10,3021023.89,1225974.55,6.848,15,2023-07-20,1010778.99,Active
7650,5726,71,3926084.89,2306333.75,9.544,20,2024-02-10,900841.61,Active
7651,20588,3,2798490.28,1737976.82,7.103,25,2022-12-18,1429547.97,Active
7652,9911,63,2326582.49,1368895.1,8.405,25,2023-01-10,487700.13,Active
7653,3164,12,2064785.24,1520353.96,8.416,30,2023-09-03,1252075.07,Active
7654,6875,52,2937456.24,1863754.96,7.62,30,2022-05-07,1538892.63,Active
7655,12057,84,2550293.35,1999650.42,8.084,25,2023-11-14,620430.82,Active
7656,3046,92,3586535.62,2719537.64,9.84,30,2023-04-13,2134453.81,Active
7657,3258,91,2452628.62,1459593.81,8.839,10,2024-04-25,822346.68,Active
7658,9371,59,2128193.52,1016847.78,7.04,20,2022-11-24,783563.1,Active
7659,14662,38,2610192.18,2082779.5,9.901,15,2022-10-08,666527.64,Active
7660,269,87,1955198.81,842223.01,9.543,15,2022-02-24,617251.6,Active
7661,24508,84,4816949.93,3815417.5,8.57,15,2023-04-12,2728203.31,Active
7662,20640,76,1859112.76,1437486.87,9.077,20,2024-10-23,791727.16,Active
7663,6099,69,5078668.34,2586599.68,10.19,25,2022-12-16,1508276.67,Active
7664,24551,83,3259825.24,1528118.82,8.521,15,2022-09-11,476317.8,Active
7665,16653,81,2465236.57,1304519.95,11.183,15,2024-08-01,633256.61,Active
7666,12519,91,9274887.97,6512377.43,7.002,15,2022-07-24,5976227.02,Active
7667,15512,81,2165091.05,1579523.59,9.756,15,2024-07-24,842481.25,Active
7668,19475,33,2590811.84,1517339.41,6.914,30,2023-06-26,1223620.48,Active
7669,1364,32,2751935.24,1788264.48,7.502,30,2022-03-08,984062.06,Active
7670,19181,59,1844290.49,1250952.91,7.734,20,2023-12-02,492533.85,Active
7671,10696,43,4488939.24,3127277.62,9.229,15,2024-06-11,2285266.64,Active
7672,15484,85,1000000.0,618749.18,8.313,30,2022-03-21,476642.45,Active
7673,6405,66,1356006.51,818258.71,11.253,15,2023-07-02,539082.28,Active
7674,19342,76,1062925.89,825810.53,7.153,30,2023-05-16,603045.91,Active
7675,15486,65,4125521.29,2892413.78,8.609,30,2022-08-13,2421675.94,Active
7676,8124,90,2696993.49,1598554.5,8.888,10,2023-06-04,1040965.99,Active
7677,20813,56,3467437.33,2463211.61,7.284,20,2024-06-28,963610.22,Active
7678,14821,48,1685008.96,1334703.44,7.633,30,2024-03-20,911197.33,Active
7679,11763,35,2904378.38,2096793.05,9.077,30,2022-06-20,1375920.56,Active
7680,6103,12,10475799.23,6809319.28,9.969,30,2024-08-02,4120738.27,Active
7681,2223,2,1962772.7,1495982.86,9.384,10,2024-10-26,839300.48,Active
7682,5836,88,2955462.71,1592823.83,7.731,10,2022-01-27,1257806.44,Active
7683,19849,1,4652773.71,3310741.27,10.395,25,2023-07-03,2283015.77,Active
7684,18455,57,1528871.4,1141247.89,8.285,10,2023-10-21,482711.49,Active
7685,4925,44,5592991.01,2917633.52,10.464,30,2023-10-15,995643.93,Active
7686,23917,90,2367153.9,1542417.16,9.359,20,2022-12-01,1055178.54,Active
7687,16359,57,3480258.44,1808761.06,10.888,30,2024-05-29,670256.06,Active
7688,3020,27,3060589.96,2373450.38,7.247,30,2022-09-28,1262567.57,Active
7689,6437,9,4181842.18,2420414.11,6.768,10,2023-09-05,2234392.17,Active
7690,12965,60,2819230.3,1274598.51,10.039,10,2023-12-19,470447.93,Active
7691,22379,90,2848904.45,1272006.51,10.363,30,2022-09-15,845048.56,Active
7692,6430,99,2128817.99,1194605.66,9.827,20,2023-06-19,576796.28,Active
7693,23596,51,4014163.4,2357912.74,10.179,30,2023-07-07,1305556.67,Closed
7694,21260,82,5406772.18,3582942.57,8.165,25,2024-07-29,2662327.07,Active
7695,11796,16,3994718.98,2676275.01,10.484,20,2024-01-05,910442.81,Active
7696,1263,26,4810246.06,3708308.11,10.35,15,2022-11-28,2929508.85,Active
7697,13897,86,9145237.08,4650207.52,9.293,25,2023-03-21,4337700.19,Active
7698,21677,95,1000000.0,794612.99,7.133,10,2024-12-17,395847.38,Active
7699,9128,60,2998661.23,1903753.69,8.818,20,2022-01-23,1736339.06,Active
7700,17197,37,1623670.68,731451.05,10.268,15,2024-11-03,589311.07,Active
7701,10272,66,2916588.18,1911299.56,10.445,10,2022-09-03,1295465.74,Active
7702,18500,96,1493758.13,690814.81,8.038,25,2023-10-19,636444.34,Active
7703,21949,25,6668376.03,2832775.28,9.065,25,2023-10-02,964375.26,Active
7704,16352,92,12579654.19,8433336.74,8.611,10,2024-06-16,7363972.7,Active
7705,18841,53,3222129.87,1902633.98,8.16,25,2024-12-20,1456709.31,Active
7706,18558,24,5039588.83,3597824.67,8.981,25,2023-08-23,2497596.2,Active
7707,16739,58,4383465.05,3422810.24,10.941,10,2022-04-30,2075581.03,Active
7708,13935,41,2512806.11,1121823.1,11.208,20,2023-06-16,1026394.14,Active
7709,24215,89,4827422.14,2769677.48,7.894,10,2022-03-31,2156367.64,Active
7710,13071,31,2039300.74,1049833.39,9.579,25,2023-09-18,820297.24,Active
7711,14438,88,2466065.54,1492600.52,10.851,15,2023-10-04,1328651.98,Active
7712,7035,1,2179627.74,1372203.23,9.049,10,2022-05-04,1099774.51,Active
7713,21172,74,4529527.95,2251262.72,8.802,10,2022-03-04,774855.71,Defaulted
7714,5507,65,7599964.42,5135881.31,10.4,20,2024-01-30,2083679.5,Active
7715,2949,61,2150767.87,1344590.87,8.119,10,2023-10-09,1237178.13,Active
7716,705,97,2493592.87,1900401.92,10.488,30,2024-09-25,1321828.44,Active
7717,9959,42,2700966.67,2114891.68,11.01,15,2022-07-03,1747383.64,Closed
7718,3040,61,5424363.35,2780552.38,10.838,25,2022-02-05,2262929.55,Active
7719,5025,83,6545611.2,3636756.57,8.898,30,2022-01-06,2296268.58,Active
7720,362,42,4482339.49,2550812.65,11.083,10,2022-04-24,1043856.88,Active
7721,15666,82,7377457.31,3430795.61,7.876,20,2022-08-10,1414604.01,Active
7722,15179,7,4493759.55,3266194.13,7.297,25,2023-07-08,3045260.74,Active
7723,24450,30,3210958.13,2103773.72,8.539,10,2022-07-14,1130326.44,Active
7724,4808,34,2307500.14,1701657.03,9.278,15,2024-01-19,1332192.6,Active
7725,14558,17,4558425.15,2223955.8,9.53,30,2022-12-12,1927112.84,Active
7726,2465,38,4693484.41,2498547.22,11.409,15,2022-01-24,1956640.08,Active
7727,3731,93,1346134.5,1076274.28,6.916,30,2023-03-09,614034.04,Active
7728,4068,96,1197664.0,849475.57,10.778,30,2023-11-02,566455.44,Active
7729,5622,39,4774894.95,2624614.67,7.425,30,2022-04-22,1177275.62,Active
7730,15692,100,1206214.87,603334.11,7.756,20,2022-11-19,238366.32,Active
7731,3196,31,1467525.77,1111234.79,9.053,10,2023-11-25,880437.58,Active
7732,23517,19,1352970.87,1003406.02,9.287,15,2023-07-16,923873.81,Closed
7733,3014,92,2825556.51,1487768.98,7.662,25,2022-12-04,959204.38,Active
7734,13302,59,7012896.84,2929408.2,8.717,30,2024-09-14,2217711.35,Active
7735,18625,48,6333928.6,3502634.34,6.675,15,2022-10-08,2952687.63,Active
7736,174,5,1277638.64,828849.29,9.388,30,2022-08-09,729225.13,Active
7737,14479,34,2422069.78,1790625.61,11.126,20,2024-09-15,829427.49,Active
7738,9312,1,2256785.32,1271909.06,9.785,15,2022-11-06,617441.72,Active
7739,18773,72,12120881.88,5482031.87,9.903,25,2022-10-29,3281399.34,Closed
7740,15624,42,2102681.65,858295.63,9.059,10,2024-05-23,364525.65,Active
7741,12954,98,4082139.12,2365120.2,6.563,10,2022-06-22,1656396.54,Active
7742,9187,97,8003230.25,5372524.54,9.281,20,2023-04-29,2473775.69,Active
7743,11908,8,3144322.31,2387423.99,8.905,25,2022-12-12,1770854.12,Active
7744,3594,80,4534005.14,2888702.23,6.575,15,2024-02-03,2662548.79,Active
7745,8599,59,3101797.17,1274197.66,10.696,15,2022-07-20,395221.61,Defaulted
7746,15147,62,1973330.09,1056329.34,9.219,25,2024-01-22,624941.54,Active
7747,12,80,3779411.51,1709078.39,10.7,30,2022-12-04,715091.99,Active
7748,6610,11,4493036.94,2991815.22,9.263,10,2024-09-10,2680601.64,Closed
7749,16272,67,3269647.9,2227750.61,11.254,15,2024-08-01,947419.06,Active
7750,1519,48,5001711.65,3101804.12,7.178,20,2024-11-30,2272090.22,Active
7751,22704,24,3047367.87,1300534.07,7.036,15,2022-06-26,821679.15,Active
7752,15970,44,1999983.66,1287313.41,10.245,20,2023-04-14,1155769.94,Active
7753,19282,92,5016438.55,2676753.96,8.14,10,2024-06-17,2075791.22,Active
7754,24758,92,2367577.09,1798820.19,8.858,15,2023-01-05,1680572.0,Active
7755,6801,46,5098438.42,3938155.46,11.113,15,2022-05-01,1441893.7,Active
7756,8923,62,3090858.95,2089026.9,6.751,15,2022-05-20,714109.52,Active
7757,11865,7,5243670.53,2262284.77,9.883,25,2023-06-28,1995554.44,Active
7758,13858,9,3182084.54,2049460.48,7.564,20,2022-09-04,1111207.57,Active
7759,4403,73,2222840.94,1201052.08,10.431,15,2024-12-21,420642.39,Active
7760,14859,54,5803444.81,3908872.16,8.607,20,2022-01-22,1858389.11,Active
7761,14327,93,5158391.26,3535838.29,8.268,10,2022-08-12,3174137.75,Active
7762,17764,66,6953478.06,2893510.57,9.227,15,2022-01-15,1908208.24,Active
7763,3509,48,2491093.82,1447492.18,10.18,25,2022-05-09,641669.56,Active
7764,23962,95,1743222.07,717792.83,8.933,15,2023-06-28,317804.13,Active
7765,22711,89,4456094.4,3241931.6,7.5,30,2022-01-27,2230431.06,Active
7766,6563,16,2517115.22,1816567.76,8.488,30,2024-06-11,1235306.57,Defaulted
7767,13970,100,6182777.02,2747273.15,9.561,30,2023-04-15,1420681.81,Active
7768,22491,12,6739580.76,3864817.94,10.831,20,2023-01-04,2888587.79,Active
7769,10560,50,2813281.1,1832902.73,8.967,25,2023-06-14,1689304.8,Active
7770,3322,69,8839124.34,6526813.2,10.596,30,2024-02-16,3995949.11,Active
7771,21047,9,3036457.78,2370556.87,11.364,20,2024-05-08,2016871.64,Active
7772,4455,39,4812395.96,3123286.52,6.866,15,2022-05-06,2859243.07,Active
7773,13258,60,2245784.54,1692871.76,7.712,30,2024-02-27,1565583.52,Active
7774,11914,39,1593380.11,988159.59,10.716,15,2024-08-22,836561.9,Active
7775,9283,28,3798446.04,1605574.79,8.73,30,2022-08-20,1311643.89,Active
7776,23943,17,5896483.13,4398612.43,6.694,20,2022-03-17,3861241.63,Active
7777,10179,15,3518112.21,2491375.3,10.349,30,2024-07-25,1457086.28,Active
7778,12541,64,15071592.65,10836212.81,10.293,10,2022-12-18,9139170.92,Defaulted
7779,19123,90,3246541.61,1306495.26,11.379,30,2024-02-13,837616.87,Active
7780,22877,82,2267796.06,1504378.0,9.59,20,2024-12-11,1180271.13,Active
7781,1459,68,3414807.99,1913934.42,10.188,20,2023-10-24,1787084.88,Active
7782,17845,86,3697116.03,2224833.74,6.985,20,2023-10-09,1674448.73,Active
7783,19546,91,8519474.91,4111045.36,10.093,30,2023-02-02,2666700.5,Active
7784,2332,6,1076710.02,829414.99,7.245,20,2024-04-03,543790.18,Active
7785,23346,81,3399466.84,1415066.41,9.154,15,2023-12-18,1278455.03,Active
7786,5514,92,1470478.94,894744.56,7.33,15,2022-09-03,822336.18,Active
7787,6748,51,10441962.17,6222050.65,10.207,15,2022-01-23,2930271.82,Active
7788,3146,10,1000000.0,646328.21,9.947,15,2023-01-20,600423.8,Active
7789,1358,33,3026299.55,1947963.63,9.415,20,2022-08-10,1639378.45,Active
7790,6093,1,3854271.53,2906052.94,9.36,30,2022-12-15,2095773.9,Active
7791,22104,7,2322609.82,1404099.24,9.514,10,2023-04-28,1231968.44,Active
7792,6907,37,2548999.28,1714730.08,8.525,15,2024-01-25,896448.88,Active
7793,9928,100,2206987.2,1031202.96,10.448,25,2022-01-08,921512.26,Active
7794,1121,59,5520337.48,3882594.41,7.036,20,2023-07-19,1179638.37,Active
7795,14911,49,2922856.77,2294079.51,7.707,15,2023-08-20,1701204.22,Active
7796,3361,17,3582905.89,2414025.48,11.116,10,2024-01-16,2270392.31,Active
7797,21697,84,3252787.89,2349257.89,8.159,30,2023-03-31,1377389.9,Active
7798,1193,45,2025572.28,1420688.55,9.736,25,2024-01-31,745184.64,Closed
7799,4612,89,1540866.87,1111583.59,6.666,30,2023-06-27,496891.01,Active
7800,1961,22,2401995.39,1437516.08,10.181,10,2024-10-14,868002.55,Active
7801,917,79,2658289.14,1834366.01,7.931,20,2022-11-02,808320.62,Active
7802,4618,29,4032115.64,2007053.14,8.416,25,2022-08-18,1791643.51,Active
7803,24071,12,3015092.19,1651334.04,8.192,30,2023-01-18,1388335.01,Active
7804,12968,12,1329664.92,934391.3,8.633,20,2022-12-06,324943.25,Active
7805,6957,46,4465018.61,3376109.15,11.395,10,2023-09-20,1260677.97,Active
7806,19440,76,4372464.96,2781498.89,6.877,30,2024-05-12,1364292.24,Active
7807,24472,55,1993284.64,804718.79,8.866,25,2023-04-13,523971.49,Active
7808,3461,41,1863517.85,1067841.34,8.139,30,2024-08-16,634217.85,Active
7809,10000,6,8446431.66,3465749.64,7.066,15,2022-12-18,1519873.16,Active
7810,4583,89,1621265.78,1149220.82,7.568,30,2024-11-17,468678.89,Active
7811,11504,74,2403678.63,1336408.34,7.456,10,2023-03-02,695359.75,Active
7812,13503,36,1932006.05,951693.24,6.787,30,2023-10-18,515895.32,Active
7813,23271,26,2216203.37,1544728.51,8.875,10,2024-12-16,930262.58,Active
7814,10357,10,1098997.77,745520.0,11.07,25,2023-03-12,638369.34,Active
7815,17746,24,3562905.28,2549592.88,7.952,20,2024-04-03,1315930.21,Active
7816,15857,46,2380434.12,1068817.65,8.03,15,2022-09-25,730413.19,Active
7817,2029,16,3921609.56,1846891.99,10.487,30,2023-08-10,1630821.36,Active
7818,2633,83,3337930.97,2438610.32,7.81,15,2022-03-25,2081479.53,Active
7819,3080,17,1569425.77,1133577.64,9.469,30,2024-04-10,789311.51,Active
7820,14736,89,8021770.82,5230841.57,9.181,15,2024-06-03,1875779.13,Active
7821,18456,72,2368040.52,1678050.47,11.127,15,2024-12-22,1230589.83,Active
7822,4006,43,5453752.14,4234738.58,7.767,30,2024-04-27,1980962.68,Active
7823,10577,97,2011125.77,1031535.5,6.695,30,2023-11-14,328198.49,Active
7824,13008,57,1985389.72,1542144.54,7.734,20,2024-02-03,746956.07,Active
7825,23141,22,3530923.41,2098752.89,8.362,25,2024-02-17,1604982.37,Active
7826,12874,39,12281339.77,7302350.22,7.891,20,2023-07-18,3300503.29,Closed
7827,23860,49,3441064.87,1659519.03,10.247,20,2022-08-09,1150401.83,Active
7828,392,68,5189334.11,2179169.59,6.51,20,2022-12-04,887661.81,Active
7829,19983,84,2792284.06,1652144.97,8.872,20,2024-05-13,1288962.85,Active
7830,23821,26,7623124.03,4531468.91,9.755,10,2024-11-23,1661537.39,Active
7831,15793,16,1404581.3,793933.6,7.923,20,2022-12-30,427086.67,Active
7832,4952,74,5611109.45,2309080.49,10.683,20,2023-10-29,770054.47,Active
7833,16776,51,3624927.14,2343578.62,8.18,15,2024-09-16,1706545.78,Active
7834,8794,88,3137080.95,2466590.76,10.654,30,2023-05-16,1934412.42,Active
7835,1471,76,3247850.98,2061430.97,7.43,15,2023-08-14,1203914.86,Active
7836,24951,85,2005145.3,978669.51,8.934,10,2023-12-11,587740.28,Active
7837,5492,29,5102276.89,3943311.61,6.94,10,2024-05-12,3384850.16,Active
7838,6513,4,2399565.21,1022477.49,8.918,15,2022-05-07,871470.84,Active
7839,3994,34,3143986.44,2174291.61,10.994,30,2024-08-07,1940131.75,Active
7840,12808,100,4754171.42,3590612.81,9.806,30,2024-05-01,2434890.69,Active
7841,15682,26,4309359.86,3043019.77,8.038,30,2023-02-26,2198070.01,Active
7842,19368,48,9038944.75,3769532.37,9.402,30,2024-11-08,3508459.01,Active
7843,5687,52,3026990.44,1281120.48,9.594,20,2022-09-06,1081016.76,Active
7844,3008,55,5437329.82,3042921.23,10.184,10,2023-04-19,1699749.16,Active
7845,7555,57,3600571.28,1928702.19,11.156,20,2022-10-01,1604105.34,Active
7846,12448,70,3019818.8,1210029.25,6.687,25,2024-07-13,665037.7,Active
7847,18350,72,2326266.4,1118566.99,6.541,20,2023-02-28,582750.8,Active
7848,20497,20,1990334.02,1589485.06,9.459,25,2023-11-24,1130444.62,Defaulted
7849,20152,92,2154879.16,1528218.0,7.975,30,2023-01-27,889608.88,Active
7850,5546,30,5531234.25,2751296.82,8.813,20,2022-03-24,1890996.81,Active
7851,17501,23,4175144.56,2197145.07,8.403,20,2023-06-28,1575805.0,Active
7852,19655,37,9254908.33,6574910.72,7.582,25,2023-03-11,5592706.0,Active
7853,24251,7,2248773.9,1789201.9,10.605,25,2024-05-07,847894.46,Active
7854,6284,58,5145664.38,2168055.23,9.736,15,2024-04-03,1522023.28,Active
7855,9288,52,1000000.0,545801.77,10.713,30,2024-04-06,453119.58,Active
7856,564,25,2228201.73,1507881.68,8.537,15,2023-12-11,797361.14,Active
7857,24893,55,6002986.38,4330045.46,8.973,25,2022-09-16,1384052.58,Active
7858,1392,4,2278562.08,1245730.01,8.845,10,2022-07-10,799799.55,Active
7859,21898,15,1410087.52,737426.71,9.571,30,2023-08-17,378303.45,Active
7860,8165,74,2687194.67,2018258.47,9.763,15,2023-06-20,740706.56,Active
7861,11584,16,2226165.95,1634091.94,10.757,30,2024-02-07,737113.16,Active
7862,12526,37,1784902.7,750381.2,9.87,10,2023-10-31,575142.82,Active
7863,12470,17,2937844.06,1929173.12,7.1,20,2023-03-19,1359694.75,Active
7864,7016,70,1562129.02,770644.89,8.501,20,2023-02-24,508338.18,Active
7865,15166,43,3387430.67,2050220.71,8.212,15,2023-09-24,1636662.24,Active
7866,2311,38,10044852.49,7886081.99,6.559,30,2022-11-03,2650975.56,Active
7867,18524,20,2859427.46,2053882.71,10.492,10,2022-07-25,1901544.73,Active
7868,8369,11,2102905.73,1599263.69,7.27,20,2024-12-29,550216.23,Active
7869,7386,10,2152266.7,868365.53,8.341,10,2024-08-15,764625.56,Active
7870,12292,49,1208635.8,553248.12,11.097,15,2023-09-22,420159.78,Active
7871,19201,8,3433985.22,1814839.31,8.104,20,2024-05-05,1325464.94,Active
7872,23331,36,7597604.34,4832038.14,9.539,15,2022-07-30,3196380.79,Active
7873,18435,26,2504910.19,1008184.23,6.641,20,2024-03-06,674510.27,Active
7874,22021,86,3935967.42,2606664.15,11.395,10,2022-03-05,2085355.96,Active
7875,2804,50,2209276.64,918365.97,11.444,10,2023-06-04,458796.81,Defaulted
7876,16468,42,10740997.3,6045310.63,6.795,15,2023-04-19,4808330.4,Active
7877,3033,43,4773652.4,3344375.42,10.63,10,2022-06-10,2029778.18,Closed
7878,19512,43,1946300.9,1465241.74,9.412,15,2022-03-10,1190354.42,Active
7879,20397,57,6480984.0,4061137.8,6.599,30,2024-07-29,1597379.31,Active
7880,13145,28,4241063.85,2756549.38,10.985,20,2022-01-31,1647675.2,Active
7881,9541,24,6984936.26,3047154.69,8.972,25,2024-02-11,1547869.24,Active
7882,4298,60,7488687.28,3865103.49,7.148,20,2024-10-07,1198231.57,Active
7883,11345,23,1519822.43,670658.09,9.295,30,2022-08-31,220502.27,Active
7884,23160,43,1167794.74,731506.33,8.94,15,2023-03-01,606981.04,Closed
7885,5334,16,4755966.39,2606707.74,8.78,30,2024-10-08,972448.65,Active
7886,11667,71,8765412.07,4181474.49,7.411,30,2023-09-05,2605464.45,Active
7887,21973,20,5729445.18,3672584.45,8.407,15,2022-05-31,3012763.52,Active
7888,19618,91,5820929.57,3054030.55,7.327,25,2022-04-26,2132013.03,Active
7889,14136,61,7340105.77,5500659.04,7.711,30,2022-01-13,4107702.8,Active
7890,24736,11,9022016.29,4107567.65,7.733,15,2024-12-04,1354213.52,Active
7891,3251,15,1227608.01,737907.19,8.596,15,2024-10-27,473240.64,Defaulted
7892,8782,23,9401699.3,6871152.35,7.043,25,2023-05-05,2324721.3,Active
7893,6259,11,7416285.39,5853064.27,7.932,10,2024-12-14,1809813.78,Active
7894,313,81,7039816.99,4486091.77,7.734,15,2024-11-30,3353696.1,Active
7895,4050,65,1988946.77,1303563.93,8.204,25,2024-08-16,716107.49,Active
7896,6095,24,1239786.03,520739.34,9.436,10,2022-02-01,303801.11,Active
7897,15472,71,7143706.57,4609029.73,7.529,30,2023-08-18,1834758.97,Active
7898,7906,16,3664777.8,2761690.53,11.498,10,2022-03-10,2088501.9,Active
7899,24646,55,6238667.82,3251095.48,10.944,20,2024-05-11,2351365.27,Active
7900,7320,28,4247012.75,1734386.63,7.12,20,2022-10-09,1328306.14,Active
7901,16330,64,2861512.86,1641787.59,10.531,15,2024-12-17,939452.85,Active
7902,14958,18,3381849.25,2074784.03,6.848,10,2024-09-30,1691340.0,Active
7903,18458,67,2800837.68,1781680.83,8.938,15,2024-11-13,956069.9,Active
7904,4843,14,2197092.95,1384966.31,9.709,30,2022-05-21,1113615.58,Active
7905,14624,46,1296018.44,990957.34,8.657,30,2024-09-10,825282.2,Closed
7906,18811,98,2923715.42,1531556.72,7.813,10,2023-10-04,787812.67,Active
7907,24159,32,6960175.23,4725616.69,7.422,30,2023-07-01,3930117.59,Active
7908,1945,20,4479640.8,2597274.13,7.06,25,2024-06-29,1386987.49,Active
7909,11327,43,1991556.85,1177831.49,10.815,30,2024-01-18,649625.75,Active
7910,163,81,3534203.75,2440522.5,7.491,20,2023-05-21,2048302.11,Active
7911,12832,38,1125786.76,771456.1,10.624,10,2022-01-16,351452.95,Active
7912,23077,40,1000000.0,586862.95,7.092,10,2024-09-03,468422.25,Active
7913,19239,60,4343614.71,3252123.9,6.888,20,2022-11-25,1447903.18,Active
7914,17483,88,3244266.93,2179823.18,9.029,15,2024-03-04,1621110.76,Active
7915,9297,85,3594884.54,2006514.16,10.767,10,2024-06-24,1879091.54,Active
7916,22842,38,3967421.39,1641268.93,8.726,10,2024-05-30,609334.63,Active
7917,12118,49,1320782.75,537869.94,10.26,30,2023-11-16,493993.62,Active
7918,3199,2,3380116.58,1476511.78,7.122,20,2022-03-14,611156.15,Active
7919,11861,88,9694027.09,4518509.78,8.284,25,2024-09-23,3897026.32,Defaulted
7920,5733,70,2248642.43,1626891.21,6.505,15,2022-08-26,866929.23,Active
7921,809,90,2445789.3,1038193.43,6.632,10,2022-07-25,463079.91,Active
7922,1424,38,6706620.48,4192661.25,9.136,30,2022-11-05,3399793.78,Active
7923,4394,9,2770992.93,1562015.86,7.5,15,2024-01-02,1391529.89,Active
7924,452,25,2444700.76,1439943.54,7.216,20,2024-11-29,620789.45,Active
7925,18543,48,5382892.97,2835124.78,10.353,30,2022-10-28,2123812.37,Active
7926,7695,70,3927940.08,2539347.05,10.007,15,2022-12-20,1931268.5,Active
7927,7383,20,3729612.03,2661689.32,8.868,25,2024-11-21,2509515.85,Active
7928,2461,91,9611919.06,4169616.54,10.28,15,2024-04-28,3429851.68,Active
7929,9175,61,1607501.35,1115677.69,8.379,10,2024-03-18,764676.69,Active
7930,21972,12,1445350.47,719865.93,8.65,15,2024-07-14,314405.22,Active
7931,6039,25,5960888.92,4031909.41,9.895,30,2023-04-19,2650063.23,Active
7932,13771,4,3472120.16,1794235.07,8.803,15,2022-09-30,1496489.14,Active
7933,21562,12,2327725.3,1360569.7,8.958,15,2023-03-07,1094349.07,Active
7934,11238,78,3983973.07,2118658.21,7.296,30,2024-06-13,824754.77,Active
7935,16157,82,3762820.72,2877661.72,7.065,30,2022-02-09,1536997.61,Active
7936,23260,4,1206844.07,537007.46,11.413,10,2024-06-07,354612.08,Active
7937,16847,11,3094013.35,1593044.95,7.506,30,2022-02-08,747499.49,Active
7938,941,36,1854552.97,1127492.7,6.966,25,2023-12-06,866158.61,Active
7939,15662,70,3532784.7,2604168.62,10.26,30,2022-10-16,1160618.81,Active
7940,2594,32,3238104.8,2466635.16,11.075,30,2023-07-06,982864.5,Active
7941,19132,95,5757275.45,3800750.39,8.536,15,2023-02-19,2056387.7,Active
7942,8935,92,3066762.47,2260168.25,6.811,15,2022-07-15,915399.68,Active
7943,13610,20,3292016.93,1432492.3,6.71,20,2023-10-30,1235741.33,Active
7944,8160,29,4206722.62,2301727.46,10.261,10,2022-03-04,960641.15,Active
7945,8832,11,5835525.16,3624918.45,6.979,25,2023-02-09,1978088.89,Active
7946,11882,63,2424408.59,1352776.62,10.495,30,2022-06-23,665952.31,Active
7947,3800,89,2868219.65,1808025.95,8.386,15,2024-05-30,737591.01,Active
7948,18718,15,2203683.58,1616047.38,6.796,25,2024-08-13,1248629.15,Closed
7949,882,8,8394350.3,6208742.82,11.372,25,2023-10-24,4608816.79,Active
7950,4118,73,3907058.29,2829529.5,10.953,25,2023-12-27,2350081.54,Active
7951,6462,51,3458575.8,2185503.1,7.518,15,2022-08-31,1855229.18,Active
7952,9064,68,2943394.11,1966704.14,7.66,15,2022-04-06,1016382.5,Active
7953,15076,83,2672745.9,1801131.01,9.044,30,2023-09-26,726258.16,Active
7954,22610,98,3731745.98,2360316.71,10.841,15,2022-12-24,1380543.05,Active
7955,10072,31,6686152.66,5207797.31,8.331,15,2022-04-04,4297159.64,Active
7956,211,47,5073712.55,2716556.19,9.822,25,2022-01-21,2133080.56,Active
7957,5797,24,3599118.41,1529669.3,7.813,25,2023-03-29,714172.59,Active
7958,2668,73,2758827.17,1700465.94,10.668,25,2024-10-09,1529450.07,Active
7959,4077,69,8282652.83,6420881.68,6.808,10,2023-05-23,3947453.92,Active
7960,22391,38,6402314.72,2883947.41,8.373,15,2023-01-15,1656731.59,Active
7961,17243,42,4124964.01,1898884.35,9.468,10,2022-07-04,1423745.25,Active
7962,13229,60,6898657.71,3308124.03,8.145,20,2022-03-02,1443800.22,Active
7963,23354,60,3364815.91,1774981.01,11.181,30,2023-09-16,1248323.77,Active
7964,6672,50,2661015.2,1509284.6,9.163,30,2024-07-26,957182.21,Active
7965,13501,23,2779080.79,1469685.76,9.255,25,2022-01-11,1219195.09,Active
7966,5243,60,6401696.43,2899998.92,7.931,25,2022-06-04,1061104.67,Active
7967,4784,26,1928974.17,1496320.0,7.568,10,2022-10-23,1280376.73,Active
7968,3616,61,2735040.83,1949365.44,9.222,15,2023-05-20,1591167.72,Closed
7969,19187,43,5083442.33,3620598.65,6.596,25,2023-05-04,1275340.44,Active
7970,10379,67,1798751.92,1223703.09,9.639,30,2023-03-05,551946.06,Active
7971,14714,92,7059155.92,4502198.72,11.071,10,2023-10-29,3367515.72,Active
7972,15444,63,6507986.51,4001606.73,8.317,15,2022-05-26,2625131.93,Active
7973,17052,7,1328177.89,593393.44,10.995,15,2024-03-20,411842.39,Active
7974,4626,90,4273391.13,1979196.59,10.99,15,2024-03-08,1495367.51,Active
7975,14863,39,1318324.02,903623.83,8.201,25,2022-07-14,338331.71,Active
7976,13103,28,2702006.79,1851918.98,11.161,10,2022-12-31,848294.38,Active
7977,18532,70,6122249.61,2834618.13,10.102,25,2022-03-06,2145562.04,Active
7978,21574,30,3283636.91,1327258.82,9.868,30,2024-05-22,1094477.83,Active
7979,9454,90,1365652.2,677367.47,8.491,30,2023-01-19,588142.94,Active
7980,24939,9,4517065.41,3357338.77,6.645,25,2024-04-12,2470410.48,Active
7981,20936,22,2473817.87,1546737.72,7.765,10,2023-12-20,1197503.3,Active
7982,17753,33,7642941.16,3944674.06,11.256,10,2024-07-20,1315419.83,Active
7983,22351,86,4243102.26,2207139.54,8.278,10,2023-11-24,1259716.55,Active
7984,7310,15,1659530.42,1202989.51,6.787,25,2022-07-23,485478.61,Active
7985,16881,1,2881288.85,1190461.68,8.34,30,2024-12-12,1090086.07,Active
7986,2779,46,9105823.86,6349953.64,8.474,15,2023-11-19,2232533.79,Active
7987,17224,43,3652042.98,2102336.25,9.239,30,2024-03-28,1449593.02,Active
7988,20524,76,7149052.06,5442157.4,8.487,30,2024-02-02,4887549.72,Active
7989,16787,22,6934520.01,3664436.97,8.555,20,2023-11-05,2415401.29,Active
7990,12564,58,3626783.55,2640789.63,6.926,15,2022-04-25,2401336.63,Active
7991,2022,97,10101509.6,5709130.98,9.213,25,2024-06-17,4958539.81,Active
7992,6903,33,4117862.91,2623805.75,9.881,20,2022-06-14,1325629.48,Active
7993,17341,86,3839838.54,2884605.22,8.732,15,2023-07-04,2346375.41,Active
7994,11180,44,3342616.82,2567032.8,6.656,30,2024-11-10,1912703.51,Active
7995,8299,31,2158647.74,1099080.01,7.424,10,2022-10-15,542921.6,Active
7996,4229,30,5532771.08,3987327.65,7.763,15,2022-11-30,1378535.09,Active
7997,7010,8,2883225.88,1521440.41,7.441,30,2024-11-07,806354.66,Active
7998,1537,15,3270176.34,1488094.16,7.236,30,2023-05-19,1297754.93,Active
7999,8083,74,4155685.94,2073335.68,10.366,15,2022-12-17,727230.99,Active
8000,3837,19,3219146.14,1307799.46,6.918,10,2022-06-30,1090170.08,Active
